slots,overlap,sample,parent_hash,block_hash,state_root,first_order,repeat_block_hashes,off_first_ms,off_repeat_ms,off_first_provider_slots,off_first_provider_accounts,off_bal_load_us,off_bal_loads,off_root_cache_hits,off_root_cache_misses,off_repeat_root_cache_misses,off_root_cache_retained_payload_bytes,off_rss_before,off_rss_after,off_first_execution_us,off_first_state_root_us,off_first_cache_read_us,off_first_cache_update_us,off_first_recovery_us,off_first_trie_branch_nodes_seeked_total,off_first_trie_leaf_nodes_seeked_total,off_first_trie_leaf_nodes_advanced_total,off_repeat_execution_us,off_repeat_state_root_us,off_repeat_cache_read_us,off_repeat_cache_update_us,off_repeat_recovery_us,off_repeat_trie_branch_nodes_seeked_total,off_repeat_trie_leaf_nodes_seeked_total,off_repeat_trie_leaf_nodes_advanced_total,on_first_ms,on_repeat_ms,on_first_provider_slots,on_first_provider_accounts,on_bal_load_us,on_bal_loads,on_root_cache_hits,on_root_cache_misses,on_repeat_root_cache_misses,on_root_cache_retained_payload_bytes,on_rss_before,on_rss_after,on_first_execution_us,on_first_state_root_us,on_first_cache_read_us,on_first_cache_update_us,on_first_recovery_us,on_first_trie_branch_nodes_seeked_total,on_first_trie_leaf_nodes_seeked_total,on_first_trie_leaf_nodes_advanced_total,on_repeat_execution_us,on_repeat_state_root_us,on_repeat_cache_read_us,on_repeat_cache_update_us,on_repeat_recovery_us,on_repeat_trie_branch_nodes_seeked_total,on_repeat_trie_leaf_nodes_seeked_total,on_repeat_trie_leaf_nodes_advanced_total
64,0,0,0x2ffd1cdff1a0d047ed6a2f467965d77af1800b194549c556f7d9efb549c5ecfb,0x0ca8f147f29cd0abf1490169dd279462796c2c55f727d2ca5fc32daefe253262,0x9ed791592e69755acba4a8853c56d765015d289696d0f0fb818da1ca054be12e,1;0,0x8472a7a0fe86700c31e17c4bc7eb342d193ae4e3d845171f09d4134a53b45b03;0x1feaaf34bbab31fa4fc20ac6db03f13ae92bfc980f3652c8c82aa586466c75ed;0x1da294f5c31d22f31984ac1ef51811dfd869cc39c70209732a91fb04adc288ab;0xf0df659f9f222df07e24760ca42654b50646a49a8fc64ee6429915f16e14b902;0x3d18aeb75b98e39788d0fda04af5eabde1b231e58358667d30f06b885c0f5cf0,1.542406,1.124456;1.460011;1.1141;0.932366;1.09467,64.0,9.0,0.0,0,0.0,0.0,0.0,0,2541174784,2544615424,528.387,255.07500000000002,5.8790000000000004,1.392,26.639999999999997,18.0,85.0,120.0,120.40520000000001,299.66380000000004,4.9996,2.1234,25.3642,18.0,85.0,120.0,2.302772,1.493312;0.929812;0.672694;0.735499;0.64328,64.0,9.0,0.0,0,5.0,1.0,0.0,7720.0,2538827776,2541789184,679.5849999999999,286.6120000000001,4.947,2.153,38.718999999999994,18.0,85.0,120.0,105.60119999999998,34.53980000000001,2.7682,1.5786,34.3776,0.0,0.0,0.0
64,0,1,0xa6536ea2859cf47f6bde36f1ff623bf82598bc4464b458187ab3625978e92bf6,0x18ee352c564a64bef1745e51a43211c371f97a52774023b841437a21ae58d2fd,0x65466face2dac75cfb2ecc67c5cf0f03f8dc49dd5cac88bb6dcb4a50824192ed,0;1,0x9d932b308000f968a9d94e8bf05c689528ccd26656814992a86d6c52ff6d0de3;0x7fa9344f26c24080a07001761e86da9fe9469f00bb2c22b2651b540466f6227d;0x0b9b4c5a28d2dc6582b2508b0944e19d1dbb56a382f4ab7cba0c915e1527ffc4;0x4a5e432a0fae9b4711ebf93011d6e81f77ab5e52ea173cafc8e1b155ac15300a;0x15d05eed56f3488b622fe119d19ab6cb7f8dc0c04eeb67601c6c044af89149d7,2.007688,2.08849;0.993949;0.920609;0.919657;0.893117,64.0,9.0,0.0,0,0.0,0.0,0.0,0,2546978816,2547523584,472.61199999999985,332.60100000000006,7.782000000000001,2.1229999999999998,41.653000000000006,18.0,85.0,122.0,107.90479999999991,257.8570000000001,2.379799999999999,1.6626,30.38600000000001,18.0,85.0,122.0,1.473522,1.355454;0.821549;0.817994;0.858805;0.613836,64.0,9.0,0.0,0,5.0,1.0,0.0,7720.0,2551025664,2551185408,422.27699999999976,262.51500000000004,4.8469999999999995,1.3820000000000012,26.429999999999975,18.0,85.0,122.0,134.32259999999994,30.323799999999995,2.6641999999999997,1.4425999999999988,24.262000000000004,0.0,0.0,0.0
64,0,2,0x1a531df3f1cb5734c2616e2381079c6eff081009fc6f515a53d4b367c32f7073,0xa1f1741c76d25214724653c380924a727feba61ea88948530e3cf4c88788cd71,0xa606a292441f812bf1080df0c71eec6851b415c2efd31d1cd56467a1316ce6fb,1;0,0x5382f1b0fa71da952477b616994f398092b8d50e02fc268e02af8765cc978aef;0x9bab0691cc4d52e2a3dcaeaf5e64fc8f9ededfc279bcf3e1505bbe5c53afc8f6;0x711380a6d8fccfe45bce191fae8bd4e4cb02dd765978a4241b0be37373175467;0xece9cc4ae0678cad7b4253c254681e2421b372a08fdbf74ac1adc93646ee2eba;0x0c7b4abc56cf05df92326f46db6f462c6c64bf876d0f3ce87187ea7c52bd2ca5,1.666623,1.375525;1.217497;0.899066;0.824263;0.964645,64.0,9.0,0.0,0,0.0,0.0,0.0,0,2548928512,2549084160,347.80500000000006,282.10500000000036,3.445000000000005,1.4630000000000027,26.569999999999958,18.0,85.0,124.0,91.97680000000014,283.9826000000002,2.3173999999999992,1.6206,19.785600000000017,18.0,85.0,124.0,4.470237,1.252008;0.789;0.773857;0.66361;0.796522,64.0,9.0,0.0,0,5.0,1.0,0.0,7720.0,2554535936,2555146240,3002.358,308.76499999999993,6.510000000000003,2.2330000000000005,65.15799999999994,18.0,85.0,124.0,99.18519999999997,42.84060000000001,2.709999999999998,1.5264000000000006,21.402399999999993,0.0,0.0,0.0
64,0,3,0x02ed6617528b309426eec58b5fab6f49d378cb27553d1ec71957f255d54a91a5,0x5f8469b2358d4440f3a24954f543c567868eea80a903d43ec849790c7ca08412,0xf0a463ec74f531f1a2477f4f44524574995ff3ab68c80e0b918dec558eb4c9c1,0;1,0xedbfea3a94a6b551fe543e1c6e03db4d93137c3bbe070a16ad3c93598f3860f3;0x132c14b21e8314296f1eb6bd7c883bcaa5535b725de42b15da8a302ad2e8b415;0x5fa1238bd8b17343ca37387c46e72eaf8129df07f4ba81bb67ca6f9c8034e3e4;0xc37943d0976333bcc13fa3d8902258edee6b4309e65852ac0d282717c65ecfa5;0x99da4c2d400ce299f454f9f3781c8452e56de22fd30b4547573e380ed209cef5,1.947066,1.467884;1.27279;0.87532;0.927408;0.923042,64.0,9.0,0.0,0,0.0,0.0,0.0,0,2550022144,2550198272,461.6059999999998,304.8,7.301000000000004,2.143000000000003,39.14900000000004,18.0,85.0,126.0,97.77540000000025,284.8296000000002,2.359600000000002,1.4002000000000019,21.82900000000001,18.0,85.0,126.0,1.746323,1.490508;0.81586;0.803211;0.639895;0.867077,64.0,9.0,0.0,0,5.0,1.0,0.0,7720.0,2556141568,2556305408,395.4869999999999,269.7169999999998,4.286999999999995,2.152999999999998,26.349999999999962,18.0,85.0,126.0,105.86959999999996,37.11399999999998,2.651799999999998,1.5763999999999994,21.350000000000016,0.0,0.0,0.0
64,0,4,0x60d502f2a25503f497a025ca8ac934840b0cd6f45215b030c458efbb62c0ad27,0x64ffc7a0c1b633353621eece041a42f9cf8300d72b627b6c97fdf11c6b533aea,0xb29a9a01fa005d72291a6f107aebd3754cac1a579d438d675b27c042c8e667b8,0;1,0xeda3aee0339072f36a92f447ff98986fc6845b08d36111f3af3f244e421b5f1d;0xdc5510eb8376145a3032552fa630806f40e89ab69be2946976e919a5d88e7d60;0x22146e2a9ce6d4b693fa4cf84d93af1149a511773bf0d60f7b37e671a666cf71;0x0ce35525a768055ef11d64fc84ff68d6c395bb07b993c13390eb2aa44f431277;0x6869934916b7b5f4d302dcc75f8ea76ee7d5764b783dbd51b3e7b3e0fbda3038,2.032776,2.403836;1.176985;1.089393;0.91488;0.91509,64.0,9.0,0.0,0,0.0,0.0,0.0,0,2550480896,2550538240,418.9119999999996,332.39099999999956,7.011000000000005,2.4240000000000026,39.79999999999999,18.0,85.0,128.0,113.423,304.15059999999994,2.681799999999996,1.6043999999999998,22.9024,18.0,85.0,128.0,1.762708,1.002983;0.898415;0.653956;0.945306;0.592634,64.0,9.0,0.0,0,5.0,1.0,0.0,7720.0,2556620800,2556837888,410.33899999999915,271.21900000000005,4.6469999999999985,1.4320000000000026,27.80199999999995,18.0,85.0,128.0,107.6305999999999,39.96040000000004,2.8484000000000007,1.271800000000001,19.987999999999992,0.0,0.0,0.0
64,0,5,0x9a9f0b33352d4864e7c8282abe0aeb7471477aa554757f1fbbfb0950d70044ee,0x4bb1d9e14561f191a9caa50ea656bc53c99190a31881fbb830be7ede0bfbb2e2,0xd289f0bdcd48c43b9b710cd9fc389866317d15a54aab62506473c4c046dca126,0;1,0x896ec8144128d8cd265f228e98f21de6da404f429ae5d3c1f5b52d3ae158aa51;0x06f4a11f72011380f31479d2ed17c6d13923516718f7ddd9f692a12feb2080ea;0x6bcdba02f901de2733e00e269e589199d24a1720c7ab8ed04390ccb15cf28d14;0xac128126a9b893f59559a90cfa1bbb8558730fe1eaa38ff4f8ad0277bdadacce;0x3c736d57a4ef3555bf986a2331e39e4c1fe20df14a7f70f0cfa80f75af1895d3,1.942549,1.741461;1.071857;0.913016;0.960739;1.159048,64.0,9.0,0.0,0,0.0,0.0,0.0,0,2550923264,2551005184,461.4459999999999,352.50099999999986,7.091000000000004,1.8819999999999932,40.410999999999966,18.0,85.0,130.0,106.11780000000012,285.6767999999999,3.1064000000000025,1.6624000000000023,21.941199999999956,18.0,85.0,130.0,1.640624,0.98827;0.731293;2.07529;0.7623;0.694657,64.0,9.0,0.0,0,5.0,1.0,0.0,7720.0,2557259776,2557399040,458.12100000000055,276.798,4.347000000000004,1.5220000000000034,27.922000000000104,18.0,85.0,130.0,103.48019999999978,30.748400000000025,2.3154000000000003,1.4417999999999982,17.974800000000084,0.0,0.0,0.0
64,0,6,0xea40661e92a7441a28e98203cf0be764ab65b58f853a376d83b65d7c481091d7,0x8171307c0a112f28124f51aeda47d0c9138aeee3b60acafb886c1ed06670ff8b,0xb3ecc8c296d63eed762470cb38516f3493eb6da3b7e935fb0cbfca350a32a74d,0;1,0x5f6257ca838908f25c7ff866880c76a97314e3931980aad1cb668159e97cc4e2;0x34ac45b91fca8977eee8da7824548212210c7a944d3e8e94c7ad93579e6115ad;0xc148627f4f9cc893a26cbe91f727cfa0ec7cbb6d33a8d0362033d41a267450d8;0x2c2c86ed82a5b1ac7d6b0dcf10eaa739e9ee82f66dae892271464e5dab9ffec9;0x4d9ac53e5597b62ce82d8f42e66166d7e7b892a4a8d38f3f1b4bb52907dd7139,2.279868,1.813074;1.105277;1.032502;1.086018;0.953988,64.0,9.0,0.0,0,0.0,0.0,0.0,0,2551238656,2551406592,532.9240000000005,361.1640000000006,7.521999999999987,2.1530000000000045,41.68300000000004,19.0,87.0,130.0,104.35960000000007,303.79599999999994,2.706400000000004,1.6465999999999974,22.90439999999999,19.0,87.0,130.0,1.548114,0.98148;1.092518;0.745574;0.720812;0.804974,64.0,9.0,0.0,0,5.0,1.0,0.0,7720.0,2557829120,2553098240,511.1509999999996,303.7080000000002,4.295999999999987,1.7029999999999936,25.538999999999987,19.0,87.0,130.0,100.16679999999972,30.62600000000009,2.6022000000000003,1.3562000000000003,19.823799999999988,0.0,0.0,0.0
64,0,7,0x5354e0b63627634bf46b69a663b6b96331b3c0ecb44153404751c0f65c2999e6,0xb7eed09cdd3e26a7f5a3079d07fbc0257cd60bbb50bb08432b1cf6f992a5312d,0x25774a13b9236383eec9f63a6806cc0a3d55e1388c19c1a7b09b5d2e362563f7,0;1,0x153276f9375ebbd98ef1a62ea1a6bad43db0eea8e65d7b3940216a89f7d56364;0x645f598357de6145aa903ee9859f38fbfe6885b339608dcc02575a27932301fe;0x7db214ba4b08e4b88c9e6aa17b1f787116c54dd8647ec5747afd6acaf365021e;0x93e90e2ab7236748eb1d8a56b8c9d7a0ff5c824cd7654ecde6c15c6da7aa4390;0x838773419846208e5464202647d04bb402712ea8ddc663f016233c0091683ee8,2.947209,1.806419;1.435154;2.687458;1.115772;1.025727,64.0,9.0,0.0,0,0.0,0.0,0.0,0,2551537664,2552147968,719.4950000000006,318.9210000000015,7.401000000000006,2.2630000000000017,42.14299999999991,19.0,87.0,132.0,116.17519999999986,418.18460000000033,7.759799999999997,1.7466,26.52779999999999,19.0,87.0,132.0,2.391607,0.995361;1.040609;0.782329;1.12712;0.674156,64.0,9.0,0.0,0,5.0,1.0,0.0,7720.0,2553380864,2553573376,813.3270000000008,300.92400000000015,5.908999999999987,1.993000000000006,32.499000000000066,19.0,87.0,132.0,131.64859999999987,31.22899999999998,2.7959999999999994,1.4982,67.20539999999997,0.0,0.0,0.0
64,0,8,0xc04813f09544d9c2f253721bccdf65af5411e82cc22e4676876b5bcf1d70758a,0x951406cf533ecb8e2960983820263c1602efcd4ecd180a739d114b516c5af28c,0xebf571f3dd972e98747fe381bf211614b1f501eebfb963b0e9d95e267db6ace9,0;1,0x701c19dae00d9240950c4d9d0c8eb5add3924b7815d19692c97c82e50827175f;0x8fb5095e92bf23976989e6302247910437320bad273d5e20169eb45174da743d;0x61be9f51f5158d475da228a4e90c521b5af49217df99eba4d523fdedf4ac6a0b;0x47ebc5a9ba5f4967ebadbb4610fcfe00c9db8a9077af7d369f0b79b92fb4d450;0x34e119eac6d55fcb85db3141a8a301864e9e770be0347b1b3f98c1e0100d4121,1.997993,1.8436;1.307111;1.128192;1.188343;1.063864,64.0,9.0,0.0,0,0.0,0.0,0.0,0,2552586240,2549518336,535.2269999999992,330.3280000000013,6.570000000000014,1.8829999999999953,40.94199999999997,19.0,87.0,134.0,139.1738,351.45400000000035,3.0365999999999986,1.8645999999999956,24.000400000000024,19.0,87.0,134.0,1.546392,1.131336;1.006207;0.757492;0.736571;1.035091,64.0,9.0,0.0,0,5.0,1.0,0.0,7720.0,2553679872,2558767104,385.8219999999992,258.6999999999997,5.087999999999989,1.3719999999999997,26.690000000000005,19.0,87.0,134.0,125.97359999999975,43.25500000000003,2.664000000000003,1.6102000000000016,20.434800000000003,0.0,0.0,0.0
64,0,9,0xf265d54f23fcd1c2f8fae74fe1e9ab183ba20863541f7882b329553d130dcadd,0xb398b9feceee5343b117435fa511b76e0396a8a04c17f49cbd7371679fd5ef7b,0xdeea6ff9503bf425408e64579ae43a94bc4a4687a846ca9a6faa2921b636b7b7,1;0,0xe031c04e65d130613b1257dc7ca62f78ec6fbfb143e69dffa76fc9c59b8453e7;0xcf9fe458587f668233a54efe40332b77634e6654b709902abdac2b7fa2815041;0xda2ec5b0bcaad67e337f214a18edd01c4ef70e0c7f2da1a67f76422bd97280df;0x92cfcf007d8e161ff49a845d9d64d985e07a8ad254bb49f0f586da9d52a824f9;0x8397e076040b0a0b65d1ef4f2640042aeb9bf7d2bd671200a2b603b5d7f11da7,1.360442,1.592261;1.358238;1.034471;0.957183;1.017544,64.0,9.0,0.0,0,0.0,0.0,0.0,0,2552905728,2549678080,369.9979999999999,248.83599999999882,4.687000000000018,1.4919999999999918,24.68800000000014,19.0,87.0,136.0,97.77739999999973,362.7389999999994,2.197400000000002,1.3598000000000028,18.788400000000014,19.0,87.0,136.0,2.100388,1.75047;1.263465;0.953728;0.706125;0.738644,64.0,9.0,0.0,0,5.0,1.0,0.0,7720.0,2559201280,2559254528,551.3919999999995,368.24600000000004,7.580999999999994,2.1629999999999994,40.300999999999966,19.0,87.0,136.0,122.38440000000017,31.98400000000018,3.892000000000007,1.5363999999999998,22.982799999999962,0.0,0.0,0.0
64,0,10,0x5cfbed44a8f42d850b02c7f1124840f4920d24597dee6e417d114797ea6483c0,0x41d47a99191ee374728fa7f2d7fa403fd8495ce52c764cf22bcc854dbda3592d,0xd323eff06fca9ae6a35ece33e5e058548ea15bf343f11626f612f89d11f9ab38,1;0,0x34963070da0e665f894692b81406ab0c83ae4fa6964e9248bb25e51e48315e8c;0x03d6ee2d0b9e71f9c3c2ee4643100ee3d18f9396d050b8f5c03c37d00ddef8b4;0xc7b9619d4c0738eca6749eed83b9f33b841548eacd1a2566665242b5b9eb0709;0x6b16c221321c009fed1200db6d60563e416fd3ad7d3e1c7dd47d3e9aa5d34368;0x66ac07f12404dfebe808cbdfa7ed4486400a4bdfae00edf5d4fda7765dc65964,1.649407,1.695432;1.262493;1.033368;0.973619;0.849301,64.0,9.0,0.0,0,0.0,0.0,0.0,0,2549805056,2549821440,400.18300000000016,256.2870000000009,4.3269999999999875,1.653000000000006,27.030999999999842,19.0,87.0,138.0,117.92800000000014,326.1379999999994,2.862599999999991,1.7707999999999906,21.383999999999986,19.0,87.0,138.0,2.053146,1.062652;0.922771;0.717613;1.122102;0.881079,64.0,9.0,0.0,0,5.0,1.0,0.0,7720.0,2559967232,2560163840,507.5450000000016,411.5509999999996,5.958999999999988,2.1429999999999962,122.47400000000002,19.0,87.0,138.0,180.6584,31.149000000000104,3.150800000000008,1.7606000000000035,18.86479999999996,0.0,0.0,0.0
64,0,11,0xa60d9662c398ea80c244d4bb9fb04f4ee7c0eb98aed773ecdeda818a47c48cb3,0x001252cff287f091b53043d7127efda6a2ef279c50f0c42e5795e5c51b88e45b,0x5baa6e7d760c62cc6a7db7fbfcb039844775cd8b1a86924cbf6f88598ccdb80f,0;1,0xd28c0eacd23bf13cd01e45da9932cf6d61611e868862cdd80bb498bc30e12b99;0x69828b373f4849e825b803780171c8d6bd9cfda76cbbe8bf667c5b0b7fcf466b;0x1cca086b8eb87654f5eb151941712cc5cb646e76a00c4585ad6df8db671d6e49;0xdb3f28f38cb6d697df3858dfa0a057ec1e58a7b65b16f584302b3cc1ff4c7af5;0xff31c35410e11e4e844ea85dab15fca7b14857cf4ee6837b724113a95b00f09d,1.991884,1.938103;1.162854;0.899046;0.972137;1.037145,64.0,9.0,0.0,0,0.0,0.0,0.0,0,2550018048,2550050816,520.0340000000008,329.7470000000018,6.039000000000001,2.4330000000000087,40.82199999999982,19.0,87.0,140.0,119.07360000000048,344.15479999999957,2.7420000000000004,1.7067999999999965,21.877200000000077,19.0,87.0,140.0,1.598981,1.016393;1.023824;0.658844;0.68996;0.653005,64.0,9.0,0.0,0,5.0,1.0,0.0,7720.0,2560466944,2560557056,435.02600000000155,271.67999999999984,4.156000000000006,1.4620000000000073,39.038999999999824,19.0,87.0,140.0,109.75959999999992,31.030999999999942,2.7462000000000018,1.4884000000000002,19.503599999999913,0.0,0.0,0.0
64,0,12,0xf1d28728511226f5b1746900ae1e452f5ed1ae1956b747157c43e1c8e24acc64,0x5ef1b04a84cbda42804bd3e0a408f3fdeb1cd3625deaf8d8d6888a6a30525b5d,0x0b2bbba3d3d04189aced5311a90f47714dd69bc54d1ee9bed66a63cc67f23c76,1;0,0x722c589a830b41d783931edbfb3550ecf7aa1c518291c928bc669782e7a7cb89;0xb72c417f76721fc56dccb8f0e84646d027542e3240c9c59f1628882b3794271d;0xa80c191fb79b2082b1fe7983129fd96963aa1ffeea28144694392388747d6a94;0x6536cd86254ce18f5920605b1dd6cc76c0633d1e511577b3f61b8af4ab7e2897;0xe6f5b6e735811268c181b7e491ff46d8bead568593139a48ead1fe456321ff3f,1.482636,1.262333;1.37267;0.8353;1.256044;1.02131,64.0,9.0,0.0,0,0.0,0.0,0.0,0,2550202368,2550276096,444.8210000000015,296.04700000000065,5.076999999999979,1.2310000000000023,26.14000000000002,19.0,88.0,142.0,104.20900000000024,303.09339999999924,2.393200000000005,1.5542000000000007,18.62199999999991,19.0,88.0,142.0,1.984693,1.510888;0.82257;0.745314;0.723011;0.732865,64.0,9.0,0.0,0,5.0,1.0,0.0,7720.0,2560950272,2561044480,468.16599999999903,369.66800000000006,7.070999999999987,2.092999999999995,39.95999999999991,19.0,88.0,142.0,113.73159999999993,31.24719999999994,2.972400000000007,1.5484000000000016,22.169399999999882,0.0,0.0,0.0
64,0,13,0xc611cf5389a0e9fd18e82f8c4be6689d32e5004a04b5a62edf41466700535b2b,0xefd00f811242cdf17a54d1d6645c078b102a181b7ea69d40d06cd76abcd52ca8,0x579d1bc53c78cd75f10ea9a16598a7e7d5eebe0b532b487bf22194675abc6988,1;0,0x289a7bcc8ece2d85a7895f03a7a4317febe8381281a03fd221842fb5c7a6577b;0x5b787b9165e760aeda5f008b138ec29f69e96162f074de59a45510a7fefefe86;0x33aef4804bc9716e7bfc2fd55167836ed15a56e11e18e75ec63f5e60877e9d0e;0xa6e702ff10afefa00bd94c307887334dde640f15c50f55085623f77411866fa0;0x56ebcf011b3754ed041db264759e807e8ad36e0017be56fe9c614cda22d586b2,1.520522,1.673934;1.138026;1.367041;1.02819;1.083193,64.0,9.0,0.0,0,0.0,0.0,0.0,0,2550394880,2550427648,402.9480000000002,284.02799999999866,4.897000000000018,1.362000000000005,25.25799999999979,19.0,88.0,144.0,105.53920000000022,373.22080000000005,2.6337999999999884,1.6247999999999956,21.887399999999996,19.0,88.0,144.0,2.115339,0.979046;0.837002;0.705985;0.746846;0.742279,64.0,9.0,0.0,0,5.0,1.0,0.0,7720.0,2561179648,2555043840,569.9189999999986,400.32399999999967,4.966999999999981,2.163000000000013,38.70800000000015,19.0,88.0,144.0,102.1839999999996,30.746599999999926,2.463400000000005,1.3441999999999958,20.522999999999982,0.0,0.0,0.0
64,0,14,0x9b32eb2b664748969308b4de39cc11a5a9e912c11f7e29507349fc239f183c19,0xf05c62688b3c04dbcba4b05f3c89dd09c17fe3f3e68085da472290ba7ef8138f,0xe0e16660a17add5b9aae9da4fd1db0f2d6fb5e9aeaf805b10a42c12f53609ca9,1;0,0x1a3fb5007c899a9d35f01e8630359196253fc1d4562f73b5d43c10c6251cbea0;0x727f2ec8f420ab9201afb388184418ad63e7f44d7504986de1ac29f3f376cda6;0x0c5a214d7d9bf6baca918c0dd5dbbc4eed6eb3f7cf049d2f1cf3aea441bf9dc7;0xf73f86e6aabe1db1603a4aa42e0b4c90213abe73194690b4b03b0250c38954e4;0x89a745acec8151359b1fb40448218f457a7c5c0c06abc11623fc376bb930def5,1.614764,1.405429;1.470858;1.182152;1.493943;0.969301,64.0,9.0,0.0,0,0.0,0.0,0.0,0,2550546432,2550595584,478.36100000000005,278.81099999999685,5.0180000000000256,1.4419999999999906,27.811999999999887,19.0,88.0,146.0,109.15679999999942,358.39240000000024,2.771999999999996,1.6225999999999992,19.8864,19.0,88.0,146.0,2.289131,1.844842;1.228572;0.925786;0.867758;0.698252,64.0,9.0,0.0,0,5.0,1.0,0.0,7720.0,2556080128,2555211776,709.0590000000014,354.0440000000004,7.592000000000005,2.3740000000000014,40.51100000000002,19.0,88.0,146.0,171.74100000000027,33.49020000000015,3.441199999999994,1.9828,24.014000000000067,0.0,0.0,0.0
64,0,15,0x69e8bdb2876bc63315d35dd7ed5481eace02e9afd625a738de89f9387dd7999d,0xe9960153c3b5104f58bf3af12d3a1f37d392376675cd6548ace384f400e61395,0xbf051e166abd390b7f21d41c393472b7ec6934eae19a6038c69b0dfe6a0a3e96,0;1,0x394816651c35e0d721e67fdcf9aff420459bb2f0e49164b9d7377e597367a02a;0x0a50d3996e44983ea0b6702b8a39c0bb9f467df58903e18e598d88eea0956fc3;0x5cca4f10f16657dd5387df4ccc4058e7a555effbe7e4f835522e042fb5b80ea4;0x90007612be55965d7d21c1821652b29d867228636017eaa726c4ac9e6e6c6997;0xcc9b4363561a0567b332e64804bb13ce923c4a174ecd8afebb8beb2043f29f50,2.457996,1.928958;1.247731;1.002071;0.936062;0.974259,64.0,9.0,0.0,0,0.0,0.0,0.0,0,2550738944,2550775808,634.4370000000016,397.6690000000033,7.431999999999979,2.503999999999988,41.10199999999989,19.0,88.0,148.0,111.80060000000047,310.5119999999989,3.050600000000002,1.8007999999999968,22.656199999999963,19.0,88.0,148.0,2.336052,1.050063;0.894469;0.707156;0.820176;0.9156,64.0,9.0,0.0,0,5.0,1.0,0.0,7720.0,2555400192,2555441152,751.1120000000017,325.6209999999999,5.738999999999994,1.5519999999999878,34.49200000000012,19.0,88.0,148.0,116.78419999999954,31.859799999999982,2.920199999999998,1.4659999999999944,25.03979999999998,0.0,0.0,0.0
64,0,16,0xf82ed2c8d713a4aee0966ed5d2fb5c8ed1c079f843a52af59e76bf25a853af2e,0x04e04f98a0e017597f4c41902ed3e41d9142f9cfe06ba9887f8eb15cccb712d9,0xa6e10e778c112d6ca8447dd161c2eee171bd6e274fc7dd80cb68565d76630a05,0;1,0x89b90a96c0b0b9572afab922ab2e463d73d620547cada9d5f057446b1772d35f;0x5998625df899bde40a1994a0c6db91fa1740fea8fc59f4d7c7d55173520f575f;0x58da5f314a96425498a72524ca2554d9346ef6ea90423220b4766d3947af64fd;0x30926ab290b112b169f1a9ce1c4b98082add37f6637df4b0469eb94f6585762c;0x1b4e1f452291587d30871ddaa09438e1508f4e6b44845567857b7842f29a51da,4.779616,1.428714;1.363876;1.201175;1.057655;1.358238,64.0,9.0,0.0,0,0.0,0.0,0.0,0,2550878208,2552283136,2121.3680000000018,335.887,7.231000000000012,3.0350000000000006,259.65100000000007,19.0,88.0,150.0,115.44,356.82679999999993,2.9045999999999803,1.6662000000000023,21.55439999999998,19.0,88.0,150.0,2.145696,1.487923;1.011925;0.91209;0.845545;0.94163,64.0,9.0,0.0,0,5.0,1.0,0.0,7720.0,2557059072,2557251584,757.2019999999985,395.6059999999997,5.648999999999986,1.5819999999999994,29.964999999999854,19.0,88.0,150.0,175.27619999999982,34.07139999999989,3.2507999999999884,2.0088000000000026,24.784999999999997,0.0,0.0,0.0
64,0,17,0x0718d648087b7f0704f5cdfa0bd88ec4859c7c1ad029561318b4f9ab5c73adbb,0x18456c5daf107cad4d535c208ba11064160de5a2c0d40097d1ce95ab9ba336b1,0x01cc4ff93cb66849af30cb022a3c48ab17666a42bf6b2ace09c17086e280492f,1;0,0x76d615834171932d8fe31593232393900ea4576fac731181eb75a5cc31615765;0xeb9b34d9c2043413ad2553a3e759604654380e7fadf93e6a154fd46a89a9b7ce;0x4b96f59957ca09280386db81328836cf447b056df4990aff974860f5cf4c5880;0x61a960102c83f1f7435e805d40309793319e5b3a6d9f0d9c9b0f88bc42e2281b;0xab0335e5bc78562a065925fbb0a221a06f135cca98b7517b390e6d3a9893a054,1.744731,1.958152;1.454092;1.156373;1.310646;1.067029,64.0,9.0,0.0,0,0.0,0.0,0.0,0,2552139776,2551885824,584.761999999999,284.6390000000032,4.9279999999999635,1.6220000000000059,26.589999999999947,19.0,88.0,152.0,216.88119999999992,350.9290000000012,3.3650000000000304,2.0592000000000046,39.08319999999998,19.0,88.0,152.0,2.070081,1.145377;0.834939;0.916061;0.760487;0.728128,64.0,9.0,0.0,0,5.0,1.0,0.0,7720.0,2557546496,2557579264,610.9709999999983,330.6890000000003,5.938999999999998,1.973000000000003,41.09199999999995,19.0,88.0,152.0,130.07379999999958,32.08420000000017,3.1388000000000034,1.4941999999999993,21.009400000000095,0.0,0.0,0.0
64,0,18,0x237a60ca356545e82a47f9936c15b6c9c7d50bd9b742fa9fa492ee13e98c79b3,0x13b7c66a2e3dcd2495f2e23aef0c7af39b7b2b59a62747294c35e1155327f35e,0x0bc014a2e9180b0d05fbe1fb8636a254576d821c95d6ff951ff2e914837eac90,0;1,0xb2af9def25b3643b299e5e98b2a5daee51b9c416d7c9ce8da6bf0be53fabde49;0xe8c4a98da323c1fbf8c3b07380ac549ffc5c1b834da2e300f9ddfa6942d12569;0xf27e0375b7fa441dc9fc7c0166fad5be3c73f17eb445a35e695bc3e57e65b760;0xa2af03f48ece5cf25134b6f59f40979de16e6d34ace2d2312025e9a1e814928d;0x8000483a8e8cbadc46d623b8c7eb89a99107c0b834a1edc2c7d9386dbfe851fc,2.146967,1.834646;1.191947;1.077865;0.952857;0.911965,64.0,9.0,0.0,0,0.0,0.0,0.0,0,2552078336,2553556992,587.8659999999994,332.9219999999994,6.8200000000000465,2.2029999999999923,41.23200000000042,20.0,93.0,152.0,108.89659999999967,343.1831999999996,3.0309999999999975,1.6524000000000074,28.27460000000004,20.0,93.0,152.0,1.81055,0.943653;0.953738;0.669259;0.828128;0.74915,64.0,9.0,0.0,0,5.0,1.0,0.0,7720.0,2556030976,2556067840,586.4340000000003,308.9860000000007,5.147999999999958,1.8429999999999889,27.521999999999878,20.0,93.0,152.0,113.82760000000006,31.03080000000022,2.9525999999999986,1.4621999999999997,19.501599999999925,0.0,0.0,0.0
64,0,19,0x5aed6d96203c45b6a95e8017d1d68907ff6a6c62f8f42518141b6ecb33471c44,0xf80a3ded1e5fd57a20235eedcd4560d6bc0281e7aa844d13e8c288a3273613a3,0x70f208211b5e5b7b4bc6dc58228122175fbe964b01310af4e7d5613f307a4582,1;0,0x3a1f57027b21889f6a66f930f42f67b20775475228d711fb819a2d882fbe5dcc;0x656793b5d93adf777a4d30ced5098c65d7fc306a036e202e5d3aedc5a70922d5;0xe4f3f8529c7bf1efc5a9ffebc91114bd2a6593e183711f59eac491b8cbc46f9b;0x04b156772a035db8ad47605e4056ee080d92c8888f1221736033dceb0fe213b4;0x60200a2fb5f26de4d5390e8835e689587e699bd58b4d3f9dcd3c6add980a49b8,1.639211,1.723088;1.391048;1.104135;1.138927;1.231877,64.0,9.0,0.0,0,0.0,0.0,0.0,0,2553802752,2552422400,468.9470000000008,313.09200000000095,4.686999999999964,1.4619999999999802,25.678999999999807,20.0,93.0,154.0,115.73459999999966,349.0841999999994,3.4912000000000005,1.7808000000000017,22.10740000000017,20.0,93.0,154.0,2.352682,1.669187;0.830873;0.671963;0.891794;0.720986,64.0,9.0,0.0,0,5.0,1.0,0.0,7720.0,2556231680,2556260352,579.5440000000012,352.93200000000024,7.220999999999964,2.053000000000016,41.79300000000004,20.0,93.0,154.0,107.9988000000004,31.99040000000028,2.541600000000011,1.678399999999994,19.224999999999973,0.0,0.0,0.0
64,0,20,0xddfa47a0588e8c8e9a7c59b384b654999cd57b3cf38b765a0d19a82141c32a66,0x1affac97a61ce98f6205e051a0fcc79b2c840525e91e4d9311e518341457bfe8,0x5616099b818c929a06add4891d6bdb90ede62d9d3d605ae2fcba089a672c664c,1;0,0x01819be3866c4c27a6667a4ede63db49345b1cade533eeee51f765364aa47e7e;0xa27d8a5c3badcbf682cc286c000079a6fd706eac8703fdeb458e499a12879d6a;0x9de76bf1c6dfbf0cbcfda0f3b0b68b11b6c97c1359f5fdb5a60b99694536e41a;0x186efdd428fee5e35653459c2e512e496dd8ae3f958aa9daa56e1672e3158da2;0xd7e66d8848e567fdb8842bbf73519dda478b976b18ad3ee301c8850e798e57c1,1.619251,2.252106;1.331227;1.024725;1.031715;0.973217,64.0,9.0,0.0,0,0.0,0.0,0.0,0,2553405440,2553425920,468.66599999999954,309.56599999999725,5.307999999999984,1.3219999999999985,26.830000000000258,21.0,97.0,154.0,113.87380000000003,351.8504000000006,3.092799999999994,2.2214,25.40399999999988,21.0,97.0,154.0,2.176882,1.606442;0.8956;0.695058;0.892847;0.781818,64.0,9.0,0.0,0,5.0,1.0,0.0,7720.0,2556436480,2556448768,679.1240000000032,347.6950000000003,6.850999999999993,2.3029999999999946,40.64100000000011,21.0,97.0,154.0,169.88219999999887,33.67100000000005,5.6864,2.4438,31.313199999999895,0.0,0.0,0.0
64,0,21,0x6ad9092781412eccfea995dedf37c1ce21bca0c7909ff43e72efdde7eded6847,0x1c30069e0f6840ebe7e253c355ae1bbf25a618c88fdef76770db0e9746c5881e,0xb9e93d0947f32fa9f029a52db3db03aac88a3a4c46217dc0ead53fdd19fd0c31,0;1,0x48fa12fd2d54790c93c700907f9f3c406d5326b348971597799b34d9a8839a96;0x01a6294d7bf40d5f70286eec4f2e53dfe775560b7522e81c66edbd2f324f8d09;0x58c1fad99fff08e473f738cb15c237ecfb12db983d666e6bc9bf40c545495858;0x04a8cc77c18239134d1e92606027928c2b1eef1e05b75bb66352625e4524ff0a;0xd2660f554e3af00c3d2c4760b83037c06cf211fe70e7886d0ca75b86961db56c,1.946394,1.91657;1.178737;0.932937;0.977403;0.910993,64.0,9.0,0.0,0,0.0,0.0,0.0,0,2553540608,2553565184,566.8839999999967,347.04299999999824,6.209999999999983,1.9430000000000185,39.990000000000165,21.0,97.0,156.0,106.78900000000019,310.5501999999996,2.790400000000004,1.5826000000000036,22.458000000000027,21.0,97.0,156.0,1.662055,0.94827;1.20709;0.708238;0.638503;0.652774,64.0,9.0,0.0,0,5.0,1.0,0.0,7720.0,2556616704,2556633088,502.67699999999996,273.7529999999998,3.5150000000000503,1.653000000000006,24.808000000000295,21.0,97.0,156.0,179.3346000000001,35.3874000000004,2.4438000000000106,1.5604000000000007,22.10359999999991,0.0,0.0,0.0
64,0,22,0x4e04deb361701f02655a6a8183dd24d2c90856cab2563b7fc0aaa9e94ae6b3fc,0x16f19a91c3a6cafc57d4fc54b1da07d2780718019857ad1a3304eec03c531833,0xc6673aa27c68afc9ffe1c8351ee47e54c26ba109b3280081b2d169c8e76885af,1;0,0x985d546bac21386cc3f2c9bde0c938f4829666ea54a71e8e214be09428b51db4;0x3568b328895701daebd690a8abd326c70724fe3b8ccc24fecf4cd6d76f7e0eb7;0x191b61c18749641bc3cc8627890cb9b176d50335e1a238a6f4877b4342ad1522;0xc4e122c5c3493c0c15ae2efbe40769a0520a06a515c11065886b7640e1769c35;0xf0d2caefe08ffeee87f3abe2531f20101b0626bd1c15525123d124c12b3232e2,1.731731,2.351355;1.311817;1.203905;0.983383;1.006938,64.0,9.0,0.0,0,0.0,0.0,0.0,0,2566270976,2566561792,565.8830000000031,379.721999999999,4.237000000000034,1.3920000000000166,27.1109999999998,21.0,97.0,158.0,152.4722000000006,367.6982000000009,3.733800000000004,1.8146000000000024,23.72560000000034,21.0,97.0,158.0,2.183613,1.199228;0.86215;0.756451;0.794618;0.703631,64.0,9.0,0.0,0,5.0,1.0,0.0,7720.0,2556768256,2556784640,731.242,347.2130000000007,6.880000000000016,2.48300000000001,41.04199999999982,21.0,97.0,158.0,117.14080000000126,32.87779999999983,2.8825999999999805,1.5582000000000096,30.021199999999936,0.0,0.0,0.0
64,0,23,0xde0f70483a8ec9a4fcd03e580d33a3c9065863e70832734e0873e87a18b8bc1a,0x52e6ca70a3a59778f27c6c94142f94d5fe24b5253fb7e1aed96b6fdfa56bd3d5,0xa86c917946a144686dc813887ef1d64eb1d8fd7780ddef3949f46a20a6b87a1a,0;1,0x700f1c0b0d84e2e568ae9327ce7f9a63c22573e8e924070eb6dcde9f4c2a5f0c;0x42fcf723d9a18acc59894c18223122396d9b7da674ae3a159a5b4fe27f8a8889;0x8ac081bd92f7897600ba550838160e2bf20b8703ab738b208d012808d81524ee;0xc3bb85a8d43ff816650f08b668866a35f39fe6b3db7ff4b28a45c4aec32690d4;0xf42d829971fa3f5c1fb55d5456621d6b1e99ec81b4abe81cf54062f114d99cea,2.257213,2.019956;1.169583;0.98198;1.037424;0.985546,64.0,9.0,0.0,0,0.0,0.0,0.0,0,2572447744,2572607488,640.5049999999995,374.64400000000035,6.239000000000006,2.3439999999999896,42.22400000000043,21.0,97.0,160.0,128.44340000000008,322.0394000000001,2.892400000000005,1.6503999999999868,27.63980000000006,21.0,97.0,160.0,2.04242,1.092958;0.992406;0.817683;0.685354;0.624541,64.0,9.0,0.0,0,5.0,1.0,0.0,7720.0,2564005888,2564108288,543.5499999999968,617.4809999999995,5.037000000000053,1.4920000000000189,27.92199999999967,21.0,97.0,160.0,109.17240000000162,32.935599999999944,2.575600000000004,1.4880000000000102,19.126799999999964,0.0,0.0,0.0
64,0,24,0x1a2d44cd59d63654724afcaa9da34ae1b51879edcb1c9d071540b392b17215d3,0x338d5c92d45e1609acb0ccd25d183199c82cef3e3e0101efc9aab3afd16d7a98,0x11d9ddf6132f55e41c0df7f1d0740c52f192b625103a56cc03939c89356a91ad,0;1,0x1cdfd21dbf6ddd87b32a40445ff58c9a0b6191faece5562bd000cc3e3f992dc1;0xdfb5a5e8192fc520912c669f2a878225f377e81ed5f9eb94dc2f17418fae593e;0x5ecc3779877126ee83879ea314206224faf9752d89c22df3f770151dc0d61a74;0x501039309b38f89695ac0c68bed39d41df9c22430ab19894eb759e1baeff0a59;0x1f4aed30fc770b968b59d709517f8c5b561d84f4e29e9c9561c98823bf8a0bdd,2.774764,6.929337;1.48566;1.43961;1.136624;1.068591,64.0,9.0,0.0,0,0.0,0.0,0.0,0,2572775424,2572779520,567.5249999999993,473.1540000000034,6.399000000000031,2.212999999999987,40.06999999999969,22.0,103.0,160.0,163.99119999999934,365.8676,4.2142,1.7468000000000083,27.924000000000007,22.0,103.0,160.0,1.701826,1.216253;1.002602;0.910643;0.83594;0.618382,64.0,9.0,0.0,0,5.0,1.0,0.0,7720.0,2577354752,2577448960,507.60600000000073,300.3729999999996,6.150000000000014,1.2619999999999754,28.794000000000388,22.0,103.0,160.0,139.22380000000038,52.54940000000014,3.086600000000005,1.504200000000005,21.700799999999944,0.0,0.0,0.0
64,0,25,0xe984074845f709e13d953a8b6a23c14484b6883b7f26c9deef7d757dea48abfe,0xd4ecd230c1965930bc764ace0c48a5f34388f8930aa6c9498908a0087e77b7a4,0xa1a68707de58b65801335a6a34c6667308ebe1218a4c5ae1f652c19dd97b11c5,1;0,0x9ff88e7b5f52bf9883e03ad9612a58aae1a7745ff0cd4aa2ae8500e2f4570cb8;0x7f778e3302527974618f6f97d94fa7cdfd11be87671527b77d50d86391a14298;0x10b3e7eb8f4ab71aad14134110a229f427410f170d87b82df3dcaf1106a750f5;0x19a27346cd80b773d5b1e2075f63d40f80eed70250ae852ad10c61f9c59036e9;0xcea003d912b822790c8c2b3e0f0a4265b07f9801bf04596fa2fb965426b103c7,2.185425,3.400111;1.35308;1.264567;1.282483;1.38614,64.0,9.0,0.0,0,0.0,0.0,0.0,0,2572910592,2572939264,568.8479999999968,385.2910000000029,7.30100000000003,1.6519999999999904,46.58000000000006,23.0,106.0,160.0,133.15659999999923,398.1223999999992,3.9542000000000055,1.9150000000000003,29.48239999999991,23.0,106.0,160.0,2.675755,1.204756;0.917724;0.707352;0.697031;0.821678,64.0,9.0,0.0,0,5.0,1.0,0.0,7720.0,2577657856,2577682432,1001.9500000000014,421.655,6.379000000000042,2.1740000000000235,40.601999999999826,23.0,106.0,160.0,121.95579999999816,31.70999999999972,2.894400000000015,1.5862000000000058,23.390999999999863,0.0,0.0,0.0
64,0,26,0x4eccbb3f860c8d5b92f7bac52d33c21104b9c106cacd29dde2c2fd72ef2d25e9,0x7c574c8cd6884b2b1407b2c8032ce34ca01669b3dec7f642a1ef9592c4a964d6,0xba481ae709e98cdca4c0eb4f654c85fde189295884aaf71c79f306fa750e4f7e,0;1,0xc73903e7d736b8700d6cf0adc56fb0c0b1910acd390a8267603b615c243c6b08;0xe6b9b45c04f92886b725a430d561c5ef573fe41ee36b001c1e51fc7faf78f205;0x0dab407cabbeec6c56509ce29ca0a69260b861e536b74faa6c4b5422b3955d4f;0xc623dbc761f281d984c31d88e11387510ddb0e04711fd3f4d3e60aa011ca2ca7;0x003f4f16337b93cd7cc90cf7ba14f7fb89238290e850810c0531db3853be0daf,2.346828,2.020436;1.496796;1.49509;1.197485;1.321432,64.0,9.0,0.0,0,0.0,0.0,0.0,0,2572967936,2572967936,573.8450000000033,386.111999999994,6.880000000000016,1.7719999999999823,46.57000000000012,23.0,107.0,162.0,123.76879999999869,384.87840000000216,3.3225999999999916,1.7587999999999913,23.353400000000224,23.0,107.0,162.0,2.111013,1.163164;1.033598;0.975956;1.149833;1.032957,64.0,9.0,0.0,0,5.0,1.0,0.0,7720.0,2578169856,2578214912,721.498000000001,365.42999999999995,6.600000000000052,2.0630000000000104,40.611000000000296,23.0,107.0,162.0,152.53199999999828,32.881800000000155,4.086400000000005,2.3255999999999926,25.726800000000146,0.0,0.0,0.0
64,0,27,0x6771a195845b78fe1ea20eca47cbcb65108496496230db6e2c8a805dc802ec4a,0x0c053357481474fa14e565fb3adcee70ec520c43d0479d55f69f8e672f5b0083,0xd45045985509d4831d9d1429452812015863d9267ce8fcf232ed1881a252c87f,0;1,0xc20cf2df7fd046c3ccb52834d26cdd19dbf097d550483149188c4cf01901f64c;0xf813cf11deb59632c7a35437882151b009726bfaa611791f613863f48365d12a;0x2341d0c22003ed69a60a387ec31e59f9c1dbccfbab283c2396e4a7c2b4364a92;0x8b03e6f634d246ca38b651268cf88626d6f895d450a2ad287d8568e261927225;0xa5490f40acab96db56b141fcd7143f11dc388c4872ffbc8b543839620fa5ed48,2.260477,1.454002;1.042216;1.402404;1.373621;0.94209,64.0,9.0,0.0,0,0.0,0.0,0.0,0,2573017088,2573017088,648.6779999999998,373.27299999999343,6.338999999999954,2.2730000000000103,39.820000000000306,23.0,108.0,164.0,197.75820000000195,343.4978000000005,3.1586000000000114,1.6603999999999923,19.2208000000001,23.0,108.0,164.0,1.63174,1.372339;0.903662;0.657982;0.728067;0.781729,64.0,9.0,0.0,0,5.0,1.0,0.0,7720.0,2578272256,2578288640,541.6970000000007,294.3930000000004,4.166,1.3820000000000217,26.589999999999947,23.0,108.0,164.0,114.6588000000004,32.290599999999785,2.7146000000000026,1.6785999999999972,22.73840000000006,0.0,0.0,0.0
64,0,28,0x5d013b15776ad8d4a58f6339eab27069feee6ab173c17810037e4977541b9c40,0x2c4b535b3c745b4343bf05a90f1d0805cacb178c6b868add4dffe362d2e80d92,0x59eca1246e700b4a658662ea72e4d5636729fc7191c3067bfbec4a145463faf9,1;0,0x506a62f71aaefd248b5b8d76b623268a7e28dd0eb6a2eb00e69007fd9b57982d;0x3436c24076b4ddd492eb779f585ee57773df6f33a128c15dba0b96b24ae05d93;0xa1242cfcabfdfbee745dd22c66426e6decc1514b14521390ddf74902d5b5239c;0x2320625bcb889bc8ebb5ee064476c38715b0cfce24b11162078ad4f54bb27d85;0xc1ab7b33e406a5584fae6e6ae6c024056d00a1242a0db92481ff4dea23457744,1.965815,1.563848;1.121381;0.975611;1.020589;0.952682,64.0,9.0,0.0,0,0.0,0.0,0.0,0,2573135872,2573144064,660.6460000000009,320.8940000000021,4.217000000000045,1.5319999999999983,29.424000000000117,23.0,108.0,166.0,107.085400000001,362.99519999999916,2.8421999999999956,1.4179999999999922,19.864000000000168,23.0,108.0,166.0,2.273749,1.564169;0.919036;0.867779;0.787778;0.792826,64.0,9.0,0.0,0,5.0,1.0,0.0,7720.0,2578554880,2578739200,610.4300000000021,358.5100000000011,8.713000000000036,2.2630000000000154,41.382999999999875,23.0,108.0,166.0,144.6064000000011,31.93400000000082,3.1229999999999927,1.754399999999998,23.188799999999954,0.0,0.0,0.0
64,0,29,0x8680c83ee547badd8a325d94d86e439c3754a739bcaf5b59d778038e583766d9,0x53c80033d40a9b624db1738c0e53d9929d85e35cc2f5da4741e0d86a79f24063,0x5af6492baf9608f7862340d1891632ba44bd2fabffec9ea6006af9820ec75e05,1;0,0xa5173d6bf55798aeb4653ef13e625875f5ab9f64a1f2dbf1263b4b99daad02df;0x597ac00248e07c93be30c9d844c7798d1480221e85b550e296a792037536ed8e;0x76a8931120a9bfcc7d00c52552b736e5459538af4331f58354b8b7ab36a70a12;0x3b43a9b8f6b6bf2791551d9283d0831f6863d22246bb8a9899575f4cd0359ff0;0x4837af79388f293e635fd4e88e0c024c5faf1c03b4e171a4e45fdc983134ef5b,1.951112,1.506617;1.285238;1.07436;0.977884;0.94831,64.0,9.0,0.0,0,0.0,0.0,0.0,0,2573225984,2573225984,529.4880000000015,422.43699999999774,3.6360000000000037,1.341999999999988,29.153999999999986,23.0,109.0,168.0,110.53040000000014,328.6859999999975,3.455199999999998,1.4860000000000002,19.125000000000046,23.0,109.0,168.0,2.412808,1.714215;1.072087;0.901009;0.738444;0.710952,64.0,9.0,0.0,0,5.0,1.0,0.0,7720.0,2578874368,2578890752,685.3829999999978,433.96500000000145,7.612000000000048,2.4739999999999767,41.37199999999959,23.0,109.0,168.0,133.54320000000115,36.60700000000031,3.0084000000000315,1.7245999999999948,29.374600000000097,0.0,0.0,0.0
64,0,30,0x6534ca206b376f83dbbc90a2155867e086b30ede5f71f8c5feb99ef586020488,0xbc9b3e5cd6ea2fd9e87c4613108b0ca4ce2fcb8390b0443e0e5b198721cc658f,0x3a547dd366e6dfc53aec99aecd3a20e1f52cb043bb95e56b1e69b6110c945de2,1;0,0xf41a0da36137311a48647d6d67b4a74ab22e0d061dc1eb22bbf17fca1803b605;0x7e257d011c22329748efee2c8ae3f709fadbddd6d94a91cc91d867cfffec0cf3;0x7a96a0c14d3b550d43b4089725985507d50adc25e4b826165335da07cae281c5;0x4d70fcfe70067765afcf538e48c00ceadeb30940d075f6c08a2577a689293d3f;0xe708a47a7c987e2bc0d33b754a62569e5092b4b016ac4ac506e286039bb32322,2.875026,1.888157;1.38589;1.14102;1.39967;1.207831,64.0,9.0,0.0,0,0.0,0.0,0.0,0,2573324288,2573447168,712.7349999999991,448.01499999999606,5.3180000000000325,1.7619999999999876,63.27499999999979,24.0,112.0,168.0,138.9211999999987,371.67419999999953,3.517400000000001,1.9947999999999886,23.97600000000003,24.0,112.0,168.0,4.651895,1.175032;0.854278;0.953317;1.138992;0.814288,64.0,9.0,0.0,0,5.0,1.0,0.0,7720.0,2578976768,2578993152,2502.738999999997,415.06599999999867,8.773000000000005,3.255000000000022,42.05300000000023,24.0,112.0,168.0,140.26960000000088,31.31280000000028,3.2307999999999986,1.556599999999995,25.281999999999908,0.0,0.0,0.0
64,0,31,0xf9b8de3d19c23714006b5bf8a370bd04ef70d18a56277a51ffd12f76b4992355,0x311b74d05663c978278d354c3310a5dac51be3fbc38b4b6286635e0ce041a026,0x4dec3ebab43a0544655beb99038d166500e8e5043f5c279dca564990e7e933f5,1;0,0xb460ff16fab2e5849e0c6f6f2ba9c902ee36fdd7aa721cfdf8b33f40145cea7f;0xb4e92ca0178c7377b9a138f14c863081885cf6fa2b061fda009ecf9407987f9d;0x495671a52f09e1665a3b2e25c146d18f73bb6427335f6f25e4fd59b4557fceb2;0xa1146046ba9781126b722f728488b752c1811fd8b63a8d7bdcaab3c27845cea1;0x26351a904645288752ded9f8ae3a868050fd722d9b74af035084b0bab58cbdf1,2.285977,1.503377;4.338507;1.080044;1.114811;1.061321,64.0,9.0,0.0,0,0.0,0.0,0.0,0,2576031744,2576031744,859.1660000000015,321.09399999999397,5.468999999999917,1.6920000000000237,33.40000000000027,24.0,112.0,170.0,124.14280000000167,391.31399999999536,3.535199999999978,1.6082000000000054,21.32999999999996,24.0,112.0,170.0,2.498768,1.509877;1.016007;1.252598;0.994199;0.772876,64.0,9.0,0.0,0,5.0,1.0,0.0,7720.0,2580070400,2580185088,676.389999999999,397.5589999999987,6.620000000000042,2.783999999999979,42.48399999999975,24.0,112.0,170.0,128.35760000000087,35.44940000000038,3.418999999999991,1.7729999999999981,27.63799999999997,0.0,0.0,0.0
64,0,32,0x5425336ce72983757401114c033dfdafe8b4cf692d7dab694d2d8d2f7ebae13e,0x60d0e60f2bed1f599877e4447f13c4027759797348a67115af93f29e5b673bf5,0x584a4e07da8e6595d3f9852dd0dce4a8e17dc25ecc090a279d511a265e445acd,0;1,0xedc80e6031b7b96fe217497375ec80c20bb669fc070f664cc6eee527a87948f9;0x5b1815c6d3a6879abc5dea9c989cb5ac96b02276459c10a8d85fc183ba5649b4;0xc29d9cdda389723b3f9036f90089d43632313a5482773e4f4692516d7ab2f1e9;0x553bb050173c66235ec06d654ddf62f2a3a68a595bf0e73e16b5adb2ff4cd226;0xc184f6b258c49ebdfbfbc669b4703839e230fdaa615a238d81f6d597b55690c7,2.316413,1.482226;1.14077;1.165348;1.17745;1.084495,64.0,9.0,0.0,0,0.0,0.0,0.0,0,2576125952,2576130048,624.2710000000026,359.5730000000019,6.8209999999999535,1.9430000000000185,43.264999999999795,24.0,112.0,172.0,109.56740000000048,367.57839999999874,3.29900000000001,1.6810000000000132,20.186200000000056,24.0,112.0,172.0,1.632181,1.520362;0.96124;0.82859;0.75874;0.833818,64.0,9.0,0.0,0,5.0,1.0,0.0,7720.0,2581839872,2581950464,464.7109999999996,323.1069999999996,7.0100000000000025,1.902999999999985,29.01399999999995,24.0,112.0,172.0,139.56819999999954,32.22280000000008,3.1229999999999927,1.9532000000000058,35.57980000000009,0.0,0.0,0.0
64,0,33,0x25de80a3df5c110b79a80ebb05109214714af34a6639f9f9c2cd939fd4bd6041,0xb3150b59150641a17bf8502df0651aec9b06fb415a83ee9089720e7d3200f820,0xb39470ef7718f2e8523fbbc348f6e95ad523673a4bcc356a81862aa2e56e6118,0;1,0x28d49acc5834b2ff53cf24a18a4a33e3da38f3b9fc587c5988abefd1e1bcf19c;0xef2365f025d05ea54b5d96fdf6dcc06e83f89ac25a24c6d66333e86d086cce44;0xdb093cda53b419287b062f20b51a1579b8caa4f28d6470120bfe16d9d2e95f5b;0xaf51347a4cd174ec5efb10c655a170c00579f2f8d8b439d890918fcb2a3af821;0x0b3569202b25e1f6215fc8cfbb0ea290f4fe29d1c120327edcc8673a317ef4b1,2.150884,1.424418;1.19373;1.196505;1.161872;1.140339,64.0,9.0,0.0,0,0.0,0.0,0.0,0,2576130048,2576142336,537.5310000000009,392.09099999999717,6.209000000000076,2.0029999999999872,40.78100000000015,26.0,120.0,172.0,123.42619999999998,368.97820000000024,3.312999999999971,1.4961999999999875,20.204600000000088,26.0,120.0,172.0,1.861226,1.521734;0.881439;0.752725;1.080529;0.824383,64.0,9.0,0.0,0,5.0,1.0,0.0,7720.0,2581958656,2582089728,529.507999999998,349.1169999999995,5.518000000000038,1.5020000000000138,28.37299999999994,26.0,120.0,172.0,133.60740000000064,32.416799999999974,3.5474000000000183,2.0392000000000046,24.494599999999938,0.0,0.0,0.0
64,0,34,0xdd24d36407489d00aa129e88028db17801ab25e940da8153221c0cd02fe9d18e,0xab7f5d8d313dcace54b0ffdf035c184c91480cb9985065b677893c5c4963b0eb,0x263dca6e6e2d24ae2825f03d881c4cc4fea7a96c448f3246fd6fe589b048754a,1;0,0x4030b83aad61c625b61387c37215116167df66684c9cb072c43b5217747a23c0;0x10e71d9097b8ecd6fa279250c72565f333839b2b6c89df8c2705050cc66b32d7;0x3996173b3cd10ab2fe4c5fa3da4e07103b14acae53505041c8cee9be6187f572;0x7bbd3d38cbf2733b4378b02f0960f7f9ad3377119ee3540df83913359a7cc040;0xee5b7a8623c1bdd16bf4b7097e05f5967a644f253afd889ee76bb486f62961cc,1.802979,4.778286;1.235503;1.00132;0.972747;1.22006,64.0,9.0,0.0,0,0.0,0.0,0.0,0,2576338944,2576437248,582.6189999999995,372.2109999999973,4.868000000000103,1.5020000000000138,25.558999999999653,26.0,121.0,171.0,116.3010000000006,356.40940000000177,3.22100000000004,2.0552000000000072,30.413799999999895,26.0,121.0,171.0,2.244665,1.123023;0.721598;0.707987;0.77584;0.72589,64.0,9.0,0.0,0,5.0,1.0,0.0,7720.0,2579136512,2582470656,681.3069999999991,368.93600000000026,7.201000000000082,2.3329999999999793,42.00299999999966,26.0,121.0,171.0,106.13219999999895,30.740600000000313,2.7742000000000306,1.4262000000000021,18.99679999999987,0.0,0.0,0.0
64,0,35,0x644aead191534365c2db7f34e0376e932adfe496561fdc1e223ce2a44eb6b03e,0xea24323774b925b20b81933566cee8913a0e02f46ae9660f7ce99918121c9f3c,0xf71d3015754bdbb8c0bd49f6e3ed0975394052092a3ff8fb135d418acc1e1102,1;0,0xc5c2812b4640a0cb83e430d0eb2c8be98624a9d80a31e3e8e7b555ca9a4ebbf3;0xf748c7ef6f632c92a6f1e00b307bdf20c5ff73508379cf31fbea812d6ec4ce78;0xc4def879c237057ef2209cce9d5ffe69626b84c00a50665e84344007f566d52c;0x48c2f16c9ee71fe432fa0fe670479f92699a7a3f2b246f435f47c225fa0096b4;0x08ed417455d0a2ebd4442a9943c838e4ff59f8a15adba8399071ac7f1ed7d141,1.768557,1.368413;1.055231;1.218838;1.641871;1.471279,64.0,9.0,0.0,0,0.0,0.0,0.0,0,2576625664,2576625664,577.4909999999994,394.97600000000523,7.8610000000000655,1.3920000000000166,26.339000000000222,26.0,122.0,171.0,143.10459999999915,433.32339999999914,2.9444,3.066200000000009,18.15779999999982,26.0,122.0,171.0,2.057533,1.294402;0.764913;0.752665;1.161662;0.850783,64.0,9.0,0.0,0,5.0,1.0,0.0,7720.0,2582515712,2582536192,550.7510000000021,385.4910000000017,6.099000000000078,2.1530000000000182,41.743000000000336,26.0,122.0,171.0,130.30640000000065,32.504600000000245,4.256599999999996,2.183399999999998,31.401400000000482,0.0,0.0,0.0
64,0,36,0xc6ea1804bf77872e4276f004fedf488a95192a9c55dd06f92515a2ee71c80e7a,0x1f0f97f021b3b5728ee9f17e45152690f12189d0a9926c834f79e4fbd06484d7,0xa3f12a387cd420bac1427aaaf8a45110041ef8b07784f9703b3d7dea3af1a3ca,0;1,0x5abefdb62b82cf689972fad855d3648779b6c0c3cce70ccb005e15fc1aff6691;0x58c891c27ef117831a8718ac81920df64a98718d1843ddeffdd1eeb2c0947239;0x181d305f9734af9ae0332ab91352cb3c7a521898187e574b34df3a3349e48221;0x068b947bcfa4a942f0c53b32428b3f4c146d424e79e5d48a5cd6b527ffce6363;0xaccbad703c583ccb6caefaf11bb36c5678cc96c9eae185e6a75f397b6f71a888,2.20188,2.202046;1.083855;1.216835;0.952396;0.980649,64.0,9.0,0.0,0,0.0,0.0,0.0,0,2576695296,2576695296,642.9589999999985,436.73800000000597,5.959000000000042,1.8229999999999722,41.27200000000018,26.0,122.0,173.0,131.52000000000027,395.717000000001,2.6802000000000246,1.6745999999999777,22.131600000000265,26.0,122.0,173.0,1.935879,1.049793;0.858906;0.632304;0.640135;0.608157,64.0,9.0,0.0,0,5.0,1.0,0.0,7720.0,2582679552,2582822912,731.7829999999998,388.85599999999994,20.36000000000008,1.402999999999973,26.319000000000344,26.0,122.0,173.0,97.21239999999908,30.948799999999665,6.177199999999988,25.019599999999983,17.731000000000343,0.0,0.0,0.0
64,0,37,0x68f10fe88c639c74029a3676b214e532ecf8c29a927f743b9cf5c25e282382ba,0xa793385649df088a167e7ebb82db9a394442c4e77598a4770f1f20d6c60ee4d3,0xe1ab81ce32b2af3276f23cb0d42efe13ad900f4ac607790791e6c3a59533e0cd,0;1,0xd1013f7fc647fb05edc587fafa1b61ee6818f3aac6cedd1b0ce7867060c7e863;0x410aba501f1407e4e0bed26da170ae5de3f60d78dfcee59fe43b86259bc589ce;0xd13466a1453b3277a99930647ace8507bc20b8f72d0f4410003a678ad4d97db8;0x0164bee27added38f81a688eb7caee0a245a17d2fe36b488ab6c48047a549473;0x51b0e92274ddaf71dff547935f6adeee14c28937ac693dfb6ca51e0847d345ea,2.25148,1.848468;1.075371;1.018346;0.963433;0.93488,64.0,9.0,0.0,0,0.0,0.0,0.0,0,2576891904,2576891904,614.3470000000012,389.9980000000025,6.6899999999999515,2.773999999999984,43.104999999999876,26.0,122.0,175.0,118.44880000000113,360.7819999999984,3.004599999999972,1.664200000000009,22.117400000000107,26.0,122.0,175.0,1.729067,1.004305;0.920799;0.62993;0.664462;0.68327,64.0,9.0,0.0,0,5.0,1.0,0.0,7720.0,2583044096,2583052288,559.3130000000057,362.958,5.949000000000102,1.7030000000000343,26.679999999999414,26.0,122.0,175.0,122.82300000000245,30.634199999999417,2.479599999999967,1.6905999999999908,19.147200000000502,0.0,0.0,0.0
64,0,38,0xabbe1c48cc5d4caaa63f87bf5e81b46a50cbfde1bc3fe09769dea087404ea231,0x02bfa4c8ecf7be57db05fa347d8305040fca38c2652b355387c862df33992fd4,0x0b587b5390aa7f0f0d71ca1a92214b7efc296d48613ae613d7c71b47e05cd32d,0;1,0x7ebad970c7a84a5ed8c77da4e029979d4ba31b49d929e66aeeb45bb4b8dc8948;0x47c4f11d40b7295f27fc7fce7ad21d5366b44bd5e092980e26e6d6846ce1d13f;0xc3c5006da2463b15aa7abc216ccecaaa70b88295809ee9c399cda6e4bd955220;0xac5acdb300d33b9e6a9b9a4bed529870e0121cd6353aa024ea60ff974f6d082c;0xf6363c038c1bb7bf5740c4875c457d81fb142871299567115bf2c18bff3fd9e4,2.470094,2.443524;2.475803;1.500463;1.421473;1.45943,64.0,9.0,0.0,0,0.0,0.0,0.0,0,2576973824,2576982016,734.7379999999987,395.3960000000062,10.776000000000101,2.233000000000031,43.2750000000006,26.0,123.0,177.0,167.28619999999833,477.3635999999998,3.821799999999959,12.210600000000008,32.21659999999987,26.0,123.0,177.0,1.854556,1.844761;1.63151;1.251097;6.157574;1.201522,64.0,9.0,0.0,0,5.0,1.0,0.0,7720.0,2579636224,2583134208,587.976000000004,352.73200000000145,4.948000000000062,1.3720000000000268,27.68199999999936,26.0,123.0,177.0,169.61780000000203,35.25880000000009,4.490800000000019,2.904199999999996,31.663599999999864,0.0,0.0,0.0
64,0,39,0x5d9bf39c4bf63427dd2bf01ac2c02c9035e80982547a8ecb6e5225b0a218eec8,0x82ec9d6695049017c8474733c17529da6abddacf1ea239329ff972c98c3436b7,0x5a36861bdd4cbee87499a3bf2e25f1765d90b479dcfca44050459bb251a12fc7,1;0,0x6032fa2741332eebbf25dc2d6a74d8f7897b6ced632afe5abba8013b658d0f66;0xbfd5689c41c1ffd958a686b805a2723cc16a4342e27b4f23e9ac4c1e0d376cf8;0x7902514c2b5ab4fa8286b5baf51e4e4765bbd574456474483d3215ed56345e7b;0x53154cb195f5b072b6d2ef958ba1f427861be89b34120145acebce4f142f17a1;0xceae9aeae33efce87894078c3f37c17446c4d9a712dbd2f7e5328c37ca3e7097,3.844706,2.213818;1.323425;1.111716;1.494834;2.325517,64.0,9.0,0.0,0,0.0,0.0,0.0,0,2578075648,2578169856,1711.619999999997,398.65099999999984,4.517000000000106,2.103000000000044,29.43499999999953,26.0,123.0,179.0,127.37600000000126,399.01399999999757,3.541599999999992,1.8687999999999994,30.818799999999747,26.0,123.0,179.0,2.737718,1.388864;0.880718;0.917673;0.856141;1.129233,64.0,9.0,0.0,0,5.0,1.0,0.0,7720.0,2584440832,2584453120,652.834000000005,389.516999999999,7.662000000000076,2.3729999999999585,40.71100000000057,26.0,123.0,179.0,168.18140000000037,32.98780000000057,3.0384000000000055,1.4319999999999957,46.02359999999993,0.0,0.0,0.0
64,0,40,0x768c5f5e863840a10de72151e8d9babc9d617aa084e1fa6e88749dac94b62beb,0xdae8e61a37ba6ba6a217891770ef568f7cf6309ce09861f34b79137476420fac,0xdfc455be5bc2a3344b53159c48e691b3deedfc1c11ff841415ac9e4dbcdd25ff,0;1,0x781e0a17868301029fdc7247dc782462fb557322ad8c14a60aeb3fe2c84a26f9;0x6c4a7b5e8daf201b93f9cfa509f5b778a1998caae0dcaf95813f9a3a16da396e;0x12f5ee06aa15ea858515d7500b1be41d6cfc21ee119ef8c4003f741c352e5d99;0x0965126c24ea0fccdb0c2b3b3e2704d03df057e6745a0c1e0a16d7995bb78f16;0xf8a6b2b8cb0a17c4f21964a9f5a8fd0569f9942d090892e8529971b58003a78c,2.997675,2.030651;1.491298;1.419069;1.122142;1.095762,64.0,9.0,0.0,0,0.0,0.0,0.0,0,2578214912,2578214912,783.3710000000049,415.6069999999984,6.509999999999936,2.1830000000000025,48.06299999999923,26.0,124.0,181.0,125.31460000000106,459.05239999999844,3.461000000000002,1.5962000000000007,23.661800000000092,26.0,124.0,181.0,2.265426,1.170865;0.891084;0.863582;0.704001;0.697471,64.0,9.0,0.0,0,5.0,1.0,0.0,7720.0,2581217280,2584993792,600.8359999999935,397.6590000000016,7.641999999999979,2.4829999999999557,40.32999999999988,26.0,124.0,181.0,141.02279999999857,32.064399999999495,2.9102000000000037,1.808599999999984,21.170000000000215,0.0,0.0,0.0
64,0,41,0x396f349c728833ed0627061cf1ef7e9533dc6529c328a291edc753be8c744e97,0x18dbbc5d8da0e8b0f1d8fa4c4f194153bbf6a931022d5b698418e0e1d8ae6c1d,0x32bf104cc6f8cde25857bc430077d7f9e9694ab312aa079ce797c2aa0697ca57,0;1,0xba07f195cf4e28211c39900e2408821476690b4009381acdca4b7c6def8c2a07;0x16b01c55dbe17df24c0a5fbd022b4b5a9193803bfd0bedf685a1e9d6b6023ec2;0xdf76e19c018f5dc0beb19119878d900a1237590f53382d59d682cf909a599489;0x85dee08e1ca1a24d450bd36ccbe0f12cbc0193c4f027237ba70907c5ab10cf88;0xd410bac7de39c12388f8d8656996d6a8a9bd55f51d6cd514987ba24918717d86,2.636445,2.015855;1.250205;1.248693;1.002211;0.963592,64.0,9.0,0.0,0,0.0,0.0,0.0,0,2578313216,2578313216,906.4359999999966,389.9579999999958,6.07899999999998,2.053000000000016,40.92200000000053,26.0,125.0,183.0,125.13260000000247,408.1814000000017,3.434999999999983,1.5919999999999779,21.14199999999969,26.0,125.0,183.0,2.001658,1.861486;1.057474;0.873577;0.736651;0.691633,64.0,9.0,0.0,0,5.0,1.0,0.0,7720.0,2585010176,2585092096,589.6489999999976,532.6930000000008,5.227999999999917,4.286000000000047,25.558000000000177,26.0,125.0,183.0,159.9912000000009,39.12879999999966,3.2649999999999952,2.1512000000000007,31.19499999999949,0.0,0.0,0.0
64,0,42,0x9d615531aa275e01d0b19e31aa05bb96680d81a5cc6f23c113996faeae15a75f,0x4e646199c6fb1ce15f74b7c62a54378359857d641b84c4ac7b3c14d06e6fbe42,0x6130dcfefe09c5ee8b5eeb4141a33d22132f014bdf0dc2f6dba36cfd1f64aa8a,1;0,0xa7a5d1afc515358da975ce4261fa4af9998b6d1c287f35d7f551062b09eae62a;0xd50b343cbd09d9183857ea1f067afa75da467b02e2dc9142c99aff954df8c695;0x4a585054091d3520d796ec229175d7de906d17e472cce0297c3327ab55f9c756;0x7f44eac95ff650f5127d352359f40a243f905970ae6ce76283fb79cce2b93854;0xaa93bc50bfbf9589ef2e4077f4f4f2f3e582530e2b4b9f9560658ae667f152ee,1.746964,1.738692;1.153119;1.012387;0.996603;0.989292,64.0,9.0,0.0,0,0.0,0.0,0.0,0,2578345984,2578522112,519.8839999999982,365.87100000000373,3.825000000000052,1.3920000000000166,26.62999999999971,27.0,129.0,183.0,128.35540000000202,346.17380000000196,2.6282000000000303,1.5143999999999922,18.1553999999997,27.0,129.0,183.0,2.230904,1.679542;0.781568;0.879847;0.669629;0.699995,64.0,9.0,0.0,0,5.0,1.0,0.0,7720.0,2581569536,2585407488,611.3219999999975,402.7069999999987,7.431000000000018,2.323999999999946,42.03300000000035,27.0,129.0,183.0,123.02539999999861,31.38340000000059,2.79620000000003,1.7825999999999866,21.830799999999694,0.0,0.0,0.0
64,0,43,0x8fb7090e314002aaad859c227d0a96dfd6c1e7467ee67da018745d085dfd65ac,0x4d68cd6b6499175e94a506c56f64057eb828c68e2c6541cbd25fcd2536e9b9f6,0x2b1eb65ead5ea80aa5424649de45d9917da98cadfe36bc85e777452868ca908f,0;1,0x2ae38273e0d636bd8da2a7538a41e5d7880f5a28b3be597405a311f4ade48163;0x92616f5233b89e59c764ff42d8316d5d759351f115168764bf65b4507d41af53;0xd9d4cd66e01b9c3eb7f78f08954d5559bfe54f031b1f7ef8959aaea064dab5bf;0x2e671d1b6f061c8c8dd1abf196ae6e4aab51138482df6bd0d5c0342635955108;0x9535ba5c89b75d7478dcdf1a5ebcb0605ed7488fb76feb7921f8564960c96907,2.132034,1.8841;1.117575;1.000258;0.993007;0.948761,64.0,9.0,0.0,0,0.0,0.0,0.0,0,2578587648,2578599936,613.1850000000022,375.0659999999933,6.148999999999998,1.7819999999999772,42.54400000000026,27.0,129.0,181.0,107.7505999999978,375.0796,2.6878000000000144,1.5322000000000122,29.067600000000013,27.0,129.0,181.0,1.626152,0.9946;0.772875;0.710301;0.69675;0.682439,64.0,9.0,0.0,0,5.0,1.0,0.0,7720.0,2585497600,2585538560,516.117999999996,367.7449999999992,4.0759999999999925,1.5329999999999597,26.02900000000033,27.0,129.0,181.0,90.78079999999822,30.704200000000043,2.535999999999988,1.465999999999989,17.83719999999961,0.0,0.0,0.0
64,0,44,0x961ea2bffd763b27851a8c8354f825213394f2d43aeaea6050ff8e5fb9879eed,0xfb12893d99e72d068c24c011bef9ff191f73e61b065d98c60f6cc2973af0b1eb,0x526acb111137978680367bb1f64ec33aba8d995fc46c3300ea0a865b7965a51b,1;0,0x75dc03ecf7cada00ae5160de7ed3aa128b11952aa20de6767bdd21d3ceb62bb9;0xf668cad0de4c71b13b41527881a638b26db86c33bcea675f0e6841beefd72125;0x08451fb6a8eba2ffd330b40e36ddc45d99a0cf8310450e933d9e0a24fe769a18;0x43c6948b49053df14d6ac7445a9f308265a3507a4c859971d9df723cd882270c;0x9a9a24598ab94d53c896f3940d198a6adbd9b2464647357a5c0b7dd1c2ff880b,1.735466,1.833494;1.048721;0.93582;0.929632;0.91504,64.0,9.0,0.0,0,0.0,0.0,0.0,0,2578657280,2578673664,555.6179999999938,386.14200000000596,4.256000000000008,1.5020000000000138,27.430999999999635,27.0,130.0,183.0,105.33899999999875,360.3712000000009,5.936999999999956,1.5961999999999792,20.459000000000103,27.0,130.0,183.0,2.197914,0.926768;0.732885;0.861078;0.607516;0.71605,64.0,9.0,0.0,0,5.0,1.0,0.0,7720.0,2581774336,2581798912,593.6950000000052,442.5880000000007,7.190999999999925,2.1230000000000335,39.139000000000536,27.0,130.0,183.0,98.01959999999887,37.17020000000016,2.4613999999999625,1.1797999999999929,19.97999999999965,0.0,0.0,0.0
64,0,45,0xeb38d41585a239d1916ac544a13e8a672fab1261894c4ab05333ea1041ddd32d,0x7d1649e3fdaf082cfe75384d4de082d229e170ac3d35624c806974577cd575d2,0x96821d191d20518ca4519dafaf10dad8d661d2ba995750b2b1acd86c91595f99,1;0,0x6e6e945e2fc260798342588cd4fb721674bb7bbf44743c97df68477583c47bb9;0xf8a31ee6976ca4b93724d18c35456c0dcb9705b2f5e6025612189afe8d4d608a;0xa75bbbb4545452d8a608fe90da1018700ea08e173025ab0e5ff99a283ca25853;0x3ccc268583320e6e96cfd1065fe783be3b5fcb9a6cc75f2fcf59b172cde3c4ad;0x9e76ebca1d46cdc3f2fc0d418358b6de3b417c93c743213afc799863d59c7ac9,1.941848,1.784931;1.059908;0.891965;0.929942;0.859075,64.0,9.0,0.0,0,0.0,0.0,0.0,0,2578755584,2578767872,615.5080000000007,347.6540000000028,3.956000000000055,2.2139999999999485,27.981999999999314,28.0,137.0,183.0,105.20660000000181,364.1910000000026,2.58400000000005,1.5043999999999864,20.2703999999998,28.0,137.0,183.0,2.615423,0.873987;0.660015;0.637411;0.653025;0.606775,64.0,9.0,0.0,0,5.0,1.0,0.0,7720.0,2581929984,2581946368,825.5989999999963,627.7569999999996,5.898999999999965,2.6139999999999586,39.79999999999956,28.0,137.0,183.0,90.04800000000091,30.494000000000355,2.6557999999999877,1.299999999999999,17.588199999999873,0.0,0.0,0.0
64,0,46,0xbd0f1792ae1b5b1ca71bccea470c36016e5c1b98135cfea070506fde92c3de3a,0x1f611e4695506968bec06b4296302f84b06b4c84317c328a9efe5ccc2efb97a2,0xef4a2ab9ddb1f3f2b006a88a1319a3598bf9a583839a43b03a9b91b574235d50,1;0,0x1045c7584485cd46a4618277eff3070ca01e886593c5116896393f3cb48d63ac;0x7323fe128885901b705d8b1166cac20512a558fd0ac4b325e796fb1aee7892e8;0x88a6cda48b0c700ee73ac7f826ecc850211ca7150dc70a2ee9aefac9f017f27e;0x7dfc9db82291ea6d999cbf4cf620c6cdc9f13907a5a26be48b110ae594eb19b6;0xa2c0c5566c88bf81b650c44d9194712afd98d9a88e7fc4b4b0dcb41e3d2d010b,1.671911,1.445009;1.024955;1.11368;0.939777;0.897323,64.0,9.0,0.0,0,0.0,0.0,0.0,0,2578841600,2578841600,542.347999999998,327.75399999999956,4.0759999999999925,1.4420000000000448,25.78900000000002,28.0,138.0,185.0,93.81539999999966,344.1208000000001,2.2193999999999687,1.257800000000007,17.041800000000205,28.0,138.0,185.0,2.258635,1.252488;0.734427;0.701638;0.657652;0.633695,64.0,9.0,0.0,0,5.0,1.0,0.0,7720.0,2585952256,2585972736,556.4589999999953,464.4500000000017,5.549000000000092,1.8929999999999902,41.421999999999294,28.0,138.0,185.0,114.65479999999694,31.97819999999976,2.69440000000001,1.588200000000005,20.625200000000053,0.0,0.0,0.0
64,0,47,0x74ecb77a938c9bd56d4be3329b87f90a7fd73be99f3c0005572ca6efc779cd43,0x7efea81288f5e7e440c65f400e0bbc2e21534e03ea99f56f2147b3b9044c0244,0xaf44439f7a86557b5507d49b83924243cb43c77b5321f0aef04e358a81dc7159,1;0,0xad33a2c84abad187e6b11e45f8b8ad93dfb03b1a4bb94df77cee794a064946fa;0xa4940888bd76935b13ceb749ff82a74a7fa42fb5ddde6637f470bd3322f327fc;0xd1ed7b41ddb9fc106abefdb158f761918302a321f4a3b66011dccc2d2ff2d482;0x9b8b2419714d47d0d8417c286c39c827d5be8c62e786324a35d0baf713aae18e;0xc38eebd4dca38917537c1695e8ebbe38c87259dfc8313f71e8407261e58fdb04,1.776188,1.589166;1.259038;0.981776;0.986708;1.941382,64.0,9.0,0.0,0,0.0,0.0,0.0,0,2579439616,2579501056,553.6149999999934,348.70600000000417,30.3250000000001,1.3819999999999675,28.844000000000094,28.0,139.0,187.0,111.61839999999646,430.1987999999979,2.431599999999992,1.4200000000000021,17.98119999999979,28.0,139.0,187.0,2.359137,1.430507;0.779535;0.758053;0.758348;0.606034,64.0,9.0,0.0,0,5.0,1.0,0.0,7720.0,2587131904,2587242496,531.6120000000008,413.021999999999,6.329999999999921,2.2530000000000205,41.38300000000074,28.0,139.0,187.0,106.01799999999662,31.701999999999426,2.9882000000000173,1.6646000000000152,21.237800000000266,0.0,0.0,0.0
64,0,48,0x43df435e91c29134f87797d0532cdafd75dca6eb10f7e9105d8662685d9da520,0x5baea790917cf4af885530119bc40ec01e44e96bf9c64fa33ba92aa63b2d8241,0x7b5ab175d8fb9358404c8bb94c334e587d624284afb07496dd75d89c9164d464,0;1,0xb520993ed90e4ad487d80100b266c724ead233c356c9b92229d27628da408f6d;0x7da1d837f61b1ed25d746f05fde389c562714d5264650816b628b9710adeccdf;0x1b5f306541d8e0f921a2a6c8f17292fb2b6ee99ac4779a13e52b0ff0b6a5b353;0x3b252f8c1e1d7abbb800fdd59e0fa6583d54c156f6e4a779e352819507d92efd;0x1db9d2d2d560a676c3447393edbbaa19fd12df87c531ed3e5dbb3cf59c80c73e,2.064473,1.40627;1.022572;0.907869;0.890337;1.034831,64.0,9.0,0.0,0,0.0,0.0,0.0,0,2579505152,2579509248,557.4799999999991,412.34200000001,5.879000000000084,2.0130000000000363,40.55099999999978,28.0,147.0,187.0,94.02979999999783,367.66839999999854,2.5859999999999945,1.2740000000000233,17.61240000000032,28.0,147.0,187.0,1.756609,1.239129;0.706966;0.673646;0.654968;0.666896,64.0,9.0,0.0,0,5.0,1.0,0.0,7720.0,2588188672,2588209152,532.9740000000055,387.885000000001,3.7760000000000398,1.5020000000000138,26.450000000000777,28.0,147.0,187.0,100.96619999999668,31.229200000000564,2.377600000000009,1.5242000000000162,20.90560000000026,0.0,0.0,0.0
64,0,49,0x5ada0047657e7bbf32e59b5b301c22d353975195935ec39a25f664d3a8af3095,0xce446c25f53738b67ec0ab66c83231ba30a4e8c70f2bb15a56bb3cc44275dd70,0x196c67bfa71f2bdd5e84a5b51d01fcd3eac2ccda2988d64b21c1f165fbe319c0,0;1,0xaf932b99662d33b51bd813e5b51bae9a0aa8c8a6ed23e0d4c9bb0c95e44ea217;0x1ef57199f17743c41ed3e6a9f22125cc31e2d534967e8ef9b3c928db19b4fffb;0x7ee8411e5f5bf936a0025552c23a998818555861a49740402c0b545f8ef80cff;0xdc42bff0eee606555215ff4c76abbe163726a849014c0676344fee72fcc91eba;0x52eb293b5163dc97c97ef29525810d7519a4c807504914d58fe8cd6dd4ecc06d,2.07567,1.431379;1.010003;1.024094;0.951334;0.880047,64.0,9.0,0.0,0,0.0,0.0,0.0,0,2579767296,2579779584,578.2319999999979,400.4629999999898,6.6300000000000905,1.8929999999999902,42.82499999999981,28.0,148.0,191.0,93.57939999999898,374.0782000000053,2.493599999999971,1.6283999999999872,18.854799999999674,28.0,148.0,191.0,1.815858,1.209263;0.764643;0.651613;0.66948;0.622629,64.0,9.0,0.0,0,5.0,1.0,0.0,7720.0,2585034752,2588180480,520.6249999999968,357.62900000000167,4.487000000000068,1.3920000000000166,27.301000000000407,28.0,148.0,191.0,102.2743999999992,32.312800000000585,2.5079999999999374,1.5686,25.588800000000273,0.0,0.0,0.0
64,0,50,0x7cf387dc2cf74ea3b55f9254724d3f9fe6733b67899232988d2609f922acf164,0x3346e8f7f17640f7a2db1c577d5ee8aea66386b8f2448e01a355f0e30d558e6c,0xb88c760bdd017c6e1fbd93a108abea9aaf0dfcc28dd985223972e5379ca63aa4,0;1,0x0546f94b0ec64ad264177c0f200a38ae9bb2eb4ad08ad00d2e28bb94a4f09b9b;0xe874d0de0bc30d6cecdd27a055e7cf7e1cccda03359d34623380c006c514eba6;0x8b4b1b0f5199f8ac1498e5bc8cf19e1cc8a655084a51b4aab93f8ef9d7f85055;0x14a1434a2c254250d0ee3abcbc8aa86d12d8b310fd9102469cd98f8564a5b1fd;0x1570de9015a0d3e3cd2642177a51f3c887452ab7ca126543a5e0727906a7c4cc,2.212376,1.460121;1.021951;0.909902;0.912896;0.972326,64.0,9.0,0.0,0,0.0,0.0,0.0,0,2579795968,2579812352,561.1759999999965,417.53999999999405,6.219000000000016,1.9529999999999592,42.98500000000059,28.0,148.0,188.0,97.65519999999916,369.6752000000025,2.596000000000022,1.3240000000000085,17.939199999999698,28.0,148.0,188.0,1.902819,1.37317;0.744302;0.697672;0.629019;0.784142,64.0,9.0,0.0,0,5.0,1.0,0.0,7720.0,2588319744,2588336128,539.0229999999996,438.22099999999904,4.015999999999916,1.4130000000000218,26.079000000000033,28.0,148.0,188.0,102.17439999999911,31.223400000000844,2.5058000000000114,1.6506000000000116,20.541199999999858,0.0,0.0,0.0
64,0,51,0xeb2d42fd9d13c3936c1c08aabd012bbebf22b041899d4da9c2ad9872d4006484,0x24801da04270607baa7799a83740866a3fd8a3fd8a5c1f7c2ee94219dd43bc59,0xd5277f337defb550ee2c8a8157bfbae5b3d46df965f2ad251b10f07c7e627283,1;0,0x35d83b6794970c8375f07820d654c56c44c79705eb6d780b4595f3a71d990a6d;0xf19cf847faac5d05574a81eddb0b8d95943346dfaf2731988e912647cffa4484;0xc3b4cffc795a17654840f15159005100364534d246ddd68f35653a9d654f934b;0xe64ec7c7bb3bca6ba3b77ea1dd5327ced6d59e958dc47ce93f19b8e1fc61f3b4;0x6b00ba4416b88514ffb3b9338427abeee4ffbb52a96148b26ca1012beac7aafe,1.838342,1.741566;1.200079;1.067269;0.893887;0.902741,64.0,9.0,0.0,0,0.0,0.0,0.0,0,2579828736,2579922944,507.66600000000386,340.1329999999925,4.155999999999952,1.3320000000000476,25.61799999999982,28.0,149.0,190.0,109.23840000000018,371.2058000000018,6.039000000000001,1.682399999999992,21.506599999999988,28.0,149.0,190.0,2.045384,1.031275;0.692545;0.659705;0.901279;0.6966,64.0,9.0,0.0,0,5.0,1.0,0.0,7720.0,2588344320,2588368896,611.0720000000042,406.6830000000014,5.648000000000025,1.8530000000000109,40.180000000000774,28.0,149.0,190.0,146.6911999999987,50.03939999999943,2.5113999999999694,1.2860000000000171,18.0325999999998,0.0,0.0,0.0
64,0,52,0x9bab20c051ef038ad5f271f2c92f30891f9a24d47364cf9adb4d2117fbc67596,0x2628b4e30d3c0fbe81d6341847319000d23915e34e33d40a73923fdf819dbfa6,0x267a1077296206beda105f4e4cb3d406eaacadc1544f9ef68d3b66f68bb90871,0;1,0x81ab73a3764ac5c922ff6e3ef4fc92b83fe15f1e993fec96b891a38fdfa2b765;0xee483475acb24267f37fc386bb940f690078c6473c8932a37670467b423b32d0;0x46ab4f2bd00cf996bb1936b36108b953b0e02bd5d756206d8e8ec30fa16e679e;0x73082a67858ee65c4ed6e07ab31ee7eb91d1cd73a6e6f5c272f70056f39a8b05;0x80680c7b234029da477431b2bf2a828b553185b182adf84a44c0c7dfb7d1bfc6,2.086706,1.440612;1.058526;1.003333;0.920217;0.92182,64.0,9.0,0.0,0,0.0,0.0,0.0,0,2580049920,2580062208,610.2899999999994,403.87899999999587,7.021000000000067,1.8830000000000495,40.19000000000071,29.0,154.0,190.0,102.58680000000132,361.47680000000463,2.353799999999916,1.2239999999999949,18.389600000000282,29.0,154.0,190.0,1.612251,1.236243;0.825745;0.695528;0.628808;0.62341,64.0,9.0,0.0,0,5.0,1.0,0.0,7720.0,2588483584,2588495872,505.46199999999817,341.17399999999964,4.115999999999972,1.4820000000000242,26.339999999999698,29.0,154.0,190.0,106.88319999999918,37.370399999999556,2.609800000000001,1.7223999999999928,20.86539999999991,0.0,0.0,0.0
64,0,53,0x877435f6ca227feb36fe33426369cda1dca27cabffde0e15bde40dfd799e0774,0x6674db93ec4711010c7b77f84691041b178c94c73029a1f827791ea5f857e5f7,0x4fefdfbbe707294f34721f795e73236eaa929dd4d02b619c3686153c6a08ee84,1;0,0xa1d9658d77455df3d5845f62496dbe3b50610ccdf87b3ea1536b64eee796c302;0xe6da1ff27cb494b71b486be1f492d62430e1a80d867f506049c8572ca30ad19b;0x121a34cec2cd3b527838b6a6f557ee00fd3a3ba3808388dd581c666b7e6ac7eb;0x9657b2b7865465535bcf69f62af09ab510c36d6d34590dfb98e7185368857f5a;0x604fab82f08bec655b6feaf52e509bfbfc6f49c3870249c7ac6f01d55681e1eb,1.674465,1.401213;1.00202;0.999477;0.975681;0.901128,64.0,9.0,0.0,0,0.0,0.0,0.0,0,2581258240,2581258240,535.6880000000064,334.4239999999998,4.616999999999946,1.3520000000000372,28.682999999999833,29.0,154.0,192.0,98.18040000000029,372.24140000000074,2.74979999999995,1.2859999999999954,20.99340000000019,29.0,154.0,192.0,2.114939,1.415784;0.721638;0.68336;0.593474;0.635599,64.0,9.0,0.0,0,5.0,1.0,0.0,7720.0,2585415680,2588987392,604.2009999999987,393.44300000000027,4.916999999999899,1.9829999999999979,40.309999999999995,29.0,154.0,192.0,110.84480000000396,35.24940000000018,2.9844000000000226,1.6604000000000143,21.544599999999413,0.0,0.0,0.0
64,0,54,0x600cffad398ad7b68270118a780b68b9c08d9cd8cad158bdadecedda2057d4c6,0x507a6ca6ee14eef47243b35f6430b95e43f6082ee198ed15e9eb60c208642d81,0xd7ec7efc5acbfe5a159bdfd8875dbbe7a1261663fe4b280b570b7096585f656e,1;0,0xa4448f450015355d225fb501d2535be289528bb01d2be60e32d8dca6ce7433b4;0x76b309380cf842ab4ad0ff8012bade9926b233f80faca9f67a2e9ea42973ad52;0x5942e90d87ae03b04ff9e69674543826c610e003687ab0899722614f51faeb1a;0x605ae0be3062dc2c2418baabd2c2716b0d98972506c52e544c814ecdedcf7963;0x1f5b95fe0cd603cb845a21b1c61c3d9f3cbcf0acf7fb6e3d073acaacd1d44111,1.791641,1.997142;1.071655;1.048847;1.024931;0.997614,64.0,9.0,0.0,0,0.0,0.0,0.0,0,2582011904,2582061056,511.3010000000057,353.0320000000031,3.6660000000000426,1.4120000000000061,25.719000000000435,30.0,159.0,192.0,107.4078000000006,406.9054000000072,2.5260000000000473,1.5323999999999935,21.987000000000048,30.0,159.0,192.0,2.12299,0.924885;0.759805;0.733396;0.768088;0.719455,64.0,9.0,0.0,0,5.0,1.0,0.0,7720.0,2589581312,2589630464,585.7940000000006,406.3529999999982,6.790000000000008,2.152999999999964,41.483000000000146,30.0,159.0,192.0,105.20460000000008,31.133000000001243,2.6397999999999957,1.6486000000000018,19.278999999999822,0.0,0.0,0.0
64,0,55,0x81af2ca487e2a309b233e7ce34fce94e547d85c6d179fc9de23064cd87d8d25a,0xbd88d6506553e088b62399744430a2d39f069cb67579b4cb2fb36e7873e06ef4,0x10b9429cdacae54305317cf6bed1e21566a0a5f9f61492db2baaf8be5bc4c489,1;0,0xa2ff9e0ef0d7c44b1dff24fda9fb4bfe823de16e76c49bf660c5750231501692;0x24bf242b4475e3db771d861af7acb8cb9a39e21288d41647eb711f904c936bc5;0x8ac4b94cfa95298f3a6d7f21bc898094b0ec1216f7f5dce4193cdd1c386f4c1f;0x14ad85b2648428eee68afdc1dfe038ad288cf4d04629ca56e1feda0dc8b7234d;0x61454a021c4dbb5eb4a0fc7bf8a3a1a5ff2764a47394b6fd2302da88172e3689,1.589616,1.358298;1.063754;0.966297;1.003633;0.918294,64.0,9.0,0.0,0,0.0,0.0,0.0,0,2586615808,2586767360,423.2380000000063,363.1179999999956,4.415999999999925,1.8019999999999667,26.349000000000164,30.0,161.0,194.0,97.10420000000053,359.86660000000285,2.5338000000000185,1.3097999999999799,19.13719999999987,30.0,161.0,194.0,1.951672,1.275343;0.799836;0.680366;0.628678;0.624832,64.0,9.0,0.0,0,5.0,1.0,0.0,7720.0,2594013184,2594160640,528.8070000000062,407.26399999999745,4.967000000000036,2.2940000000000156,41.1119999999994,30.0,161.0,194.0,103.51779999999978,40.23299999999924,2.8302000000000014,1.4782000000000077,28.178399999999673,0.0,0.0,0.0
64,0,56,0x6d2e0aa87aa81ce30f1ed7eeb0e5f15a37d7aab7d1be791b127ac70d96e616c7,0xb92257dd252c88bf8a78fb566b3804489582d6d5d229ec0b20ed34d8eef4dc29,0x14c684c066b865b21f218d1f1982d28b80117842e8ca48421430c33c5fe8a17b,1;0,0xf7c3d4c4427f08b86c2c82752eaecc2cb33d0f8a45499397120bba281eceb9ec;0xaabc0a0af8de9fbb86a4b80bc7679fb91c08f31bd223be092f9c16eb63dc0a95;0x8a735d6b522509f80430b0a0dbf22247e574b5202108858a32365aea22372619;0xf35b4d0d59d350bfc737691f41dcd40448f1e7d146434b117763fe8f907f8d33;0x0b7d67df52b4a1a9ff7f02917ee785dd4176e0ef140cd7c4fecf886be88233e9,1.700394,1.422705;1.152047;1.147009;1.105798;1.008591,64.0,9.0,0.0,0,0.0,0.0,0.0,0,2586886144,2587025408,522.9280000000058,391.59999999999195,4.0059999999999745,1.4219999999999466,26.520000000000362,31.0,166.0,194.0,98.13179999999811,408.88660000000795,2.533799999999975,1.4181999999999735,18.263400000000097,31.0,166.0,194.0,2.051954,1.442445;0.705503;0.688568;0.943502;0.745895,64.0,9.0,0.0,0,5.0,1.0,0.0,7720.0,2596122624,2596122624,534.6459999999997,409.42699999999695,5.839000000000104,1.8629999999999516,40.29099999999959,31.0,166.0,194.0,103.09780000000434,31.361199999999094,2.517600000000002,1.420200000000005,23.627599999999706,0.0,0.0,0.0
64,0,57,0x981344c0bb55c925f2dabe1f2000404d11ee8321fd331468f6f732552da1ed8a,0x986150484d9f1e2cf1f2ca6e33aa555f95e9db797b7266daafa0d8318c9cdf7f,0x73048423bc4d5537d6275f100b6629ebbff5b4a6cb8b5c538a8b4d1d0aba1f9b,1;0,0x2f02d2eca8100e783799a62adeffd45259499ae25795422cd72fd3d53ee0cf4c;0x72f4c1ed0bbbb5663a93881eb8688daeb48fdcf382549c171bc063e1876312f3;0x6b123841b9dd10f7f5a13d656a220c6dd7a66fcac98c7890cf8b67965668cb8b;0x686439ab853eaec91c177e7af1188316fdd4977aba6ead81a0a557061cd9c537;0x948d2da67a44e45d8092ce7716ff40b6934e2b35f51da48706597a99f196d3c0,1.771061,1.410557;1.165317;1.057284;1.011365;1.005286,64.0,9.0,0.0,0,0.0,0.0,0.0,0,2588381184,2588454912,505.9730000000068,421.57600000000684,3.9659999999999958,1.6229999999999674,27.36100000000005,31.0,167.0,196.0,101.91779999999817,394.0041999999921,2.647999999999973,1.321999999999977,17.971199999999854,31.0,167.0,196.0,2.277303,1.284637;0.688638;0.770101;0.64355;0.694276,64.0,9.0,0.0,0,5.0,1.0,0.0,7720.0,2596265984,2596274176,598.9029999999979,453.77499999999657,5.308000000000092,2.033000000000026,42.07300000000011,31.0,167.0,196.0,100.90219999999705,31.21720000000133,2.734600000000014,1.7924000000000109,20.65720000000021,0.0,0.0,0.0
64,0,58,0x4718726bc6be90a448fe98c503ce4eae374e7e26d400df545e6ae3802915ca56,0xa407f8178d87c4ea5e8400a5867d3c8f998e7c5fe4e7605b48e28cd42213a4aa,0x0822d761911d617bb2c2410de1eca7e8142d2e2223a0d5c810a915c796ff7795,1;0,0x65ab0b937c1f8952039d521f3810adb91d6783feae2895655a9136839d4a1338;0x16fa1252435dcc8785b616fa1d005e735728802b46413e7f89fda3c3bbe47740;0x46d0d3e8b4bc516a187050ec3675496b95b3ac0496ce32bdf91d3a550281ac64;0x0fcc541c5ab400130b6205eefd009bdc2776e2d98934e479bc54984d539c3ad5;0x1ceb16f0073669d44e4295b375aa48e2d086aa2df1f508a950d0daaabaf0dcce,1.629016,1.826433;1.113679;1.093228;1.128652;0.96129,64.0,9.0,0.0,0,0.0,0.0,0.0,0,2589216768,2589331456,452.8329999999997,404.8000000000107,3.886000000000037,1.3520000000000372,26.999999999999247,31.0,168.0,198.0,109.20259999999682,406.07799999999304,2.934399999999972,1.5365999999999946,22.62620000000014,31.0,168.0,198.0,2.042649,0.934719;0.843532;0.966026;0.790512;0.683771,64.0,9.0,0.0,0,5.0,1.0,0.0,7720.0,2592595968,2596626432,594.4870000000046,425.3320000000005,6.298999999999975,2.9249999999999763,38.567999999999245,31.0,168.0,198.0,147.24779999999993,35.611800000000244,2.6219999999999977,1.424400000000006,19.573400000000298,0.0,0.0,0.0
64,0,59,0x4a64628a881842f337b38abda73b2bc2e74cf0d0ca332e78d6a856dc34aaa6ce,0x72e7e3ecd6f4917f74c4a8cc4fb17a959e6accf4bb147ba008d79050a6bd178d,0xb159ccd926700d39c3fad6c7c76a20c60c612365a31d45527a21f77eb36c9244,0;1,0xde8144e4aa55c779443ee3373c8a41042fadb497488b4184f62ca6f5b464b11b;0x9c978a35317b290860f648bab91f32e6d18897a67357775d60ca1209fc13ff32;0x82c8caa2bb32b2c53b5fb7f483349b304ef32fd0416b85b75c055838d84398ec;0x0bfc29db8b544e777b83decb0014b5a0a8c5ac71e6ed421b9106c68254076cea;0x0e243d6d4e7177583b6e3bc667fa2ccf0f1044ef312e4142f3ede609ce063a4f,2.119345,1.856209;1.274101;1.060328;0.967239;0.877293,64.0,9.0,0.0,0,0.0,0.0,0.0,0,2586374144,2586755072,603.3200000000044,392.2419999999871,6.439000000000011,2.2730000000000103,38.90900000000016,31.0,169.0,197.0,105.26060000000115,399.68839999999784,2.9519999999999462,1.5346000000000066,21.53640000000026,31.0,169.0,197.0,1.704641,0.91508;0.782991;0.680396;0.62386;0.655758,64.0,9.0,0.0,0,5.0,1.0,0.0,7720.0,2594328576,2594787328,540.7149999999972,352.22199999999924,4.345999999999907,1.302000000000009,26.089999999999446,31.0,169.0,197.0,93.88140000000101,30.605999999999685,2.325200000000008,1.2597999999999734,18.269599999999954,0.0,0.0,0.0
64,0,60,0x4f09e45828221122d64b1bd301ce4005490bbe3cdaa3bed6e5f78a59000a7289,0x2a15d0922b4ee4883b90acd864072f85adbd0dccf3370a50ef687731884c7cd4,0x31af4d644f67ce5ef52f82ec6472d7b8eadb600dbf04f410d7db439f8f9eb8d0,1;0,0xd8afbf59d5f2511f4db2efc3a4f22694d658e6d7bf52d91dc8de275a1a7ac6ad;0xe95e093884278b09f6cc1ddaedc69554fd82696c01b19b67be061be5b408bf41;0x72a80648ae5319dd23490eca7f2991da120f1d98de90067ce63435ccf2d7e4e0;0x8e2b0b9d7058f0d883bb09990bfaeac08b6cb41685513d28f664b7c82328ac30;0x345df0cfd3c422dee7195f76d46a2615128c35d3fcf09dd6f0350e4613c6681d,1.752552,1.602867;1.036182;0.991184;1.156754;0.961309,64.0,9.0,0.0,0,0.0,0.0,0.0,0,2591674368,2586800128,488.54600000000636,410.8989999999923,4.7269999999999435,1.24200000000004,30.845999999999304,31.0,171.0,199.0,97.08019999999928,390.1102000000045,2.5238000000000342,1.280199999999991,18.279799999999792,31.0,171.0,199.0,2.165965,1.298958;0.750331;0.746075;0.625013;0.76924,64.0,9.0,0.0,0,5.0,1.0,0.0,7720.0,2600497152,2600452096,652.0430000000049,461.56599999999656,5.367999999999952,2.4139999999999535,40.421000000000554,31.0,171.0,199.0,118.6692000000017,31.5573999999999,3.0645999999999627,1.7424000000000042,24.83339999999959,0.0,0.0,0.0
64,0,61,0xc873b4088267eb66001a708168c7b3bd6498a1d3a32c8ef246859abbe655330b,0x60452e68de2d8e20a159ef4a54bd867fb1eacbf237dd257e099fa5fa4871de24,0xea9d2c75dbb237e9fb771c536e15ab2166bb13e355665d37e2f24537202a2954,0;1,0xe23212224f0e77082db8b5705c3b8436f286d14041cb54e61c77263a9becdc85;0x924bcd12d94e5ad24fc7ccae708854b77dbeb37bda02c295caba7d7567349c74;0xe7f75957dc5f806b24ed066643d70fba10f1548522bdc6350b75a3c27044f560;0xa25890cfc236a48507d4dcd6c868f21983713b84fb4a792fc8e7b20774b0e891;0xb1da2747e69e1d93bd9c5396610189e86ec3202e3704f0405b160d9816f5fe6c,2.192376,1.783058;1.508654;1.039277;0.969121;1.024194,64.0,9.0,0.0,0,0.0,0.0,0.0,0,2592555008,2592608256,581.6069999999979,413.73299999999944,5.839000000000104,2.1729999999999534,42.74400000000081,31.0,171.0,199.0,124.57560000000146,397.74980000000795,2.902399999999989,2.1491999999999907,25.885200000000037,31.0,171.0,199.0,1.849578,1.343556;0.857613;0.715228;0.688788;0.761648,64.0,9.0,0.0,0,5.0,1.0,0.0,7720.0,2603565056,2599768064,507.50500000000534,527.5049999999976,3.3050000000001045,1.4319999999999957,26.500000000000483,31.0,171.0,199.0,118.64879999999856,30.884800000000048,2.2495999999999885,1.524600000000001,18.391999999999715,0.0,0.0,0.0
64,0,62,0xaf54550ee0e0323f577fb1b36b1a2ff353fecdbb69fb54ea439e740bbeb79955,0x31c83004f54b72a0acca0917c0691a3ed6308eaefdd93373aaed48250c96b5a1,0xf783b12e5c4d77ffd13a8194d6a6bc7ca9433f55d1873437a65517b79032cbaf,0;1,0xf2287ed6f76e1cb3f72b067355fbf17723cdf35c020c769b0a57b08d1c5b0f5b;0xf3a07b310538a2c60eec6be28b54f9fafb83fbdffb5aeda81413946db39a7da2;0x0f96be6d7f75a9fcc3d895e08470bc7e268b1e6d513c0004285a4d2271a75c0e;0x2253821c3624945e1e2e15fc5cded0520f3db3024acb6ac259ee8272a35fffdf;0x92c14a2c5ac56c70470f0c11d14833703ddffdbf2bea5f1c3af7ae4df4211846,2.194418,1.366891;1.14091;1.227901;0.951394;0.929651,64.0,9.0,0.0,0,0.0,0.0,0.0,0,2593468416,2586931200,569.889000000004,434.9160000000074,6.179000000000037,1.9829999999999979,41.1119999999994,31.0,170.0,197.0,105.14639999999743,411.5405999999988,2.709999999999995,1.4759999999999946,18.778400000000335,31.0,170.0,197.0,1.832333,1.534333;0.722719;0.633445;0.69623;0.693996,64.0,9.0,0.0,0,5.0,1.0,0.0,7720.0,2594246656,2595540992,631.3919999999945,398.9309999999982,4.23599999999991,1.5220000000000034,25.137999999999202,31.0,170.0,197.0,105.43100000000027,31.367000000000203,2.823999999999969,1.5944000000000158,21.768600000000166,0.0,0.0,0.0
64,0,63,0xa7830a1a647cc76135227e5687986c7712351846c52ee339dbb765ed9b167da1,0x7cac5882513dc5db1f31bb4e927c8fc71e54dcc59460ee5dfd4d7fb3badb3669,0x3ec0125f74a0fd9d4579422ec85dadfebcbba342665464cf489b0cc8487b2d8f,1;0,0x0982943b849b561cc5f3289d407dcb224186f98bb7c6ab4dde5b9404a9a0a362;0x413b75355d527aae1270bbfedc693642ee1cb149f5d9eda6cae6cf1f43e532d7;0x82e06f9f870f4018bd58acf5aa04c744d1f26e0cf7f53dbb1396604690126736;0x033e26fd98a8edbf598850f3548343b84aa9b31eb74585523a3fa823a06e2daf;0xf35f1dbc3edd87b111588a7d6265e6a63bdb043b1c1ef6da69e5f0e1f38bd29a,1.920717,1.700093;1.136383;0.943693;0.949893;1.013668,64.0,9.0,0.0,0,0.0,0.0,0.0,0,2595708928,2595786752,553.0740000000006,569.148999999991,4.707000000000062,1.5220000000000034,26.039999999999743,31.0,170.0,197.0,121.34320000000143,363.22560000000556,2.7382000000000275,1.5722000000000131,22.277599999999744,31.0,170.0,197.0,2.0357,0.901289;0.674437;0.648298;0.631592;0.627045,64.0,9.0,0.0,0,5.0,1.0,0.0,7720.0,2603548672,2603548672,564.2909999999946,487.72600000000085,6.07899999999998,1.9529999999999592,41.0619999999997,31.0,170.0,197.0,102.41060000000246,37.44640000000049,2.3774000000000277,1.4521999999999669,17.285599999999903,0.0,0.0,0.0
64,0,64,0x07fc39fee8e29058d31bd871355c401a4a300dcd22ac73a6b3503306f4785a68,0xb15d13d66bbcbccf316f6e7bac400d9f2148d5d82ebf0c3a3fd80dfed8ea7aa0,0x7156b6a6d4f61df852528c44e0165392db6f0f8af101c0e1ae1eb72b9b86b931,0;1,0x1f57eb2c307162188ccce7a0aa15d278d2efa01395490375fbdf134559ceeae9;0x1c7f503baa98f6f18d0dcaaf22810729d93a3872c84c84b58335d6f4cd0aef09;0x8e85474f7158064a54f8e11cd62dde67117baaeb55fecb815e676bec81d3d0d9;0x3a73d30b717bc5bbf6d9f9ea51a66b679cfa896a2ba94ca3f2c58ad3684f8f59;0x19437dca869c342d87adca30abb2ee4aa3e1b5d8963f5d194c47e42f4d993a9f,1.99021,1.474994;1.063813;1.043578;0.998585;1.037053,64.0,9.0,0.0,0,0.0,0.0,0.0,0,2587508736,2597548032,513.9349999999931,399.712999999996,6.770000000000127,2.0630000000000646,41.32299999999936,31.0,170.0,199.0,100.7519999999984,410.05419999999845,2.824399999999932,1.4582000000000397,18.423600000000427,31.0,170.0,199.0,1.687689,1.328713;0.665904;0.661572;0.663751;0.621447,64.0,9.0,0.0,0,5.0,1.0,0.0,7720.0,2610237440,2612432896,557.8809999999962,389.82700000000233,5.3779999999998935,1.5230000000000192,26.1689999999995,31.0,170.0,199.0,106.01200000000254,30.998599999999822,2.716400000000053,1.5099999999999663,21.105600000000113,0.0,0.0,0.0
64,0,65,0xed668df2c160fa5f685c5a23b18661e455589e98c0632a8417050f4683a9cf7a,0x1733ee9998d068734b9e4ffbdd811bf6d5910eb5f794c4cdd0b030458a39fb70,0x5e3790f013160fc84e077f500c7dd9e01b53fde4e7db796904c6b2b3f9271df3,0;1,0x53b28590a7962f074416eba3925ec68d1cf68c4fdd0e91b77337400cc30843b7;0x0af6a1930505c067ef85323fa8b4dd2589f27b73c5462b31cde3ad1039f905af;0x24751aef7ad57713d933f5e22e145c979be3e5581ffa7849da45cfde98c9ecaa;0x70e153e62c7d980de9550dfa728346e36e1449a1447429052d7b7cbee8e39296;0x5297b98bdff196662baf565784e251587554fbcb9736dd291b454ad1018e676c,2.159676,2.468652;1.251166;1.076573;1.048631;1.089141,64.0,9.0,0.0,0,0.0,0.0,0.0,0,2598731776,2595885056,570.6999999999935,423.0779999999934,7.019999999999943,2.5330000000000923,41.45200000000085,31.0,170.0,199.0,136.339399999999,392.8922000000057,3.2369999999999446,1.7001999999999469,21.926800000000163,31.0,170.0,199.0,1.741305,1.397697;0.839075;0.706655;0.679174;0.648747,64.0,9.0,0.0,0,5.0,1.0,0.0,7720.0,2614198272,2614403072,557.3600000000067,373.66300000000325,4.83699999999994,1.9830000000001062,29.203999999999688,31.0,170.0,199.0,119.12360000000399,32.87540000000144,2.670000000000016,1.5582000000000096,19.13459999999985,0.0,0.0,0.0
64,0,66,0x5c7d644cdf192b5a98a44afcb003a3f063bdd4adfc5cbdd29e4c5695192b2121,0xcfcdc493e1d8d553bcf6f0c493fcee9f5e891ccb2911f0e68dabb40cf8cf2aa4,0x79f84dd911fed302a796cdae26bf3debfc0906add4fdbef6f9ea127d61a61f17,0;1,0x3338d6c4bb812e5d97fc1b29506368344b9d243221e12bfd27c3ea305f314c69;0x328beb4c41cebb2d00c63de8ad873dd8a74249f06af2fc8b0044fb261b5ae138;0x91a130c3f19e7c7ccdea94d428afa13c9254c83cf6daee3187e51a351799b2aa;0x40e06ad71540f95524cbf97c129b8673dcedd147ac6fd7cedb464949a2c73017;0x6424272693182d9c2a6b8ff37766f478ee6ea5211b59e8b08553a3434b875fee,2.066636,1.964396;1.135262;1.102231;1.127479;1.109873,64.0,9.0,0.0,0,0.0,0.0,0.0,0,2599260160,2599256064,526.5539999999985,443.48799999999187,6.9409999999998915,1.832999999999913,42.053999999999704,32.0,178.0,199.0,139.96699999999916,407.1295999999947,3.0326000000000657,1.7066000000000043,23.599799999999767,32.0,178.0,199.0,1.961277,1.049993;0.769129;0.759004;0.707136;0.721758,64.0,9.0,0.0,0,5.0,1.0,0.0,7720.0,2615836672,2616111104,633.9459999999964,426.44299999999856,4.246999999999975,1.4119999999998978,26.3899999999994,32.0,178.0,199.0,99.33419999999805,30.43399999999863,2.7841999999999714,1.3380000000000336,19.519399999999923,0.0,0.0,0.0
64,0,67,0x5541a320af051282a65a61d15b99fa2b1276fa83d61d8466d65e6dfaa5f87e1b,0x4fdd5017ba1deeb07c2fe170e6c8bec8e5e64aba45c684ac60ece69378bd0e81,0xf9055f049b73f416467fd88e9904037fb7287e8c56ae372c3017af77214e5114,1;0,0xb598ee1e7dce858df08e50f41d2db5b3309f096526844b4e8c13c4c9ca26a069;0x024dd22d62d52cf8052e150b31770c4fbf5f13646958ab14be7119d511647c69;0x266b2eec67bea717b9a216b651537679707a514df2663d0c2f993c960d3ffe60;0x75e28f580547db8f25409ec8e687e69aba8696a6e9922d4e521f5b4b8874b62f;0xef82f4d9d368059ed4f5397fd58164d50176e79ef6df81e7e2d270485a6cbbc8,1.714334,1.83062;1.161851;1.027018;0.97487;1.030753,64.0,9.0,0.0,0,0.0,0.0,0.0,0,2596646912,2599890944,445.5720000000052,402.0959999999907,3.604999999999841,1.3719999999999184,26.860999999999553,32.0,179.0,201.0,107.06540000000042,386.590600000003,2.6837999999999513,1.616599999999975,28.6631999999995,32.0,179.0,201.0,2.309772,1.190385;0.785604;0.847458;0.692604;0.665583,64.0,9.0,0.0,0,5.0,1.0,0.0,7720.0,2616598528,2616958976,774.5769999999985,407.41400000000175,6.399999999999939,2.594000000000077,40.640999999999245,32.0,179.0,201.0,92.70359999999644,30.564200000000877,2.3953999999999644,1.3438000000000165,27.918199999999935,0.0,0.0,0.0
64,0,68,0xdce41f5ecde5ab1ce7d3e1d12e08751a7054e717c8bfe5a0ba538e167c6e97fe,0x11dfd869a64e1d3c526ce4f5a87fa3cabf66074ec988dd5c5a9be660bccfb05e,0xb1dd0e62f2698c9a166dcb8efdc8e7fce7f6ba82e2dfeb8693c95f092ea01224,0;1,0xc01b50103a92e3d56a45a2a0066d205bb0f2eb5092de09401cd91ac2c3840f74;0x663afe2257f2ecd8d2df93b5b43d90e5dd11737eca3463acbbf9dd50a4444062;0xe65c66ea314c2d77bc8ce3af6247afee7618b3de56c6e99bbacdd7da2e7c3847;0x7916cbea4228e2c3c5654b8213593bcd4d28903e2496e2e2f46679e40387f37e;0x2addda5d93c25a43add372fbde52d3140c15b3555da6c6ef053017849f46cd52,2.177503,1.381482;1.100569;0.966337;0.976643;1.142462,64.0,9.0,0.0,0,0.0,0.0,0.0,0,2596704256,2600177664,558.6320000000034,518.5520000000055,6.760000000000186,2.313000000000098,42.43399999999918,32.0,179.0,200.0,98.10379999999897,427.40240000000426,2.632000000000068,1.3540000000000252,19.038600000000073,32.0,179.0,200.0,1.721645,1.351497;0.748889;0.664702;0.900382;0.947659,64.0,9.0,0.0,0,5.0,1.0,0.0,7720.0,2617028608,2617208832,561.4260000000038,371.83999999999827,4.5369999999999875,1.521999999999895,28.523000000000785,32.0,179.0,200.0,155.69460000000035,32.45900000000135,2.6637999999999837,1.551999999999977,22.87460000000019,0.0,0.0,0.0
64,0,69,0x49384d9f3b66468dff767c2c53acc37d2a54323221472bbd42f0198c7c189889,0x697dc7759acf3dff379cbd7841cf8230d1e28b8258217f53a5ce9dcfea097d0d,0x2310c0307075dea4d2d1763f352c89ce802235c35d07257458106a7653fb309a,1;0,0x48a10d1dcc088b5a31b091e24ea8777a29c9d8c871c051d566a824a57ee8c457;0x99a48cdb04eb9fb4e58337950327cf12c8e7a609787c7d0e66a99064aea60157;0x569680346554e81be192b9956e619b471f3d9378bff9c43449a738b21395cd7e;0x34115cd61a9ec5c6eee48410531382a8dda67a5674441566dbde9bd16c1a74b7;0x5e2f0b0bd8086c665849012f91e5ca052cf34144c34aeb96231e201c22612c26,1.875126,1.398138;1.130223;1.032056;1.097504;1.0349,64.0,9.0,0.0,0,0.0,0.0,0.0,0,2596773888,2600333312,561.0459999999956,482.33699999999936,36.705000000000155,1.4319999999999957,25.687999999999406,32.0,179.0,202.0,103.89860000000195,393.9395999999984,2.51959999999999,1.380000000000001,20.783200000000154,32.0,179.0,202.0,3.260134,1.355604;0.859746;0.786816;0.644352;0.660415,64.0,9.0,0.0,0,5.0,1.0,0.0,7720.0,2617458688,2614349824,793.4359999999946,423.04700000000275,5.798000000000001,2.152999999999964,41.79300000000004,32.0,179.0,202.0,106.16999999999987,35.066599999999944,2.8163999999999794,1.628400000000009,23.383599999999767,0.0,0.0,0.0
64,0,70,0x69dc4b357e313f7979fcfa038b55ddcd037bb048aa44032022d8216eee621113,0x66ffff80d87abffd214bf4cd2adca9dd814e57107c6131d30135b9dbf958e51c,0x3fbd6484cb7081fd58e7929cba2432eb17d073ff931881552c7da7e7ae7c4879,1;0,0xfe327a765657fe5478d54930e36c0bb2f3848f72e8b444b2ab3a11a62d17a560;0x81b14fc5454b0b582970a5ff147713ffa10d5a99fb536c4feae1ee79a2aa6622;0x2f69d9cea91e2510f4c7a2b7eb6c2479b51b1e22c2bceac930b86c88a21df1a8;0x73842f2375aa3e0f97e6378cbd52cb899c2f1c3fd50a1222dea76654356bb51b;0x1a6e7d0255b9f4c03f0154dd7130aa5b3561a27cec3e33267f9005fc685ebc49,2.069229,2.391786;1.203203;1.089221;1.191506;1.037164,64.0,9.0,0.0,0,0.0,0.0,0.0,0,2600673280,2600566784,561.3359999999956,379.0720000000081,4.8579999999999455,1.4419999999999364,29.374999999999886,32.0,181.0,204.0,130.82299999999935,422.7191999999991,3.1589999999999745,1.756399999999986,26.734200000000026,32.0,181.0,204.0,2.378285,0.998375;0.84271;0.735018;0.927939;0.638963,64.0,9.0,0.0,0,5.0,1.0,0.0,7720.0,2614849536,2614870016,774.9380000000028,430.2789999999987,5.8189999999997895,2.082999999999946,43.50499999999924,32.0,181.0,204.0,109.89160000000054,33.770800000000605,2.737799999999978,1.4739999999999631,18.456000000000373,0.0,0.0,0.0
64,0,71,0xa32ecf7023f35a2fef35248a1a0259787f339acb5d9cc71fadfbffd450889379,0xfc2f621e1e044567d395330e21e8ddd678f0cffee79056ea54437bdc56a8dfc7,0x128d3566596f0e4dd1e57463b465237435c245c9387907791e05f6d90487e65c,0;1,0xc0d770ee950d1ba587784d5502216f4c54ace465f77a06bc617f3523ba4a30e6;0x05b1f7c564ce63d8eb2280123b180bd500ca68303006d1ebdd2454549bd27e82;0x93973f8b54e2ea6c8cef397d7e4da366b47803e5a96a9b510b6a1694d08c961c;0xa0e102eaa6be756b58513cfdcad8056f4d2ff091451b5faf3b68e9bb89f6e0c3;0x84043711ea3c8b64fecb110aa3537ea6165aa7d666df290daf21f528f2e5ea1e,2.24263,2.008448;1.329764;4.596058;1.269363;1.079157,64.0,9.0,0.0,0,0.0,0.0,0.0,0,2597933056,2598174720,512.9430000000018,535.267000000006,6.3599999999999595,2.1430000000000233,58.81899999999988,32.0,181.0,204.0,499.0741999999993,437.03480000000235,3.1385999999999568,1.7503999999999784,28.23639999999933,32.0,181.0,204.0,1.955177,1.110504;0.869271;0.792094;0.713466;0.819385,64.0,9.0,0.0,0,5.0,1.0,0.0,7720.0,2619432960,2619449344,516.4579999999975,608.1169999999983,4.707000000000062,1.4319999999999957,28.1919999999998,32.0,181.0,204.0,119.00159999999882,36.96559999999821,3.1487999999999654,1.6206000000000378,22.31580000000011,0.0,0.0,0.0
64,0,72,0xc2c0b7bcf945977c7d82120d0a7b1fd2fca0c5c8129a3305cdd43040cef83803,0x07e9959b72de55f55db9770cdeffcd1d0c915878b4011b09c3dc908f21c0f9fd,0x297b7853856beeefd3c550118d74666fed4e6693e1102ae860561bad8ce1113b,0;1,0xa002531cb31813cd5c8c29f222550442d7b1272d0611b6d72d532225a61620c1;0x028e4d6b62798c89f084c1e9f60b96cb1a9ba2a5dd63ba0f83e9d030d70a1a47;0xd237aa986061d996ed38d1a92feedf28e78fa25dc9fcdf790328d73b3915fdda;0x1fc02e795367c53ecc4ed8606540aaece4a31bbdc89810f3408d6d33e9caccfc;0x53586cd41a613f062638483b71e3609e47011cf7a27e23e00aad38f65ec6eb63,4.627545,1.89066;1.34032;1.072987;1.023012;1.145697,64.0,9.0,0.0,0,0.0,0.0,0.0,0,2602090496,2603012096,769.4899999999976,2512.4370000000063,6.1190000000001765,34.701999999999956,40.260000000000296,32.0,181.0,203.0,115.3640000000039,404.62380000000354,2.8925999999999434,1.5563999999999596,21.953000000000248,32.0,181.0,203.0,2.129981,1.161431;0.804883;0.783942;0.90236;0.65698,64.0,9.0,0.0,0,5.0,1.0,0.0,7720.0,2619973632,2619985920,473.6439999999953,393.9430000000008,5.938999999999944,1.733000000000073,31.026999999999443,32.0,181.0,203.0,114.1719999999985,34.46200000000038,2.495999999999922,1.4524000000000135,19.4314000000001,0.0,0.0,0.0
64,0,73,0x374f0bf847d1f5401902711a317a89549ff63928e401b5cc3efdaacd384a39d7,0xdeebe2e043b532314cc3d8c1a017a22654893c2692a35bd8d86b9630811c2247,0x9685c1f745b220b3aac1876b86e8f284c08f2589973253b07172f99f2a080fb6,1;0,0xe291ad4d9dfd36519c5687f481fb356f88a4d0dc85da53c2fb99f9ede8f56024;0x12a7785d755d229188114d105a768a6756184ec4b51bc9ab08b6a6a5dd386e5e;0x2423e28f795e9b43ff5dac9c074ca95e265a905dfb3f9aad342e42db7817aa95;0xcf0ddaaa7ea6f54e064b9e5f2792e1f8fbc7658baf9b4eb2124a107467c6a9f3;0xa70b30ce7f019b77bb6ec8599df453b4f9fde261bfabbb7b962bf77117afb9f9,1.886914,2.042488;1.145046;0.999847;0.948109;1.055161,64.0,9.0,0.0,0,0.0,0.0,0.0,0,2603634688,2599161856,662.7599999999984,377.5490000000048,4.506000000000041,1.5020000000000138,28.162000000001715,32.0,180.0,201.0,127.23800000000173,444.62399999999343,2.8384000000000222,1.8146000000000135,21.730999999999835,32.0,180.0,201.0,2.196681,0.923953;0.779084;0.643119;0.632763;0.673324,64.0,9.0,0.0,0,5.0,1.0,0.0,7720.0,2620121088,2620129280,556.5690000000068,424.91000000000054,6.790000000000008,2.1640000000000286,43.305000000000426,32.0,180.0,201.0,95.87640000000009,41.03180000000067,2.4098000000001045,1.4542000000000634,18.165399999999984,0.0,0.0,0.0
64,0,74,0x0df9e6fabb6d7e0c950678d9649f589432e35c1469ee74c60a695d22e86fa7b9,0x9250e9183c554690e472530a33ddd69c4bdcb753bdfc15ef0be0f326d32ad496,0x072f4f817160ab002051d6787de46b60c7965d5256542cd3002afc087c851e65,1;0,0x171a4cd5b3caab92d6f49a342432a54f4a7b20b955513fb4a073a4e0e88cc75d;0x07046c2f9472c74c4697a93d4d044adaa41c69f33a04030b8ff825f60950711d;0xcc760803febf8df0667363e13fa063b36f393f8a87a061e267e4670f542dce08;0xad0f8fab8d73af3ce898d45b0aaa6feced8a0ed71a3fd7908704da9422bcd60f;0x3b8ac2138aa1f6a92c0ca00d8680cbd4c05a42a855c98559bc7fe929061d3f38,1.738561,2.070662;1.250275;0.998516;1.163193;1.382595,64.0,9.0,0.0,0,0.0,0.0,0.0,0,2604023808,2604007424,519.6430000000001,371.8299999999897,4.286000000000047,1.401999999999957,27.51200000000037,32.0,181.0,201.0,113.42480000000045,492.7686000000042,2.9826000000000157,23.8682,20.829199999999883,32.0,181.0,201.0,2.380378,0.960378;0.819445;0.702068;0.753767;0.745934,64.0,9.0,0.0,0,5.0,1.0,0.0,7720.0,2620465152,2620489728,587.4460000000054,418.05000000000314,5.268000000000113,2.2329999999999224,41.40199999999941,32.0,181.0,201.0,117.88159999999992,35.18480000000019,2.3173999999999935,1.694399999999964,18.315799999999925,0.0,0.0,0.0
64,0,75,0x01b3121bd77e900d74eeaf1bafaf898f3b2607f62e409aec5b3e9dde4124eb60,0x834a02f9db79ce5f86db66c1bb42b4ef21b95e8c7d32851714ccdc6ba27d0473,0xfe28caf8ce323de8f2c8b2218df2ad75cde4c1bfd5bb0a3ceaacb60e66613f99,1;0,0x4f83b8bd7ee39e63cb0da15d4fef6c0ecdb45c75375709c525499e85070ddb87;0xb775d914aa166cb015a1cecaaedcbef1e2e302d63fa0c36c90a7433b69a8d6e3;0xbac55645bf2e8217bd3e77c14c748b9e854c95ade9f40dc2a7e75978c356ba2c;0xe3fff03530f81dc77b0797dbf875fdf4207d9b963951d96218204751af305ab3;0x8712f937069db0ab3d03d3e193f205901298fce52fffbe865324567505014e17,1.768045,1.511799;1.231586;0.983652;0.973838;0.947798,64.0,9.0,0.0,0,0.0,0.0,0.0,0,2604646400,2604769280,508.12599999999765,396.5579999999913,4.4559999999999045,1.3520000000000372,54.161000000000485,32.0,182.0,201.0,96.97820000000024,411.04579999999834,2.5579999999999874,1.2660000000000275,33.07580000000074,32.0,182.0,201.0,2.270232,1.243605;0.816431;0.607215;0.652644;0.677301,64.0,9.0,0.0,0,5.0,1.0,0.0,7720.0,2620592128,2620596224,551.0799999999955,450.18899999999667,6.72999999999993,2.24300000000008,41.90299999999939,32.0,182.0,201.0,110.14820000000147,36.02020000000039,2.453600000000035,1.6126000000000422,20.86140000000028,0.0,0.0,0.0
64,0,76,0x48597f8fd93108266baf2aa15495c97c18d72973e82f4bb6bc538d7cbf2d7df0,0xc3002e6fd9719c1acc3f3908aa15ca9f65c74aa27a5d139e392030f1ec666932,0x209f592c2fc41be8ac943ac0a579c4825440aa3d118fdb91306e9b6234bda8da,1;0,0x7333df30a0d48aa72503a54bd7986d6015522d654da51f48c1e5ca15dbc65124;0x8a9a4760f853078e45cce0ee6a67a352998f181764a3876c89ddc119e830bb7c;0x1b79d95a3cf6aa71004ce26120016d574460aa1cd911fb78320ca48489de5a48;0x2ddcaa1c53ec41f9b5759aa365f6b18caf40cbf7237c52536a2efd41de9229f3;0xac42bfee773d84d699c4e5b3ceb6a6d1cf0e65584f15d0ff0e973e5b12108434,1.847526,1.908017;1.311988;0.96105;0.978205;1.065627,64.0,9.0,0.0,0,0.0,0.0,0.0,0,2604789760,2604859392,667.9069999999954,409.03600000000154,4.807999999999809,1.471999999999975,26.99000000000104,32.0,183.0,201.0,102.84919999999643,424.5781999999976,2.5719999999999907,1.608400000000041,21.25800000000039,32.0,183.0,201.0,2.289863,0.871795;0.668428;0.694798;0.63674;0.621528,64.0,9.0,0.0,0,5.0,1.0,0.0,7720.0,2620805120,2617294848,587.1749999999953,573.1439999999976,5.52900000000021,2.143999999999931,41.522999999999904,32.0,183.0,201.0,92.23320000000257,30.522399999999287,2.331199999999929,1.4402000000000166,17.26979999999989,0.0,0.0,0.0
64,0,77,0x5ed179af1a2de82fe2e9e2f9e0ffc58808f56a965a1c19733adc6d1890160b89,0x261e3adc28d33c680afa89c6d80c65e127b36e377c39aba0196503f890c96b80,0x8567adbc3e48714bb202411f464d9799b81b136bf0db2548dfc3a1bc57a1519a,1;0,0x9041c043c8dd376a59d8bb9146aadbf2ab8f9549a60a6d56ce43691fa88e4ee3;0x83f2d3666d4fe61da3d0811e573abb12227003bc54c4822b80de7883a7e5b7ee;0xd61b24ab9ee801f4ad866982fdaeef0ff3b85edcc1f48ec0e6a0f4eb307f83cd;0x8d4c0fa3d09242573a7b218ca2bfc82dd148772890d4cb7a799d58011d0e1682;0x103af20bfa06611b1377c2afb52d910bb62d9a258ca4fed6be434f862da2c78a,1.853215,2.140878;1.128051;1.150896;1.069813;1.193831,64.0,9.0,0.0,0,0.0,0.0,0.0,0,2605371392,2605408256,589.4089999999991,379.60300000000615,4.77700000000008,1.6919999999999695,27.912000000001463,32.0,183.0,203.0,108.15319999999961,429.58359999999976,3.014799999999981,1.6905999999999692,27.052799999999905,32.0,183.0,203.0,2.389643,0.884243;0.763621;0.665553;0.685513;0.605073,64.0,9.0,0.0,0,5.0,1.0,0.0,7720.0,2617352192,2617421824,827.2869999999959,469.3980000000028,6.148999999999998,2.3140000000000054,41.13199999999928,32.0,183.0,203.0,98.39639999999761,30.516000000001263,2.2156000000000606,1.2701999999999853,21.23559999999969,0.0,0.0,0.0
64,0,78,0xf8b837315a9e9d4ed44d7efe000324c2a23e850c2806d68c3c93e9b896e71a08,0x2c5211adeeb14c67257dc0a3c4dfe2bfc01e7e6b357652336fb0809c9066f422,0xc1678b3275327e1221dedb58a0a2a33d7958cd0af31bce441188e9b6f0e1d450,1;0,0xfc71d46d9325d0a276f1154060e3c60f546e20863d99ac69152ea442b6facbd6;0xf00c063d3817176fc36ff5cf2513840062daa0dad2fedc557505dfc591d9628b;0xb137e1bd679edaeb586ed208e6eafd2232dd7e57378d2fd8302708475747e73a;0xee8a8c5f46c1e6e9e92d583da0ffb685bc1bf3363c46423d8710c4b5719fc6f9;0x076e7d3b4daafcc0d823fed0eb0f09785d708739eb35a57ccc8f2e3bfe51deed,2.001178,1.864501;1.164366;1.041109;0.988291;1.019528,64.0,9.0,0.0,0,0.0,0.0,0.0,0,2605473792,2605514752,564.8919999999974,423.9199999999943,4.257000000000132,1.3719999999999184,27.59100000000042,32.0,184.0,204.0,115.65240000000199,393.0048000000019,2.846599999999956,1.5744000000000262,21.85300000000015,32.0,184.0,204.0,2.326267,1.057565;0.725684;0.830873;0.643961;0.605173,64.0,9.0,0.0,0,5.0,1.0,0.0,7720.0,2621464576,2621472768,722.5399999999937,478.2009999999975,5.61900000000011,2.152999999999964,41.933000000000945,32.0,184.0,204.0,95.7441999999975,30.48799999999935,2.441400000000038,1.29380000000001,18.035600000000652,0.0,0.0,0.0
64,0,79,0x5aaa5436aae321980b0e88a1de612c19cc7a07b3c57d350b642421498c8a8a5f,0x2db58d90b4bb8633cc1f28bfbb63285a97ee1fa835fc73fbb5753ea95147fc1b,0xa1ea063c77c0d5f3ee405e7a3ac1e618ab61da3d4603ff9bdd0f1bfad880ec25,0;1,0x338b6f1977fda8d07e0b98df8e7aefc253a43265f5b09647b99d64f87f2564a8;0x4c47dea3cd95d6207a9a870ad2669bd843c6a41db7389a1624c2e2c1da93d76e;0xdb151edeb51ed3ac571e2272bc41585cd2132c5fb23375e9732dd516b9c23d3e;0xe977eee3ad5dee8fe5342289206f43c5c8d6c9dd4bdcd9ba680a788d7d5f69bc;0xe794832f5967de228c198dbdda6a95020a6f234bd2588f28f7a286b73bfe8134,2.315562,1.563433;1.095482;1.007189;0.930984;1.055151,64.0,9.0,0.0,0,0.0,0.0,0.0,0,2606260224,2606391296,618.513000000001,490.52999999998906,6.008999999999962,2.534,42.56399999999841,32.0,184.0,204.0,99.66439999999909,412.91880000000054,2.508000000000024,1.3920000000000166,17.618800000000768,32.0,184.0,204.0,1.762247,1.230555;0.852916;0.64311;0.59026;0.567175,64.0,9.0,0.0,0,5.0,1.0,0.0,7720.0,2622300160,2622332928,558.2420000000004,381.47499999999917,6.148999999999998,1.3820000000000758,25.408000000001067,32.0,184.0,204.0,103.75240000000119,31.549599999999845,2.6164000000000396,1.5481999999999823,21.38000000000001,0.0,0.0,0.0
64,0,80,0x1748c09a7202f4ac372f14ae080bb855e9c87063e867e3098c4684d02972d43b,0xbc62b85a05fa3822e8f31149837b2dbb08af276d9a407c9f27d81e792dada2ca,0x5b820c3fc20cedefe7d1ca6d512b8cb83a190cfe1691311fff71258e147e2c28,1;0,0xbb69b4b305bdf7c93e02a15edc2679faf26438a991254b64d3a2afa182391e4d;0xabab7bad4a7e183b9354b800fe70d73f3c5883d32ccfae9e8c44312812ee9c60;0x7e794820d5bf33ac3431fdbc4cfd64bde337c9d8bd682a6f3c2118fb448e0e26;0xa7d755c25e911be774685b4ebd4efcb0d899304730dc991ca9023c5bbd97d901;0xa3d36e6513e45d47d296e221855f64aa85164613e92a3d4aa33c7a4f263f62fa,1.875418,1.934306;1.138517;0.997714;1.00172;0.940848,64.0,9.0,0.0,0,0.0,0.0,0.0,0,2606399488,2606407680,448.8670000000056,490.15899999999004,4.688000000000088,1.5720000000000316,27.722000000000858,32.0,184.0,204.0,107.46020000000078,400.2476000000032,2.7961999999999434,1.7468000000000083,21.049600000000446,32.0,184.0,204.0,2.204654,1.312629;0.703661;0.631221;0.591823;0.599514,64.0,9.0,0.0,0,5.0,1.0,0.0,7720.0,2617114624,2622443520,630.1700000000133,453.58399999999995,5.728999999999891,2.042999999999967,39.89000000000076,32.0,184.0,204.0,103.97679999999964,30.608400000001204,2.54620000000004,1.2998000000000176,18.151200000000866,0.0,0.0,0.0
64,0,81,0x8c9441ccdea202307db7a459a128254268afe45f6e55fc075a30b99b49eb647a,0x149d45c66b42bd6c7847df4fe06c084df4c02d20ff521e280a195014d82e1dc2,0x9d8ecd60bc142848f344f0fc7ce0a243f7891d8c2d5f5e72ebd8109a0a067d38,0;1,0x467f3956618942fcbced6c38eb185f9b56b51a4fba2e1aeaeedbc4d5eb682f75;0x8ba5e73781ae42deedb37f106f6f970af49a89e811b399e0be9c59df6becd8af;0x866f6cff34b3506f35d8699d92646cdd40486b81bf1ca4a629a6405ca5b473cf;0xbb761ac5432e417047027209eab10f98c411bee5aa134291967d161f73b6b45b;0xc9477a433946c32a37e77d3a084e6e0b29c2deaffcb90bd70d5793dae20ad7e4,2.483655,1.760755;1.086929;1.168942;1.089764;1.582336,64.0,9.0,0.0,0,0.0,0.0,0.0,0,2606653440,2606665728,690.0509999999971,500.30400000000697,5.71899999999995,2.82499999999992,42.10400000000114,32.0,184.0,200.0,113.43320000000156,454.2268000000072,3.166600000000051,1.6005999999999831,22.986600000000912,32.0,184.0,200.0,2.841345,0.95555;0.824623;0.701798;0.727087;0.676019,64.0,9.0,0.0,0,5.0,1.0,0.0,7720.0,2622500864,2622586880,633.0039999999926,410.2380000000003,4.837000000000157,1.4119999999998978,31.396999999998982,32.0,184.0,200.0,110.08199999999468,30.634400000000007,2.519800000000058,1.4679999999999989,20.921799999999713,0.0,0.0,0.0
64,0,82,0x4d2a558efe7ca95c78746289006beb819802e82ccbabd58d768e4be2abb84d4b,0x8162bda33b93b63bf2211f65f33c49bb33ecfbe1a03830bf8e569ddfe8d0c9e9,0xc59901d1e10050a9df1618cc65b66cc0570a148be7d122fe73887426dc205e7f,0;1,0xadf6695947a3fd473db784dec7b025efb520e28fccf2563ef1d53adcf2ff6b89;0x7e26857c1855b78509f5cb0bcf7df0153fe9f72fdc8ed87feefa8485630686d1;0x84b914e354f711769bcd6c2aea7b70f70d7eae283f0e12e5cc02ef66aea29ad0;0x4c728ddad28f4afc9e287a2975c11baa54c00c7da6555fa0bec418772bc49983;0x8c0ec45f8f03a29c8fb721d33b68eaa57d241dc8d58c16758d51fd4c5855c31d,2.189131,1.4793;1.080178;1.270726;1.011956;1.145327,64.0,9.0,0.0,0,0.0,0.0,0.0,0,2606669824,2606739456,558.3719999999876,534.445999999994,6.880999999999815,2.103000000000044,40.240999999999886,32.0,185.0,201.0,111.38960000000586,405.5776000000011,2.473599999999916,1.448199999999969,18.533799999999324,32.0,185.0,201.0,1.723549,1.531179;0.730651;0.944123;0.699715;0.730952,64.0,9.0,0.0,0,5.0,1.0,0.0,7720.0,2618753024,2622750720,585.0020000000011,381.4950000000025,5.178000000000214,1.4220000000000552,27.420999999999694,32.0,185.0,201.0,128.47959999999767,52.77980000000099,3.1966000000001324,1.7548000000000477,22.369599999999547,0.0,0.0,0.0
64,0,83,0xb04a658c087117f00b4f0f9f6ee03edca290461832ffe709b37ef8280ad1608e,0x010f851e51af9ee8caa232d0d368aef280ba1835c9a756a967488dfed8364e91,0xa04225feab2f9ff5a950139c16f6875feb8c15976ad6903a5a59aa081dac8e64,0;1,0xf98bf48ae213411ac78de14abcfeaaa793afd8c4443e176fa36fcf01a8d05bb1;0xf0ebf7035fbbf7a60ca7ae075eb59b8205514ea31067960108b609975a3ab2c0;0x42d92de27d7d27c72a70238932009343eb2728460bc430afacef1db2f926e5b7;0xb56468d61e2743795cfaa4f317c32e4a82d40b391f3c534b3ea1ab20f2472881;0x00857f71c08fc0f35c5abe1645f26c42a8e284aff3c076f85fcee315ebebeeb0,2.866833,1.638811;1.134681;0.964033;0.930974;0.930763,64.0,9.0,0.0,0,0.0,0.0,0.0,0,2606743552,2606895104,671.4130000000096,680.4559999999959,7.240999999999845,5.177999999999997,58.24700000000085,32.0,185.0,200.0,93.77760000000013,409.7277999999982,2.4399999999999946,1.3458000000000478,17.702799999999577,32.0,185.0,200.0,1.852013,1.367802;0.738934;0.635989;0.651843;0.659885,64.0,9.0,0.0,0,5.0,1.0,0.0,7720.0,2617380864,2617380864,592.8040000000024,492.47300000000024,4.707999999999969,1.5830000000000966,26.280000000000054,32.0,185.0,200.0,111.90879999999902,31.060800000000384,2.9102000000000467,1.6403999999999812,20.46519999999996,0.0,0.0,0.0
64,0,84,0x6037c57fb11ea0e3ffed75190b4a8323cdf47855e434016c8688dcdefe9afbca,0x2ab443d5ad136d5c51ea0982c2c3a37c8fd9204def1f1ff1109b79f41ccc1482,0x33673d44ac78b8ad763e8997cedb47bdec477abfecc191557320744d35452cad,0;1,0xda58f660d459c6c40872e99fa956edf3e81eef2d09f8468c04d725af1907f0af;0x009b4ee7f27ee1ecdfe7b3d3295e8eb22bdbd6c99f0929090389eab5c7ff1e0d;0x9639e056987f72165a201be87a91c6abe4df097ac67446011bcdd74d1e014f30;0xb4febf479568ead9a7da94f0e28d529cd2cc016b9190eb1e8655d1a25a24c06d;0x04e2478123938cfab3cf678d30ef72217d98f31abea0fb29273b2e9d6458da48,2.708829,1.950421;1.657234;1.162954;1.044896;1.416531,64.0,9.0,0.0,0,0.0,0.0,0.0,0,2606923776,2606927872,676.3549999999896,443.14800000000434,7.070000000000079,2.5839999999999197,44.016000000000886,32.0,186.0,201.0,127.71460000000069,489.0635999999949,16.518999999999995,1.75240000000001,22.98660000000022,32.0,186.0,201.0,1.874687,1.010404;1.070113;0.67654;0.779496;0.631912,64.0,9.0,0.0,0,5.0,1.0,0.0,7720.0,2622959616,2622963712,528.1069999999999,404.439999999999,4.5470000000001445,1.7030000000000343,26.60000000000162,32.0,186.0,201.0,111.772800000004,35.846199999998994,3.102599999999997,1.7283999999999788,20.469000000000737,0.0,0.0,0.0
64,0,85,0x5777ca891479318e35593a86f2189da8a3a9695820108d3b372f9505b35ff626,0xa13c0f309e7c93d98447e8bcc16bee1bb88887ed2940599a168e06469285b1a2,0xde71ca016269c8a2acfba8d5f3dcb821d7d298288fd730c488e2c9d2b7da6b94,0;1,0x194a12e8530921573e1e83a8a6989eec4899bcb7cd6946e77c3689be79566e41;0x090847653c6dca3a8f8fa64083b26a527fce1d49240f8476ff73f9c07844f1a4;0xd37a30d3b2fce65f125eb4c1bfb5c5833bc1a112e7c14d96ab4266dc4aa71910;0x16a21237d2cea0883036ac1e8e7af9c563cdefb715b3fb68b88dc66c2dbf901e;0xb7670637d829d09244eb4ca64a36bd5f99253ac2594cffbe8af0bc9fa6256013,2.19892,1.550128;1.24976;1.116168;1.105577;1.077104,64.0,9.0,0.0,0,0.0,0.0,0.0,0,2607001600,2607050752,624.3910000000019,433.82399999999933,6.059000000000099,2.272999999999902,45.02799999999904,32.0,185.0,199.0,131.55199999999587,429.32139999999896,7.150800000000051,1.53439999999996,19.404999999999422,32.0,185.0,199.0,2.06921,1.474714;0.738428;0.713856;0.725504;1.027319,64.0,9.0,0.0,0,5.0,1.0,0.0,7720.0,2623037440,2623139840,533.0440000000103,629.618999999998,4.4170000000000496,1.4419999999999364,26.80099999999991,32.0,185.0,199.0,149.1030000000004,34.6943999999974,12.627000000000036,1.6323999999999852,22.151600000000496,0.0,0.0,0.0
64,0,86,0x104976913b438e95998058bec728de1511cca345951d084ff2d5bf7b7b28e994,0xf1e6cf6b282dc763ae2011457cd203d7781d67783b3e69975614d7ce5e8a418f,0x14d620c4377dd2a3322cdac7291ea77f7776fe17732359772cd6cc8428b6f290,0;1,0x7c5073625ed622db0431e90ac4cf453b22ec4484d30a4209b455819340689d9c;0x6b8459e137f057eccf05571e790e42c6b4a24914a4939fb28d66cdcb1666a21e;0xd66f5f5712250363e768fd5cb1118a6c999f8ea0add0b99ac2c1b43f8b827c59;0xc1e26bb286e749259209e1372226693878c04fd8f2ebc324e0f4009ec7ad7653;0xbe5022443d190c9540137d23e2e36e70875916688ef61f841e3b6736d5c29c3e,2.483725,1.805803;1.052297;1.084896;0.996372;1.011415,64.0,9.0,0.0,0,0.0,0.0,0.0,0,2607132672,2607169536,711.6530000000065,466.23300000001035,6.62000000000015,2.3029999999999404,43.53600000000027,32.0,186.0,201.0,115.25779999999598,405.2849999999997,2.882400000000021,1.5264000000000075,27.65799999999985,32.0,186.0,201.0,2.586139,0.853427;0.753977;0.741178;0.648819;0.652524,64.0,9.0,0.0,0,5.0,1.0,0.0,7720.0,2623438848,2623447040,835.6300000000039,421.91600000000136,5.138000000000018,1.872999999999892,30.465999999999827,32.0,186.0,201.0,105.04819999999637,37.12179999999926,2.6698000000000346,1.4800000000000142,18.24320000000032,0.0,0.0,0.0
64,0,87,0xbe0701e5078a1ce820493a7cf8600d27c56085408a674822ebaee5fc5e2cc2b9,0x2cc6966b05bd93438e8481475f9d25e1f1840b0bf01cc89c49c4e02f55f62ace,0xf7fdec42b59086404e011bbbca92e980e4969a19e69064c5e1e8b1ae60ad5d42,0;1,0xdd077f018fad2714602043c72d51d3768af6af77a2550aee6c10aa4a6a877996;0x36e34d014c9bc36460083b22aa622cf537da596bd195021f753e1291c8ae86ff;0x30c013966f878b32fd89acc21327d5e976ee3f86c62223daf51f4e4fd8ee2ffa;0x9deb5bf7926d61bd216355dd68505b0d49a7e5e0e3e55956164578f20af16652;0x58a0605f09f2f626b0f81d60f13ae53fcfdd9669ccdd8d6b86ad7d40f37ac94a,2.390524,1.769258;1.272449;1.1739;1.033137;1.035001,64.0,9.0,0.0,0,0.0,0.0,0.0,0,2611671040,2611458048,618.4320000000021,622.5990000000014,6.040000000000125,2.693999999999917,40.93200000000047,32.0,187.0,201.0,120.1210000000008,445.44979999999737,3.3531999999999313,1.6106000000000107,25.951199999998952,32.0,187.0,201.0,1.753584,0.910784;0.735729;0.853878;0.734938;0.66948,64.0,9.0,0.0,0,5.0,1.0,0.0,7720.0,2626854912,2623660032,493.61400000000333,410.50900000000337,4.7269999999999435,1.3019999999999006,45.66799999999871,32.0,187.0,201.0,111.5902000000002,30.932600000001255,2.832400000000058,1.4920000000000297,19.785799999999522,0.0,0.0,0.0
64,0,88,0xb38b6ca033ce60b2a50be18c88af76344949b06774d6948187a8e798e3d140cc,0xcdd5da9e1d34c8a84258d7a92ff810791e6f3c989c2880870744ff7563b07229,0xb5862a9aab2aed808a310f8648b6e573f5945028e2e459179bbe1014f43e826e,0;1,0x7b84fd99a9469a228e62e242a9a700172a9493605f7b372d50be904248828b8f;0xd2a7b9a71325ca0523b629138fcb0838b6ed73f814e6016a917cec2c55a66660;0xfb1b398781b9f95d7f34661690995896386104d03ce4661fac661f8e76b8810c;0x2e9ff71e0e5f8dec743ad8fc3854546fbea82c5e7865be474119542d0ffaf5ec;0x7738d72b0a769fa21390556feab8b8966a074660c2b1ff275bd00dbe163bbf0e,2.191535,1.914768;1.290266;1.000679;0.993699;1.145998,64.0,9.0,0.0,0,0.0,0.0,0.0,0,2611843072,2611654656,554.0549999999978,469.0880000000064,10.116000000000119,2.0730000000000053,44.707000000001464,32.0,186.0,201.0,110.8854000000048,404.56400000000167,2.818399999999967,1.6206000000000378,21.644800000000796,32.0,186.0,201.0,1.820625,0.968681;0.759075;0.68964;0.664472;0.684983,64.0,9.0,0.0,0,5.0,1.0,0.0,7720.0,2625044480,2625052672,585.6929999999983,404.4600000000023,5.908000000000215,1.7019999999999103,27.392000000001083,32.0,186.0,201.0,110.6470000000026,31.081200000002138,2.423599999999953,1.4799999999999711,18.319399999999764,0.0,0.0,0.0
64,0,89,0xf713ced240d2db154f5a5388a02a18440c7178df36d3f8978dd924853e6d6639,0x1aae1d0e0274ff2a6d8a92c642d32fdfb893389cb453a6bb1b4363cde35caa7d,0x82f05644ab2a02aa5d156f6170ec3c44592c7333a3d045a114f1e33f30219bbc,1;0,0xd905492cae62ab9e4cd1c4f08b8e8f1b94153d40751c44809608213675c05eb0;0xc26a32d7a4667a4250e160b67da66148c3c57a172df7e163037ab674be2c116d;0xdab0c92ef281cdb5e5f29238b7e69ce14fe5ab69208a8b56a166854fe3b26f69;0x18f37eb9e3aad6005f6c46ea691c5c4900019172571ff6628c627bd64a3b8e3a;0x65b9278a6fc45c6e78840bd10d199344ddda7096359a214eaf6ba2869191324f,1.8171,1.433982;1.051987;1.035972;0.966507;1.138056,64.0,9.0,0.0,0,0.0,0.0,0.0,0,2611732480,2611752960,547.6560000000075,408.0459999999953,4.186000000000207,1.471999999999975,53.42100000000141,32.0,186.0,201.0,98.53479999999415,413.0089999999975,2.746400000000048,1.2740000000000233,21.988799999999447,32.0,186.0,201.0,2.363945,1.322323;0.715469;1.6971;0.655629;0.9218,64.0,9.0,0.0,0,5.0,1.0,0.0,7720.0,2628349952,2628227072,757.5230000000099,462.437000000003,6.499999999999996,2.152999999999964,41.22200000000048,32.0,186.0,201.0,135.81679999999375,31.34319999999885,2.9020000000000263,1.664600000000037,22.28359999999971,0.0,0.0,0.0
64,0,90,0x32990219f268279eb6d750a33ecaa99bd9172cf81cbd5519ba2262218a7730e8,0x3d46644bfc8ff489deb6b2daa6da5a65b91cbcb2f4f752810f4cd6f01afa367d,0x32554a8d658a6f4169c97b76601bf02095b258cf95ba89ac50a3065307c23cb8,0;1,0x79931bed7059af36d3b24d641dc3002820e05902f1cab230275bfdba39a796de;0xccc33af0035a33f6ec52e62dadc9b6ec9647872fa23890351452e0ac87c79dac;0x7a318eb33103cac40c1483daef43081c00963d8987f3d00e16b90a67892f7158;0xb4383282c1f21e75af3ac966107937deb9b480b8708b12af3cf14aef4a5607bb;0xb93101bfc3bc8f4365d2ec77ede469668f285e324cbb22b76b2f1d0853bb69e3,2.220929,1.928618;1.179719;1.209774;1.05457;1.104145,64.0,9.0,0.0,0,0.0,0.0,0.0,0,2612727808,2612809728,618.6430000000021,445.56200000001047,6.5389999999998505,2.323999999999946,40.821999999999385,32.0,186.0,203.0,141.19099999999608,418.2742000000017,2.9768000000001194,1.710599999999937,21.732599999999685,32.0,186.0,203.0,1.779884,0.956662;0.774388;0.756902;0.726105;0.644932,64.0,9.0,0.0,0,5.0,1.0,0.0,7720.0,2629279744,2629464064,539.4330000000058,477.53999999999854,5.568999999999973,1.9029999999999307,26.831000000001463,32.0,186.0,203.0,113.88979999999438,30.537999999999403,2.203399999999977,1.4522000000000321,17.686999999999564,0.0,0.0,0.0
64,0,91,0x18ed3077c6d12b35d4a6b1a06426c1c5e57bb2a6a977f408460e4e4584d07bef,0x2fbb2e3b5419c96794376d5ab695f3fe7c73a5423b13ed56e487a60b16b27791,0x5c50fe4f7f9aed643f3be4bd05b1ca8b52edd67720b49f8f5b22c8eead74e376,1;0,0x1048454fe6ac21ec8ddb3a33e6e124cd438d458077a2d31b3dd7111ecf8cc981;0x1219e26a2a4f697ec03976c34e47ede8f7e2bf1455ce8080cfefc31b79c7ff4d;0x1b697de2dfd4ddad3c7e12b8156282267c7c2e121a7ce1830b918a06ad5804c5;0xa9eee868341d4b709a60ed6e1f2d0445b3a8001f28f8649eeb834d1854b8d288;0x56420efe457aadd6ebd2db68b9d3984d2d5e0083ac8a4d6558e188c905114f92,2.02929,2.139727;2.56645;1.256524;1.069392;2.419469,64.0,9.0,0.0,0,0.0,0.0,0.0,0,2613014528,2613055488,568.2469999999939,395.03499999998803,4.13600000000007,1.4819999999999156,29.6249999999984,32.0,186.0,205.0,244.39059999999958,590.4401999999975,3.2006000000000223,1.9190000000000091,47.54559999999921,32.0,186.0,205.0,2.238826,1.060009;0.720817;0.819706;0.660306;2.390866,64.0,9.0,0.0,0,5.0,1.0,0.0,7720.0,2630324224,2630381568,664.6919999999946,496.077999999997,6.439000000000011,2.8140000000000716,41.36199999999965,32.0,186.0,205.0,113.62939999999821,31.673799999999698,3.056600000000097,1.336000000000002,21.454200000000508,0.0,0.0,0.0
64,0,92,0xe4606a2020cea759700f1360d8828090351d2fe82ad931b77ab07f762c1f24a1,0x8db27a6841e43454d034f7e687a3ba6742a5fc30e85125d0dc5adbfe247d3fcf,0xbb984e58bbf9bf885f12a1fc27587605d4ce89595e57a001920e01cff8df359e,0;1,0x2fab0fbc2dcaca1e2a4beca521ebe36b063aeffca74a6b7adcc689133fd01f93;0x58fcc4c4cf4b1d4a801f51aa3d5fbdbedda646818d3c53647182615a8ee93156;0x8c402b14c2c6737e04b4000f1c51d1e73a3b08e785e2019437f40478272d7796;0x3668a7489f1976259de5288656cb0503c791c42f73bc9bfe996e4699307444a0;0xc4f95fdb327ba52a5a0f8398d796816226d57b6383f8ebff57e894a1fd8cc4c2,2.395542,2.223192;1.276575;1.103184;1.198618;1.142393,64.0,9.0,0.0,0,0.0,0.0,0.0,0,2613547008,2613751808,681.8379999999902,464.76099999998024,7.250999999999785,2.033000000000026,40.28099999999965,32.0,186.0,202.0,132.9348000000008,452.73439999999886,3.409000000000051,7.763799999999966,23.25899999999978,32.0,186.0,202.0,1.716528,0.930173;0.916061;0.652844;0.663911;0.814989,64.0,9.0,0.0,0,5.0,1.0,0.0,7720.0,2627366912,2630488064,613.5559999999873,377.86900000000287,4.88699999999986,1.4530000000000012,25.998999999998773,32.0,186.0,202.0,118.52060000000498,32.05419999999931,3.1609999999999627,1.9131999999999396,35.3777999999999,0.0,0.0,0.0
64,0,93,0x654dfdaf84ff906d8724c823b67f0f06659e576bf205dbaec3c4b216e7a3ad56,0x7ad66d7843661379a6998b166acee6b0c4a1eb2bd14c23863abc3cb04b8c28c7,0xfa89b4d15c75c6f28172b60b646f90fe7bc79df46b4a3834e80a11a3923b831b,1;0,0x2c4c7c237d784315718c28b513e3284198eb038fed39dd079e21478802472841;0xca05c3cbfc8c6569bada781400989067032e551382ba08b1812fcf72287f6a3f;0x6611883099fc1964c351df5e01d03bccd8b3087f6b53a14f9b41b4de93dd4530;0xbafe5510c8bc7896e46d3c4973432b7d843729f781cad1990887be58961f7e34;0x99d882ccd0beccc2be9ff3c2920e0e49db671e7c77d0793ffcaa98718d4db355,1.928468,1.433952;1.167631;1.045536;1.210846;1.076002,64.0,9.0,0.0,0,0.0,0.0,0.0,0,2613882880,2613895168,612.1030000000027,421.2450000000145,5.138000000000018,1.6029999999999778,28.283000000000474,32.0,186.0,204.0,117.48679999999956,426.5851999999959,3.2548000000000297,1.3500000000000056,19.37519999999984,32.0,186.0,204.0,2.148239,1.364227;0.807547;0.788338;0.779896;0.919096,64.0,9.0,0.0,0,5.0,1.0,0.0,7720.0,2630529024,2630561792,602.578999999992,462.4270000000014,7.0100000000000025,2.152999999999964,40.26099999999977,32.0,186.0,204.0,133.46519999999362,32.64900000000126,2.8561999999999337,1.8426000000000207,22.127200000000155,0.0,0.0,0.0
64,0,94,0x93cbe194972182c760f415a6cc06c3edaed3593de7885489ee1055d3bf3eb358,0xa42076ff42334334a372a63d393c0fb1e6d4fcd31a44d9678fde231a8d9ee91c,0x4f7b59240bc3f3103cb91ecf01e48a2e01bfa7fcc672f72365d08e73b3a6ae4f,1;0,0x87923839b15390971bddf85862e02b5e701adeeb44b3769ff2bfe1bbb5213c46;0xf2ac5b4f1187d16182694b031ee22bcbe9dc95145690b8ed4706a3a7e87b2130;0x9a44e5804443065fe264ecd545ac4aeabffdb376ef705b5cbd4e2ea9362872d1;0x8c57c8b0cccade6a836db628a3ee99a615d838907790e0bbbbb68cb1adc7dcb8;0xd15bba088482350dd8f5aa838a0e7f2f9dff39732964c1bb0fb227b9ba7463c9,3.523754,1.862809;1.249064;1.126464;1.114565;1.008681,64.0,9.0,0.0,0,0.0,0.0,0.0,0,2614067200,2614333440,2137.8330000000055,399.1819999999979,5.548000000000185,1.5119999999999543,29.934999999998297,32.0,187.0,203.0,117.65140000000174,432.54600000000033,3.0648000000000306,1.8226000000000093,35.789800000000234,32.0,187.0,203.0,2.469163,0.974209;0.827628;0.637111;0.699806;0.708468,64.0,9.0,0.0,0,5.0,1.0,0.0,7720.0,2626232320,2626260992,647.4569999999902,445.5319999999985,6.368999999999993,2.414000000000062,72.7499999999999,32.0,187.0,203.0,124.87659999999568,31.060799999999002,2.882600000000089,1.450199999999957,18.385800000000202,0.0,0.0,0.0
64,0,95,0x87b1a53ae2e87121c1393c51486d8d6f57a09f9662d63bae38e85523da58e462,0xb44badf413f48c01b9b239bda8242271721233d96bf74c2228b837b68cc3fd16,0x27e7c9b293267b31f1ec1382eea3004e714f2e956e1963ebc1712c583ba1fb22,0;1,0x859abbaeb4d605b5bda8885313db581629db2fad475bb693c367b729f47a7df4;0x8bc19e5bda443795bb6cac6c7197ccf1274b6afb2352a1efc3859532e8049e98;0xaa4442c537e74409cf41e03c00a5cf29d4abdaea2749aed7bd072ba87d01d17c;0x89e4343426f495f26d4d5de573f48a42cef798845c9a48e980ddd2290eb2ab7d;0x76bceab9a09317b9218bdf7a804b32862619e4757fb1f407d82c326994d4df3b,2.178425,1.543778;1.389816;1.125438;1.174621;1.033188,64.0,9.0,0.0,0,0.0,0.0,0.0,0,2612310016,2612310016,602.769000000003,471.64100000002264,6.640000000000032,1.9729999999999488,42.10400000000114,32.0,186.0,203.0,110.22819999999545,510.6701999999963,2.788000000000009,1.5581999999999663,24.43059999999997,32.0,186.0,203.0,1.608576,1.539522;0.985627;0.673265;0.826026;0.629689,64.0,9.0,0.0,0,5.0,1.0,0.0,7720.0,2632736768,2632904704,467.3340000000137,404.2599999999966,4.866999999999979,1.6020000000000705,27.41100000000149,32.0,186.0,203.0,119.68039999999958,31.361000000000583,3.0144000000000175,49.229999999999976,21.235999999999475,0.0,0.0,0.0
64,0,96,0x8f85f2002957dff702573acb2f2de6957159563366de644cbbfe2aae2e69238a,0x92bbcfafea425f4f2578a0289345ffc68909ab233ded83d7b81e697a221d0303,0x116796d8e603357cfe0aa918f00e5ef8e972d49fc5e20120c114fdc1621732b8,1;0,0xbffc5294fad0d932e1b94ac3e72ae70d55e087207b4b066ee313d1e85c486a71;0xc33bcbe6352e3aa361b0251cf154a58f976ebac1180c0d1022c2100a1090a4c7;0x45327066e63affb4981917c3b2ae14b4c1ee32d578e941f3b0c9213a3fdeedb1;0x6cb7e4d580f832a706087076aa89805c01186ff1a814b9daf45cb4e4fdc98f2a;0xc95e4913fe0b161174170d35ac45bd981ec58052cc1a39611ba113ecc35e4641,1.786123,1.577839;1.174911;0.99476;1.039908;1.00826,64.0,9.0,0.0,0,0.0,0.0,0.0,0,2615595008,2615599104,514.3059999999922,390.7400000000005,4.697000000000121,1.4819999999999156,25.79800000000049,32.0,186.0,202.0,98.70699999999788,401.8218000000018,2.858000000000027,1.3539999999999386,18.920600000000427,32.0,186.0,202.0,2.192877,1.702457;0.814358;0.646986;0.668708;0.688653,64.0,9.0,0.0,0,5.0,1.0,0.0,7720.0,2634047488,2634067968,622.5089999999933,449.5180000000029,6.008999999999962,2.24300000000008,41.73299999999866,32.0,186.0,202.0,121.87800000000304,31.041199999999606,2.439600000000031,1.6707999999999827,21.306199999999997,0.0,0.0,0.0
64,0,97,0x8cd7c10150a6b4c9af5ac0512d43754a30e89286d374fb17ede585276bbf341c,0x93a06387ee677f34f8a0add44193a321187788d3283b816637ec31093bf3feae,0x6a1776cd1774927a667aef8330b0987ab7209c2300c3b87b9dfde77de1964c1b,1;0,0x21c3448a715801ae4308e098bbddd718da3d50a0c535b03902653e0224c137dd;0xf3b9b9a0f492a6c0831df23899305c5d1d92c2cbd3d0cbed07abed8a16733bff;0xfd69657e40a179f9e1841f37e78fedfcf9e3adc1b6597c11377027e852172be8;0x56991c1432a1e028a136a37407ae258ef8072fb5308e5f08ae2faf5bc950e286;0x3e29b66f6a50fd98b415b28f1f81f22c925f3c04798c70d0f62d9c03c6942838,1.947827,2.047818;1.142323;1.103093;1.190375;1.083634,64.0,9.0,0.0,0,0.0,0.0,0.0,0,2612350976,2615975936,585.5120000000103,403.4780000000127,5.638000000000084,1.7829999999999928,26.971000000000632,32.0,187.0,202.0,121.24639999999687,408.5898000000032,3.088599999999994,1.6885999999999812,22.041600000000106,32.0,187.0,202.0,2.298746,1.035992;0.694698;0.958515;0.762199;0.714758,64.0,9.0,0.0,0,5.0,1.0,0.0,7720.0,2629312512,2629799936,585.7029999999929,481.54599999999937,6.66099999999982,1.9029999999999307,41.802999999999976,32.0,187.0,202.0,116.73199999999717,35.84600000000049,2.9865999999999056,1.5904000000000178,18.91039999999955,0.0,0.0,0.0
64,0,98,0xf16876d9e5c19ca60eded5b9cff360d20b8c49fa7132d5924d9bd6a1fa620b95,0x49b0b5ad25445751bae5b3e2c0e6999f540a1ed18a0e04bb5b4563b75560039e,0xe6ed7552780b73f78c182d51199330cbca579f4ccd914d4d9effb3e598f3255d,0;1,0xf4a8bbb1408f4e774d14c84c80c883b98bc9df83f8b5c5c2a3f97430b4f4e889;0x24d3a2875810f26adbe043987abf7ace8d83e8c3ec88e39a463c49113ec0cf58;0x14576a50aac0403a114694c01794e06b37feb6681f4a4b116118031542ecf159;0xa9f875b4684d41f9eb411dfdaea1736c2eb77d5281970ce225685cedae8b5ab7;0x15910ba0bae8b3da2d6361b785421bf76700ac7332b3772bf074200906579ca6,2.402242,1.901337;1.225599;1.052157;1.051896;1.022432,64.0,9.0,0.0,0,0.0,0.0,0.0,0,2615795712,2612375552,736.3200000000126,495.1069999999946,6.710999999999957,2.3230000000000386,42.00400000000173,32.0,189.0,202.0,104.93440000000075,427.79919999998975,2.8501999999999694,1.6485999999999585,21.858799999999874,32.0,189.0,202.0,1.732672,0.985075;0.811845;0.674407;0.791293;0.672313,64.0,9.0,0.0,0,5.0,1.0,0.0,7720.0,2634317824,2634317824,511.55099999999896,425.3020000000024,4.046000000000171,1.3820000000000758,44.787000000000994,32.0,189.0,202.0,110.45080000000041,30.407600000000034,2.401800000000065,1.4399999999999917,18.519799999999755,0.0,0.0,0.0
64,0,99,0xff47f56a01d410b2f4cffb43f120dca31165b3b01ed6a78ed01b8b1529225c6f,0xcdae40fe651790fdbba31339531318e4c4660f4bf579a36cb5a251761c08ac29,0x2ebac5caccf0d796728d73db61e9d5fb0e543d7252d1cd22260dda6763156d49,0;1,0x072c9c5dbbb1541316fbb58c9be725dcd6f0623b47932841da36c62406dda491;0x94465b4e9a2df00b1a6813548deffe6d4d181a460be23f86885ccc6342f5103a;0xd45676d4aab802bc964ced9c0f63d61ed48eea537e6f4cf6708f0b94ab7d9d86;0x6c42308bba39eb3beb8472bc95474094303fdccdba78c1ce77a45e0fe50c7394;0xfac40372f5624ebbf6f07ec802e56637064d71eb095e07d80014c20f73ffefbb,2.553611,1.470107;1.284928;1.07487;1.054911;0.980007,64.0,9.0,0.0,0,0.0,0.0,0.0,0,2616176640,2616086528,687.6470000000135,451.57099999998394,6.398999999999814,2.414000000000062,41.6929999999989,32.0,190.0,204.0,99.9846000000082,422.99579999999224,2.880400000000033,1.2399999999999651,19.126999999999338,32.0,190.0,204.0,2.118595,1.349595;0.8354;0.743771;0.684121;0.775699,64.0,9.0,0.0,0,5.0,1.0,0.0,7720.0,2634321920,2629881856,610.1799999999879,647.5459999999988,3.8859999999998203,1.5020000000000138,25.548000000000236,32.0,190.0,204.0,117.36099999999917,31.521600000000703,2.609599999999976,1.718799999999958,21.925000000000416,0.0,0.0,0.0
64,25,0,0xcb6ca15ba64494d07c15075eb124814bc8fad060d264fd88fe304757516e6393,0x295f8e86e7f86b35baebe26e80cdce10be2e888c2cc876e8151bb0b5a9230891,0x8e6aba69098a767eba211b7e62c2603c369b12443329efef50be6244574d8916,0;1,0x8f81319ab4ca5690985d2e9a9ba0b78d7a6c0751ed5b7f097f047368f753578c;0x8d9e588d525228346707558f2ed831523f45ebd381b743abfe996d44d63ab3f1;0xaaeb1621f2ad40f58676d592cc46e01a326fcebc547efa5bb292922c10390bbe;0xd7e707974603ef45d7548d89eb412b63d53d331f31f356adea0409602f5f24ba;0x665e0423d181b6c0feed375457a80e9261118365dc4fd37a6a39506520a4dc87,2.249833,2.162771;1.35971;1.257876;1.058937;1.123774,64.0,9.0,0.0,0,0.0,0.0,0.0,0,2612436992,2616352768,623.2599999999866,472.3420000000145,6.799999999999948,2.112999999999985,43.97600000000112,32.0,190.0,208.0,148.02139999999795,451.29860000000525,3.9437999999999285,1.966800000000003,22.24560000000028,32.0,190.0,208.0,1.706453,1.096524;1.124465;0.771814;0.905826;0.726646,64.0,9.0,0.0,0,5.0,1.0,0.0,7720.0,2634444800,2634326016,524.9310000000063,430.88000000000153,5.227999999999917,1.492000000000073,45.45800000000169,32.0,190.0,208.0,115.20799999999997,30.7504000000014,5.778599999999977,1.526599999999989,20.484999999999946,0.0,0.0,0.0
64,25,1,0x826a0f73d978dbe08961865933f59f32e0c88d93e4f07f8a3315e5beebde1b5a,0x24fb75bde31fb92c754c15d35db0a4d16b16f6c76460536fa7c1d77f9686632a,0x829d9247efc43c1bff472ca3cb6c45064c8e82ab9eb603c3704d747f46c3eadf,1;0,0xb6d91a6ceb14bf1a336c2effb168ebe1844ef03be22dff38991204bb6cc93f79;0x494bb8b14c010273b084ba2390b963abafcda3b76bc1f397ef4c8383f228d808;0xa494a464d79cf6c41ae9ddfa3e863472e4b339da0bd5faa74adc50d8b7707b6c;0xb8e3a3133d0f073d5b8e654757817ea289914a07dadad4f6d221ee8320e66e17;0x193fb95a97c7b0ddee35245843d08a0addb68a2ec34fa8320c33065fd7ec155c,1.892253,1.49899;1.318738;1.111235;1.012857;1.016923,64.0,9.0,0.0,0,0.0,0.0,0.0,0,2616414208,2616430592,661.4070000000028,455.7579999999728,3.785000000000073,1.5429999999999005,26.4300000000009,32.0,192.0,210.0,109.47899999999566,430.8658000000021,2.6899999999998974,1.3219999999999985,19.381200000000153,32.0,192.0,210.0,2.389504,1.377737;0.755319;0.748478;0.735078;0.601758,64.0,9.0,0.0,0,5.0,1.0,0.0,7720.0,2634547200,2634547200,718.0230000000121,554.9970000000015,5.919000000000063,2.2329999999999224,40.64200000000046,32.0,192.0,210.0,113.845600000001,31.07920000000042,2.9086000000000216,1.624599999999971,22.51039999999968,0.0,0.0,0.0
64,25,2,0x30f585d67161b54d89c4e5581874d6fff95fc11b7097c15dbd6773a47f3229f2,0xc942b7dc337ed280c23182d6fb7201125378319ec55a16e8e008280184fd359c,0xd43d9f482f90024122892c04fb1e703ae9a15c93b052527cb3217e5789803998,0;1,0x009276518e731c01a4a77fd795463a268e636775a67eeb925b5de2811b86ea3c;0x0ecedae28597df5f24ea3ca59d7b6405cf565b995cf8a5e748363290a941d5b5;0xe792da72a7b584cec516bfa8f660501ffa86c7928e52e4302998d4baec52b1f2;0xb8b4ccbd29f9b1e066f3e0b91f419355339ecb90bdf1ccf1d15930b95fa0130a;0xa063c4da76a76dfc6a93962815ce8111bdd01dbb8cf86927aff8d40df171dfe9,2.310074,1.825803;1.232529;1.101171;0.98091;0.932917,64.0,9.0,0.0,0,0.0,0.0,0.0,0,2616512512,2616528896,742.6500000000113,462.3770000000138,6.71999999999999,1.9930000000000467,41.382999999999,32.0,192.0,210.0,109.96160000000255,410.9192000000039,2.9261999999999517,1.5686,21.644800000000103,32.0,192.0,210.0,1.774806,1.019517;0.797793;0.911334;0.66332;0.619604,64.0,9.0,0.0,0,5.0,1.0,0.0,7720.0,2624593920,2627923968,598.301999999995,405.2209999999973,3.9660000000002125,1.5119999999999543,27.702000000000975,32.0,192.0,210.0,116.24940000000139,30.510000000003032,2.2312000000000025,1.6004000000000018,21.148000000000003,0.0,0.0,0.0
64,25,3,0x67702e1d83da173336f58c18c4bde2aa1fd53820c0e4580eb62ab2ec1dd80e7b,0x1eb3c855fcf77fbe3cfda5fa4e7c9b6dfdc357c0b95d07694b01edd87d559cb0,0x6fc0ced1e13130a10e5e87587b991e6c9cf2eafbc6a32ecf7b15de47ae037646,0;1,0xe883fe1c8336503bc2b425f5e0dd834543b272c049bbea26973b4b1306145efc;0x74e663e322e9fb75c4ea8451897cd1f1f99ba984d8471e3027ebefae30c257e4;0xcac0a318247ae2d60535a1f7f2d62dbdd3671f233158d638662b1761533d0b52;0x03272ccc17fac0e7a1a9484398f50c4c6da2de0d4598a347631f4931789fa490;0x923482f367c5b9cb3768bea6cb7f909b23d140787e1dffdb391ce1d439fadd01,2.338055,1.456777;1.247571;0.991776;1.089342;0.968291,64.0,9.0,0.0,0,0.0,0.0,0.0,0,2618097664,2618204160,554.3759999999953,555.5079999999823,6.018999999999903,2.13399999999999,41.31300000000115,32.0,193.0,212.0,95.75459999999758,437.12899999999166,2.8002000000000065,1.3000000000000425,17.926999999999524,32.0,193.0,212.0,1.827836,1.659132;0.910724;0.666485;0.636831;0.657361,64.0,9.0,0.0,0,5.0,1.0,0.0,7720.0,2634788864,2634973184,563.0289999999927,501.015999999993,4.175999999999832,1.6319999999998922,27.070000000000565,32.0,193.0,212.0,113.92360000000434,50.68639999999958,2.8201999999999745,1.7641999999999571,25.95519999999962,0.0,0.0,0.0
64,25,4,0x08eed0fd9e95aab7cd09e46833169c6a6cfde7d66c473dae4e413ffebaa47e94,0x1318ead6758252491be0768c7ad98369b7595c0461e717c8cd27e03ceef17efc,0xc8a8b8adf9de8df59e68973bb575efae1064e43db162b5d0f683a1d576b63907,0;1,0x254eaaac1cd9c63e6524f72130ca27c7e6e4a3ade6031820fdaf0fad2ae74d7a;0xee6b87e44d0bff9681bc27c1deb22f81ebd27d20e8278ec807c35d9c4acd5041;0x46937a32230b70d574bec320947e809b421dbf9cfd471675581272a4146e5425;0xc2dbf1f0d6d4348210eac8023d2349e0dd5a527aaf3169f521467a1c00e11dbb;0x369eec0e1a058e87737100284b4f30d447b406d0961db91c6c930fe1cfbe5ee4,2.116771,1.81724;1.242754;1.364628;1.172098;1.082753,64.0,9.0,0.0,0,0.0,0.0,0.0,0,2618241024,2618339328,590.7510000000004,455.1660000000068,6.860999999999933,2.012999999999928,63.11599999999848,32.0,193.0,209.0,119.76280000000061,408.77820000000395,7.1407999999999365,1.6484000000000203,24.365200000000392,32.0,193.0,209.0,1.806123,0.924194;0.743861;0.660146;0.70962;0.664803,64.0,9.0,0.0,0,5.0,1.0,0.0,7720.0,2635173888,2635177984,545.8030000000114,516.549000000005,3.7159999999999624,2.2130000000000414,28.422999999999643,32.0,193.0,209.0,96.39959999999671,30.669999999999312,2.3414000000000246,1.4160000000000041,18.1116000000002,0.0,0.0,0.0
64,25,5,0x9ae638935941bc590123f14343c2bca1352a5e3393178c338825a5ebfda13f35,0xa53c0951a6b6ef4fbf4b6d73dc50e72848a783cd349bd91046537acb47ac8c37,0xb168b7e37968a648b8f6ea1cef5d74e93569e893edc76bff587dd7c7885b9562,0;1,0xabf70841ba34b8bea4fc7e3e03ec3c349b4a95c840a22e890b3cf5ff2737bc90;0x28fefd2a65ff4e63d660e9cc08cb8604e85c905bfd6d39dd89bbab4b63ccee66;0x0daf51abe569227b12fac04897606726ee55b01bd2c7eb302436c94462c79e6d;0xfc6e5dbdc0e553dbc3781b614b8bfafcca0a1a20e93636df85d000b8a0109be3;0xcd3c2c7ff86f20b7ce9075a12e695f266f19bc797754b0b51bc6c60aff9331f7,2.53938,1.57842;1.324437;1.143485;1.143124;1.361533,64.0,9.0,0.0,0,0.0,0.0,0.0,0,2618347520,2618478592,742.0389999999999,675.5190000000133,6.07899999999998,2.2830000000000594,40.30099999999953,32.0,194.0,211.0,148.6299999999996,442.5012000000117,3.33320000000005,1.6065999999999911,33.363999999998924,32.0,194.0,211.0,1.798161,1.484208;1.043904;0.766676;0.839646;2.87793,64.0,9.0,0.0,0,5.0,1.0,0.0,7720.0,2635313152,2635341824,542.2479999999952,460.82499999999806,5.188000000000154,1.3319999999999392,33.029999999999866,32.0,194.0,211.0,124.2876000000004,32.0901999999984,3.0048000000000403,2.1732000000000435,60.74760000000027,0.0,0.0,0.0
64,25,6,0x824f277120bed476507001e7aaa2a3231036a8040792f3a7fee81eb9d4c87489,0xb07a32f182534654c7631eba7dc9db5dcf4d6a88ab6e71cb2fbc833dfdf02d2b,0x771c5a8dc4fba1208b54d2493fdf4935075c01e3457193ff0dab47462f8dce69,1;0,0x06f79bd47d673f8ee396fb03f8ce908d09ccc18c9aec6e3241b4d6eaaa306370;0x9a065ad7bdbae33f6b66fb6b202a1e8a01d7404a904569c7b42805692fe035f0;0x7cc01ef104be1f8ef27319fc587ff8abc51d25b168a46f5181830c652e86b69c;0x69ff2b40f679dfe3a57fdf8138a67651134cd6b9d4a32e1a2d9739de7ee7a744;0xf7c813896b4c869dc95c91a8cd322ff9f25aa143526e031ed528f51e29c2f1da,3.641136,1.998904;1.291488;1.111026;1.119068;1.046929,64.0,9.0,0.0,0,0.0,0.0,0.0,0,2613395456,2613395456,2347.269000000013,431.3510000000242,5.227999999999917,2.4739999999999225,28.653999999999485,32.0,194.0,215.0,117.28280000000146,444.0956000000051,3.7437999999999882,1.7989999999999846,24.314799999999856,32.0,194.0,215.0,2.422873,1.078757;0.996042;0.699835;0.77615;0.725614,64.0,9.0,0.0,0,5.0,1.0,0.0,7720.0,2635735040,2635542528,628.4970000000056,461.6560000000047,6.7000000000001085,2.3329999999999793,42.06400000000138,32.0,194.0,215.0,99.29739999999798,33.734799999998735,2.367200000000062,1.386000000000052,20.082399999999527,0.0,0.0,0.0
64,25,7,0x4d361237494de82d89cc2d534755570bf49555a74fb95a996855311906d53938,0x04389bba60159c11f25bce192de031abe077bfc9d67395fe625ca06054c55f4d,0xd65b6a9ba339120e9a5a5884f5ddb0d3df296a8510c6e3abe75d67e2aa2aa397,0;1,0x1c58ec0d54236a238cbecee1cb7fe6c4eed601448374613a92af00dcb89141e3;0xc91e118e933bd2c1a24bd5e79112943be7487537c0b0f5915fc2908e177e7f67;0xc24080f801e0688a69b74ec5cb7220c2801df171a9efeaeb1593fb5440bdc040;0x1bdd1d5c4d0b796692b503df42f1521eaa96d3e327ee9a4aacbeb4a155da16f1;0x35d3c68e6ad3d7bb4924e5d1f14d3a73a352c8dcc52dd5c7dd1fcd8d740f91e5,2.308091,1.67124;1.11382;1.277842;1.156014;1.157035,64.0,9.0,0.0,0,0.0,0.0,0.0,0,2618417152,2618597376,663.3209999999945,471.48099999999584,6.889999999999848,2.0029999999999872,51.97800000000113,32.0,195.0,213.0,127.17760000000023,457.68840000000034,2.982599999999929,1.4500000000000188,20.07220000000004,32.0,195.0,213.0,1.864371,1.355764;1.33929;0.877758;0.714387;0.748048,64.0,9.0,0.0,0,5.0,1.0,0.0,7720.0,2628591616,2635792384,561.6770000000104,432.0419999999936,5.087999999999881,1.4119999999998978,26.249999999998497,32.0,195.0,213.0,177.95460000000762,32.0540000000008,3.4272000000000125,1.6644000000000554,23.471399999999697,0.0,0.0,0.0
64,25,8,0x5d2ddfd48ac4469f221e6a3319d60e62854dd6598cc0d371a147935dd110fc36,0x80e6df65a909b82852c84e962e7ae778a7ed93fa742b23c7c6976024b8204dc1,0x764e2fbe4fca920f5322c7c53525c20dbe8501c94e5b782dd5dbb8f9f5512a7f,0;1,0x202fe125e7504de515738fb5b5f380b8f841bbedf00dbf98cd20536bc916a856;0x92df9bfe5575d4bea5e4860d0db9c529bf2d9ff4fe098f61396ce80f6f6b2ccd;0xa305540160c615b72544720275e27622b6f261f7b2a63ac42d6678cb528ce4da;0x3ad45f4add25002158cedde65d5501eee1ba580efd40c82f7adf933634b55bc1;0x1346fa4df8c6d7c5ca39052a9596e1e175c683d7062eb21fa2bda5d48ba6a058,2.351986,1.639483;1.48536;1.174421;1.08085;1.072437,64.0,9.0,0.0,0,0.0,0.0,0.0,0,2613420032,2613436416,650.8520000000074,471.48099999999584,7.731999999999878,2.173000000000062,43.31600000000157,32.0,197.0,213.0,119.1037999999922,431.0940000000096,2.4375999999999567,1.3601999999999712,21.348200000000094,32.0,197.0,213.0,1.928398,1.438899;0.781209;0.872455;0.770963;0.684913,64.0,9.0,0.0,0,5.0,1.0,0.0,7720.0,2633027584,2636181504,635.7090000000121,404.58000000000163,4.646999999999984,1.6219999999999517,27.150999999999563,32.0,197.0,213.0,154.50719999999808,31.383600000001174,3.531399999999983,1.959000000000032,22.667999999999992,0.0,0.0,0.0
64,25,9,0x827cd1b1c1c47942ae594d3b84be6bf52894986651354b228187478b4d57e794,0xc1c38846d56731e20b5cdc6dbb687f87eb465a15ac0f0ae4a8359e7d53574f34,0x1c7ef8eaedd036d65777bc59899495ec709532f7ef3e4d96dc2a109b27ed2e22,0;1,0x046eae868f61e5a6bdb07fc71ab748848f1769636f6666a2b7e6e06921124c45;0x249d5cf5d59ab6ffe9f99ed929617cd4fa22169bf2136bfc919a63dbdd41d868;0x637aa07b241c7cc6ea054e3cbc9c6c5e0be7d1f382dc65f61650ca3762346db6;0x55cbcecbf719c2e171fc0e38b965d20228e4940773ace447114e1598b8895b69;0xd76926b79617205e783ab2e5cb0644adca874ecb814ed4dfe491c3268d5cca17,2.385176,1.941678;3.010049;1.237135;1.033658;1.111827,64.0,9.0,0.0,0,0.0,0.0,0.0,0,2618941440,2619084800,726.8659999999927,504.29099999999005,6.3699999999999,2.1629999999999048,41.942999999999145,32.0,199.0,215.0,115.63220000000429,452.71860000000163,3.0185999999999757,1.5319999999999656,24.761599999999913,32.0,199.0,215.0,2.005214,0.914159;2.919162;0.805334;0.682298;0.691883,64.0,9.0,0.0,0,5.0,1.0,0.0,7720.0,2630356992,2629107712,766.5249999999901,392.58200000000244,3.865999999999939,1.642999999999957,27.83199999999847,32.0,199.0,215.0,121.1005999999959,30.938599999996708,2.465599999999964,1.348199999999999,19.347000000000115,0.0,0.0,0.0
64,25,10,0x38170cee3296c9d230b1a393ce077f68a78c4ebe251875737d2df9f42df50090,0x3dcc3b0176d5b203b641b7511f7955588cea1c1a8eda43e9f3e0d8521b165445,0xe8d09869a6bab06b154ce96584312d0c8c9576558f0cc13a671f9faca9e3174c,1;0,0xcfe99170c641a5a0a5cc02948da8c448a13076242cddc0366bbc5c206fae6600;0xc7a28423dfec2e72ed248ab8d711bf0d374aeb31725eb5a3a6a3c67217540c25;0x1c4bf39a6caf960e5fd2378e309ddbf9c7b8ee88b057a69d1f1231e3cb1c29a8;0xf338c31a43e4185ed7cff13c60a63879522dfc9c6550ce82678ea7fc5c2726da;0xd94e801f54b81daa8cfe31b72b27eceb42a635b795139054332843f70bb5d3e1,1.922539,2.031253;1.267021;1.126008;0.953308;0.997634,64.0,9.0,0.0,0,0.0,0.0,0.0,0,2619346944,2619547648,667.3269999999953,412.9629999999884,4.867999999999887,1.4520000000000939,28.263000000000595,32.0,199.0,218.0,112.0410000000016,452.49259999999845,3.192800000000051,1.5564000000000031,22.37739999999891,32.0,199.0,218.0,2.323634,1.066828;0.812786;0.612554;0.646284;0.593165,64.0,9.0,0.0,0,5.0,1.0,0.0,7720.0,2629369856,2629447680,668.4070000000097,461.085,6.981000000000088,2.4029999999999974,41.91300000000106,32.0,199.0,218.0,104.38139999999763,37.216199999998146,2.5017999999999914,1.4300000000000077,18.405800000000085,0.0,0.0,0.0
64,25,11,0xc2609dff6bf8c77b965dc242d3db750a8ceb42031d26e74afa260778952f69b3,0x1ff0cd95164a28d8b81e79a5d749a5cb51377177a06e7646fea6e6faeee3faf9,0xc3e0597711182f287d20df3a3df446c176a58bca7673885a97063f36560ebc2b,1;0,0xf321eabe1b7b89f8523c9b2ef68d886b7c363a03143b076436afc9c083b714f2;0x5c84b201b20bf08e9918e6015a04acf7402cb1414f0646bbbc1e6cb13773c4f2;0xffa12e8294f5f53286d03dfb87a25e9ed350224e6f00d775a96c76ad4178493b;0x23f89753928f7c7bc8223a232c2f01a04ecc8243ebf3a9ba641eefd7850f0454;0x7cb7a9f3eb095edb07628e0a4d76c219a265488d012e7f531dac02aa29152606,1.85264,1.82345;1.209494;1.274202;2.083542;1.149444,64.0,9.0,0.0,0,0.0,0.0,0.0,0,2619899904,2620162048,491.7020000000105,395.73700000000713,4.857000000000038,1.5629999999999984,28.06199999999884,32.0,201.0,219.0,113.78559999999926,468.8032000000009,3.5756000000000503,1.584999999999998,21.82920000000019,32.0,201.0,219.0,2.123773,1.591871;0.879366;1.799384;0.922241;0.851243,64.0,9.0,0.0,0,5.0,1.0,0.0,7720.0,2637385728,2637295616,533.0639999999997,474.57600000000434,5.52799999999987,2.344000000000044,56.73499999999873,32.0,201.0,219.0,129.00439999999904,44.70180000000212,3.850000000000121,1.908600000000019,26.960799999999757,0.0,0.0,0.0
64,25,12,0x187d3f6e31e118c4e194017abeb269f5abfaa50206ec012bc02cab3ae7d608b5,0xa83aba775651cea2bdcf4bcb4457532ad3077dcb38a854fa652dd46e0fff30df,0x41e549f52c7e5d995bd9413297db589b23629223f3cf21a5c67b3996c384ced8,0;1,0xd8ac427a5ed5a1517419080967f5fcf0da1823222665e92fd78efd1bde1d1b04;0x54724661cbe4d5ffbdbb6034c7e064a0db2e4390af8747992c7e92862cd6b602;0x916ee76bd84bffa2f18761135619b8097be8143afc756cf4af12e656da12c183;0xf3031dbdbbf152851e3175404acfaf056048a0879e59fd44cb5598e44936c50b;0xf45aebfe9a418f92c5723c0105a120261c228f2e5d1625f5192eb5fdeee71f8f,2.258246,1.994027;1.309185;1.151998;1.202193;1.264247,64.0,9.0,0.0,0,0.0,0.0,0.0,0,2620440576,2620420096,581.7069999999869,458.53099999998426,6.880999999999815,2.4739999999999225,41.57299999999961,32.0,200.0,216.0,119.43199999999155,465.4280000000011,3.2329999999999686,1.6203999999999696,30.810600000000242,32.0,200.0,216.0,2.490546,1.149895;0.873217;0.924334;0.967168;1.300221,64.0,9.0,0.0,0,5.0,1.0,0.0,7720.0,2637582336,2637545472,646.9359999999868,721.9789999999975,4.847000000000098,1.6129999999999183,27.07100000000004,32.0,200.0,216.0,261.4441999999939,35.074999999998305,2.708400000000014,1.6968000000000016,20.2187999999999,0.0,0.0,0.0
64,25,13,0x8eb0247e3352f23ced5185abb92d68930ace0b57fdecc5f9fb8bfb8152f3877d,0x8606b8ef2ad3b4eead0fda4e147eea335832edb8fcefca59f8cba27462b6e5a2,0x99963aa8d76b7cc4e38d3f3f8a7667a7fc8913f86d6b7512dcaf6feb9a165460,1;0,0x96db0a671c8f82ec702f502caf4749c79e9fa9d2cfb21048ed99dfa83195a6f2;0x21e997caa8a3fae601bc40ecb868627d3a5b684110c7a99bb4f3317e94959f93;0x7984f5456253981e5f1754e9ec8a49c148e594c7d361dcfe35bb4b6dfff83f03;0x7936d5c3783f6ddd0349164b5797c2720fcfff85bd1f288c803c23bfe199bc39;0xfe3a917d6f03a7ec0e41ceaed0349f340493edc48abd6302202a4bd50230bad1,1.753825,1.603468;1.12703;1.017905;1.181692;0.965577,64.0,9.0,0.0,0,0.0,0.0,0.0,0,2622660608,2622738432,537.0500000000111,418.21100000000166,4.816999999999842,1.401999999999957,27.400999999999815,32.0,199.0,215.0,134.44879999999216,426.54140000000234,2.706000000000149,1.3598000000000081,18.20759999999963,32.0,199.0,215.0,2.13498,1.407012;0.780687;0.630451;0.695369;0.655148,64.0,9.0,0.0,0,5.0,1.0,0.0,7720.0,2629943296,2637856768,581.7680000000103,468.11600000000453,6.028999999999844,2.2030000000001007,42.31400000000163,32.0,199.0,215.0,114.15779999999764,32.44099999999695,2.984600000000004,1.6528000000000462,21.544800000000006,0.0,0.0,0.0
64,25,14,0xe972888948f31f7318f2b418a8299214220dedbac5efc398892596100871d297,0xd413b3879caa9029122cff1ce143214d2a71a24af3dff21c3475e724ab903570,0xf3c06c79d5e0f854c39c93ac828c77656f69445be6d5b9f3a2068a00de6e7360,1;0,0x9a192be2bfd1d67215dead8e029bcc5cfb1ec770e93154793e3ec11e1f84476f;0x7ee46b9b441a2d39010bb10af890f78b44ecf1f9871f3eef66a9910478a4f82d;0xd8713916a66a616c6320a1267d7a7089297914cd7e9bedf17c6314d3cbe30ad9;0x8a7571dc9d2ba50d0d338ff2b6f1abf1a20afd7c884fb4f6b82a3ae8e4358fb6;0x4c7bb2a0df41e38979692aad2a94d88eb3fa4c6450b0dd3cb975a95a023032f8,2.314942,3.390724;1.801707;1.09458;1.059428;1.240972,64.0,9.0,0.0,0,0.0,0.0,0.0,0,2624225280,2624360448,787.9289999999928,635.8590000000164,5.297999999999934,1.5320000000000524,26.620000000001504,32.0,201.0,217.0,187.03820000000593,693.0331999999928,2.8900000000000974,1.5305999999999653,18.558200000000358,32.0,201.0,217.0,2.384887,1.386641;0.903533;0.843592;0.717332;0.631292,64.0,9.0,0.0,0,5.0,1.0,0.0,7720.0,2638401536,2638577664,596.9700000000022,652.6740000000059,6.148999999999998,2.222999999999982,40.730999999998716,32.0,201.0,217.0,125.68760000000178,32.02019999999917,2.8924000000000483,1.840800000000014,22.299800000000204,0.0,0.0,0.0
64,25,15,0x07fdf556bd97b8cfdc9180d06d4a0cf64e20ac95d9b27ac79ddddfa816b805d7,0xa197cdf4fc289ec634f021f1d15216e8e154735aabcb208b7578ad72fdebd69c,0x2fca345454e5bf8cf4c6e8498ddb723e33b8e8cef468a8bd1a4dec0db3b18dac,1;0,0x6923d27dc042a0f591e965a5d5e4486489169804822bb6f1451a38af3de8094e;0x1ef170332af199024ac83976b4ed37bfee01f0d03a1ec49292cae3c69850b71e;0x785113037aa5764b6381c410f6c416c6dd715651a8a3d431eaa0a41e86be4c19;0x486b9cea15f9219fe73305289b330962c0cd6da963ee31f7ae61157aa3f5ba04;0xa53231e942919d730b4c1c52d2a6b178cd22eef06ad5445bad6f5b454914810d,1.746834,1.826685;1.077845;1.108952;0.989362;1.018757,64.0,9.0,0.0,0,0.0,0.0,0.0,0,2625380352,2625454080,533.0440000000103,444.9610000000215,3.9559999999998383,1.401999999999957,27.310999999998614,33.0,210.0,217.0,114.3783999999981,474.00460000001084,2.6880000000000823,1.3282000000000311,18.267599999999966,33.0,210.0,217.0,2.323504,1.448734;0.905175;0.653886;0.678413;0.660937,64.0,9.0,0.0,0,5.0,1.0,0.0,7720.0,2631995392,2630676480,607.2950000000077,494.9060000000033,6.981000000000088,1.9729999999999488,44.457000000001216,33.0,210.0,217.0,112.91619999999614,31.862200000001838,2.791999999999899,1.7728000000000275,22.19519999999975,0.0,0.0,0.0
64,25,16,0x9c002f171021314e93ba31a5408d40d03ad93d594daef72d14df9d92e8bb773d,0x0ffc309ca3970e43393907a8cb844673ea069185b6c51414365c9c9a3e579e56,0x8b9c01cc251e3e1487f0304cf2deac50d0bab12570138e8c597a32154028d59c,1;0,0xd4d6fd152713f14236a1d40495b2d8cb473d74daf0869b6665693ff0a8338d98;0x09d3bfa5229ad78c1e49a59f3d840d749ee50fd501e6712a0c12350e17332425;0xb5b76d0ed662f6cbd14f1e2f6632396ecae7e7e87fec7c7b861527cbdaa9ec77;0x512951f5d953d8f822fe016009ed4955e914a822d18c4f9806aa8da4f41111a1;0xa792623c9161b1a8b3a97d38f7a95c669306b8ce32b97a223f73a2ca5048aab0,1.870251,2.328312;1.381274;1.269535;1.919705;1.157456,64.0,9.0,0.0,0,0.0,0.0,0.0,0,2659389440,2659524608,581.7879999999998,411.93200000000377,5.638000000000084,1.5119999999999543,28.482999999999286,33.0,211.0,215.0,130.72299999999925,506.8364000000103,8.618800000000006,1.8247999999999356,23.75979999999986,33.0,211.0,215.0,2.414541,2.264856;1.110625;0.934059;0.79548;0.952386,64.0,9.0,0.0,0,5.0,1.0,0.0,7720.0,2630840320,2630844416,660.3450000000066,484.91100000000455,6.9010000000001295,2.3329999999999793,43.9770000000006,33.0,211.0,215.0,223.28080000000307,45.81920000000239,3.67919999999999,2.0812000000000257,30.522199999999387,0.0,0.0,0.0
64,25,17,0x2ac31b22bd39b9462107ec51a73760d007f7823d07575ca22f699d3af2d7c27d,0xbc642352cab7b9f0c9133c17fce5476bf5be45edb149767127d97c6839863a0e,0xe731282cd6e9ad6cc6d947c15ff4ba5c83b3e52f0275ede15a60405093a7f484,1;0,0x8343bb340af5f0e57b1e03562567d1c14d482b3af7c7ec1ed62dbed1e7ac9826;0x74b12633541967b78e59dd3ebd92432421b1538561719892dae3265ae58c248a;0x90282649d16f8c0e7eff6bfb3f3df93b1c24ee885c04ac742253ee3a973dbb9b;0x470f42c95b5295c4030dbb49fff6f01e5a47fe9a59669c9e12e4c65d81469ba8;0xd334eab73adc01a3d479608cca052f30c5b81045e2d171e2facd0faebea568a9,1.958354,1.802739;1.397398;1.156774;1.243816;1.144606,64.0,9.0,0.0,0,0.0,0.0,0.0,0,2660339712,2660544512,559.143000000012,452.3630000000112,5.558000000000125,1.4220000000000552,26.450000000000777,34.0,215.0,215.0,112.40339999999959,446.78740000000386,3.1083999999999796,1.5324000000000153,20.154399999999796,34.0,215.0,215.0,2.556846,1.683338;1.143815;0.913728;0.732946;0.753696,64.0,9.0,0.0,0,5.0,1.0,0.0,7720.0,2633846784,2633973760,1001.8410000000033,503.3589999999949,7.100999999999809,2.554000000000098,40.981999999998436,34.0,215.0,215.0,121.458999999996,32.148400000001075,3.5755999999999637,1.8647999999999583,34.265799999999565,0.0,0.0,0.0
64,25,18,0xfcdaf23c2c8e05070bb9b8bf4e29fc6b2880edbb1e13d5f80301eb057bfb9c6f,0x6bd363168740268ff5f3a3b228f36e39d64bc5ef983f4f4752bf7645b97955e6,0xea6d63f8088ae8c557d0e74f889e1fc4c68a05187d26a4330d0d42d6406c4a7c,1;0,0x51eb0a9d4766bd656ef81cf251f1cf36d55dc96945b1294ca35e9b83d87750f3;0xa4baf35f7809d873a21e568ae5431f84a1086ab7629ed75f87ba65fdb3336ea0;0x1b006e8e14d45a2513e28438c06b57959e616cf90b5b9b84c02c1ecddfe7e357;0xb89427753fa517975929df68674205f3e4161607325edd241cfd5ec706923a58;0x9c01041dc23d5b893381a8eee9a318f5a2828f988df4ad2bfbbd15215acd3c07,2.095851,1.94283;1.12061;1.070745;1.030264;1.039247,64.0,9.0,0.0,0,0.0,0.0,0.0,0,2661900288,2662461440,594.4270000000084,396.7089999999951,5.217999999999976,1.4419999999999364,27.32100000000029,33.0,213.0,214.0,126.60479999999642,416.9611999999989,2.9943999999999633,1.8349999999999878,22.032999999999774,33.0,213.0,214.0,2.3539,1.121682;1.084606;0.810132;0.652684;0.692033,64.0,9.0,0.0,0,5.0,1.0,0.0,7720.0,2642186240,2642669568,616.0590000000021,515.7969999999984,6.419000000000129,2.1629999999999048,111.69800000000035,33.0,213.0,214.0,121.13859999999255,32.721199999999335,2.5981999999999914,1.6086000000000227,19.05459999999998,0.0,0.0,0.0
64,25,19,0x24d9a77ed5389200e2e3f497f3896c9685fb9a0f60441665ab882b2dd7f7ef2b,0xca810af9cef4c3fcbaf2350aa7e163f81d435b59af9f468d4dabd984fb554786,0xc30e462600338fe5b248fad707c1799d6eb6896bbee2f58b267951de5a54d3bb,1;0,0xe6b79a3f50db7978b432c6ea6725d4d7809f91a15eb9ebee246fa3ff99c93c50;0x34de627edcd9a1a15b498e771e6e386b911e3f920585c53ca048bc0b016ac7fd;0x8faa149e50a405f358473e344dd5304b56de0e022d74fbfbe8ca9fe0c6422f8c;0x612d56982bd55f12b709a5398648962410baf2b5171b513bf784bea6275ec4b3;0x5d5a410d7b48090333d7b4a2bdfa7dbf0b8218d95641b1aad4a45dadd8652674,1.954758,1.656298;1.114862;1.203825;1.157465;1.019687,64.0,9.0,0.0,0,0.0,0.0,0.0,0,2667692032,2660392960,531.6519999999936,450.91000000002657,6.098999999999862,1.5519999999999337,27.25099999999897,33.0,213.0,214.0,109.67720000000791,453.8525999999932,14.309600000000053,1.482199999999984,37.2979999999995,33.0,213.0,214.0,2.361712,1.551746;0.775469;0.784142;0.717141;0.639604,64.0,9.0,0.0,0,5.0,1.0,0.0,7720.0,2647842816,2647863296,586.6039999999906,489.78900000000436,6.059000000000099,2.103000000000044,60.541000000000764,33.0,213.0,214.0,108.64419999999653,32.656999999999826,3.210599999999963,1.594399999999994,21.89520000000014,0.0,0.0,0.0
64,25,20,0x8e5636bf1950cedff9c8b75a01fd791560ede6f752b7213ebd7c90833bf0d21c,0x2f53698456718c7ef786ebe265c74201fbad3caf42c859ec3d1cf220fbe5d646,0x77a7c0c3bd527f84777208ab7ff0d74386ea48e15cc15c978123dcbf5eee73bd,1;0,0x3d073797ca3021f1ea5c645f1fa8535d6c8c3d8c4fc68e6b15acbf7ca85f846e;0xb3d867329ad1c602da9c9ab2a2e280da28cf5224e20fd63df4d97a5b73fd3001;0xc785642f8641af1dfcde3900ec28bbad224b8848b577c40963bca82b846ee352;0x4b952f6bfd7031f5f8bf869529215e465dd2ad2050429efa334a85913ac073ff;0xf4407f26e50ac1e16f22e5da2611bb7bb07fc26dcf7c0ad58540a815fcc454eb,2.049931,1.47211;1.251688;1.133008;1.00832;0.999458,64.0,9.0,0.0,0,0.0,0.0,0.0,0,2667827200,2667819008,567.1160000000064,431.3109999999898,6.820000000000263,1.7830000000002098,30.204999999998428,33.0,213.0,213.0,102.89099999999941,419.6948000000034,2.5258000000000225,1.4621999999999726,22.425599999999907,33.0,213.0,213.0,2.386499,1.284528;0.752455;0.627826;0.65642;0.569739,64.0,9.0,0.0,0,5.0,1.0,0.0,7720.0,2654126080,2654158848,632.4540000000045,483.23799999999693,7.000999999999969,2.112999999999985,42.20400000000055,33.0,213.0,213.0,116.72019999999783,32.12240000000088,2.6278000000000237,2.431599999999992,20.94379999999993,0.0,0.0,0.0
64,25,21,0x2f4b6dbdf64b4a8dc1632403425ac5b0317e97f81722bba90cf36155c2609e2b,0x132e3e75d905b0a841e8215029e88de984f218a142e02e414997d17320a69e9d,0xb3967aaa2006efa88779834e58d693e2ab67da071e2fca3f8b1809bc2e9ed675,1;0,0x4a64549f93c4ec2d9738fc5f09ffed486faa53d8bf832b82a4bcae1c314b5bfb;0x39ca74d9a195a631356825d727545b4d3509565fe49dff5d1bdb6ef6ec002646;0xba8862f7fe45d92638f4fbf7a4ba8fa389a0733b591e359f1aaa265782c750bc;0xf08f6e091ef8c2108fd3e7ebe1a504fe1d2c1ae18995dea384bec71e9f5a0c95;0xa97eae5674d6aa432680a0fcdb3425f530021e39320719bfa988594866487179,1.833675,2.228671;1.193049;1.353381;1.01486;1.099378,64.0,9.0,0.0,0,0.0,0.0,0.0,0,2668601344,2668683264,514.3360000000041,501.7669999999863,5.617999999999769,1.3520000000000372,28.783000000000975,33.0,212.0,212.0,113.53339999999878,480.20819999999856,2.920399999999969,1.784799999999913,21.820999999999646,33.0,212.0,212.0,2.239067,0.979037;0.739295;0.730792;0.694608;0.607896,64.0,9.0,0.0,0,5.0,1.0,0.0,7720.0,2654355456,2647629824,622.1180000000048,475.90699999999765,6.490000000000054,2.2139999999999485,40.35100000000097,33.0,212.0,212.0,101.06260000000144,30.800200000000167,2.5718000000000094,1.3099999999999397,18.155600000000632,0.0,0.0,0.0
64,25,22,0x2a68cd8e31a158db0ab48a3d4436315c01908b943f20ba29825211486a602983,0xfee37c27fec0f13b56184307d8b0b2b7625f7b3a7bcbdb61bdda6380e78a0ef6,0xc609d8527a30853d58e45fb93dfb159c46e5bfa1219e4498ffdb0f2e28503de6,0;1,0x9fcf19a456a499622972b76acf605946388802de23c8a41fdf0a85cdb3202a01;0xe7612d1065e361bdef26299c4fb2813c7ec438efd5ba21bd5c4081a017afc01c;0x40fcb25f8403f5eeb511c4a8cf2ccf764621d47cfef14cfd4b669306a052c1c8;0xb9075857ac1449af6a77271594b00f807de73b797f34a50ba180e2e5e9506ac6;0x6d4fcbf1e3d613973ab64bdbc7c6ad2450a4e53d7d08afb8ca13543ca3dabe21,2.341922,2.012795;1.168973;1.018787;1.05412;1.00111,64.0,9.0,0.0,0,0.0,0.0,0.0,0,2661208064,2661220352,692.1129999999943,471.329999999992,7.601999999999783,2.1230000000001423,41.12200000000107,33.0,213.0,212.0,109.95179999999661,421.27539999999857,2.7660000000002265,1.6083999999999543,21.608799999999622,33.0,213.0,212.0,2.133307,0.897794;0.68943;0.620686;0.654677;0.680327,64.0,9.0,0.0,0,5.0,1.0,0.0,7720.0,2655055872,2654867456,731.6539999999983,511.0900000000057,4.446999999999871,1.6519999999999904,28.573000000000487,33.0,213.0,212.0,103.63060000000424,30.578200000000447,2.609800000000044,1.4002000000000807,17.694800000000317,0.0,0.0,0.0
64,25,23,0x1bb5e919b6499d9e54a762cafd08b4aa1136bbeebcffd8758fc97740b3c61412,0x1be8413da5d91caaa50766ae1c8418540dcbd80c35c818752c4abdc32e496188,0x951c9a662cb58506db70b02fafcbb4d66ca5b3eb3baac0d9f6b9a47f3b614529,1;0,0x0961e9de2bc4d7d4fe19ecf28ee6d5d06452a6daebb03d1c7d468be144ceedad;0xa3e9381692ae30d4695ae251ceb34e57cd4a32eac8908df8ecbb18c4f4b2a8d4;0x91534ef9f27f0838488eb68d91fd0508906d1ef89a67b77dc37caaf9e1abf775;0xa0702ae0ee4e636c07c3525e551866b3681d3c8587b8ed2d74201a08b865addc;0xae2fd4031132d96fd4cf0d07be97ab8ac1c8608b3a933e49b1dd8fbef6f37dfd,1.840636,1.698831;1.400442;1.12056;1.012898;1.038737,64.0,9.0,0.0,0,0.0,0.0,0.0,0,2671808512,2671837184,591.6420000000033,434.12500000000745,4.877000000000353,1.402000000000174,26.620000000001504,33.0,214.0,210.0,135.7910000000018,446.52520000000305,2.493599999999971,1.7046000000000594,19.59160000000043,33.0,214.0,210.0,2.238205,1.440593;0.76255;0.699054;0.619745;0.633956,64.0,9.0,0.0,0,5.0,1.0,0.0,7720.0,2657169408,2658521088,574.9969999999938,506.0030000000049,6.509000000000029,2.0229999999998687,41.83300000000153,33.0,214.0,210.0,105.16039999999838,52.60340000000085,2.8964000000000243,1.7526000000000348,21.83119999999983,0.0,0.0,0.0
64,25,24,0x98cc449a5f1c81442adcd3d1bb3f1a73a906fc6a8b5692543bce39e9b5ef5393,0x078420d956d168c25efbc460e5a67d00ad958039b462ea25c157e09649f7b2ee,0x693fa7620a5bf11ed31bae84ee0f4ab14431ae1c90ec111ffc14f8679ff8996b,0;1,0x2b6f81b2b9a602421f960adfa9796e7903db8735f4917aae0f63e0e548c95704;0x003b1f04d756cc7f491abc9939d19fb05045eeb23483a893975d438a35248365;0xfbc1631fb75eede7475e153946d450712f0dcaa087a7a3acff13106179a1482d;0x249c28b8d0a3c1cdc54af37e1a0673528d23d8a7bd6b105e5b35a2749634c69b;0x94b1986fcbc36908920326daddca4df812f2b267573789adc53eb1888cee74ad,2.40036,2.094578;1.237586;1.103304;1.089563;1.002252,64.0,9.0,0.0,0,0.0,0.0,0.0,0,2661572608,2661584896,665.8139999999868,551.8219999999797,58.13699999999977,2.1130000000002016,40.7920000000013,33.0,213.0,208.0,111.68420000001177,452.92539999999275,2.9490000000000074,1.5863999999999983,37.7009999999997,33.0,213.0,208.0,1.843801,1.169233;0.891304;0.66958;0.744222;0.694397,64.0,9.0,0.0,0,5.0,1.0,0.0,7720.0,2660483072,2657165312,589.118999999999,444.39000000000283,4.757000000000199,1.6719999999998716,27.89200000000158,33.0,213.0,208.0,123.9309999999938,40.11860000000256,2.447400000000089,1.4459999999999993,26.049400000000002,0.0,0.0,0.0
64,25,25,0xdf9b6ee62646bbd503842de7c706fdd2d043c0d435ff182084b4beb0d7ff9dfc,0x61c496e11961d1a67e8efe8c004d93c37907be7d4424e5e9ab518c5fe88dc649,0x66e5a02bb77bc68e0cb1ef37efbb0f8cb9b302d123e2aa943e9e676c3a231156,1;0,0xac10a55cbffbb0c28fe435b989f336bc058d8d8ecf5dc8e8455ab6da9fd19da9;0xa203d0c687dfdd396293eb3532e470a018941585d31b98980c2e894dc07ca92f;0xcbde50c706120f2bfae12f4bbcafeecb445fcff8bba1e465a2a13477ecdfc866;0x3f2fb1ed74d330852a4887e00b19af0c9b553d7966001e765d1cde5cb1142e48;0xec087c7d92f60fbda2b38190ae17f7708d600ba7d9be5d90db2cefbd99ae93ba,2.791564,1.736639;2.052265;1.159629;1.605781;1.173249,64.0,9.0,0.0,0,0.0,0.0,0.0,0,2673094656,2661720064,814.3029999999884,456.0780000000264,5.859000000000419,1.8129999999998148,29.504999999999114,33.0,214.0,210.0,114.84559999999644,626.6050000000023,3.561399999999978,1.6626000000000487,19.700000000000273,33.0,214.0,210.0,2.946332,1.920031;0.856291;0.958706;0.872275;0.683425,64.0,9.0,0.0,0,5.0,1.0,0.0,7720.0,2661527552,2661560320,803.2209999999928,484.33000000000504,7.951999999999872,2.6739999999998187,41.612999999999374,33.0,214.0,210.0,172.85880000000307,31.903999999996486,2.8985999999999943,1.8027999999998927,23.70940000000002,0.0,0.0,0.0
64,25,26,0x6910052b9bf54bae600d2f156666fb0bc53b6e13fae640376a965a82f9c6b807,0x9aa88690e76e57b5a9b153ef488835ab6e874269d792258d25a77fbc25d4801c,0x8fbb44f26dc8488fb84d0da1f1a1c14f167bfa0e594713d30267e2f0116d2b0a,1;0,0xae7984928eb4654e87c425f8ec7174cadf2a22efdf100cc6a4965a32c142844f;0x8140dc5831df83e78eb1d8b708bc63c8aae23c109f6cb13cb38a91f165c76636;0xef4fa58aaf40efa9575abdb0814084b8631573aa8e3d6eb42fef99ce7bbb3dfb;0x9e25027a31dd7959f5005f5026037e2f6b6e638f64143996a02c448991c4440b;0x8a99d8ea5280185caf61cc3367485d427bca6275f073a67df609d07cbcfa7a99,2.657642,1.522766;1.247326;1.11728;1.050744;1.344317,64.0,9.0,0.0,0,0.0,0.0,0.0,0,2674663424,2674855936,1229.1040000000087,487.9950000000188,5.919000000000063,1.9429999999999101,27.18100000000112,33.0,213.0,207.0,99.82080000000005,471.4572000000028,2.572200000000059,1.2779999999999563,19.126800000000138,33.0,213.0,207.0,2.883427,1.527083;0.784593;0.86891;0.661989;0.633791,64.0,9.0,0.0,0,5.0,1.0,0.0,7720.0,2658312192,2662359040,717.0710000000136,559.6340000000033,7.030999999999791,2.394000000000181,43.336000000001455,33.0,213.0,207.0,111.9325999999976,39.70199999999979,2.924400000000032,1.638599999999931,21.45839999999968,0.0,0.0,0.0
64,25,27,0x171c294f1db0fb9dfb4844150215bba001d99eb60cefeca185176ff98df03749,0xed615cafa086b446eb683e3157f1f0ff0a0ea0d411971b1ad58fb370a4b626a7,0x8b99d69dbeb5a24f4f08edebb88e4f9ba7431f73c22fc9ce1872568cee9dc31d,1;0,0x8acf8b2f737d6e6363f5eb70a69a1d1901b13157f43f21bfb7cab329b577fc33;0xb8f98ff031023248886acc154dd1d083822bef1312bf2a34083ed1c25d53eb10;0x19c0975a493f73f9b140ec005854f64d2e68e4500822b5bbbbd6b0bd873ce9e6;0x003ead5cf97909788613e0599f5f33b0ef9aded39bc10b9fa8eb85fe473f76b2;0x19e41fdb2dbf8e431ba45928aa674d9e59c95e8b5a418d4bdb1febd2208805a5,1.757751,1.695757;1.26663;1.244637;1.159358;1.181792,64.0,9.0,0.0,0,0.0,0.0,0.0,0,2675998720,2676031488,506.4840000000015,434.13500000000215,5.146999999999617,1.361999999999978,27.55200000000013,33.0,214.0,212.0,107.41819999999791,506.1199999999988,2.6842000000000876,1.4942000000000428,40.46499999999926,33.0,214.0,212.0,2.212696,1.257256;0.715058;0.645273;0.607867;1.998794,64.0,9.0,0.0,0,5.0,1.0,0.0,7720.0,2659565568,2659840000,675.0680000000009,498.2119999999979,6.679999999999794,1.9329999999999694,40.58100000000134,33.0,214.0,212.0,101.99159999999542,36.10420000000059,2.972600000000075,1.5004000000000752,20.545200000000182,0.0,0.0,0.0
64,25,28,0x7af27e71256290a95d174e178f65043b5751074508aea4c37db997466bf79b62,0xd025366ceb2be9de48576dddb8bb32d98189d09a6946bfdb66a52adc9da75f03,0x5fd880c92bdb9eaa3e90379265d40fe7987dd16dd7a566e24ab92b981b7776a8,0;1,0x944e0e727cb6cb8f9db68ddb0f6994a6d166890e313e1f1ba3ed814c10569cc7;0x3cee7defe845053a92eec22ae9db3220e39f2d8e33d0e1ff2523dacd2b7d9cc4;0xa86400fbb14189a3c606a9c9972394339e54420c8ab33e1aae2bb5d26b162341;0x5b9b1f00e9fad7c7b920f960398585c2ebcaa3ca56443c7bbb6584214598398a;0x176c5442e19a8a0a90b877dafd004bb8c3e2155c907a63083aab885ce31acb00,6.003417,1.58469;1.53187;1.024255;1.907096;1.186158,64.0,9.0,0.0,0,0.0,0.0,0.0,0,2677571584,2677661696,774.5530000000111,792.3950000000013,8.011999999999949,3.0139999999999683,43.336000000001455,33.0,215.0,210.0,107.64219999999658,610.7728000000034,2.5880000000000694,1.3922000000000412,20.761200000000287,33.0,215.0,210.0,2.250303,1.245308;0.765104;0.711694;0.989833;0.7498,64.0,9.0,0.0,0,5.0,1.0,0.0,7720.0,2665693184,2661126144,565.5629999999911,603.2089999999935,6.529999999999817,1.8430000000000704,65.4289999999988,33.0,215.0,210.0,114.64099999999866,31.7760000000028,2.900400000000001,1.6144000000000054,50.932800000000334,0.0,0.0,0.0
64,25,29,0x3fe9f92bb365c019adced7a5af0a1f6aa96391909be999950561ff410b416969,0xfbb859fbc7e8ab81c17d0b27217c4df849ed9af06548253870fa149e0d589085,0xd23396512c121913f7f0556c38ac13a42277acbb66bcc688b8c5dcff62b132a4,0;1,0x097aa437bc78d6bf47dcd2a0f08d88e10c0a1e6d7422480d8275ac95e1732582;0xcf0a4477b422710136afe5c570b677691445747cc63c269e3c34dd1e03353cd8;0xd7f69481640d29636b74a617699e7ad8469983954e5ce6578b9d6a0373747278;0x56d028fe0197e966b2b891285652542ee96a052722cf9989c7826854a2e4d7cd;0x657d9ba1249066ba4dce038dfa5fdfe53409e9266ca3b3bd8db466a51a0f6ec7,2.807253,2.00946;1.171597;1.051185;1.557488;1.02762,64.0,9.0,0.0,0,0.0,0.0,0.0,0,2677895168,2678169600,687.7770000000005,649.4690000000136,9.925000000000038,2.1629999999999048,42.984999999998855,33.0,217.0,215.0,124.84420000000162,503.53719999999265,2.501600000000097,1.5842000000000287,23.32139999999955,33.0,217.0,215.0,2.113938,0.93492;0.7231;0.694628;0.655078;0.627476,64.0,9.0,0.0,0,5.0,1.0,0.0,7720.0,2661552128,2661597184,555.2470000000087,435.86700000000644,8.231999999999944,1.6030000000001945,36.65500000000002,33.0,217.0,215.0,110.78900000000559,30.72020000000064,2.6861999999999893,1.5844000000000968,19.349199999999648,0.0,0.0,0.0
64,25,30,0x0f3a8c469a2d761a9588b8c3a5162b181f852a08a825c53371a28fbca6b82d43,0xc5c4bea87baf6eadc76067229f64aa40e0b1db43ab1cb4f1c4faf4fdf66cc097,0xa0b05ea034507ad7bda545b32b37857a2bdcee226b06a0a19a30cc9cf2560926,1;0,0x0953e34bcfe3d651cb7922434011e6c695cf30740cdc45ef8b4bd7d33cd01705;0x83d5fb48639d5172f61a6b4d190177045b58a645009e1be9446e6cedd1a4efc5;0xd71c64a0319290306afab31ba7d6d2caf632740af64dddd6f9085eb1d42e45d4;0xbe1c778d72f0f71098c419c5716cc23136637100786138841b3eaa38af960d87;0x930cd31ac97810d72ed0c21da5931b91ff8f06fc777cc5fd1f16f5445efdf7cd,1.870801,1.929349;1.404308;1.361032;1.179369;1.391107,64.0,9.0,0.0,0,0.0,0.0,0.0,0,2674765824,2678071296,557.129999999989,407.1440000000259,5.278000000000054,1.3719999999999184,28.9530000000017,33.0,218.0,215.0,121.46520000000382,482.57399999999114,3.156600000000023,1.7347999999999495,27.08480000000041,33.0,218.0,215.0,2.409704,1.208713;0.989562;0.761658;0.751203;0.732444,64.0,9.0,0.0,0,5.0,1.0,0.0,7720.0,2666340352,2666319872,668.367000000003,465.22200000000123,7.070999999999987,1.9329999999999694,39.0980000000013,33.0,218.0,215.0,147.06779999999478,33.66260000000066,2.8443999999999865,1.6928000000000256,19.50939999999929,0.0,0.0,0.0
64,25,31,0xa9d57fb89c6fd9696a11b783b74b15837b8226996d59e58988631818afebcbb1,0x4e9b564321db4a864d3b4862f071fb0ef406afa608f1ddc36e955c979546b0c0,0xf2de6669585d16069103e43b286b13fbe1a2c342f399ffd5da43ea21b534eb06,0;1,0x4b0f7f1a5869fe47e1c16543e34aca6219dc34b0b26d78f81cedc4b6fddf68d1;0x48e18b38060e13e1c9ebf39c4abb17685f229e4c6815a992e6b3cb14e8c8e251;0x4702300a73561f7ef59d97e4a039ae2793fea495c4b73835aa04670d2430eca9;0xac94a75bb0ad46e17fb5649ea2431b486101ea18ebc8001890b624c02de9c6e4;0x94e4ceee464817908dd171d36e4ae06477ca6c7b38dddd0d0db1456679e665c3,2.458388,1.871632;1.694806;1.302404;1.329555;1.205007,64.0,9.0,0.0,0,0.0,0.0,0.0,0,2674765824,2678317056,612.4140000000056,450.1989999999845,7.38099999999988,2.0329999999998094,40.87100000000135,33.0,218.0,213.0,117.53299999999744,532.2986000000029,3.0426000000000064,1.5003999999999886,22.876599999999833,33.0,218.0,213.0,1.740244,1.8506;0.984404;1.133148;0.933648;0.775539,64.0,9.0,0.0,0,5.0,1.0,0.0,7720.0,2666348544,2666504192,539.9349999999914,429.08699999999465,3.715000000000055,1.5119999999999543,26.770999999998352,33.0,218.0,213.0,139.71279999999697,41.206000000001964,3.5012000000000065,1.8266000000000289,26.171400000000318,0.0,0.0,0.0
64,25,32,0x6572a6ed0a8c6d7c4d3572f7c487693589a555884f9d45f39df0491b2d258300,0x5783dcdf525509daaabcab71d18df7d1c623b62aba7f24a64be3f6b941d1a432,0x169f75a74c6598acc5ec88f68bf88e2cf50bb07fd2a77a4491533496b57e2dac,0;1,0x2a17235420121beaa0c7022a6471b976137404b19f1cdf1269c2b2c0077dc4f4;0xd6e3bf487865dacbb560d402c62afe977c11655ac1553945447e7c0aa931c405;0x0a52fb57c900bd0ac59aec0f292fa0e24da9943d45fb32386e3eec3a84708da2;0x2c09519d425ada8902ff1c588f00ffb954ee8547089c741e5e55ab0ee60073f4;0x81e2fc81b2dd0b6b3da67e1ab7c3c6c228b534d0cfc2e8b6400a7fc1e9e061a7,2.895326,1.966896;1.677975;1.21398;3.664105;1.231366,64.0,9.0,0.0,0,0.0,0.0,0.0,0,2678411264,2678427648,590.33,958.0240000000017,7.392000000000162,1.9930000000000467,41.65299999999913,33.0,220.0,214.0,163.52500000000325,800.8414000000074,3.2165999999998407,2.0708000000000357,24.637200000000163,33.0,220.0,214.0,1.883991,2.044563;1.028682;1.623859;0.912977;0.765825,64.0,9.0,0.0,0,5.0,1.0,0.0,7720.0,2666541056,2666573824,642.8490000000008,459.77299999999667,4.056000000000112,2.2830000000000594,26.378999999999987,33.0,220.0,214.0,140.07100000000273,33.24400000000172,4.054400000000086,2.0094000000000016,28.00219999999909,0.0,0.0,0.0
64,25,33,0x90e76a0463ea77107360c8c3bd401646ce62a0c9b74148be9b52a93b356118e4,0x3c42f0228fd39d6d6e7479adc056d39ce44de8353aaf134cea739b03472e4f03,0x80ce0259ce565e0c24a438cd3cb6833c94fcca1125697e4626bcdf1e7eb8dfb9,1;0,0x788cea4dc35418d7477e288f2b8b7ad5822cb466fa97f5a4a7c429cb2d58ed33;0x12ad1688b524a4a068dbf96a07fa960cb2020e322b78c680606f07084d717475;0xc9169b49c7abb2c836c3a6684d58f4d9faa3cca11e6ea738d7ea4c8625e49eaa;0x46840a5d9409b6408ca4563fe8a2a739e8f7886f000f482d01c17acf613e2899;0x2c96f6a6006778a44ff83e369fcce4e3eab47e00774364830769a56552fad897,1.925754,1.667965;1.389765;1.105106;1.298318;1.032637,64.0,9.0,0.0,0,0.0,0.0,0.0,0,2678476800,2678542336,590.0000000000072,424.941000000012,5.357999999999579,1.5430000000001172,31.09700000000076,33.0,220.0,211.0,110.61260000000405,490.4195999999916,5.754400000000138,1.4059999999999766,19.293199999999985,33.0,220.0,211.0,3.622952,1.416065;0.772004;0.732685;0.84201;0.661928,64.0,9.0,0.0,0,5.0,1.0,0.0,7720.0,2666635264,2666754048,1714.8859999999988,510.3800000000047,6.579999999999954,2.414000000000062,43.45600000000074,33.0,220.0,211.0,104.83799999999599,36.613399999999025,2.632000000000068,1.6086000000000227,21.196000000000407,0.0,0.0,0.0
64,25,34,0xe41a0cf727e5146249fd44beb7e02ac9fdd893a7e8fb64164428ea490ea10e43,0xc8f2750b1b33a6f843c5d3fdeebc67bb7ada6aa342dfb9e11c5646743df7fd8e,0xdc01dc898de96b6059620cf69f4ca850281753d0cd17f2befc3f00e3c73eec44,0;1,0x237872fea0d4a6946c277eb2123c1253059a53ac40e407a79b5bd7cb3edbc9df;0xa4e5fe3efd5b994ddca534c0583f2af03e37ae19fc645a17d8be901cb7b40be2;0xbfd2945bdf7775fc62391191b5ee3a2012c0e69e689d33a56b7930f96c85716d;0x39b619620419d01660aaae2b541419ef7f924aed1542b997de4866ec9309cb0b;0xdf07b7fce3f52d561b8a482ebab4ec9fe80707797877b0b66691177a5c591497,3.166184,1.659643;1.608596;1.122533;1.040349;1.27344,64.0,9.0,0.0,0,0.0,0.0,0.0,0,2678603776,2678714368,620.3850000000011,612.4240000000003,9.143999999999993,2.0530000000001243,43.51600000000039,33.0,221.0,213.0,106.42679999999793,425.6900000000008,2.626000000000017,1.420000000000067,20.234400000000708,33.0,221.0,213.0,2.167719,3.691306;0.913047;0.762059;0.749581;0.711183,64.0,9.0,0.0,0,5.0,1.0,0.0,7720.0,2662166528,2667233280,715.5399999999868,471.5109999999939,4.77700000000008,1.8719999999999848,27.14100000000136,33.0,221.0,213.0,118.42460000000555,31.66400000000069,2.9144000000000045,1.714999999999963,27.79579999999948,0.0,0.0,0.0
64,25,35,0x9df50d127de77eaaf8a6108d54da19c701e3902cd2b623114816f2250e9ea43a,0xaf2f92ce536fa5c4ff51ed2a2146ad60d90cfb9b5b38022f98e69ee27f77937f,0x2967805a0689ce0d57c4a9a65a27dc7ad604f99adfe5f8da2f5f7263da6fa7e4,0;1,0xd9b35c64e962be1467ee369482eb4e9028337c2e80ea9b0a2f726308a699d4b3;0x9e0bd92f9d1e6d4ca7ff0dd6cd024ba5964df1a51625ef2bcd666638acde79b6;0x2d6bd7682fb80a2bd4c4d9129cb867dac8abb07eac89e22d87da35fdb5bcbf0c;0x94fe0a776e1f115409f1e620f822658018bd9301282fc4bdd25c8591978258b5;0xd1bd4b1821baa356ce4c1056b1c26fd49b3cd6e76ec0ed6c020dce31c46fab98,2.336614,2.088529;1.409024;1.168091;1.088091;1.051926,64.0,9.0,0.0,0,0.0,0.0,0.0,0,2679656448,2679660544,555.7180000000106,493.13400000000615,6.850000000000085,1.8829999999998328,41.502999999998295,33.0,224.0,218.0,123.12159999999794,481.99879999999416,2.8982000000002044,1.3823999999999954,38.95480000000035,33.0,224.0,218.0,1.835257,1.875098;0.847778;0.737112;0.688799;0.615228,64.0,9.0,0.0,0,5.0,1.0,0.0,7720.0,2668150784,2662096896,535.728000000013,489.2880000000044,4.257000000000132,1.5520000000001506,28.352999999998325,33.0,224.0,218.0,198.2347999999967,39.71019999999548,2.938399999999949,1.796800000000015,24.230799999999665,0.0,0.0,0.0
64,25,36,0xe333d65d3946b095d708323b0686e6e2bbaed7fedde565d99a122a2b0662afa2,0xb558008f8a0b0bb135f002337bc9e47711f867656e806e7b1914d125968ad185,0x0ae774a07efcf08baa2074f709e25177e0ed25744fed68027beb650ac077bde8,1;0,0x69b6ad99093884452b368e1626851e99b67273fe3321120aedff9f10e8a6a941;0xbe78166b8ed12772c2f1764ac042e54b1c3d56f4174ad0d373bf17f930673332;0x08ad8509e74dd494a45f08b6ae8661e2cb2f7152ad87048a0506524fd37242fc;0x7ef2f5362d5dc9e5fd4e22827bc74fad7335727556421d0f0ba534a1a005f348;0xd347e3b1367160fbec3026d98acae1270979b7b14f15f1244299ced31b7da02d,2.004603,1.703709;1.396746;1.209915;1.07427;1.123284,64.0,9.0,0.0,0,0.0,0.0,0.0,0,2679672832,2679701504,513.6050000000004,506.0729999999958,5.538999999999718,1.4220000000000552,27.842000000000144,33.0,222.0,220.0,143.54659999999964,457.9821999999956,2.5878000000000014,1.9047999999998941,19.802000000000014,33.0,222.0,220.0,2.170433,1.646803;0.834178;0.750131;0.990514;0.7757,64.0,9.0,0.0,0,5.0,1.0,0.0,7720.0,2668503040,2668437504,597.010000000009,484.0799999999978,7.411000000000136,1.8029999999998743,41.92399999999874,33.0,222.0,220.0,136.2096000000035,32.17079999999761,2.9706000000000006,1.8608000000000686,22.83219999999961,0.0,0.0,0.0
64,25,37,0xd7793598fd077da27497097991008e61278dbb37ad17845eb4de0ea0fe0ff81b,0x8ed69e354ca8157b5c0b9eb97db961b54aa736e1a606eb94d2f84c4132cfe32c,0xf17f2d61dd4dd53a87ef9190ba22dfef5dcc866e6de9e3c263a0ba14b03e59d7,1;0,0x53a4cb3ab5cb3c31567aeddf67180ba2e6be285d769a658a4d0b6a8312eba9eb;0xd4d0e30d6bdbc925a80237e32205b37fe168a0f233f24c9b316679cb59312e12;0x94414494f8fe6e9103d68197b9a210ae2cf9524f105c65a17363ef52a1042bb7;0xb528716c6aaf3f256ed8b965e7b5adba425628d2770f74c1fb12bdc3edec3076;0xd5502675f6075936fea09bbba3ebe75c87cdca6b138ccb1c9dc3051eddfd896b,1.935799,1.457017;1.192699;1.31293;1.084585;1.075332,64.0,9.0,0.0,0,0.0,0.0,0.0,0,2679730176,2679828480,601.365999999992,456.9289999999948,4.2360000000003435,1.6629999999998382,29.32399999999724,33.0,222.0,216.0,116.68599999999363,492.04800000000046,2.5599999999998886,1.4402000000001032,19.725800000001957,33.0,222.0,216.0,2.333068,1.605992;0.847608;0.760487;0.691553;0.885065,64.0,9.0,0.0,0,5.0,1.0,0.0,7720.0,2668490752,2668531712,568.808000000004,515.4069999999955,7.270999999999667,2.1130000000002016,41.71299999999878,33.0,222.0,216.0,108.31320000000422,32.809400000000096,2.5059999999998626,1.6226000000000262,30.0794000000007,0.0,0.0,0.0
64,25,38,0x0b7b455a83e649c46ae589232a5559a8d731e0c71f4a4af86f81be553b2fd164,0x25f9988563f844ed0a581d113b6adedd90bb38203a6cd1e01702a6cafaba0c5c,0x1c2fa75444b1ca8e335e68a0db6da9059ac671eb7f6f5c316133683fb94e854c,1;0,0x842d44692ec875715d7ca6edcf114607b646416c0423b6fac20ce30437fc6bea;0xe8b6e2b7b59e7ceb6f73b309f4b930fff64d89c252eef69e229c8babbf700608;0x2ed193b121b80a8b81f9319d844332c4fcfae8a469511832db556bafc4a95977;0x2f1b41e82217c2b3b893f01631e7ed22d0149f9427d4174c5d32bfeca01008e4;0x1bb66264b75136976dcfe8cb2ba6de1893c525ec5bd5f866b6d90ae619b54a4a,1.846344,2.033577;1.281753;1.336986;1.232218;1.145327,64.0,9.0,0.0,0,0.0,0.0,0.0,0,2680266752,2680287232,477.89100000000803,420.9940000000079,5.02700000000033,1.3220000000002154,26.85999999999661,33.0,222.0,216.0,110.12779999999277,479.9099999999945,2.82240000000003,1.566599999999925,32.92760000000172,33.0,222.0,216.0,2.213047,0.998876;0.945696;0.672574;0.672855;0.65608,64.0,9.0,0.0,0,5.0,1.0,0.0,7720.0,2663616512,2668724224,591.3720000000067,529.3880000000056,6.570000000000014,1.9830000000001062,41.81300000000165,33.0,222.0,216.0,103.03099999999787,30.69420000000045,2.164800000000085,1.3559999999999268,18.84220000000075,0.0,0.0,0.0
64,25,39,0x91ce6da87bd91d793845f6df01916d074a5931c5e841190eaf07c4ac087cb926,0xed558cd593e5d915f3120eaf28dbdb6605d578b2922ecfdceed872d7acc534e0,0xbea78f4c8cf2d25bebb58ff9ce303dba11b60346a031943a277c9fe72e98fa07,1;0,0x4122bec8708939d67e3041e37aeef38a3bb30f79550976f1262b0dc927df2b45;0x4d188e5f30a936a05fe81066f0b90030aa516dcaa36b90988369062739177221;0x60bc34b9e454246c8c12730d149fb0ca599c49f3541bc0f83b55948050f78fc9;0x8f3ef91ae71c717dc4bbc76d7db922f60da0a9d7b1067bfa2e53e2bd638f918b;0x7d216ebc309a35fa5f0f13d83f4099aea4247299a13b401e84dabcefe98b2138,2.058885,1.978373;1.552852;1.476797;1.26658;1.084515,64.0,9.0,0.0,0,0.0,0.0,0.0,0,2680344576,2680352768,542.9180000000033,467.30499999997346,5.727999999999983,1.8330000000001296,28.182000000001594,33.0,223.0,217.0,114.71479999999868,589.4025999999997,2.777999999999982,2.036999999999959,25.864999999999917,33.0,223.0,217.0,2.553881,1.065576;0.763822;0.71624;0.720145;0.666786,64.0,9.0,0.0,0,5.0,1.0,0.0,7720.0,2668728320,2668834816,649.7089999999984,492.2220000000005,6.390000000000215,2.312999999999881,43.37600000000122,33.0,223.0,217.0,109.12040000000124,30.7342000000016,2.4660000000001,1.5480000000000875,18.588000000000633,0.0,0.0,0.0
64,25,40,0xbed6c66e377aa7c50e4cc8a3102d1cd89789caee66b09b33251e2033b9ef734f,0x63bcd9f51f45e4edf0f0a57b4207c791419f571c87144bfdbddeffcf305aabea,0x3a66b1a39f9978b2a534ab1a7fa4d2f5d9962c485d0c8f5f771aaf20e3b74813,0;1,0x540fd97c8bd16a2aee0ea6a01a94fcfe627590b123c0df59c21b67ff585c5d15;0x20da5121232fd4ba315efcf280c89513629660032f8325cd64f0bcfaf9673f2e;0x03eaaea52e13a29397168ab7247765189f75296bd37cf8735545cf3660c8d67d;0xb78304e3d517aa334450687edf5a329fd207a6d6bb667b98fe09ed406421d296;0xb6c443293c6b78d6b41eed5ec14123d2841cc9255ee97d517e669d621d26fb61,2.537376,1.630759;1.368042;1.189494;1.133158;1.097565,64.0,9.0,0.0,0,0.0,0.0,0.0,0,2680377344,2680381440,678.7030000000027,453.0130000000021,7.1209999999996905,2.423000000000095,42.313000000002155,33.0,224.0,217.0,107.13940000000588,471.55919999999355,2.6082000000000187,1.30779999999997,20.45059999999932,33.0,224.0,217.0,1.966937,1.488214;1.301693;0.889061;0.647316;0.660917,64.0,9.0,0.0,0,5.0,1.0,0.0,7720.0,2668847104,2668924928,615.9430000000077,438.2410000000059,6.299999999999882,1.8629999999999516,28.2729999999988,33.0,224.0,217.0,155.23820000000188,33.27039999999892,2.622000000000041,1.712600000000012,26.29980000000004,0.0,0.0,0.0
64,25,41,0xede9b48f9999dfd94275af901ba077fef10ef17ab2130213e0791cf60c0fd8d8,0x9d2c8b7f3172c08dfca4d184ba268f0a8651eded0151f404aaba4e4cb0e8610f,0x609215771454e71a02a7e086fc8040c3920795ea20eef671859c2e0e8f388aa9,1;0,0xe64c00e4f77a11118b40552843cac086637b6ae4af4f5a9dd1e3e1dbc735e830;0x8c16a746840ca522956032bb770485085dffc99ccc50109594c1baff41f5154c;0xd582871aae84758d22d0d2b7bb8e1942807f26ae4b3cdefb180a7c35fdaa9cf2;0xfaea7d1b38565b28213dfd10721fdb5404ab9c8dc1ba3be836cf97ff0cbe1e28;0x389b4b76ed39303aa82bf1fd9965f49b99559b06defb480bdddb9268b8a6f540,1.855728,1.8698;1.283025;1.058786;1.015882;0.964424,64.0,9.0,0.0,0,0.0,0.0,0.0,0,2680438784,2680647680,577.1800000000104,420.51399999998296,5.658000000000399,1.9529999999998506,26.930000000001396,33.0,224.0,216.0,107.79020000000195,437.88240000000036,2.5677999999999463,1.5564000000000031,21.879199999999546,33.0,224.0,216.0,2.251786,0.923473;0.943032;0.655218;0.639264;2.657106,64.0,9.0,0.0,0,5.0,1.0,0.0,7720.0,2669453312,2669494272,613.7250000000095,471.26999999999583,7.331000000000178,2.1040000000001684,75.62399999999982,33.0,224.0,216.0,102.03199999999634,31.797999999999547,2.3738000000000574,1.5059999999999898,18.593800000000353,0.0,0.0,0.0
64,25,42,0x9bdb5205e965fe78501c6e5202678e4b5a5f60682061ee9df830507dd099d958,0x4bad1009e4e45981a6ebf3533c0e53da7bfea514892e3ede9c5614c8b7f908b1,0xf683dcb3163cc1a14f6934458095152a2d3785a718a08a1955b6a48b68da687c,0;1,0x668957506ea5fa11f6796a7c7fedd2eb18724d8f4252d758ce271f62be693742;0xdb885c8b35da140bd66eb1ac4395219b507f106b7a4959463325586b0f912a8d;0x377e9607a07a589380f81a41c2eece2f3b57dbe2117e56c38245e6c3794bd7ca;0x17a48b8564ab4aef3ea820b8ae25d4b0b11c17d49586c734a5ddf98234c43704;0xe7f5f612458b8fc2fe3b6c895f64c17db2ef7fe82b9cd520906599956ae1f0d3,2.399158,2.04978;1.228893;1.02132;1.14734;1.220821,64.0,9.0,0.0,0,0.0,0.0,0.0,0,2680700928,2680778752,686.2549999999967,467.26400000002275,7.751000000000285,2.573999999999979,41.371999999997854,33.0,225.0,214.0,119.17019999999613,436.7090000000018,2.5956000000002324,1.7345999999999682,22.936400000002354,33.0,225.0,214.0,2.114859,0.898064;0.648568;0.902852;0.702098;0.820958,64.0,9.0,0.0,0,5.0,1.0,0.0,7720.0,2669903872,2669920256,713.0750000000074,506.25399999999763,4.9869999999997,1.4419999999999364,25.758000000000724,33.0,225.0,214.0,116.33919999999854,32.47899999999915,2.5400000000000076,1.4140000000000161,17.724400000000003,0.0,0.0,0.0
64,25,43,0x25ad7e02738c03e355ddd3cabc1e626e7b03e5ac2822232ce6ab5ccedcd6045f,0x53a48c23a2a94e42743b475590da077e7f3e68726f1483a745921d5747a1c1b6,0x8c06f6e908c4faab97dd2dd86264c8f198919129a1afeb6f8de4c37389129a74,1;0,0x22f3a0faa64fcf322ccbfc7715dfb5f0955f30d7f7005ee1fe27c57849dfc789;0x8331a0d62fcf1180b96cfc0c9264bebbada0e4f8ed63ea896e809e41b3fbc530;0xfce2ff919c3fe6e921fbad1bd499490d576f6f70fd57d7c02c86a4d1f504e676;0xafc59ba73318193d5b864efff16276f3590574bce72f617758d89f3e91f06f5a;0xc9c278e0c266521884a574930de4a1b37ad70494ae99a1f1b8719292047bb39f,1.873665,2.172205;1.216234;1.106499;1.094721;1.244556,64.0,9.0,0.0,0,0.0,0.0,0.0,0,2685169664,2685407232,513.6850000000137,507.5560000000201,5.8189999999997895,1.451999999999877,27.35200000000132,33.0,225.0,212.0,112.91460000000254,504.46259999999967,2.6882000000000645,1.6584000000000043,22.11160000000073,33.0,225.0,212.0,2.49378,0.951135;0.855591;0.684262;0.709079;0.690551,64.0,9.0,0.0,0,5.0,1.0,0.0,7720.0,2674688000,2674692096,661.6570000000099,462.7380000000042,6.548999999999791,2.082999999999946,227.742999999999,33.0,225.0,212.0,114.68100000000535,40.104600000001604,2.477600000000066,1.5244000000000195,19.04079999999961,0.0,0.0,0.0
64,25,44,0x1580bab9485e24973cf153eb62826ac7c3594f2aa07c731c6a9e066a137d103d,0xba901f3284435805b45309b87d7b8c63ba7c2ae4750138545862bdf27aa5aec3,0x8f22d9036ceb9ceebc7ff5482457115872cbc8c425bf16693476698d4463ee92,1;0,0x87510456ad8b74a2805ec692bfd24175f0a3cfea7b4b2a74130ddc04521a39fa;0xac2e8317aa472333100a159d0b8b8de22ee354b3b8c511560fa6e0b416c0f47d;0x8cd4813d123673c27542d0e16f5c47faebde5d3a0b4997b428339799d46556f9;0x221b0d349b17cd9eefe6bbcfa3563901f913c293f6d9bbdcff7660dbdf91b9f8;0x3e1c28c9d28fbadefbe9c497d51615f7ba8ed7c4e8e1a2c068526f46dd9ee3b6,1.805663,2.226958;1.325279;1.17334;1.079348;1.396115,64.0,9.0,0.0,0,0.0,0.0,0.0,0,2685419520,2678992896,484.74100000001073,538.2210000000053,5.5380000000002445,1.4030000000000813,27.079999999998773,33.0,227.0,216.0,136.20539999999457,478.96399999999284,18.657999999999866,1.6728000000000576,23.53759999999816,33.0,227.0,216.0,2.357304,1.034671;0.965015;0.663791;0.920198;0.76906,64.0,9.0,0.0,0,5.0,1.0,0.0,7720.0,2676264960,2676273152,660.5660000000013,516.9889999999955,7.220999999999964,2.222999999999982,43.336000000001455,33.0,227.0,216.0,129.5675999999968,31.407600000002418,2.814200000000183,1.5704000000000067,21.56659999999963,0.0,0.0,0.0
64,25,45,0xbe9d3a57624f11e652b694a8ae240d626c539316c2027a2c3d84804226a024a6,0x3c4b15057fdff4862496b398f69f7e48d7ee6a3877150b6923fb301ca051d620,0x72ba931484c1cd3746167a98f58e6d5329a0d18ab9de7bca0902b78da516532c,0;1,0x233d6ece45ca245f6cf186a89c42a7380c6fe5f5004b849f093d767b71165fc8;0x0d2d4769862e26ca1934516b0788684998e9081163562116a386a2e0c8bd10e6;0xb4434c252aca85e009431e240f13187ec422532bb70c5104292a2c76934b464c;0x969984d465fb4f71717bc4e3d8cb535d5672af8d7977ba6586c02a8ecc5b463a;0x570c8a8030dcd45bb8c27f580c2403ea7545d7773d6fefc4684655ac9c304a7e,2.402653,1.839474;1.217606;1.357247;1.083584;1.066548,64.0,9.0,0.0,0,0.0,0.0,0.0,0,2685636608,2678996992,694.3470000000118,509.19700000001677,7.100999999999809,2.5239999999998424,42.12399999999755,33.0,227.0,213.0,108.0771999999952,458.29500000000854,2.3455999999999824,1.2899999999999718,31.03100000000081,33.0,227.0,213.0,1.90349,1.327341;0.889231;0.67603;0.719955;0.68991,64.0,9.0,0.0,0,5.0,1.0,0.0,7720.0,2676293632,2676375552,581.9669999999888,468.827000000005,4.406999999999675,1.4820000000001325,27.56199999999834,33.0,227.0,213.0,106.85160000000194,31.160800000001878,5.394000000000059,1.7426000000000073,22.66000000000004,0.0,0.0,0.0
64,25,46,0x4f0f229c0f4204b466192573433c1a735571986aa39452e13bd133e5d08de2c5,0x7322821b98fd4d7c077495d8f579139efb8053468f6cf74e59c748a872ab6d33,0x5110b0f86af440b4b658e8abfcc4536da9dc29bffdbbe076a65a17c9bdfd342e,1;0,0xcfade4f67b577665ed15f0d0bf7d54f34f8daa30999a83d1ebbbcd3d17be6c88;0x35fd31e7378b30b1dbe9328eb0d78dc7538fb1715764f0015ea80f1af7a115ac;0x7f512bd8f33902f7f924a9585755d3de5963447a2c35277d645e16edbea62559;0xe1f084548bbcaab4f289fbf2244c6759bf734c401044a27f961adde29c8883fa;0x6f59685c8679523cc677ef98ca303cb066b5bba5439d2c1fe0bef89ecdf28b65,2.021077,1.744981;1.31359;1.37287;1.341623;1.235613,64.0,9.0,0.0,0,0.0,0.0,0.0,0,2685681664,2685640704,644.3720000000042,536.7589999999977,6.439999999999918,1.5319999999998355,26.408999999998073,33.0,225.0,215.0,134.92740000000114,500.99719999999735,2.538000000000193,1.4762000000000628,20.124400000000318,33.0,225.0,215.0,2.439188,1.520252;0.914449;0.826436;0.848119;0.783391,64.0,9.0,0.0,0,5.0,1.0,0.0,7720.0,2676379648,2676396032,786.9359999999881,504.4200000000054,6.128999999999683,2.8250000000001365,72.63899999999934,33.0,225.0,215.0,135.289999999999,33.52660000000285,2.8903999999999734,1.6426000000000809,24.150399999999657,0.0,0.0,0.0
64,25,47,0xb698f74d7226dd4b7194f50294608d838a5985dbcd37ee43043414b78e7e30e4,0x05fc1d79ebfa1d780d3837160606c10ac193f52c0ace2c787db5136178d29a19,0x9d869a57ba828863245f4e9b2ad80ff1f40ed1ae172a27bb07f1d934313767ab,0;1,0x2ab8a53e8f085000bce1ff0efb3b029e961cc4d36efa3c1b36432d0374764ebb;0xebb04604de14ca600c3b98d8562b521e6c16877bc5d03fe2b7268107811dbe22;0x1db341356dbc02a1cbc4da2fcd4cb3f29b2565a336ab8daf460c752029eb1dbc;0x7ae167d06cabda57f40644969ff4ee502298f55090eff2de364ceb273e9f6d02;0x9f250404651b45ea5c24e8a43202a573150421d2fea6633718fa88854db9b8c2,2.485528,1.635476;1.269604;1.186039;1.063965;1.10089,64.0,9.0,0.0,0,0.0,0.0,0.0,0,2679300096,2679300096,724.30200000001,519.5330000000165,7.810999999999929,2.324000000000163,43.18500000000114,33.0,226.0,212.0,112.47959999999836,455.1306000000088,2.3516000000001203,1.4879999999999234,19.917800000000817,33.0,226.0,212.0,2.007627,1.488865;0.822169;0.790262;0.787087;0.710712,64.0,9.0,0.0,0,5.0,1.0,0.0,7720.0,2676666368,2676670464,652.655000000002,474.7459999999981,4.646999999999984,1.4220000000000552,30.204999999998428,33.0,226.0,212.0,131.23799999999463,32.51100000000174,3.078599999999966,1.7365999999999562,23.064600000000794,0.0,0.0,0.0
64,25,48,0x48121757f262563578c8d5daa77cf8a1b46856e05df078fb1c80bbcef5c3b220,0xb3533fc7d7a5e4c3ac9a1d0db521e887df922e99fc7ab3308bb45014a5280015,0x9dd242a101d66e75a5ea80997537a67e647b85525d20fcacca003d1033be03b6,1;0,0x5a51131a88447e5995948bde8b437bab855a0543f80f4160e210129bb94e8814;0x300975118798b238a47cf3a9d1b777ae595547a8f91dc89444656b761e911f28;0x56625e0e9af418f43a694291b43948d7bbf6960c17c89896ffc04490614a0742;0x4fe8caa797b99d690da954e75c99d1e697dd9b8a8f3eb590927de7751e97d6d5;0x7dac6ebf2808ae64da13c9faab3598ce1c7b7e8d531574393172eaa82deb271b,1.823139,1.516747;1.165938;1.156754;1.09454;1.053248,64.0,9.0,0.0,0,0.0,0.0,0.0,0,2686144512,2686099456,542.1780000000043,443.7190000000091,4.897000000000235,1.4619999999998177,28.443000000002993,33.0,225.0,210.0,100.10119999999678,457.9568000000034,2.3818000000000104,1.3962000000000176,18.670199999999692,33.0,225.0,210.0,2.248551,1.363145;0.792445;0.734418;0.660015;0.653235,64.0,9.0,0.0,0,5.0,1.0,0.0,7720.0,2676805632,2676948992,617.6810000000088,479.4629999999994,6.749999999999812,2.153999999999871,42.733999999999135,33.0,225.0,210.0,111.2376000000026,32.97560000000144,2.676199999999962,1.5504000000000386,22.081399999999974,0.0,0.0,0.0
64,25,49,0x60c6dbbb6d54e9651c03b35bd0e5567c07573b35aa4cce95f58a5b0da25c64b1,0xc6072276f0f6a6a806921567e93e9a062702c5d71d52d3a2446577cbc313288c,0x041ec7385b77788c10e0894f0496f2fe13452aa890d2ae2c383039fb01c56b13,1;0,0x692fbf1cfee00dd5e0da0b7434dfc9e9be6c771cfbd0e5131a7182690d4a0ac0;0x63c41d7803ae0ac0b74cbec00ed2e9b45c2328070ea515ae491079b84c7732d2;0x91f16157a7d1155f43b20a201ba117586615525340496de6cdb2edaf184e6693;0x6d30bb5e5419a864a756782806e25797431eb8fe3d544dada70b47d453c65524;0xa08c5d2d1d3d807c5b723defa4e253994f99c377a52ada1fb8235d9f61c4d5b4,2.277023,1.934207;1.204997;1.106979;1.150054;1.109402,64.0,9.0,0.0,0,0.0,0.0,0.0,0,2679439360,2686324736,938.605000000009,455.64700000000346,6.07899999999998,2.0530000000001243,27.580999999998745,33.0,225.0,213.0,115.11980000000199,478.9264000000126,2.8825999999999157,1.5824000000000218,22.746399999999667,33.0,225.0,213.0,2.401827,1.000539;0.970353;0.689109;0.733016;0.59716,64.0,9.0,0.0,0,5.0,1.0,0.0,7720.0,2676998144,2677092352,666.254000000005,479.0219999999956,7.781000000000107,1.8819999999999255,41.9540000000003,33.0,225.0,213.0,113.72780000000749,38.568199999999834,2.542000000000169,1.4543999999999149,24.236600000000077,0.0,0.0,0.0
64,25,50,0xda7396ec8c4b8cdcca60e13326dcfa158e8021eaa1ddd0e8a9f6073055d1a5cd,0x5dea4d50d4d6bae3f7d9e88f6247a52053476dc5212f982ad72fcb06702f3c5f,0x26f33820472088c20734f144d4284b8951a21d06f49817aa53d77dc3fe783e6f,1;0,0x1612ef89514dd1aaf95b7169bf8d5630e2f021352f5cd80b74bc09e30a01279d;0x7ea27a39dfbcf572adde38791a959d4aa20a93894eda64f10db4b4ced3d77bf7;0x79e9cfb28586bd44bde6df777f9154f33e166ff0471c4c1239fed76ce1cbad05;0x2e8bb7a78f3abc59b259eefa97b82efec42e82484466ab78bde4d7d789d3bebc;0x2cd0014cea9652ef4282649c825c853f1193a36184b083c85eba2f3d32c3d1c3,1.904697,1.854496;1.16035;1.035237;1.075431;1.069533,64.0,9.0,0.0,0,0.0,0.0,0.0,0,2686402560,2686529536,578.5819999999942,427.3539999999909,5.737999999999924,1.611999999999794,27.652000000003007,33.0,225.0,211.0,106.39639999999729,451.92140000001046,2.590000000000057,1.4881999999999915,22.487999999999673,33.0,225.0,211.0,2.537151,1.040168;0.720396;0.84199;0.659935;0.693997,64.0,9.0,0.0,0,5.0,1.0,0.0,7720.0,2677161984,2677178368,610.9209999999865,574.7470000000004,6.980999999999654,2.0430000000001836,42.844999999999686,33.0,225.0,211.0,104.31719999999811,30.98879999999804,2.674000000000079,1.4463999999999624,18.95219999999906,0.0,0.0,0.0
64,25,51,0xb17d45c4ed8b03844ee9394b72d4985407907e799ece4c40ea91935a93d077e0,0xef70c4b971c9e9e315463c86e5f8c65c56a0d28100e61643c91e7bc272ee2455,0x33f0ad5c98c5b12ad08919e640034b27b96a87d5efd432f6b4da22a4c10cdba2,0;1,0x90a053ba1fa3607708800f9265bf46f22e0d2f6f2e6b450006bf0c95874de400;0xf3b7c90068f1611f9b898be3469c7b6d7c74e173710d48c0aea19324900b5487;0xb9daaedb6fd2b8bd223a7c38e37eed64a12bf622fff81321238452e95c2620de;0x6799fecdc8629cf0db2018a9e6044dfcc57f92fd1c8b8ad918779acfacd4b43d;0xe081e2fdde77d7997ad0f3443ea49e3ff9efd0e9a4b9ca18a494ae108e76d614,2.658794,1.683018;1.377747;1.086748;1.233891;1.052267,64.0,9.0,0.0,0,0.0,0.0,0.0,0,2688274432,2688286720,522.1069999999938,723.6210000000076,7.140999999999571,2.0530000000001243,62.42399999999842,33.0,225.0,209.0,119.35999999999613,454.4896000000076,2.745599999999862,1.3942000000001162,19.603599999999663,33.0,225.0,209.0,3.007846,1.545891;0.887814;1.009953;0.742049;0.692995,64.0,9.0,0.0,0,5.0,1.0,0.0,7720.0,2678431744,2678460416,1358.5090000000077,485.06199999999444,5.337999999999697,1.681999999999812,30.01500000000129,33.0,225.0,209.0,118.3806000000065,31.561399999999185,3.4047999999998333,1.6483999999999768,23.994399999999885,0.0,0.0,0.0
64,25,52,0x259a45d85ed72403b4dd2389671e717aab032831ff0d4930507e9d23c2587390,0x869f761bc03c517390b66057cf6bb59af2ac71bfe8726501f573fd62d7747f79,0x45a11a2b470530e5ad92e2b82f5ca010297b1a0d8f1b7c34be55508be8f61d58,0;1,0x42aa8f47783475370042eb9535f2c7ca8b0bc85c3fda15891cf2c073b0352349;0xdb80001ac7be99189839fc55a59e1770188124d51fb689d4fe58eb7333956cb0;0xb6409170b78867d4f7aa4e49603519ea7a0442a7eff930f2b6faf47b77a08d68;0x40f963d4189ee954753bd97e090e3a8a18161a8b6df63b0f861f628ba10ef2d3;0xe177b6b2ab59884f3d4eab34b689d126d5907c88e714c078c29f591d93c17b39,2.487416,2.365517;2.682084;1.719132;1.533052;1.621626,64.0,9.0,0.0,0,0.0,0.0,0.0,0,2688258048,2688278528,567.3150000000127,502.8779999999844,7.601999999999783,2.403000000000214,41.76300000000022,33.0,226.0,210.0,166.51900000000387,631.6906000000012,5.844600000000019,61.85540000000004,39.070800000000354,33.0,226.0,210.0,2.589504,3.707331;1.151296;1.137805;1.231987;0.955972,64.0,9.0,0.0,0,5.0,1.0,0.0,7720.0,2679193600,2679287808,778.8840000000074,429.04700000000184,7.201000000000082,1.5420000000002099,32.07899999999736,33.0,226.0,210.0,164.82859999999988,35.349400000000976,5.354199999999843,2.748199999999881,32.815400000001105,0.0,0.0,0.0
64,25,53,0x361d3d7731625ea4cb9842a319eb814de8e2b47348c95ba9664630404b4bd2b5,0x02f22345bf334fae71d8905c5a91fa0c25185b30ead039651cc966c528d7a8dc,0xd9bade8525187e723c042adcb9b8ddf8d597d5b1659db7a4ee73a57b3a9e0ff3,1;0,0x95913a929c05a3a0e8e3dca4a5d56d503d76380f3f90758aea6a5416edaba57a;0x3fa962f10f05fd8b3e2e588291378f41367a9cb5766493e05890fc02479eb32a;0x823e48203e79108191c37d8022648d381d63bafbdd48b616cc64016c939d10c1;0x8b26909b3700fc7ce2540204e1e392b40e12291d9355ae8f87503a7236284a38;0x6b830b01d6fb1ab1b81a6ceb3104a0103195272d6ee5e583d73a93206baaa256,2.25498,2.013056;1.335423;1.164686;1.170415;1.330156,64.0,9.0,0.0,0,0.0,0.0,0.0,0,2680586240,2688516096,739.0039999999875,450.85000000000264,6.650000000000405,1.7030000000000343,28.29299999999868,34.0,230.0,212.0,110.85939999999627,482.0590000000124,2.924199999999877,1.6225999999999394,27.69759999999982,34.0,230.0,212.0,3.855624,1.116053;0.913258;0.773607;0.757352;0.676941,64.0,9.0,0.0,0,5.0,1.0,0.0,7720.0,2679558144,2679713792,750.5720000000049,529.1879999999999,7.140999999999571,2.4640000000001985,42.42399999999924,34.0,230.0,212.0,114.39239999999629,35.525400000002705,2.738000000000046,1.6180000000000185,19.759800000000716,0.0,0.0,0.0
64,25,54,0x669311d0ade0b8ba6afde84f18f8111467fe17678b67fbfcb2b18fd4d44a3ec7,0xd01ea20684e40c7f5f187201eb4223cbf674104b10db92e46620d74375f8a2ff,0xa0c36700230908285c3717ec1295cf4e11b8d20064f1d479eb36b6a5856f4657,0;1,0xccb4f66b2709ed3b1c01911aebad4af9fe195abe80ebcbe1fd462a072382b9b8;0xf57a86ee6447f4160f619f7e844e50decdadb7d7a5d501225dbcd76000b25c99;0xb2caaecfc5ad786f903cd6ca98ccf4c10ffbfc33843959a6b33996ea34014af7;0x891489fff32a144a392392b0de412b31d4556eb9d3379d9f387d4bae489c286e;0x120cd07e902f5123549bee49eea5d98514a024dfbe237d19feddff38854f7473,3.404985,1.988589;1.303446;1.248874;1.186799;1.077655,64.0,9.0,0.0,0,0.0,0.0,0.0,0,2688643072,2688655360,771.9840000000033,1149.9939999999876,7.901000000000262,2.242999999999863,41.933000000000945,33.0,226.0,212.0,115.44380000000353,489.65819999999826,2.6522000000001045,1.784600000000018,28.460999999999068,33.0,226.0,212.0,1.925153,0.927829;0.661677;0.800557;0.808258;0.761218,64.0,9.0,0.0,0,5.0,1.0,0.0,7720.0,2679717888,2679492608,562.8990000000056,448.8470000000022,5.047000000000211,1.4419999999999364,31.53699999999815,33.0,226.0,212.0,107.52419999999762,31.07060000000217,2.727999999999932,1.2840000000000942,19.012799999999775,0.0,0.0,0.0
64,25,55,0x75a246d1b333f56940f4483ca091042258dca24432903bfb62850b845ca0ec33,0x2a97b5621d51c7c99aa110169eddf2ead264da561754938262759e25a4b41f79,0xe3778f036210e50b038856c337e982d465ce1548dc533912df6c80bb6f79de70,0;1,0x1981c9d26c4a8c4f22a77ad1a7d580686ec10821b5dfe0b2bcdbb6d461e29fd0;0x41dcbd068c20b1eda894fbcf654a341a20db39d0481b869362670c4263116e27;0xfac1a6537ec371b62b00bafe98b093a6a201bfb647a01f7c0528cfb86df5d205;0xee3dca361b479c852040146dd96ec8cf4aeee9459a15cd40bcc496e2cfa2484a;0x6b18a207ff483d3fa8b0dc2a99827c45a6fd58397b1ffaf8d08d4c97c2496f7d,2.477646,1.930721;1.351028;1.961317;1.749658;1.284016,64.0,9.0,0.0,0,0.0,0.0,0.0,0,2688790528,2688806912,613.5349999999984,513.5339999999821,7.700999999999715,2.242999999999863,41.192000000002395,33.0,227.0,211.0,117.43519999999896,593.2086000000058,3.317000000000077,1.6645999999999501,21.470400000001,33.0,227.0,211.0,2.161499,1.748166;0.824373;1.307432;2.162651;0.879786,64.0,9.0,0.0,0,5.0,1.0,0.0,7720.0,2679496704,2679500800,591.3620000000119,637.9519999999972,5.078000000000374,1.4429999999998437,30.3860000000003,33.0,227.0,211.0,197.9703999999971,34.982599999999756,3.7815999999999548,6.1534000000000235,24.042200000000403,0.0,0.0,0.0
64,25,56,0xf37dc19afb566e2089b8b9b1552fc41e09011b4b4a360ff7f6a9ee1a36756da2,0x005e1d235520d75ddad48d0eb9582c61e2ef07d54b8784c4ef155e26b109c2dc,0x965f0076387f76bfdd5a9bb6890045a6fd23ea08a7fc8383c1df2d0e1edae952,0;1,0xd1e9d71836ede137f18f8979de37dbeb6d696096ffd0ff7945f880ab77b7e85a;0xfb854ef392c6e2021483d3e3fa8bf63dbe80e49b3a69bf14a737766556b38a54;0x1ab3cd157e4b1aad12fc29d0573c238a2124913df679f375003f4b3b85885f12;0x12ae3a3741c0f021b620e6c3d402170883e6890667c5dd70a77e9fc1d9c71348;0x3782a45e51250fb9f0a89601bdeddb79e5fd513849f7de179b38b154a975f328,2.520781,1.487653;1.274873;1.244516;1.425084;1.058696,64.0,9.0,0.0,0,0.0,0.0,0.0,0,2688987136,2688991232,646.9259999999921,454.98599999999055,6.439999999999918,1.9329999999999694,94.21200000000324,33.0,228.0,212.0,123.99480000000463,486.0372000000113,2.4675999999999516,1.5726000000000628,19.595599999998324,33.0,228.0,212.0,1.895538,1.314702;0.801999;0.736501;0.786216;0.750157,64.0,9.0,0.0,0,5.0,1.0,0.0,7720.0,2676461568,2679832576,590.8209999999914,504.91099999999676,5.118000000000136,1.5020000000000138,28.85400000000177,33.0,228.0,212.0,127.0257999999913,31.79000000000098,3.433400000000045,1.9931999999999415,24.334399999999256,0.0,0.0,0.0
64,25,57,0xee55ebb0ca79b1af6dc534534852e37e391e8d5fab54efb44f35e2231ef5df4c,0xbd039b3d01dbe43b9ba15481f0624d6650a640f2c7917c0f0c4de04d051bd2f6,0x8639831d8fd6577d2ae15142fa0fb9ae6effb256aa9b04916610ecd475ed635d,1;0,0xcbcded223781969284b89f87861fea7c55bc22c8b1f199e79f410dc08efbbb80;0xf121f5b5b0467c0aecd4d01ed2613ca79f51892539d478006fe543c78a86763d;0xe846fe2db16495d3141ee03cfa7aeb62a58857832240488d699ba80e78084ade;0x4f23ef0a63827781dbad3bf34794b55494705d19ef19fad292f09e62691d03a1;0x5a93837a6aad9547d2d4e12fdf8d781da44f57a40a9ec9fcb69d06d75a250f5e,1.858688,1.547944;1.262073;1.346601;1.5259;1.065897,64.0,9.0,0.0,0,0.0,0.0,0.0,0,2689114112,2689224704,545.2430000000008,442.6169999999785,5.569000000000407,1.4220000000000552,26.840000000000195,33.0,229.0,210.0,178.7694000000062,504.6891999999969,2.828399999999995,1.4601999999999844,19.82999999999985,33.0,229.0,210.0,2.977425,1.730239;0.879156;0.74912;0.666395;0.711794,64.0,9.0,0.0,0,5.0,1.0,0.0,7720.0,2679881728,2679930880,689.2799999999866,491.6110000000029,7.6820000000001745,2.1230000000001423,42.895000000001126,33.0,229.0,210.0,126.05619999999651,31.912000000000607,3.135199999999838,1.8108000000000188,23.381199999999993,0.0,0.0,0.0
64,25,58,0xe48a5492d8818172b5e56136f5b1089c9fbc55893e6b1b56ca824c202b9401a0,0x99be7891b32e0f6cc7a57bf99b491b1bc35799309fbcc6689e1a6f206186b54f,0xe6a6cee1801550a4278c08fada0b714975dd1264d68f79fcd0acf4787cdca48b,1;0,0x0a6cf7c3e6d79711acf510ae08464cfb634d0f65490de950ddec9d87f67e1a6b;0xee71b9a437e9782098128523da6f48ec7ed6bcb26ff9b140cf5ea3fa17e6b654;0x543b335446f8fd90e3d1579750c1a96dbe6a90467d7d6be13dd6fcee8bfd3048;0xc05c5eeabf09f73bf36575c64a05ee5304e5b874ea4f83ac20b6873fa1c94453;0x36439ddfbd872c638ca69bc1b34b4233948f6f2c6632866f4ea4bce16627cfb4,1.968839,2.390024;1.528585;1.155022;1.042412;1.327097,64.0,9.0,0.0,0,0.0,0.0,0.0,0,2689503232,2689679360,598.3420000000017,462.35700000002436,6.420000000000037,2.1330000000000826,29.645000000001755,33.0,231.0,212.0,187.44840000000096,578.2798000000033,2.6538000000001296,1.5344000000000468,20.23240000000037,33.0,231.0,212.0,2.630366,1.751131;1.674055;0.796641;1.148211;0.690701,64.0,9.0,0.0,0,5.0,1.0,0.0,7720.0,2676715520,2676719616,807.8579999999946,481.10599999999505,8.132000000000104,3.545000000000197,42.945000000002565,33.0,231.0,212.0,145.43320000000028,32.65939999999856,3.8058000000000534,2.066999999999868,29.36840000000024,0.0,0.0,0.0
64,25,59,0xe9b0059057932e5f804accd3b2cbb54986fd3e10bbf60df62ae4fe57d6f66e9e,0x990a7724a879c2ac9558ccfca6a1bc2bee4363c5d3961abdcfa2b092c87ef1e6,0xa5d8fd9b1e49f1bb819c268c1f106fe899c780b8090f2ccf2e862a62de8f28f8,0;1,0xa30df6cf6542888311684d00d35f88849b841c9b2e345c79f1444918e6ff9644;0x2ff289671dff8a365bdfc7631670cc5d36e399519e89c188b2b71e3d0f63bb4c;0x577ac84ace3095d25eee03ded8284f21172445f0f02efce8fd730999ad3d4467;0xa34ee4b955225f31fd29ff6f824b9e9bb0c010ab2e352df68555f949fb1e5021;0xc2750489997d420b58ddd391019a83bfbd184a86a6241f6f7e21233231249b4f,2.524637,3.507009;1.244175;1.230656;1.129343;1.287952,64.0,9.0,0.0,0,0.0,0.0,0.0,0,2681233408,2681237504,614.4770000000021,605.2229999999881,6.891000000000188,2.3729999999999585,75.2730000000007,33.0,231.0,213.0,130.27059999999867,603.602400000003,2.678200000000124,1.644599999999982,23.827800000000842,33.0,231.0,213.0,3.001576,1.052186;0.820677;0.786556;0.751453;0.870933,64.0,9.0,0.0,0,5.0,1.0,0.0,7720.0,2678120448,2678128640,619.5250000000096,487.5149999999939,6.680000000000227,1.4619999999998177,32.49899999999833,33.0,231.0,213.0,119.20939999999769,34.211399999997674,2.665799999999885,1.4080000000000517,21.868799999999467,0.0,0.0,0.0
64,25,60,0x01e4cb16580b125a94ec555de5b7bfff56c0b1f5c1cf51e349e321c42331c7a5,0x9f33e67d5377df9c9667d4daee6b0b6cef0327655d4fd17dcc76e27353830db9,0xfc1cdada4868ba2ff3fda43ad6ee237b5b7762a24de747e80d80a68633c7c574,0;1,0x75a046699bf14f1d2316b500d58e906e1d92dd1f6d5947883d1e5bdbd221ed15;0x5eec0c18949fbddb2691d353dc1f58fc60466daafac138b71bbbf97aa50d6843;0x8cbb591413ff64095ab5ae1670ade7b8127bd6cdc901f423d81b56458e00b6fe;0x2ca6b4ab22cca3a919465de7ed403fc56008bc6a411610ebff76747132c70328;0x93d1412279d1558025d9c8eecdde27be75d15bd46c2f8296ecb2803708ade4b9,2.703607,1.818753;1.209413;1.234462;1.22726;1.117675,64.0,9.0,0.0,0,0.0,0.0,0.0,0,2690121728,2690101248,834.6290000000034,582.1979999999783,8.702999999999662,2.695000000000041,89.91600000000238,33.0,230.0,216.0,102.58880000000303,488.82540000002587,2.353399999999867,1.3942000000000294,27.094600000000803,33.0,230.0,216.0,2.351145,1.351178;0.840867;0.6697;0.744422;0.60399,64.0,9.0,0.0,0,5.0,1.0,0.0,7720.0,2681872384,2681843712,940.2619999999972,491.08100000000434,4.607000000000222,2.3839999999998063,28.393000000001557,33.0,230.0,216.0,115.86839999999654,31.25939999999994,2.742000000000022,1.6483999999999768,22.105599999999725,0.0,0.0,0.0
64,25,61,0x23d6f199926275d3c37a514eb706a9576b807bebf9626bb1ed6ca0ba751e9f90,0xb89a58cb092a01e57b81cfc417707e17aa30ecebe625d85f3924d9fea0b94432,0x9fec0a4d6b22f3030fee0e8eee019f06f4d3dc734b789fa61362652627469aa2,0;1,0xfc79e076f1d751fd78cd8c66b0989e4660e212d3ea63cbefd4f453290f5d2144;0xee926faebbf0552fafa7344c0c0cde1f73ff7ef61a7a7c1dee5e0718c076ecde;0x4bc00a44db1497d79009eaab027a48279aa98c1af8814aaf8656d9b15cf671a3;0x8691eabe67789586b990bc011b939b2cbf2b3b98b02ec4336bfbdeec1404ef73;0xe29b8227b7b48df97f23873b58b276324639aae2f1de30f1cab0c40e21a7867b,2.313728,1.581034;1.400542;1.24658;1.057594;1.12066,64.0,9.0,0.0,0,0.0,0.0,0.0,0,2690158592,2690334720,644.6419999999731,521.6569999999532,7.211000000000023,2.2929999999999997,41.040999999998604,33.0,231.0,216.0,114.73499999999913,515.8237999999926,2.778399999999945,1.3980000000000241,20.282400000000422,33.0,231.0,216.0,1.844972,1.411068;0.839656;0.698884;0.690181;0.693907,64.0,9.0,0.0,0,5.0,1.0,0.0,7720.0,2681892864,2681958400,506.5539999999924,458.33100000000627,6.27899999999966,1.3919999999997996,30.777000000002662,33.0,231.0,216.0,112.88580000000658,31.191000000002635,2.9964000000000377,1.494199999999956,22.57779999999959,0.0,0.0,0.0
64,25,62,0x35cc1f6245bafe4053eacfa12c943191c6f77afc5ceba625094036fa4202440c,0xd8325ceb22939ff765ed0f32d1006ac1b92a7ffd3b99c6540550853657480f4c,0xc2ec5596372bb740365843f6f71af3b091dad1de705054e699abe9cf41e690ce,0;1,0x1e566356594fa80d36bb728cca1eded531cce6978febb5f007ce200f59b29adf;0xbc008aad9d1c3d013c3d7a099b5a8bd7f76389df14f3680275dc42d98103115e;0x35222e85d09e0717fdcf8459d678808bdacdbbeb6b00dfd4703a0fa3f4e8cae6;0x570efd2cba28e76bfeeb1fed93fa8afd9bf63e9b89beecbf0210d7d38924c26f;0xbb21596e39d8be320a9559ad29418145f26ffac851291b8c2898691c2f5c522d,2.211585,1.844862;1.355965;1.119839;1.151216;1.066198,64.0,9.0,0.0,0,0.0,0.0,0.0,0,2690342912,2690170880,573.4949999999794,495.0769999999549,7.151000000000379,1.9030000000001477,41.5630000000014,33.0,231.0,213.0,121.89219999999555,445.8422000000129,2.736000000000058,1.694399999999964,23.37900000000115,33.0,231.0,213.0,1.825432,0.997944;0.829741;0.839987;0.754999;0.740667,64.0,9.0,0.0,0,5.0,1.0,0.0,7720.0,2678296576,2682003456,553.2440000000083,474.97600000000193,4.996999999999641,1.8530000000000109,27.040999999998483,33.0,231.0,213.0,117.01659999999725,42.2636000000004,2.705999999999889,1.3082000000000198,36.68520000000147,0.0,0.0,0.0
64,25,63,0x7201e201a37b066c5fa906f302023e475b910b4bedaf341069aade8832743d2c,0xe4f0dac6c804f3502a416f4b7229fa9d0e04a7908c91c778e0e68b28300a6ad2,0xd1e5bf4752249a4716c4d255b2c22a0f1800e5da6c0f67c9dadd2b826f0ec129,1;0,0xd3b1d8e797fb497ae3ca325c393cf195deeb1263958a3d3f612f4edae7b695e1;0xf3fd06b9671d06f1969d9ed976f8bbdfd04e2c000504e500206e457112dbccc0;0xbd5efeaba9816caa06d2698445c0d6473ce69436608f55509ee4076558c6ccfc;0x78517cce38b1df4e73403ddb61f0e03580bfcca57d4d9a737bc19157c86fbd95;0x06aed3a3142a3a4cba1ed12d7c995e9e6d3da35fdc7e427db3ebe727a2317f5c,2.006235,1.828177;1.336495;1.106439;1.158507;1.04177,64.0,9.0,0.0,0,0.0,0.0,0.0,0,2681274368,2690560000,626.0140000000081,437.8000000000437,4.96800000000016,1.311999999999841,28.58299999999869,34.0,235.0,214.0,120.14900000000273,545.8752000000011,2.4558000000000915,1.5902000000000795,18.664200000000076,34.0,235.0,214.0,2.51327,1.401248;0.806295;0.722499;0.701558;0.72946,64.0,9.0,0.0,0,5.0,1.0,0.0,7720.0,2682003456,2678317056,814.6390000000059,536.930000000005,5.899000000000182,2.6539999999999377,42.3739999999978,34.0,235.0,214.0,120.03740000000596,31.712000000000405,3.17059999999994,1.5421999999999312,25.478199999999507,0.0,0.0,0.0
64,25,64,0xb21b07154fee76789a1eff060ee6f145c24713c0629184c15241288e3d00984d,0x4fed7d43d53490b2fa824ab0ffc7d872922124036774d9f12a6da27cb1ea61e7,0x0a86d85f6f89e8303f9c08ffd6d670eb228f9cddee587a663150d86b3b0efb54,0;1,0x4c6847ceb4944762fe4538c0632f45df79f7b611262b323a74207adf6c07686a;0x50dcec3aad03b6c2ffebbb6dabbab2ed0f8e8f5813ebbae7c5c97c48111f5d5f;0x696d82c2f58b044d8889d21f8a468304d4ae1673431951d82d5a6b564f51a662;0xc9d232415e06d2618bbeaecd08d270375828d3db4e9789b02a3f246ddeed264c;0x8f0900750b57a389d2559a23e964844756207606157b143bf4d884b927f5037f,2.304195,1.595827;1.187321;1.10758;1.258968;1.082252,64.0,9.0,0.0,0,0.0,0.0,0.0,0,2690809856,2690953216,677.7419999999812,494.57600000002435,8.191999999999748,2.2730000000001187,42.133999999999226,33.0,232.0,212.0,121.17080000000335,495.26059999998046,2.6303999999999563,1.6746000000000643,19.243200000000627,33.0,232.0,212.0,1.749057,1.553242;0.755109;0.613365;0.697813;0.682118,64.0,9.0,0.0,0,5.0,1.0,0.0,7720.0,2682331136,2682376192,513.6749999999912,429.95899999999364,4.5770000000004005,1.5119999999999543,28.713999999999128,33.0,232.0,212.0,106.9331999999923,43.726000000002266,2.808199999999872,1.6125999999999987,21.542600000000466,0.0,0.0,0.0
64,25,65,0x7569bb1ccb381a503e4775ef7a7c897259ea86a8bc0ee6f758ce0e79e452a300,0x9812d7138fe0b249ce62494efe39a7f1bbac1561a5cb88ea0103ddaf7d46f783,0xb62052d8900af4c9bb0f6523d7c8a74941478cb91dc467c28e5bf98206e98dca,1;0,0x13eb4ec0f5a59d37c2b2685fa719ceaeeb1e16ac96e1c93761d8480509154bfa;0x9cf98a886e6811771863d3371bcc4e403e8ac27e6105b484f1b4c8efd5be58c8;0x9dbbf3204f116dd11f3bb1cd41fda9b039dbe4ab2c8881697a3b7810a1573342;0xb2d67cc74b492ea0ae5ea9d85b7f5f21befcf9309c57d2df64939f4e187f4362;0x9cfacb15bd77f96c708e2026e296916123a21e5821d6a1fea0b617e0b44a5c7f,4.775712,1.722577;1.287872;1.024855;1.126249;1.879965,64.0,9.0,0.0,0,0.0,0.0,0.0,0,2691010560,2681393152,3359.235000000016,420.45400000001456,5.439000000000312,2.0530000000001243,27.061000000001833,33.0,233.0,211.0,116.76400000000253,575.7706000000251,2.6158000000001818,1.6705999999999146,19.45939999999924,33.0,233.0,211.0,2.822936,1.403907;0.933908;0.690101;0.910052;1.272358,64.0,9.0,0.0,0,5.0,1.0,0.0,7720.0,2683809792,2682462208,611.7529999999927,660.2349999999951,7.240999999999845,2.6840000000001933,42.25299999999904,33.0,233.0,211.0,124.61980000000317,55.958399999997404,3.0185999999999757,1.738600000000031,28.598999999999986,0.0,0.0,0.0
64,25,66,0x6b1d7ac8a750cbe00443985acb59506836c572e13196bd77211e29d1b19ce9d5,0xaa430f9fa7994a886631fe363443d6d20857bae173770a33c01052e3f853114e,0x8b708aab7e1a7363b88fc0a593affb2ff9375bb294a1303fa8185fb96fab91b3,0;1,0x240fdc71541fa01d7dc13e8138d7c9f877b1366bc3d053d9f777c1d7090e9396;0x0aa42409dafc28415f5b4e8345c87d1ad4f2b4e3aa08c21d6dea28d32636040d;0x1fa25e01726807feb47f8e851ef119154711b5c93031f905fdeb35e087c0c815;0xee2e7b102650ca469000834c7cb7ad6d96682c9fe93c35ddabc5fd556d7a940b;0xdeaddb5c5546491283c77190a48982495c9f91ae87665131404a71b37c8f9f44,2.568493,2.068399;1.581646;1.177721;1.3002;1.044184,64.0,9.0,0.0,0,0.0,0.0,0.0,0,2689499136,2689572864,812.0750000000232,496.79899999999225,7.080999999999928,2.414000000000062,42.80400000000045,33.0,233.0,212.0,129.25080000001367,478.94440000000316,2.65739999999997,1.7002000000000337,22.455799999999968,33.0,233.0,212.0,2.290314,1.670899;0.931615;0.776722;0.776;0.664953,64.0,9.0,0.0,0,5.0,1.0,0.0,7720.0,2682748928,2682765312,700.8560000000275,480.95500000000516,5.848999999999611,1.6019999999998535,32.48899999999666,33.0,233.0,212.0,115.14159999999052,36.54939999999662,2.9823999999999473,1.4882000000000783,24.24040000000155,0.0,0.0,0.0
64,25,67,0x8355c798c53cdb5b7a0b1705f1a8bc258158fa21c92f469a1fdb671ee3ce1f96,0x941fb6026319d07663dc028724e95b4b51c034f313103c853bf58d5f0fee16b1,0x9e721ccdb846e2d355f6afc67db3821dd061a0b4d396dbb713db6a07569f669b,0;1,0xd665836f08da7efb6a1649c1341d080a5c3c9bfd4af54bd878ccb5468bc76b6b;0x1eca1502f2701b5dfb1996953097b0e2fc9c1faa1b184d193b6715cd4dfd3d56;0x63c1045bec2fd343592a6f29dcdbaf84d931bb500f56a5398b7e13e0125c7f61;0x1a8771fb188b116da08cfa6f6ff2d79d34d8ffdc6bbdc3e58827aa0009e58e8f;0x4184f12140d7c02988fe58a680fbbdb47d735a0755d43db5349bc12f3efc6cda,2.53974,1.91353;3.273416;1.161141;1.103483;1.025957,64.0,9.0,0.0,0,0.0,0.0,0.0,0,2690990080,2690998272,631.0110000000146,516.0680000000361,7.641000000000071,2.19300000000016,42.04399999999803,33.0,235.0,213.0,116.80439999999237,452.49019999999973,2.8781999999998034,1.7788000000000352,37.48840000000059,33.0,235.0,213.0,2.17156,0.918845;0.899236;0.806997;0.666114;0.807127,64.0,9.0,0.0,0,5.0,1.0,0.0,7720.0,2684358656,2684436480,526.4440000000147,541.6969999999937,7.110999999999749,1.7920000000000262,31.968000000000274,33.0,235.0,213.0,108.8300000000042,32.92759999999895,2.72999999999992,1.468400000000005,20.130599999998445,0.0,0.0,0.0
64,25,68,0x4428331e4c78c92f1cbc588813009bab66fdc7443fac0c4902165ddf08f24944,0x14e320a4b63b7a1f84116b330a9eec44a3d0ce6dc251012c606732d8706ab6a9,0x5fcbb85578496497417f4cc63a6b650d0f39d5ad55a62a3ae49021e4da7c29b6,0;1,0x24e700dbf38b72c8f3fe04f50fa9687d7be20ea6413bea6201cf9aaff018d3cc;0x7a016aae1780429117b41692c2e930b92a5cc4b124ab02e51ef8fd0987742c92;0xc886f7161a305173ce7477441428bcf44ae3afdd69d4b22849f4856cc69d985d;0xf547323919c7410fcf92aae5cee7e91bc9abbde836384532b8415a3320dd1eb2;0xc2ffd81371035b717a0e04bda2ec0e7f624fd6988c739b190bc7fee600c6216b,2.222521,2.20884;1.382434;1.101811;1.134211;1.009231,64.0,9.0,0.0,0,0.0,0.0,0.0,0,2691006464,2691006464,622.2080000000129,481.3750000000061,7.331000000000178,2.153999999999871,42.69500000000232,34.0,239.0,215.0,112.37560000000313,490.0608000000028,2.9743999999999953,1.540400000000098,22.64000000000016,34.0,239.0,215.0,1.96955,1.168121;0.73663;0.626995;0.648057;0.627406,64.0,9.0,0.0,0,5.0,1.0,0.0,7720.0,2684477440,2684489728,714.6180000000002,448.5870000000003,4.3259999999998096,1.4820000000001325,26.880999999999432,34.0,239.0,215.0,117.65739999999302,34.05960000000541,2.2054000000000515,1.387999999999997,26.355800000001093,0.0,0.0,0.0
64,25,69,0xea5a25c10ca142f3ffd19b3c1fb4f1c46bf2ae469e3a13718a8761cdadbb35f6,0x8dd97364a7158e15fbfdf9e0f8481fe28de5ce0eafdfea4f60230f566ea9d453,0x07c1721d902ad6075dce8ca6e4c132cea9dd71f9a26136ecd4324b8249ca2a72,1;0,0x81aea6712a273cbef985dce720bdfca939d80f1d37c56a8683f49a81d800fa0d;0x41e3f3158221a4b5bb752bbbe4c9601c882249c7e23ec2cfecd799f5d3c15459;0xac77e829c6fbc24d1f01495eb0d7534e53e3d6f5c7a82614031afb13ba954786;0xa0627f8160d727c9adf93d722929dad695e535f7722a3ee1b42ba2ca5b115ed9;0x1afc9206e6591b70f8816a6fc913829fd00e904eb4294184ffebb268a0c8a652,1.894617,1.513352;1.21375;1.077004;1.04753;1.00122,64.0,9.0,0.0,0,0.0,0.0,0.0,0,2691018752,2691018752,572.1220000000083,451.73099999995526,4.737000000000317,1.3719999999999184,29.49499999999744,33.0,235.0,210.0,104.2512000000051,430.75340000000574,2.7381999999999405,1.3462000000000542,18.826400000000742,33.0,235.0,210.0,2.416194,1.329435;0.772024;0.720346;0.70988;0.722629,64.0,9.0,0.0,0,5.0,1.0,0.0,7720.0,2683142144,2684489728,622.398000000024,577.2500000000014,6.510000000000369,2.044000000000091,40.14000000000101,33.0,235.0,210.0,118.87099999999818,31.243000000000244,2.81240000000009,1.70420000000001,22.844399999999432,0.0,0.0,0.0
64,25,70,0x7ea3c7e44e393a13772423ff9c6580f69490600440ac3b03bd1ca51647ac3de4,0xdf17b7837bd18edbafc7f97d574e73087f4e38eac8709c4371595e00a4ff490b,0x00855d2a447fdac65e68ffd316ffbcfc22476e1d2b7e986428392b6bf8275f79,0;1,0x2ace763b70cbe5315b3c58bca3510a6b61406fbbac229f18dfcf9fcc0bb1010f;0x9dbf83e6819b8dee387419c258d87dcbbb9539e0b2f3726a233e7b57ee3da380;0x16bb23c85e53b66f4a6faf430b8467b3acbe0d795a53b2763216eb8afaba7c74;0xa7c4695f7b175d402607e455635c57918b6547c338c5e8584c2b6efdc3d92ac7;0xd0dd00011a2d8c41eb5b57d14598fc77cad5b6a43d1eb7a9c811f01f81f4861c,2.538037,2.00313;1.358298;1.174241;1.110053;1.101061,64.0,9.0,0.0,0,0.0,0.0,0.0,0,2693238784,2693242880,672.8040000000268,515.6480000000352,6.589999999999894,1.9529999999998506,41.392000000001204,33.0,234.0,211.0,130.9975999999935,487.03639999998495,2.984400000000109,1.5863999999999983,22.389999999999908,33.0,234.0,211.0,2.35416,1.054686;0.765765;0.752975;0.732364;0.732605,64.0,9.0,0.0,0,5.0,1.0,0.0,7720.0,2684608512,2684608512,661.937999999973,481.6769999999998,4.13600000000007,1.4630000000001586,27.861999999996556,33.0,234.0,211.0,106.04400000000514,37.62879999999747,2.6458000000000035,1.4441999999999926,25.21419999999969,0.0,0.0,0.0
64,25,71,0xfeef358f31b530c64064680e7595585c062ea5b26bad04df4c5803290d17a17d,0x4c56ce04afa184af19f089dda0a2a08b09d01e725444e72fb20494abfe6c3648,0xa4eebbe4533e4e2e180e62d2b1eed3d80407614fe4e518f68ee7aa3c25afac5e,1;0,0xadb6e9690f991ea809ef3410bfb80b78f3b47616860180efb5f00e863a3d741c;0x2c8d95eb338e66c97ff58ef1a9156d1b97afdd186141b716a70b5b6554a0eaab;0x55d63ff81e958025e65d5560fc62697bd294c1b6c7dfd353e0ef4daae0690658;0x77745a83356fd9106df4b26eb71c940b17918a29390506b0731eed221777b43a;0x9aa5f25ec6fa4ffd16001693c7003f768ec63856f853b51198425e3eb0c01710,2.21471,1.681586;1.255383;2.510296;1.327471;1.169974,64.0,9.0,0.0,0,0.0,0.0,0.0,0,2693246976,2693246976,663.1200000000171,474.2749999999685,5.518000000000363,1.402000000000174,29.94500000000344,34.0,240.0,213.0,112.60779999999748,531.4089999999937,3.12460000000004,1.6046000000000462,20.332799999998876,34.0,240.0,213.0,2.410254,1.501694;1.030273;0.873177;0.814588;0.843422,64.0,9.0,0.0,0,5.0,1.0,0.0,7720.0,2684616704,2684620800,683.9820000000274,505.2620000000063,6.219000000000016,2.274000000000026,44.80800000000035,34.0,240.0,213.0,140.14519999999698,42.90640000000068,3.355199999999919,1.9570000000000005,28.548999999999936,0.0,0.0,0.0
64,25,72,0x27719e081c2294629cdb511768f153e6d5b5751f386c9f47a3d9e0ab901612f6,0xd548eae417ef3bc6392a4e5be639e06eee44286046e2f8c37606175d3019b0ad,0x20856a24552c200b118078d82a4e369c671e8e34841bc6faa83c23e371cdd8e2,0;1,0x345bdf4ff2f2e4de4a88e2b5eb3ab3a1dc09a2312af2178d3ffa1482ff70d413;0x285ff03c80dcd7ed49671894940833b24e19aa418036aa5968489e6e246906bc;0x4b55f13338ee336f704ba0699b6825fe701ca6ecbb4166d92e615aa25b33c501;0x3a59432d047e991781d6c67abda5c1366fa4a4b5afdfd53ee446a09e87b7db79;0x4560cd04c8b747f2fbbbe6e5fc431174dc78e0da9044a4ff8849625bdfdb02b4,2.985451,1.890681;4.690222;1.519781;1.230716;1.156734,64.0,9.0,0.0,0,0.0,0.0,0.0,0,2693361664,2693369856,653.075000000003,531.7419999999462,8.031999999999831,3.065000000000012,41.522000000002166,34.0,238.0,213.0,147.0937999999977,481.5764000000167,3.042799999999901,1.6026000000000582,37.301999999998785,34.0,238.0,213.0,2.158125,1.838973;0.908841;0.983222;1.049593;0.701107,64.0,9.0,0.0,0,5.0,1.0,0.0,7720.0,2686451712,2686488576,646.4849999999744,512.7530000000047,5.467999999999792,1.402000000000174,100.35099999999852,34.0,238.0,213.0,143.53460000000595,33.77879999999778,3.394999999999961,1.8868000000000877,24.527000000001962,0.0,0.0,0.0
64,25,73,0x3c3a47525944c298bd9b6e0ca3c0ebb76e1a798b067fef79ee56c83228ff5eb3,0xa2dd0185d6a05f458e6fe1571b4e3447ffcaf365fb83a46f3358c105fce36ac1,0x85c5a76f17e5b30bf45509bc8928c68b3187b46faaad15e38743b24126e24c47,1;0,0x338d133e4e5b8b5c5012142dc01792a3aeca871c5dc454f56375a8949c9d1f71;0x411dba45617e4dd0fa1acbb18442dd3fb13d10cb8b85f4b8121e2108608dc83d;0x3b9bddbef114f05e7b98152c5cf3771f694856c39836b7c51356e04fff82bda9;0x8ce672dc951af48d72bbf30a85a97a3867d02bcbc83fb5646f7dd0189a42fd49;0xe703de23428d8af672d77abb36f1494a03ca616f27e65f68a37c391f80b59d07,1.935979,1.984612;1.349685;1.38334;1.170004;1.327482,64.0,9.0,0.0,0,0.0,0.0,0.0,0,2693443584,2693459968,593.3650000000124,434.4450000000055,5.1069999999998545,1.3420000000000967,28.081999999998718,33.0,235.0,211.0,154.08439999999857,495.4492000000199,3.561399999999805,1.8108000000000188,27.63180000000115,33.0,235.0,211.0,2.447,0.98146;0.665133;0.843172;1.029282;0.916197,64.0,9.0,0.0,0,5.0,1.0,0.0,7720.0,2686541824,2686554112,621.8479999999804,484.2099999999988,6.309000000000349,1.9130000000000882,42.03400000000329,33.0,235.0,211.0,111.91639999998948,34.21359999999929,2.757999999999927,1.4104000000000025,24.2004000000004,0.0,0.0,0.0
64,25,74,0x2eede6afd129eb34d7203910994e298c3586ee19b11c54c6f5ba1404ef3429ab,0x2a72715bddf19ca9e60588f26a1055e5b4d639d4b6fab1db33c8377156d4fbdc,0x2e3496515b639bfccd7c29cf9e09ce44ce40818f83fdec5188f290b51f00890f,0;1,0x1d44ddcd0468344b895853dd4430da90e6ecf394d15605ea5eb93df16e37d1af;0x45e297c500387121b9f18f6f3df451ddc7883d5fc7b9c9f42b93ac10feb4d115;0xb5acca32ec32cc3363fc363773a2d7b99ddcef3634b46c471f67db6e4aa7db3c;0x7e017c5ee1f905a7c0cdc475d1d58580f2aa0f2f1f824e4b67619fe491a3ba98;0xd9d961a662fc770926081759967a9461662544e9f0814adbb7faab5fd45b91a6,2.311736,1.490588;1.252999;2.237484;1.140224;1.191606,64.0,9.0,0.0,0,0.0,0.0,0.0,0,2693537792,2693558272,637.451000000011,503.25900000003367,6.739999999999871,2.4429999999999765,40.72100000000051,33.0,237.0,215.0,103.4016000000082,712.76640000002,2.6379999999999457,1.4601999999998978,19.334999999999493,33.0,237.0,215.0,1.849223,1.365278;0.740046;0.657952;0.76904;0.703025,64.0,9.0,0.0,0,5.0,1.0,0.0,7720.0,2686623744,2686636032,589.3290000000273,428.22600000000375,4.33700000000009,1.5829999999998796,27.471000000001133,33.0,237.0,215.0,109.82739999999546,31.269199999997557,2.615799999999835,1.6620000000000177,26.45200000000042,0.0,0.0,0.0
64,25,75,0xda8f654cfdcb5c2c231a45c8238662dff238c0cece0821269ae46387d1293c2c,0xd9f96c44a145527724418cf4d6191abfd7485190dd837ecb68f82df08f627e6f,0x964dcb86f77473dc19d5a7b0b699a54c38380ec2718a485a38b0c890b020496e,0;1,0xf88eeb715415d9b998079e04e9d6a3eb484cab2bb8405e5ff456d6c0cd52dfd4;0x5ad850407d25f149ed0d170478f1cb3575645cbff0f00f1187040babcb5dadcb;0xe38437f8bef345ab082e5cb9289154edebbd6be164709fb5f89dacc38003a1f6;0xb297ae29e731c570c21c8ccc26f32182de2c85a49308ccd333cef3aa10bf500a;0x7272b84aa55164e45fdde9296875e5df841bd22ed77147c25950b0129a0c40e3,2.85866,2.370134;1.402976;1.322765;1.268152;1.251918,64.0,9.0,0.0,0,0.0,0.0,0.0,0,2693701632,2693713920,1066.6080000000245,460.30399999996695,6.950999999999833,1.9930000000000467,54.72299999999958,33.0,235.0,211.0,133.6353999999984,470.5194000000024,19.94000000000006,2.0151999999999846,24.03640000000068,33.0,235.0,211.0,2.198425,1.150615;1.097235;0.762971;1.189539;0.847889,64.0,9.0,0.0,0,5.0,1.0,0.0,7720.0,2686779392,2686799872,857.7730000000062,458.581999999999,5.057000000000151,1.6330000000000164,28.052000000000632,33.0,235.0,211.0,164.57819999999847,32.83720000000212,2.693799999999892,1.5262000000000262,24.969600000000757,0.0,0.0,0.0
64,25,76,0xbe999028b4445d290b0b153bee248221803f03b7c7251ce951537b75ac5e06fb,0xb7a56c05832d4201e2ede04e48cb991ee03b1f3c997d65a86a3f4d3846000c70,0x99ce2b8c2a962ccbb833f2d098c965d2b2278be2d26b076be46cedd214f27ed9,0;1,0x0a0ab51fe3f124b50527ac7ec6103e481079b4a32d7944ca137454b32796819a;0x41b9eddc91e0d0483e19c38f83a8e1486b99f261e3b9ce4b0d439af9fee74bba;0x235c7756aae1209cb7412d8293e7578aa58ac3fc7a7c34775ca30d9773bdc382;0xa128cb42ccf5510d51724210e6b7f30926aeafad07070ec4e71de30d06efd99f;0xe40460afb91cb7fdb77eb0b3d1b8e18f16f563e2ca7facdaef0eb18481c445b0,2.841865,6.740915;1.610459;1.292118;1.280441;1.070514,64.0,9.0,0.0,0,0.0,0.0,0.0,0,2693718016,2693877760,603.1499999999968,498.34100000001325,7.822000000000211,2.0229999999998687,108.38299999999663,33.0,234.0,210.0,123.39199999999994,938.4011999999941,5.844799999999914,1.5582000000000964,27.076800000000457,33.0,234.0,210.0,1.964563,1.611981;1.18725;1.00489;0.754207;0.719685,64.0,9.0,0.0,0,5.0,1.0,0.0,7720.0,2686799872,2686832640,500.69499999999545,459.3630000000043,5.658999999999873,1.492000000000073,27.83199999999847,33.0,234.0,210.0,140.90619999999055,34.43000000000196,3.7478000000000513,1.8709999999999907,48.6076000000002,0.0,0.0,0.0
64,25,77,0xa6f377e0676935418e353fb9c5ee8465d74fa40a673d122fc04eca12a755eb65,0xfc470eebb46f8a4ce51f93740904749ca1a558b7d9a101255ab8452c3e231a70,0x0ae3e3f54b52e6c7341029cec05277ec5edc8a13c063939252cf3b6de27ba98a,0;1,0x9aaefd6581d21adc2c8e73b570232c778345dc888f43ff2f9ba8fdd452efd50f;0xf748a3449182847cf58cbac8b30ade41cd9d51cc5d3cfc3f3efac26b316b7678;0x3b8d0715e2a990d68e248977fe53327b1ca521c5d57787c05016e7a17b0d7440;0xe7cb742af937453be2bb068d0453453f3b6b341835071e952c43e89cb9beaf14;0xa36379061a92baf5bdff84b12d114bc4dd07814b8b0f158445cffc8e05cb08e2,2.517431,3.223971;1.917241;2.714423;1.933095;1.443306,64.0,9.0,0.0,0,0.0,0.0,0.0,0,2693881856,2693906432,633.7459999999905,528.6279999999755,8.272999999999614,2.1430000000000233,41.782999999996626,33.0,235.0,214.0,161.58959999998945,658.9836000000071,4.428799999999996,2.379800000000022,28.807399999999927,33.0,235.0,214.0,1.967086,1.551229;1.322504;1.782598;1.151857;1.031555,64.0,9.0,0.0,0,5.0,1.0,0.0,7720.0,2685501440,2685517824,460.0140000000086,466.454000000005,4.816999999999842,1.5819999999999723,28.80400000000033,33.0,235.0,214.0,222.97599999999696,36.66700000000134,8.094399999999945,2.471599999999928,26.764399999999743,0.0,0.0,0.0
64,25,78,0x7c5e4a34fef3d92f09ce3148b6587a3db2421f3e3a790d1a3e49a7f2ce626431,0xc9b9bac8ca71f315b25d253623ccefe4a43688536664d78471e595f0b2bfc083,0x0891484fba57fb00aab16684b61f85c9806f3e0e5442d69d9ac97db46594efe8,1;0,0x111a5ae533b1311898a0eca0b8b65954bbe8f030d685fa6f39d118e64072411b;0xa5fe8a0df4dab32cff9ff06d156f8164db7c4419fb9997d41e48247098be24e8;0x45a06d527379c84a34bc23890eaaa6b3d76daf173af9b06c65c9127bf0010cd2;0x31088205e34c6b42898423a71258cae228811018235a8521f8807647199d2c6f;0xa95cad319e1132f1538c8b95210614eb9b6db0b8eae57ad1a5fbd812da28ed69,2.730512,2.240568;1.322304;1.223224;1.138026;1.498159,64.0,9.0,0.0,0,0.0,0.0,0.0,0,2693914624,2693922816,739.0540000000168,880.5579999999758,6.439999999999918,2.1940000000000675,29.39400000000203,33.0,235.0,212.0,237.51400000000535,498.6576000000298,5.111600000000209,1.7324000000000852,30.724399999999818,33.0,235.0,212.0,2.716276,1.573963;0.898194;0.893076;0.783791;0.777046,64.0,9.0,0.0,0,5.0,1.0,0.0,7720.0,2685702144,2685710336,645.072999999996,514.8360000000047,8.40299999999971,3.0139999999999683,43.936000000001364,33.0,235.0,212.0,132.2633999999989,37.26819999999854,3.495200000000129,1.7607999999999686,25.390399999999925,0.0,0.0,0.0
64,25,79,0x6b04e42a8c4d6f3c6397148028b111a287f73a9fc18c14bf2aeaaab0e4619fa1,0x7e45817d8412dc55641c90697dba1ef1ab00399b7b3deec405731d43bcc83602,0x4f6d94c7153ab6d853d28815b6a5e9589f0e2459d7dc6b5ba2bc3c7e599793e8,1;0,0x960aae3677a78aa15d5688c3d56fa835a040a61f2100d5a7bf34693e30d08b7e;0x4197ff9acf4d6f5fd7b5fac2ae9aaf881343e10bcb050cc213fda992521106a3;0x800120eaed443f5fdf3bb3d8632ca4363d466ef807ca901dfc61e0814810d57e;0x9e99e8083f46941848522efd6d278fd7950bfbe47be21e3861f0085599d22197;0xd6f239b41371fca33e59132fc8cbcc8f10a678e385e5c5a59f55dcc207d6aaaa,2.027457,2.005414;1.191326;1.14742;2.555524;1.18709,64.0,9.0,0.0,0,0.0,0.0,0.0,0,2694017024,2694017024,678.1229999999749,443.3489999999818,5.268000000000113,1.553000000000058,57.3160000000017,33.0,234.0,208.0,145.38740000000772,467.9458000000025,3.0584000000000167,1.7086000000000359,23.092800000000526,33.0,234.0,208.0,2.636876,0.926598;0.85548;0.671753;0.641056;0.908319,64.0,9.0,0.0,0,5.0,1.0,0.0,7720.0,2685726720,2685788160,842.4599999999893,489.5480000000063,7.100000000000335,2.4429999999999765,42.00299999999879,33.0,234.0,208.0,104.14280000000663,32.9476000000023,2.9684000000000306,1.5203999999999565,33.065999999999654,0.0,0.0,0.0
64,25,80,0x0b2ae1e214ac8ec4b8098e5a9a26bac88fc94e5b25de1e22c3c33e6bb35d5cd6,0x0f75ffaac7427feb3cba530a545b1c7afbb1e7ddeb1efa450d62fca0311dd01a,0x2e9b498b2c6d7be242703c2af36bd4fdaa3a2be06aab465f46d9ce81e3c6f765,1;0,0x7df0d2b486d298334261cae037d17aa8c75a65cbc014dc0f9133a584741ee523;0x6aaeb0048fdbf9155dfa8d651a6608031d6b927b2ee26a06a76ea86e85e6c2da;0x8cdae8029664497d05932d7a3ef490e4624d3e38838863eb928d14ad8978d6f7;0xec23e54b3ae9f39b765f249a101d3ed792ca7bc25c49523146b3c9b5ebcd01f1;0x44caa0a5cf0cf873286782380582490021e802a09b77e5a41f0f4c8d30dabf40,2.347219,2.134488;1.610469;1.274442;1.092628;1.088011,64.0,9.0,0.0,0,0.0,0.0,0.0,0,2694049792,2694049792,608.8380000000004,514.4459999999463,24.516999999999943,2.503999999999961,41.2119999999988,33.0,235.0,214.0,133.57339999999772,524.7852000000108,3.244999999999984,1.634599999999955,34.20560000000211,33.0,235.0,214.0,2.522293,1.798231;1.145978;0.889391;0.853587;0.675519,64.0,9.0,0.0,0,5.0,1.0,0.0,7720.0,2685845504,2685845504,722.2490000000081,521.2259999999997,6.438999999999577,1.923000000000029,45.35900000000176,33.0,235.0,214.0,145.97219999998856,46.65660000000294,3.907799999999795,2.1367999999999907,27.52339999999992,0.0,0.0,0.0
64,25,81,0x3ed9f23a7095dce135131e6e6db7cd29fd700cccd3d11dbe04399015bc887d02,0x927b3d5e9af074e6025a9a435fc6e691b6a6f42572f3f7b2c06b36c6b2cef3d9,0x8dc761f12280cf44ba371c23c8bf70db91dfcd7151df2be93f48ccfce4b7e870,1;0,0x55a00f94fd256b5aef29907dd1a4035620aa25bde0c954b8af9498d2267104db;0x0c8c46cd38ecffc948c60da0613fd4cd238fb22300bb2077a96ea3b9a7c9bdaa;0x8ef382bb48fedab1eaf2b301b5a9367c9e8de24da3b08ea8ff76d45e0130cf5a;0xd5052605894518e54233160eee2ad25aaca7af41ef2309931c13a26fe9cd0a0a;0x0b9029d91e570246246905892e3f575d0087fde113f11e73c298c4dcfcea5a0d,2.125555,1.767696;1.446591;1.242463;1.440512;1.208832,64.0,9.0,0.0,0,0.0,0.0,0.0,0,2694111232,2694111232,599.9749999999748,519.3529999999447,6.339999999999645,1.4220000000000552,27.943000000002492,33.0,235.0,210.0,117.11059999999217,481.93880000000354,2.8101999999996865,1.5264000000000075,24.665399999999895,33.0,235.0,210.0,2.642815,1.563157;1.019638;1.072958;1.073449;0.772715,64.0,9.0,0.0,0,5.0,1.0,0.0,7720.0,2685911040,2685911040,690.50100000001,476.05700000000195,7.972000000000187,2.522999999999935,41.702999999997104,33.0,235.0,210.0,155.90500000001174,35.271200000000505,4.857199999999847,2.5818000000000367,31.27920000000062,0.0,0.0,0.0
64,25,82,0xd31dd70412b9282bedf24b7564ba9db3dffdecf337d22fa63ff675a402cc0d43,0x9621706e229d28da3d553e5d22a9efc6f59e4fc6a32e0974fc072d79527873ed,0x593272a91bec0606304d609e57438e710b6733ed3bac456605b892b46ee76e9a,0;1,0x32939353737b5f50864268ab2ef490bb9c452160ca3af5ab8b3f18268db4bf85;0x6e29d62745383dfffcca1cb3c20d29eb68bef77f64ba07d6ec8ee45024471bcf;0x4a9a0106a4899b9e553d8eeb02f04a8d14d9eb81560f088f15622b8823a1379b;0x7603b6ac90375a18c04cdb90bb4f71acfdb96d19ed90024f29f53fc3f748391a;0x7a8eef2cb8703d724f3afb54903d8437ff670e348840fa2062784d74ddb3b1d9,7.014898,2.26154;1.404027;1.192859;1.123324;1.113599,64.0,9.0,0.0,0,0.0,0.0,0.0,0,2703245312,2703572992,677.3609999999875,2579.8999999999683,7.219999999999622,73.90199999999982,41.802999999999976,33.0,236.0,210.0,127.5321999999912,485.5497999999958,3.173000000000065,1.6401999999999564,23.25119999999903,33.0,236.0,210.0,2.649895,1.155292;0.966087;0.719705;0.694137;0.74273,64.0,9.0,0.0,0,5.0,1.0,0.0,7720.0,2685964288,2685976576,763.2810000000045,525.4330000000057,6.329999999999704,2.152999999999964,30.17500000000034,33.0,236.0,210.0,112.00679999999741,33.75300000000303,3.0945999999998715,6.599800000000027,32.162799999999045,0.0,0.0,0.0
64,25,83,0xcc5615ed7219a8e254d8e005d2cc9d34295bac00e613563400e91edcafaf9307,0xfe86bfa339f3b0dc0e60a1d7a72b43351c76718c361f6f5cfe0ccc84c86816d6,0x9156e177dfaf73540a9019931401e252cca4bddf5b2f0ca334fee198f21064d1,0;1,0xc1e53f31369dce5f9a18f0f84cc5aafb6a6f9587bd09473a0899f085ab49ef84;0xd7bce5a178cbd1b09089a75f3aafa6884557a47c4358e71de09bd8d756b08e10;0x401a1601e88ec4ce5d576a5bd4720da5a00a613b6ddd0a8fd7ff32bd290c6b57;0x3cd850c8de5169c56d4edd80904d96f027f9a036d4e4db49e972bdac0e6f455f;0xfeee5740a380169bb18bf685d9c1c86ef31b3ee5005f7f4c1c169b35ee7e8e39,2.570126,1.925764;1.254131;1.455445;1.217406;1.257526,64.0,9.0,0.0,0,0.0,0.0,0.0,0,2703134720,2704293888,605.893000000024,488.4960000000049,6.449999999999859,2.1230000000001423,44.877999999998195,33.0,236.0,209.0,124.74000000001206,509.1416000000182,8.3306,1.6786000000000405,22.698200000000057,33.0,236.0,209.0,2.009119,0.950413;0.942341;1.038416;0.719935;0.696981,64.0,9.0,0.0,0,5.0,1.0,0.0,7720.0,2686648320,2686672896,496.1279999999846,478.53100000000427,6.388999999999874,1.5119999999999543,29.935000000001764,33.0,236.0,209.0,135.09179999998676,32.95779999999971,3.371200000000171,1.540400000000011,20.49060000000047,0.0,0.0,0.0
64,25,84,0x5c61b6e35906844302bc8597e5a646aff0d977c9801fd02f86e9a77287663c6a,0xeb5fa6662817cbda8342d6ca0b759580caa2da8ac6dd9dbb6d188e2746aa7354,0xd1d5dc54562fd4b59490665250502871d0e437e1c9fd8d393e1267302b41e4f3,0;1,0x60abc9d9d301d6c0eddc5e408d39f45585edf07028c29eff521f432e2c3bf473;0xd57efaccbad12f8eed6d737a1f4badf9a4e9cbe10ff7eee9263cdfeb1c0e5360;0xe526b4cd8f9c2cd8497bc380fb0e6347c9dab4f2ab17f012cce85bdc943cfb76;0x09225df1858584a44d34b0764b67920936643e05bfa7e241d0d87cac1944dd3b;0x6c1f0a95474564066cbe7eeec8f5d8c8f9b19f0a23cc573cbecb60e623d273b5,2.485958,2.055259;1.245869;1.149483;1.622387;1.198558,64.0,9.0,0.0,0,0.0,0.0,0.0,0,2704318464,2704363520,630.9119999999834,517.6399999999859,7.891999999999795,2.39299999999984,43.606000000001586,33.0,236.0,209.0,131.3041999999931,464.61259999999174,3.2866000000001185,1.8386000000000444,23.757600000000323,33.0,236.0,209.0,1.933716,1.001766;1.002943;0.714517;0.796886;0.816932,64.0,9.0,0.0,0,5.0,1.0,0.0,7720.0,2686676992,2686689280,625.7539999999784,478.1110000000033,6.510000000000369,1.5720000000000316,33.750999999998534,33.0,236.0,209.0,153.01899999999867,33.526800000002744,3.6074000000002258,1.6323999999999852,21.074000000000094,0.0,0.0,0.0
64,25,85,0x407a23f286ca0b414f0398804669b8cb8ab4e3fd0d2d92b649c603ac3fd7915e,0x208b7042dcf764ed4f1c4b299a706df83da31b7531cc7d264d88f45d26c08781,0xbad03f343e91769088f870d4d1f433311a67340a53f55ef65eca94034d2ebffc,1;0,0x11913f34d4f5b8d11374fbe2284c7d5e703bad1d21180b787cb4e0c82f57567d;0xf92f811a707945beed4f5911be80cc0e3cbee4b2bf6d3c7e8213ba019fa118cb;0x633df67fbda5c1546a7a96bd6dfe3dd526a02177935f1c65047b5f6042f83810;0x999adedcd6909e4bb43336dc8db7cdd184b77e3061d7f9ab160b53e78a697ad8;0xacc25ea6ea60ed35ffe5c1db4b83e70c1d4fe2580917532b3c2ee473469bbfd6,2.191365,2.048869;1.243585;1.179659;1.08789;1.08757,64.0,9.0,0.0,0,0.0,0.0,0.0,0,2703273984,2704691200,644.0509999999788,541.2360000000004,4.8369999999997235,1.7730000000000523,28.18300000000107,33.0,236.0,211.0,124.80660000001585,450.04060000000123,2.9502000000000694,1.7224000000000579,29.089999999998284,33.0,236.0,211.0,2.172325,1.138397;0.857477;0.824884;0.810988;0.818704,64.0,9.0,0.0,0,5.0,1.0,0.0,7720.0,2686689280,2686701568,593.104000000011,511.9819999999942,6.9409999999998915,2.312999999999881,45.00799999999916,33.0,236.0,211.0,101.76759999999118,61.649000000002516,2.3875999999999067,1.4276000000000566,20.186400000000994,0.0,0.0,0.0
64,25,86,0xeb925578f0f42342e726eabaef671eeed1c4729d16451f209b4c822ee900f10c,0x810176f00cdec289bd6eb10d920c3d44224637a1c19292faf2e220c8cd68557f,0x19b55407dce76b7008b74ca8a37bb5eec9790a34133ecae28735e8d42e3b9126,0;1,0x808b9659aabf1d4053d51d1197f51d36ea797886f81e450131ca6051e5b4243c;0xaa62f6732bb584d355eac270108a97653ea7d606dc108a9e587ff8c6a5128e3b;0x5afb4c190b972bb0c8ab3e3eb5a7c5e89a856ed9b5d01b6bd589a491fdeeec8b;0x331743605c7335d0ccbe0cffa6e851b38336a4871befd0cdbbb9bbda56ec1aae;0x9ee16a2c89e186eaffa27fb56a72aff5fbaa126a70d4d8d3039d8a1db7873422,2.427371,2.038974;1.391878;1.133429;1.191246;1.04789,64.0,9.0,0.0,0,0.0,0.0,0.0,0,2704719872,2704973824,625.7040000000047,482.67800000001415,7.240999999999845,2.2540000000001448,43.074999999996585,33.0,236.0,209.0,115.96500000001785,474.19499999998834,3.078599999999966,1.6745999999999777,22.828400000000915,33.0,236.0,209.0,1.901527,1.091686;0.837163;0.773737;0.671172;0.627896,64.0,9.0,0.0,0,5.0,1.0,0.0,7720.0,2686705664,2686717952,655.1069999999881,436.19799999999873,5.678999999999753,1.4820000000001325,36.83499999999895,33.0,236.0,209.0,102.97099999998505,31.77779999999908,2.619799999999811,1.3559999999999268,18.700199999999167,0.0,0.0,0.0
64,25,87,0x64d013a60c8cf0324e2d6586df704db6732225ec07960521c1fdccba957b24d1,0x19424362b8c10d7aa9f0fa164808f2ea076fbf29ce9643f60e7bce451e9bd169,0xfff7b97c8a9005b7311d543d55a7fcffd6b972a4173f2d845eca64c00e33d757,1;0,0x72de4b341c07504d057a5ae4fd9132d1842f1c44078fea2ea7f838de04a154e1;0x45766b60a3e4c2eb78e66651f023d7d8c48c9b3fdc5a43ed98f2792a3421ff04;0x1d512d716b6d3b2871195dbfdba5bd9679af933c6d84e09a8515b1de178c3460;0xf6a2ff9c41b40314b5b5f6ab09fad0c182007a60ffc5bc40c48f4e6518d02973;0x7d386bf8335050e0d385a87e7e0b3a2e7278cfaf0f3b60581e14cac466a7caa8,2.080728,2.331205;1.407082;1.189253;1.218267;1.382144,64.0,9.0,0.0,0,0.0,0.0,0.0,0,2705432576,2705494016,629.0279999999759,495.1359999999516,4.816999999999842,1.611999999999794,28.543999999998405,33.0,236.0,210.0,123.94839999999574,505.7748000000028,3.090600000000068,2.0889999999999973,27.241200000001356,33.0,236.0,210.0,2.321651,1.145978;0.819706;0.728388;0.643761;0.695539,64.0,9.0,0.0,0,5.0,1.0,0.0,7720.0,2686722048,2686734336,621.7370000000111,506.71400000000534,7.611000000000249,2.743999999999837,43.7159999999992,33.0,236.0,210.0,105.37260000001992,31.341199999998512,2.6258000000001225,1.474400000000056,20.621199999999728,0.0,0.0,0.0
64,25,88,0x63e65955ef6b7c640fe8d104cf6489c7d4add0d4adcba3ae18c7d0a8bd609fc1,0xf2457d0c607894a1705e0784d7677b0127004abf9bb82bbe81bcbf10244d58ea,0xb91e5f3397bf9ad3c94a66aae24381172b7dc40e262bc6fd0c55a17af9ea253f,0;1,0xa558a6aaeb1293b8b9a3e1fd9edb8d959595be4eff6d4b4a1ff5da58e41f3a5d;0xf2ca9da3a472f5e7f419b9dd1149479c7395ebcc3bd00a50f5f7651994fba9f3;0x01cc7c9497c4791056d1baab96dd8d90f6b1787ed1c139738f98773e23d16222;0x8494542f0ab19a48a3e5307e307c347a13e840d27c1a4b059b8985246b89776d;0x5345d0216f342f46d9f642924441542a109b965a463a55ecbbb17d7349e942fe,2.446559,2.104363;1.512241;1.283866;1.154591;1.046328,64.0,9.0,0.0,0,0.0,0.0,0.0,0,2705530880,2705784832,679.8749999999965,473.104000000002,6.179000000000253,2.7640000000001517,42.66399999999781,33.0,237.0,209.0,129.79379999999986,499.227000000002,3.7473999999999146,1.9969999999999362,25.015599999998752,33.0,237.0,209.0,2.088009,1.118727;1.000879;0.863673;0.779555;0.619744,64.0,9.0,0.0,0,5.0,1.0,0.0,7720.0,2686779392,2686795776,645.2129999999778,517.3299999999964,5.489000000000015,1.4419999999999364,32.098000000001235,33.0,237.0,209.0,142.19220000001312,31.389400000003675,2.8923999999999617,1.4720000000000184,21.103799999999673,0.0,0.0,0.0
64,25,89,0x3444761e580890705e0e71bbc8498bd211b8e0d3bfa3d9c557fd3a00e5040b38,0x38abd3c47b6ed9810bfb35e94c47e152470aa58c0223125fc080acc20c7d596e,0xe4a8ab0e92f06df7d04b81b603b6948b1b8997dabeaad2d6ef77875ed23d0baf,0;1,0x4306ebc9ca62d0c5e172ab5ae9f07c9a03929d2f0ee46d3ce07e072a187a9e8c;0x8ad820dde95df2d63b951261fe91ad680f08f3185c724977d043b6e4d72f89ee;0x4aa80ae9ab19e7e630501d24efb6a2be0c62e8793cad7916cc7f4272414855dc;0x3fcb8c3b139bd20d1b11ff9f1b8c4fb91fc74f77f1cecf3829707fdaa9d67fda;0x1fae3b39fcd376300521872932ebe13f5a69bc29d58efd97699de081a7801814,2.871109,1.607223;1.310566;1.124916;1.316095;1.12744,64.0,9.0,0.0,0,0.0,0.0,0.0,0,2705866752,2705465344,696.9809999999854,619.8950000000369,6.329000000000231,2.4640000000001985,42.09299999999999,34.0,240.0,210.0,123.9728000000051,454.71939999999216,3.525400000000019,1.776800000000047,21.064199999998312,34.0,240.0,210.0,2.093206,1.385259;1.069322;0.898225;0.751884;0.834599,64.0,9.0,0.0,0,5.0,1.0,0.0,7720.0,2686844928,2686861312,597.8119999999753,470.32900000000546,5.787999999999627,1.8629999999999516,32.479000000001925,34.0,240.0,210.0,136.3413999999952,44.30880000000081,3.5051999999998955,1.826800000000097,24.48280000000025,0.0,0.0,0.0
64,25,90,0xeb3de6f8b220e6195f1182a036b865ae86ade652baa0dfb388ae8f8232334114,0xfe301a056f733cb81625bc9d72a410f0d0aec35b376336f3fdec3494c10bb0ce,0x4841741ec1ebc25e62c8c2352ecf441f19d6f93d11a7729955d6dcba3bbb52fe,1;0,0x688e086e0bb190911443e3d6be3f29cb907c6b40a6ab3013932cda3ad7b2c49b;0x29485f5bd7a2d6eaf7d740ce969f596c5bbf5be48a9b00111cac8f1974f68ccf;0x18cba5415a7419a7726599f93a9e93ca9ba8c6b0b25950829de87b3543878f00;0xaeb88526f16f227d9f15abe2fa308dbfc63eca4a9ff227a6ca16b37453e195d3;0x5c917b59cb4da8285f5a5cecfb5eb64b02dbaa90d61a904938522b1956ac7fff,1.908107,1.535285;1.205848;1.112969;1.113188;1.072988,64.0,9.0,0.0,0,0.0,0.0,0.0,0,2705661952,2705817600,552.3230000000212,465.4720000000223,4.155999999999952,1.3919999999997996,27.932000000001345,33.0,238.0,210.0,108.72399999999338,443.564800000007,2.7182000000000595,1.4962000000000308,19.73399999999903,33.0,238.0,210.0,2.312367,1.355213;0.806607;0.727617;0.732745;0.644813,64.0,9.0,0.0,0,5.0,1.0,0.0,7720.0,2686910464,2686922752,627.2560000000204,492.85299999998756,8.572999999999567,2.252999999999804,42.434000000000914,33.0,238.0,210.0,131.83900000000025,33.62879999999624,2.689999999999984,1.6641999999999006,21.971199999999694,0.0,0.0,0.0
64,25,91,0x29b9d30d5faa9cd3ab0b12e660c194f7524ae167fff9e7baf65b32fba3cc829a,0xc63eb850f142a8233f88368a1f3be769a348beb9ea2b246fa189e80f6b89f77c,0xfe4cd8f2086b2ee1e76879fa04ce8e4de8679895220a15a99b7e0cf5f61f7312,1;0,0x025e2b5fadb5cfa6e72779eff8830b3b61d1366dce74eb9318db6ffe4939b3ce;0xd8d037fc61b362f77a498eed5793db0734fc6c070d4a3535ef230527a64eb15e;0x470cb5c4b471780a8265745fc0b655378bc6c8bde646e70ce3b81e6392967124;0x81711bd5b88557b6728b95e4c81b1c2300e0c868f690f10a8ca7951aa530efde;0xd85d1b890d97bf1c6228e334282f4958c8066944a497f2998937332fdc9ea918,1.873385,1.841738;1.673934;1.461033;1.158367;1.247441,64.0,9.0,0.0,0,0.0,0.0,0.0,0,2706059264,2706145280,500.15399999997487,420.29300000001604,5.228000000000351,1.4630000000001586,32.46900000000025,33.0,238.0,210.0,185.83420000000126,509.07780000000184,15.653600000000052,1.929199999999888,22.68640000000072,33.0,238.0,210.0,2.2809,1.652863;1.011004;0.771724;0.798379;0.806786,64.0,9.0,0.0,0,5.0,1.0,0.0,7720.0,2687225856,2687258624,626.9649999999793,501.42599999999925,7.402000000000103,2.2830000000000594,41.13199999999928,33.0,238.0,210.0,124.03879999999255,47.890000000000434,3.000599999999909,1.852799999999856,24.85960000000037,0.0,0.0,0.0
64,25,92,0xe04fc680e990f00cbfdb47bd547bea17632207be289b431488fa2b787d3b4695,0xda35cb8baf3669f2c6a0fdd1110058a0876e219406ed1a6efe7584da24ae5a9c,0x2473f840626856f624b156d80473b2b86b83046632e2ec8b3b5aa86f7a0c37d5,1;0,0x0875f30a0c3ca1cba0ffbd71a5b8a4edf253cdd795c7488bdce090dc6ae1873a;0xc0499f76b60e44a88f88ac87de42131c2fa696579b7736764a75e0b046497c7b;0xfe27500e4ca926f5920b4062a677e39c477d4b5295032ba9307a2a327293c607;0xbd26d3a4d380a8fb965251c5515d04c0a64dc3ca5f1e1d7bcf1b0703cad96ba4;0xe23eb637a672edd2f00784e19aac17348b3576659f911ce831f266c40e29c428,2.60685,2.098294;1.355815;1.061981;1.120245;1.139768,64.0,9.0,0.0,0,0.0,0.0,0.0,0,2706194432,2706350080,620.8309999999883,802.2290000000431,5.337999999999697,1.9529999999998506,30.25599999999934,33.0,239.0,213.0,138.34040000000326,496.83099999999763,2.902399999999902,1.8851999999999758,22.491800000000453,33.0,239.0,213.0,2.257514,0.959808;0.78279;0.826756;0.787758;2.914585,64.0,9.0,0.0,0,5.0,1.0,0.0,7720.0,2687258624,2687270912,571.4620000000226,493.28300000001104,7.199999999999742,2.413000000000155,41.84299999999974,33.0,239.0,213.0,115.67479999999853,34.79060000000089,3.1932000000000142,1.6326000000000533,19.20900000000059,0.0,0.0,0.0
64,25,93,0xa892d91405a5aad7b43d30d959fb7687accf7cf4ba59f76ef759ec384f3ead94,0x7d36c9867d9dcf804c05c34a31376e41158367b24cbe22d6e3dd0179d84d10c3,0x509d5826ea1c0ed8a671f0867b3600309a6022fa07b9b337856b9edaf02d3dfc,1;0,0x20ecb85c8886f07e5a2a1b691cb2d0665bcae2f21054cc85b2bfdefda4ee2e1c;0x864ec8db6270271a1556cd16f468550e51106ac3d1d8cdffdd0a59086190dcbf;0x00bec26689d5734b4d3c3b1597020182f57b9589ae424c4b2d71b3a9c2568d1d;0x451fd02c60366ba7363592e1dc20c2c88d3e6da018349a6fe9bab834cc73c13d;0xbdab4e9a1b78f8dc8845ac730d6313685105a2708e7bcd23060f8deb2a93889c,1.871913,1.476887;2.358116;1.199148;1.093789;1.089513,64.0,9.0,0.0,0,0.0,0.0,0.0,0,2706419712,2706440192,578.4529999999788,462.73699999999087,5.228000000000351,1.4720000000001918,28.082999999998194,33.0,240.0,212.0,122.1403999999926,676.4078000000006,2.5639999999998646,1.5283999999999958,19.98219999999884,33.0,240.0,212.0,3.128457,1.335594;0.880137;0.809601;0.713977;0.66988,64.0,9.0,0.0,0,5.0,1.0,0.0,7720.0,2687975424,2687336448,570.6710000000226,529.2779999999941,7.351000000000059,1.9930000000000467,42.953999999997826,33.0,240.0,212.0,128.49979999999263,36.484999999991665,3.0986000000000207,1.927000000000005,23.20920000000032,0.0,0.0,0.0
64,25,94,0x98be236e70730222a6f95b1da0af71269aa74b723b4e2b2612d2a9c1ee1e123f,0x5f675e0659379fb8cb3e55c92217f03b495e528b889a390e0b30aa6dd782e78c,0xd43364f095b65a39da07fc6c56d421dfac5f89a9a2eb964f599676ffdfd22309,0;1,0x9d562d00ba3ba2b7c1bebaa40633d15a668c94dffe2fb750a78da4acb20d26a2;0x554ee0eac4519e37fbbe26772c97fa3936a82228c9f415c23cb2ffa2378d80fa;0x608f0daba09961a269cbb2046dc2871f000d4b932f23ce49bc8797436373939c;0x421b691a4ec87fa7852191dde5c082cad2393f60e377dfb2c28bce0c5da1fc69;0x2b1698f08d00a1dc6f009d4136eca79c9f6153b52e810b3900a9791eaee33123,2.418667,1.66457;1.373581;1.092257;1.118226;1.093669,64.0,9.0,0.0,0,0.0,0.0,0.0,0,2706456576,2706554880,682.7189999999983,495.31700000005065,5.889000000000241,2.39299999999984,42.04399999999803,33.0,240.0,213.0,112.64159999998523,440.5943999999939,2.9666000000001107,1.4459999999999993,25.90299999999934,33.0,240.0,213.0,1.993015,1.49194;0.984615;0.777703;0.711093;0.718944,64.0,9.0,0.0,0,5.0,1.0,0.0,7720.0,2687356928,2687361024,612.4430000000181,450.86899999999264,5.767999999999746,1.5319999999998355,29.12399999999843,33.0,240.0,213.0,115.28999999999013,40.44900000000351,3.4751999999999006,1.784999999999981,25.290199999997153,0.0,0.0,0.0
64,25,95,0x366588f662a4e961e63ad7f5af715aa61f4a72a08d7ff79759cfc51ce45ecf56,0x57ac029a37db4996b20ae00e89efce9df05d4675603004b675939a9765b9f98c,0xbaa2b6e54f65b01e63165d74ee24723622bed3af44df14c55b4602e9097e2add,1;0,0xf62ebf5927a8eef92b26b21867a36ca68769c51d40fd6e2c3e96fb54f08faff0;0x59692321b94aa408f0dd761e36a5ac6700d16e5289bfbc09ee1380427da62c3f;0xc7b7064e1d24fae2929a00374dc2b770e661d9c6a6e48a88112abca06dc543a4;0x48d388e4cae11327916f73844d3ec27e1307c228531edba7eee39b3082b1a4e7;0xb773248ef4a5d37078dcb1cb5456190376304fe3eea2cb36e61c9985a974b66c,2.017282,1.515205;1.176915;1.171476;1.158527;1.033328,64.0,9.0,0.0,0,0.0,0.0,0.0,0,2706563072,2706567168,619.6549999999968,479.59300000000036,4.497000000000008,1.8319999999997887,33.02000000000166,33.0,239.0,212.0,106.69060000000341,476.26419999997614,2.3635999999998756,1.4540000000000386,17.898999999999,33.0,239.0,212.0,2.54027,1.31304;1.031946;0.886207;0.771263;0.699975,64.0,9.0,0.0,0,5.0,1.0,0.0,7720.0,2688016384,2688086016,638.5520000000145,581.6170000000064,7.341000000000118,2.5939999999998604,44.73700000000302,33.0,239.0,212.0,160.12539999999964,34.16580000000225,2.9604000000000785,1.7787999999999486,22.716200000000295,0.0,0.0,0.0
64,25,96,0x650eab393829524e94115ed9aaf6e7d64ee30e7dca0eb821830b4e913bda8dc9,0x49c92c838c47806e0355f0a66c3615c3257cdedc21c8b91d3f547159c98808bf,0xcaeec822fd4eca821acfd732206057b6c7622957aa632743c179c4e3cce885de,0;1,0x2196879aa3c011acd40bc00d0eea1b18f7ddcb189797b55c5478fd034d96a261;0xeb167ac03b0b08ec3b436e158ece80e0e51cd50bd1f5e4080ddb5a60a6453a2e;0x87cd03a5961bd0c9c10d45a540bc5dec6695814e36d6cc4f747633df14023757;0x492264a3bcd4abb8acda34fed38536301040c30060f85d69c65045c34e5774b3;0x16ff9f9bb4fcf8a7cc5d348d81ebf17caab2234df10e678adfc5b4fd063e9b23,3.059824,1.767566;1.140921;1.028671;1.014169;1.031385,64.0,9.0,0.0,0,0.0,0.0,0.0,0,2706890752,2706890752,784.5530000000211,619.1540000000107,27.57099999999967,2.8239999999997956,46.019000000001306,33.0,239.0,213.0,96.78799999999211,459.91140000001263,2.4115999999999373,5.586400000000009,17.712600000001355,33.0,239.0,213.0,2.08227,1.670759;0.831033;0.675088;0.739586;0.641538,64.0,9.0,0.0,0,5.0,1.0,0.0,7720.0,2688110592,2688114688,674.3869999999985,498.8119999999874,12.518999999999899,1.5819999999999723,29.976000000001,33.0,239.0,213.0,120.58579999999486,34.29520000000075,2.8366000000000153,1.463999999999979,25.01159999999947,0.0,0.0,0.0
64,25,97,0xbec40224d9fece0de8008b8a437b72b9340712aa4010c18596be4560b2c760c0,0x2fcff81d1bfbc8c69c2a1c0c54174cef773957b68cb486ae91683123e914ecc7,0xf9c046addf1913f60e0e193c1828258dd9cd272b912e53813df0cf3585d5e919,0;1,0xc4ae160f9eb3733b6970e88bf2c75ebb59e838df3045f1e6da399b7e07b30af6;0xdc8a171fbd4c6aaa6957182a0e1adc369e2dbbe85c4410401dc633ac60cd170c;0xd65158df8e880dc2e227a051a9b64c102f438a211642b0408a30a991e02316ff;0x14d0ee71f24f02bae3868e82a38d93cb1093e23c76b20086edca4a334bfeeeb6;0x5b53833304814dcf95dd1675923b058024f053697dbdec054e7034824035cce0,2.471792,2.195591;1.254983;1.015642;1.023753;1.00166,64.0,9.0,0.0,0,0.0,0.0,0.0,0,2706935808,2706948096,635.0769999999839,471.85100000002313,6.469000000000266,2.0630000000000646,55.14400000000003,33.0,239.0,213.0,111.53039999999281,443.4786000000024,2.687999999999996,1.8388000000001126,22.215200000000323,33.0,239.0,213.0,1.854536,1.120319;0.718003;0.692955;0.632995;0.62325,64.0,9.0,0.0,0,5.0,1.0,0.0,7720.0,2687471616,2687483904,538.5820000000097,487.4649999999925,5.368000000000387,1.591999999999913,27.722000000000858,33.0,239.0,213.0,101.97960000001282,32.26860000000165,2.7664000000001896,1.3621999999999592,19.204999999999917,0.0,0.0,0.0
64,25,98,0x4181c7646313296f2eb68339222f40b92f8531e4756bff3deef1da0774ce8c73,0x1af730319416ba0e7e4602527cd920bd19b0a512246635a09b1c22049ea0ee28,0x34f295464d58c573b5875eeefecd8d70805f5cf4cc7c8a07a75173209758623f,1;0,0x79ab822c23ecb6b19ab99ca707848e4c71a44a074230375a77d7d4e7668cc6d6;0x80aea639336396935ee4f636012e1d183843f0377ee29b7c6e505e1d232d0f9c;0x5e4fa4af236ff2732ec65ea5c74d3ca72faf19b36d2b591ecf661dcf6ba4d317;0x64658610094549672b55de2318d2c5009397de3a575cb8b444eb3cf3ea6397ea;0x5a9901f81d00e7a3f65b8e700f54c64d1cace2d4750897027195073e15d8aabb,1.747611,1.914163;1.342672;1.459588;2.459715;1.189091,64.0,9.0,0.0,0,0.0,0.0,0.0,0,2707042304,2707140608,567.0939999999903,432.7720000000257,4.157000000000292,1.6220000000001684,27.23100000000256,33.0,240.0,214.0,347.00479999999476,492.36159999996863,3.0788000000002076,2.1131999999999227,23.491600000000165,33.0,240.0,214.0,2.392884,0.917672;0.804382;0.81007;0.868738;0.888418,64.0,9.0,0.0,0,5.0,1.0,0.0,7720.0,2687561728,2687569920,734.7260000000189,488.54600000000636,6.830000000000204,2.252999999999804,41.98300000000238,33.0,240.0,214.0,118.14180000000452,43.00079999999817,3.0723999999997598,1.6906000000000558,20.85939999999925,0.0,0.0,0.0
64,25,99,0x3b3ec32a7918781970369153829337272956bc5bb41072339e29b9cce2c110db,0xa084f10592ce7c9c2235b8b52a3bee09f17580f73e4574512dbc623600e17066,0xb08553a5a82b2f531a6f160576863397791f4de23e805cee9b79c7dd82743a93,0;1,0xa318bda803eaba053a0f7c5e555e41177252c87f4b61811d7a455b82814be37c;0xdfbdf60d88a714657b2911f8531b16d5069dee2106c8ac6746647e919245be16;0x7c9edfc5561f9a3948095dbd0b1c42f8e3d696d1f722a24729fe2391446bcbd2;0x292e24f73e8bd724cbc2cfaa81be1cd6257ede2f5479b2d3c5ad2f9625c9824e;0x9bfd4218df4144fd515dc2f8b3e9503364718d17694afe91d7c13d8c8101f199,2.38399,1.922956;3.580262;1.265556;1.142291;1.087918,64.0,9.0,0.0,0,0.0,0.0,0.0,0,2707218432,2707230720,679.7339999999874,472.8320000000341,5.408000000000149,2.152999999999964,44.07599999999706,33.0,239.0,216.0,124.25700000000538,470.89300000000554,3.0245999999999396,6.387800000000072,23.150600000002022,33.0,239.0,216.0,2.047884,1.025795;2.714899;0.815758;0.642748;0.615747,64.0,9.0,0.0,0,5.0,1.0,0.0,7720.0,2687823872,2687844352,555.998000000002,531.5409999999965,4.33599999999975,1.4720000000001918,186.56100000000174,33.0,239.0,216.0,119.93259999999451,32.779599999993586,3.030399999999836,1.6248000000000824,21.081599999998865,0.0,0.0,0.0
64,100,0,0x48bb5be0d33a79661857101d8b2f259e1fd8ba8b7ec3cbc8b53780403ac7704f,0xb4b67dac9c30e47ae080fe633000d1d98542c2edb3ca9a5372348da11a062e0b,0xd0d942df1fb4a5886728fe0714ecdf2b53fb2eef08ed3c6ae17f24e80e1b1e93,0;1,0x466e3769ab21b8bf98f74b7f2cdfb03fc7e6cc85917d35897d1d4fcef3ef6f9f;0x94c63bfbdc15120b96225d27bddf168ce850ccc1e7566752792fc8d0ecdfb386;0x31e4c6dc796ce23fc07a68544f31e7b71b2f2830ae2282cbcb23222a62129444;0x2091e7a96145c814a0fb94ac9ec272a67c12ed9ce37193ef2e73760d33e2669d;0xdc6921d79546a6cf6142b9809a8cd67e66fdc4cbaac0ed42a10cc0308d8c0265,2.351641,1.556384;1.141208;1.017011;1.021808;1.178805,64.0,9.0,0.0,0,0.0,0.0,0.0,0,2707234816,2707238912,595.7770000000196,519.5230000000217,6.039999999999692,2.0329999999998094,43.3649999999966,33.0,240.0,211.0,97.41899999999859,437.65119999996665,2.5017999999999914,1.6645999999999501,18.553800000001285,33.0,240.0,211.0,1.964779,1.481046;0.822429;0.75028;0.660234;0.70364,64.0,9.0,0.0,0,5.0,1.0,0.0,7720.0,2687852544,2687860736,577.3600000000267,460.49300000000625,5.138000000000018,1.9629999999997914,29.183000000002068,33.0,240.0,211.0,124.1631999999937,36.14219999999447,3.087000000000055,1.846599999999997,23.1587999999977,0.0,0.0,0.0
64,100,1,0x1c80b8ac1d835f2e80413dbcaddf284a726c115b0d42929eb9a7a9cfa7efa246,0x8383a1f0e080ef08818e479d80da9911c98394bf7227edef255fb62a4a0a2b80,0x110c94579dd404264590984860d5b7a8ac3d5d557ae2c563ab85e0415b92547c,0;1,0x558bc52ce7262d88ab26e683db6e6a75a5f276c8373fa8dab98a970cb9fda163;0xd600eeeadcf570b54a8834c46d2b7b884963cd800f613511bfc37a8f71c05630;0xe556f0e33670fcedc4b7e0d695c672e15fecce82a9865a7a2373b52549aa1cd7;0x028137a3f9e44b4469369db95127950fea4919229e3bdfbe7727f0c8d99f1b98;0xfb17497170cfb32fa9cb9bf01039e1e15a3aca7c01afb03693d0868e6a796178,2.538463,1.518056;1.153928;1.056031;1.036901;1.014989,64.0,9.0,0.0,0,0.0,0.0,0.0,0,2707247104,2707247104,575.376999999988,751.4509999999585,6.019000000000337,2.0329999999998094,43.41599999999751,33.0,242.0,214.0,103.00899999999835,445.4587999999981,2.3194000000000687,1.680400000000047,18.61200000000118,33.0,242.0,214.0,2.434041,1.4007;0.779834;0.693554;0.693395;0.631211,64.0,9.0,0.0,0,5.0,1.0,0.0,7720.0,2687860736,2687873024,878.5530000000041,615.6579999999911,5.518999999999837,2.1940000000000675,28.28199999999753,33.0,242.0,214.0,109.88399999999343,31.433599999997064,2.8624000000001395,1.6661999999999753,22.117200000000558,0.0,0.0,0.0
64,100,2,0x2c3be02abbf28aaa01a4f01f271073b84011c34b680a3dd9284b54109f26eb40,0x55161bc496548855da152b0149d1944d2a2e698a5b1d492eb31f70646146911b,0xef5e775dbe7400c75204b1d0aedf3a0649f67c870fe7980b488e11692e659a30,1;0,0x78a3da3113787ac28308620e2106646875f1e8a17a43e8b3196f5d9040728a4e;0xd867a7824ebd8da50fcb4316166806642cde6850cd50b0e7075b17248b49c89a;0x3b65fba1ea76e4d94babc64e767c13332451884867edbd793195004fcac50a00;0xc28dec49b63588b484fc545e8c8c09d3789a4f3c98181a9b0d5d104ae995abe2;0x08d80f578f509ed038da660c3a1db070bfeaea1bec65de68ad98138c8fef7278,2.057699,1.559008;1.20239;1.057012;1.03576;1.110913,64.0,9.0,0.0,0,0.0,0.0,0.0,0,2707427328,2707537920,578.5110000000037,518.1199999999553,3.475999999999653,1.821999999999848,60.09099999999823,33.0,240.0,213.0,109.60700000001155,440.1066000000009,2.2813999999999472,1.5043999999999649,18.299400000000574,33.0,240.0,213.0,2.871485,1.640881;0.826244;0.765863;0.755948;0.696168,64.0,9.0,0.0,0,5.0,1.0,0.0,7720.0,2687881216,2687889408,680.9460000000156,755.9779999999905,6.339000000000171,2.554000000000098,42.39400000000116,33.0,240.0,213.0,118.5748000000042,33.69679999999375,2.9362000000001522,1.846800000000065,22.492000000000345,0.0,0.0,0.0
64,100,3,0xa6e9495031de2039920186f693564b7c4566857c874040455381149ef4138e09,0xe7b6cb40e81c35b8ae630a1ff865a8c6eb2a4b4e8e3032429d282fb38c905708,0x2367c4d2df59e2bc471e44249aaa0a036f56bf8f7f6433879b30c8410b48ca26,0;1,0x74cb8904ba1281da6439b14cc92dca4d33414a1cfa616dbd0d3b772bcfff3811;0x9317f95eeed35dd45bced879ca197d88d7e12f445c4bb71af44174b80d49bc27;0xe9effd93e49711427316c70d0e217a018c5c890dc76bcee6a65495a718b19393;0x8fbd245965fc66b4228ce9a0c6256699ba779ea3e4ef8f23c9e27ffe856d991f;0x6521a0d61afc0641199ab7ab6c9216536fe40a1ef2be3a147c2eae18e6e2ac70,2.499214,1.470895;1.079385;1.061889;1.033867;1.036481,64.0,9.0,0.0,0,0.0,0.0,0.0,0,2707550208,2707558400,663.8700000000108,536.4479999999671,7.110000000000276,2.174000000000186,48.533000000003376,33.0,241.0,212.0,107.00519999999881,451.33540000001915,2.2553999999997547,1.4302000000000759,18.57579999999942,33.0,241.0,212.0,1.867333,1.368051;0.689218;0.704721;0.832143;1.053867,64.0,9.0,0.0,0,5.0,1.0,0.0,7720.0,2687893504,2687909888,565.3720000000084,465.1200000000133,5.477999999999733,1.2919999999999598,27.881000000000434,33.0,241.0,212.0,119.17719999999798,50.50200000000227,2.6701999999999977,1.7425999999999207,26.041000000000256,0.0,0.0,0.0
64,100,4,0xd0953d455e9428f501c70687315b4f1c29cd9fbe6b11544d669b5cbf5d519deb,0xd055bb6c83c77722b385c4a451e2047498133e591e097a3299ea43376e1eb164,0x7e16f272a2aa454d8a9c5b567be37c68614235867ef5caf35e03a915fab1acbd,0;1,0x89ef4375b334879592967a0583a8bc63a1387c46d5376e2a9baf3df43db2ff5e;0x96dad90fc6c3b4ced3fe2c3768129fca7739a4b8b53074e8bc4be201bc9054a6;0x1a9ea72f8df0c6de32140f3ac29cc28677628e260d2d43c7977c3f4fac06ab0b;0x2347984675cb92c6388cc8c26b2ea24a9d1d01d8a87b23276db0eb9e70ef8a52;0xd6dde32bb5ff15001568716770774042162295cabbdff7d6eecf9862d00ebe87,2.321597,1.943146;1.644317;1.225356;1.136842;1.06269,64.0,9.0,0.0,0,0.0,0.0,0.0,0,2707632128,2707636224,665.5919999999926,502.49700000004617,6.128999999999683,1.9030000000001477,43.225000000000904,33.0,241.0,213.0,135.1173999999955,465.6470000000024,2.841999999999949,1.828399999999949,24.022200000001213,33.0,241.0,213.0,5.848749,0.994978;0.882249;0.784602;0.793175;0.668376,64.0,9.0,0.0,0,5.0,1.0,0.0,7720.0,2683756544,2683777024,573.4829999999857,460.2930000000005,4.065999999999619,1.562000000000091,27.01000000000092,33.0,241.0,213.0,110.25619999999181,35.487400000000505,3.3929999999999723,1.7023999999999166,21.009600000000685,0.0,0.0,0.0
64,100,5,0x1677a56f96a8db7fb8de23f345992ecd13525adac80fbaaf2b3edb8ec674d427,0x1dc55a0bcf7b836c9633385ba098dd29900408e65708cf17b51d42449121f0de,0xd20abda1c38f2a07540e8501389209e1ad026fb3ec939c9c5b64fdf81763590e,1;0,0x6bf464944209f35ac261c8ff04a9153bf5736cb30671ca32f6ef139e43e9ce1d;0xac5578293166fbbb0015d8d9cd5e816869f8a0ceff7c64929fe841b566bd0ff8;0x8742e2a8802db62186cc4c4a952fddf95e82c2d9d2a4fa8884ddef73e3600dc7;0xacb21bae357546b2e2bba606748b4ddb03febbab13fbffa6c48c97fbca999483;0x9dff005b125f003f2afa48b2008580f53970c0ecb22009fd7249a280f9c0faa7,2.159462,1.67356;1.217774;1.12839;1.101338;1.140588,64.0,9.0,0.0,0,0.0,0.0,0.0,0,2707722240,2707795968,635.3359999999864,660.9650000000133,5.518999999999837,2.3729999999999585,27.972000000001106,33.0,240.0,214.0,111.12340000000165,464.31919999998513,2.2654000000000423,1.4782000000000508,18.678199999999645,33.0,240.0,214.0,2.542099,1.680221;0.724451;0.762919;0.709578;0.718703,64.0,9.0,0.0,0,5.0,1.0,0.0,7720.0,2683826176,2683838464,606.7439999999924,555.1460000000063,6.570000000000014,1.923000000000029,45.177999999999884,33.0,240.0,214.0,110.94319999999102,33.158199999999695,7.7057999999999645,1.7327999999999615,33.796999999997915,0.0,0.0,0.0
64,100,6,0xc54ea918ec519cdd3eef4a30edc767e1550de3eb67370394d5e49d2fd9fd8b44,0xb561f24bdfa0d8d417ff9546b22c68b9025dee12b583a2a2cd5319d49decc1fd,0x53fe7f9561745fc12f9605d289ccbd1a37806da4f3d4e885750b96cc607916a5,1;0,0x5ca581dd03dfec73b251ddab96fc48fec70107c4135d7cb5201c06ea88fc14d7;0xb60a08c562c8b9751ba7fe8b72c4531883f76f13dc6864f7e0495556054fe5eb;0xf1abf9b53e3701378f6b70d1e87f33966c18d31375640e018656ffa24ea972ae;0x476623f6ad8eba3abc770f5033f5857a93b34666ed96f44af9f779c3dab6eb2b;0xd6eff631243a69ea48b9c35cd94dcf9fd721c36726e0e3977f8155448a9a7172,1.998509,2.234965;1.281169;1.597716;1.32784;1.142141,64.0,9.0,0.0,0,0.0,0.0,0.0,0,2707955712,2707955712,657.6509999999813,515.5359999999831,4.928000000000397,2.0929999999998867,27.671999999999418,33.0,239.0,210.0,148.31959999999088,493.12880000000894,2.595600000000059,1.8307999999999867,20.39060000000037,33.0,239.0,210.0,2.343329,1.537365;0.975218;0.934587;0.842159;1.03616,64.0,9.0,0.0,0,5.0,1.0,0.0,7720.0,2683916288,2684006400,639.6329999999728,559.8029999999976,6.960000000000299,2.1629999999999048,40.67099999999907,33.0,239.0,210.0,126.8734000000049,35.219000000003,3.3030000000001603,1.754800000000091,33.19780000000105,0.0,0.0,0.0
64,100,7,0xbd54cd07ed0e7a0b4cd8a1dabcd56d9225a373a10e93d1a00a23ef53f5432f3d,0xaa5b7094d5afed916668c206eed06efde9a57788991a629a172a8bbd0e311998,0x5a608f7aa6115982f64675eb34ed9c2156fdc23ea80103b95c908ff39a9dc3a0,0;1,0xa24a8b7eb5b221ae3eff3b62f6ce94420d05001df2feddd124f7eba9e82c541c;0xf9d94dba3e0ad6aa9460f2b14d76743d9cc34113fa846ff8a1bc2ac82654b5da;0x6df1bad8f5b731bf0f12c4d974e9d7e0e5eb3d7daa2a6e5d5d7b66778eb6fd15;0x6ceac678a560a83244b9a76b73efd4801326544c2e4d386aa70268feadfce7a7;0x27e392ebb9e4121e317349d86f6fdc83a855eccceb69f02914a1ab7fbf80e5ec,2.33712,1.723636;1.156542;1.113086;1.060868;1.048069,64.0,9.0,0.0,0,0.0,0.0,0.0,0,2708738048,2708848640,601.616000000027,481.1249999999712,6.869999999999966,2.934999999999917,43.4860000000023,33.0,238.0,208.0,110.68660000000952,472.11879999999877,2.798399999999826,1.7306000000000785,21.90899999999912,33.0,238.0,208.0,4.90007,1.495833;0.788197;0.751662;0.765132;0.737882,64.0,9.0,0.0,0,5.0,1.0,0.0,7720.0,2684121088,2684121088,548.5760000000229,3411.8079999999886,5.0379999999997445,1.4820000000001325,30.526000000002938,33.0,238.0,208.0,116.1367999999996,33.305999999999614,2.539799999999939,1.5981999999999457,22.744199999999434,0.0,0.0,0.0
64,100,8,0x46680bf43b570c2489886c796fe760af8c3e80e900858cbc4fba74a1a5d74310,0xea8651b8253065fce70f41000881ff7af7e1322e747a0bf537459c2109031f97,0x0b4b811e644cbcfe1bd4b6d68aaea71ff4c87e3b17e675fc0c9a2ab86ed355d4,1;0,0x976ebba49117c04ba767bb468104b459faf923dfff947cc7330782a46ebecd4c;0xc1c3015db92b38c4953671445d7bd79e4f606636aa3a96e580761e92e0477828;0x759531a91bf7509fee834750d2f27927908eda417852a8b0d85d8a657e06aaf8;0x2ab87958ecd38d73e988a28c3cfa3092e98e598b22ac7f3970ff836243c63d8c;0xfbff6d40ca3c6bbd3d03d768d710aae2e02b8770a835c202d7b590e32f9e0062,1.889185,2.384831;1.379397;1.273168;1.120217;1.117573,64.0,9.0,0.0,0,0.0,0.0,0.0,0,2708852736,2708742144,483.79900000000697,454.8349999999868,4.686999999999747,1.923000000000029,27.691000000003296,33.0,239.0,208.0,120.27279999999863,496.5500000000178,5.754799999999928,2.4237999999999342,26.680000000001147,33.0,239.0,208.0,2.474647,1.111905;0.909089;0.711181;0.710039;0.685533,64.0,9.0,0.0,0,5.0,1.0,0.0,7720.0,2684125184,2684125184,662.4769999999946,486.90300000001076,6.428999999999636,2.263000000000178,42.83399999999854,33.0,239.0,208.0,113.44460000000112,33.45840000000822,5.34200000000002,2.2491999999999828,25.845199999997845,0.0,0.0,0.0
64,100,9,0x58101f331edd3d816bef8a21bdbec7fc23f6e4edf4afa437771fd9d37b922edc,0x25afcb539852f81b61590bc39a1d994bc84eb41e45c1e892c6253ac6ea7c6fa5,0xaf022454429ce7f2c5f0cccf52d58292d7020958b31b2db9a8ffd3dc3bf69a51,1;0,0x3ef787fafb5dd5c3323196ef13f4f6370bcb81758ea64a2cbd110f2f45e06a4b;0x5591911bb51f2d731549b763a33192637706972529e2e3c6cdf162e171eccb5e;0xa6f3279a5a0a52b9dae4dc994553533624e3d6a9f9016977c49bd88edde87ecb;0x82b942f55d40f61c0e54910a8ca695895dac325a7ed1740d01e857913f67597c;0xc5fe5efd22b8ad6fd8dd0bce86b156fc44dd46b2c64b25cb188ddb7b973e14f1,1.717707,1.686389;1.18827;1.377094;1.038404;1.06913,64.0,9.0,0.0,0,0.0,0.0,0.0,0,2708770816,2705637376,493.8239999999761,420.3430000000452,5.157999999999899,1.5129999999998618,28.61299999999678,33.0,240.0,207.0,124.74359999999906,471.80639999999664,2.616199999999971,1.6224000000000447,67.91020000000009,33.0,240.0,207.0,2.559975,1.381971;0.829609;0.713925;0.773505;0.668867,64.0,9.0,0.0,0,5.0,1.0,0.0,7720.0,2684153856,2684153856,612.9530000000271,537.6490000000011,6.388999999999874,1.9629999999997914,43.72600000000087,33.0,240.0,207.0,124.42559999998882,31.403200000001963,2.6478000000001654,1.8288000000000852,22.11540000000012,0.0,0.0,0.0
64,100,10,0x3bd97e4c62d2a0e714e5bbe8d91c462ce42a4d84466e802eca34f6cf9fbd3401,0x3989bcfd6f214ad6313af73bcdadf6a5dad7195481386f34cf362b21b46238db,0x02159dcb21796c56f3bf150b6ae7e43199fe97a6dbed509b6cb2183fb4cf2fc7,0;1,0x763fc37b6c939e44cb9a8e5cec497d6c8817a6877bb32d85fa66acc7a98c5437;0xff6a41332f21643d8ebd5f54bd227bec485e2b97e5cb04a14c86db29e7daa669;0xc1ed849add5d3a54b70a880ec8c34e3d911b987774ceeff3d2dc658748cb62bb;0x668f51eac21e6720eae7627775ba6563f5cea356aad3e424e039e05cbefb2489;0x45e5f2b96a6c68be93485d85129b0f2331470a4d7e5d10ff0dff5baaf0104bdf,2.418852,2.094384;1.3079;1.091674;1.103111;1.033546,64.0,9.0,0.0,0,0.0,0.0,0.0,0,2708799488,2708959232,770.8009999999877,469.9179999999581,6.629999999999657,2.222999999999982,43.865999999996575,33.0,239.0,205.0,112.09060000001436,449.50099999998554,2.810200000000207,2.033000000000069,21.65059999999913,33.0,239.0,205.0,1.751338,1.237113;1.117754;0.681607;0.948178;0.817772,64.0,9.0,0.0,0,5.0,1.0,0.0,7720.0,2684157952,2684166144,562.406999999987,442.74699999999336,4.747000000000258,1.5330000000001767,27.661999999997743,33.0,239.0,205.0,113.69500000000255,32.150199999997355,2.5076000000000613,1.3741999999999748,19.077000000000677,0.0,0.0,0.0
64,100,11,0xa5425a379e6b16e62ae1df93f04110190468528c7dbad1a536feaf404955f094,0x5e4828d60502e7105a0a36e5db34a8a13c494e779523423eceb70d8e61626324,0x641d8a573e56eeb35c6edad46630627b8ba781cc8688e89030aa1c09a99b1648,1;0,0x3cb3a8f4bbfe49d977759cfc068339added608759c3c36050d4f2bc7cd58d113;0x1052495ff56796f9e1979258c5183576b898eb426a1d1b3e43b6a7d13bfb9364;0x052d8f0bbaeddb1ced0cabc3e6cfcc0033a9266e2dc5b3f9541d78359918bc30;0x2383c43c55e78ac4c10a9a62fe7e8c0ad7bd1c158c370ddba03b2dab0040497c;0xc13101962df6ec2333a0e219735c6483cb80c8b6dd50ed5a76390b5145b25cd3,1.939747,2.007824;1.173898;0.994147;1.006345;0.981799,64.0,9.0,0.0,0,0.0,0.0,0.0,0,2705657856,2708992000,517.6900000000151,459.8730000000551,6.108999999999802,1.4029999999996476,31.947999999996924,33.0,240.0,210.0,113.20640000000992,437.164000000001,3.032199999999756,2.003400000000037,21.512799999998112,33.0,240.0,210.0,2.369057,0.974448;0.695167;0.744762;0.622117;0.605392,64.0,9.0,0.0,0,5.0,1.0,0.0,7720.0,2684170240,2684182528,671.2609999999786,519.0120000000131,5.7790000000000274,2.404000000000121,60.08999999999875,33.0,240.0,210.0,95.62000000000737,31.41939999999899,2.5359999999998575,1.5201999999999751,18.81440000000012,0.0,0.0,0.0
64,100,12,0x23cfb790b46e87084ca4371a926042c82584d995c9f91be43623b098083f07b3,0x918999d836ad3883f5ec3ef7366f7b1a243a053f2b69fc2f50f68094ac092d43,0x7ff99f9a96595f6bab6ea1bfe8e0a7d762e60625d28befd536b55b8bf6550552,0;1,0xa9e5cf1da02e9666079230a84a5bb7ac707ec019a676e0fede13eae80b337aae;0x1fbf219e1cb673520d75700b690b423505c30b09003b7f63960690e2e5230401;0x512f55dd98aba7254824b830f1d17fa9c30b484aba9104c156195bea34e0cd05;0xfb01ce5e403f18b9d79885d0e13f59f161877eb9e6c3750aea259bf7e90b3d49;0xab5aa1f4551709ffb071519de1cd0d7833cc283a46201038bd14bd63a7e745a1,2.365517,1.528245;1.267982;1.072888;1.189204;1.00791,64.0,9.0,0.0,0,0.0,0.0,0.0,0,2705678336,2708914176,655.359000000022,484.92200000005425,6.820999999999737,2.38400000000024,42.06300000000191,33.0,240.0,206.0,98.88519999999845,465.76440000001276,2.5461999999998666,1.694799999999927,18.552000000000845,33.0,240.0,206.0,2.123943,1.346009;0.766846;0.686576;0.670341;0.667867,64.0,9.0,0.0,0,5.0,1.0,0.0,7720.0,2684198912,2684215296,668.0279999999872,475.0259999999895,5.759000000000146,1.4820000000001325,61.752999999997726,33.0,240.0,206.0,106.28820000000428,32.699399999996935,2.7479999999999865,1.6383999999999497,22.19539999999964,0.0,0.0,0.0
64,100,13,0x408183965146b7131cc0ea6ccc588d937b157aba815adb692a96de734872a410,0xdf2bd6b9ca45bf607ae8e0fe068822a26905542a173e737a7ff838b9aeebd928,0xdb4369c6d18caaaf086e280fd957e888364dd389cb673f1a056a9b862f4f33e4,0;1,0xefef994e75718977d1c5cc6ba0ce455316e7809d7d50be98b9fb9ab25573c84e;0x2d829f0c725d1cf8c8b13dfcb0e3d3fe2bcff199856593a679850fe35c9c25d3;0x88dbed0519d1e860853d720799eca9372c23c1bd1547d35720034cf23fb3f87e;0xeb29cce392699f7859b85aebf8190723a4339c89e581ea52f5c399c7c61545df;0xf2f6acc340912bbbced251dcbb87514b4d3ed9ad16c17bc13c6fa908c8389374,2.457646,2.065815;1.252238;1.287742;1.158126;1.093809,64.0,9.0,0.0,0,0.0,0.0,0.0,0,2709090304,2709098496,661.246999999976,606.6449999999612,7.56200000000002,3.2149999999999888,43.686000000001115,33.0,239.0,205.0,114.94539999999942,527.0266000000134,2.81420000000001,2.0151999999998975,24.35439999999983,33.0,239.0,205.0,2.130653,1.064395;0.825385;0.834679;0.683861;0.737733,64.0,9.0,0.0,0,5.0,1.0,0.0,7720.0,2684280832,2684301312,745.7289999999728,497.5899999999922,4.997999999999982,1.7229999999999155,30.916999999998364,33.0,239.0,205.0,106.31439999999603,31.988400000004805,2.455799999999918,1.400199999999994,19.941999999999183,0.0,0.0,0.0
64,100,14,0x195da2b3030c6aea17a41193f20298414c7b681b0bea49d7a43edccfab33d7f1,0x340fa88134b7b2df41196a4c44e22645e09b8163cbeaa574e06801eb00b6f53a,0x501e8d32d7419eed01c7207e77aa23e424135bfc80bdda2f0297a6aefc0a4f36,0;1,0xd965c0ff0950a59435a241d68ec23c27e1e46e4d6ac391c27b54d06223a89873;0x41c859543c39d8e58000f58fc790907d21139e56dc1528960576459f63fa1539;0xc54bc57b47493f1ee6ee179a1b46b65a96315723472787ff8d35e5a445d4f329;0x5b06f66a4eaeebd636e766e14973e6e0b5abd7083cb49920ca155824893719dd;0x531b85a738628e1117d2e4c072f220de4ff8958193a758a8c7a2c45a03879750,2.479339,1.597679;1.08791;0.994149;0.970293;1.035812,64.0,9.0,0.0,0,0.0,0.0,0.0,0,2705821696,2705821696,551.7520000000164,546.6240000000511,6.739999999999871,2.272999999999685,42.032999999996875,33.0,240.0,204.0,99.17359999999098,443.8372000000079,2.665999999999953,1.6708000000000693,18.353599999999805,33.0,240.0,204.0,1.902398,1.350577;0.765694;0.625984;0.612574;0.613395,64.0,9.0,0.0,0,5.0,1.0,0.0,7720.0,2684391424,2684403712,640.6959999999962,425.48100000000534,5.017000000000389,1.7329999999998562,28.814000000002004,33.0,240.0,204.0,102.30839999999519,35.98619999999331,2.586000000000081,1.5201999999999751,26.50579999999986,0.0,0.0,0.0
64,100,15,0x20b54983d684a77d6c971d3088a46118ee116876bdc32c6ed168f0a9dbc898ef,0x3b80b6b1f80cc4caa8e67886e239aa2bdd778fb4121fdd25cf82307dabd38f04,0x6a4637ea189c8272ecd96fe17219fda8064c4863041c9585fcd2d34bb67a520b,0;1,0x3085a2dfb2cbeac6968ca4df892e6b5e9cd74a77cf050940b67c2f586f612a71;0x9341a0e6728a7fefae5b8e2f316d4073073b60b8aea58a8c78ec6a6fd79d3160;0x764a9842434bd01684ddcf233e6d6e93b4aa51dadf52055d56bc69947da426d9;0xc5c6d2c01602a264e7fad05f8a3846f3dd01f5f6201eec7016cf41932a7f3083;0xcb1ee65174a7400086424193107a2ad8132bdb5bf55afa4085bef1a27cf0b079,2.453669,2.163172;1.400221;2.779711;1.070995;1.390456,64.0,9.0,0.0,0,0.0,0.0,0.0,0,2710237184,2710458368,512.9640000000046,658.6729999999985,7.741999999999819,2.043999999999657,40.36100000000265,33.0,240.0,202.0,136.58420000000058,915.3621999999917,3.1852000000000613,1.8428000000000888,26.081599999999707,33.0,240.0,202.0,1.768356,0.989602;0.808389;0.732845;0.673836;0.988921,64.0,9.0,0.0,0,5.0,1.0,0.0,7720.0,2685497344,2685517824,495.87800000000516,509.5579999999933,5.278000000000054,1.6529999999998977,28.002999999998668,33.0,240.0,202.0,166.37879999999993,37.32200000000074,2.924199999999877,1.406200000000045,23.463399999998355,0.0,0.0,0.0
64,100,16,0x59239a8339b6450e61ebc1a2d88ff158d07ff220641fc57f858b837d377db14c,0x4961b21336e3eee06956f0a4186b3dd0ee95f3de6d1283a2beac6248da9b09ea,0x11412c18542265828111cc73c913a163d760dca43d35807a5aa46589a931912c,0;1,0x30df7cc8ac62a788ec4414e8e0c7cfe1e04803ddbe54fdddb6cc1d47458b1f3e;0xb604ea9552b5408850cced36c20a42864809e908ebba81051e043539cd8e76ac;0x57827b55206a20ba304cf0a1f6be2f69391698927baf0e7a7904ae8f22013bb7;0x22ba5d0754bb072b6aac3bc079081095a3000b0a3e7bde8ecadab1bdf5558687;0xfc3a915210cbc38aa62f354070e6105cacd533d21d991757cae273473a149d48,2.584768,1.580113;1.164877;1.022552;1.009743;1.029252,64.0,9.0,0.0,0,0.0,0.0,0.0,0,2706259968,2710413312,667.9170000000179,538.1920000000484,6.570000000000014,2.3430000000001368,43.84600000000016,33.0,241.0,205.0,111.11359999999016,438.6296000000067,2.5762000000000356,1.726600000000189,18.626000000000754,33.0,241.0,205.0,2.402322,1.387792;0.841579;0.730171;0.655258;0.566323,64.0,9.0,0.0,0,5.0,1.0,0.0,7720.0,2685526016,2685546496,611.2719999999961,632.4430000000103,4.13600000000007,4.487000000000068,27.943000000002492,33.0,241.0,205.0,110.48059999999583,31.629399999999478,2.900599999999809,1.6384000000000363,24.97760000000071,0.0,0.0,0.0
64,100,17,0x7aa7c0eacff7127a7ad96eed73fb6dd6a0b6189b06fde722159dc463c7ca1cfa,0xbef8df451206481551b2c4721eaea9baa137d8ef2d5dff85d0409c00b7b22291,0xd834cfde941c9602a005b30a6d2a70c421c6c6bbcda0cdc95c3f4a139f41dc3f,0;1,0x73ae8b99d42f92ad66bc50b27d232cb39d5328f649c15d57b24c2040403ef59d;0xa7ca6f21086c8fa6684fe9fc9fc8d3f3a36e188d4e381d463a9a8bf0609eec67;0x3772f7a304eb78eef082da43b539973c14ac641c42eb499b079cb49a1bb15ed0;0x45921df12ad5651a95c3f6be854cd5a512e8f3e9fe91e0c8bbedce016fe684a4;0x78eea338c201d4bf001aafa955fe720072b27f29b7f7de6b4d428ece58e91ad0,2.362513,1.602216;1.262163;1.062672;1.0282;1.070825,64.0,9.0,0.0,0,0.0,0.0,0.0,0,2710421504,2710437888,661.2169999999917,478.8119999999951,7.110999999999749,2.3729999999999585,40.942000000002146,33.0,241.0,206.0,98.60080000000382,465.3034000000389,2.5839999999999197,1.5383999999998497,19.1732,33.0,241.0,206.0,1.806313,1.29932;0.995772;0.661498;0.650781;0.628057,64.0,9.0,0.0,0,5.0,1.0,0.0,7720.0,2685575168,2684596224,584.9520000000274,447.9249999999879,4.877000000000353,1.591999999999913,27.53199999999678,33.0,241.0,206.0,109.70340000000522,39.67400000000065,2.9925999999999564,1.7905999999999824,22.237199999999845,0.0,0.0,0.0
64,100,18,0x35d1202bd5f9a39fc52d96d086f83e5782c6c0a949ab5dcd904b30ec4d08e616,0x44f776caa063ba9c654a76863af8860b84292b600f471c5bf325ef7e3ac2a257,0xdf2126f035cad174c0b6d5da90e1578aad4a813cd614ff648ff7e7bb8ff6c50f,0;1,0xaa2a84bbbc1738307b1a09bf9c55d4c9211e8bbbe8053ddd48c952304685840a;0x8d7d1e8d028ec991fa73df6556727a3b501167d223e2db065766daa70f801d28;0x40914d28d052a42227f05dba910baaf7764afc138a456c97938a0943f929b086;0x1ea57dfe5d7368066f037cf3afaa9acc3440cdf210f3aa89bc30baf9c1fc74ff;0xdee27ffadf1d70aab52e8e982d8faa221ae73e9c7e81fde83bc489919401a439,2.270143,1.602767;1.096283;1.039568;0.999988;1.478189,64.0,9.0,0.0,0,0.0,0.0,0.0,0,2706288640,2710614016,582.4779999999973,497.3799999999917,6.059000000000099,2.2839999999999665,41.392000000001204,33.0,241.0,203.0,161.5496000000105,450.60559999998696,2.3658000000001054,1.5423999999999993,18.93419999999951,33.0,241.0,203.0,2.190623,1.406892;0.730071;0.632424;0.722299;0.631983,64.0,9.0,0.0,0,5.0,1.0,0.0,7720.0,2684596224,2684616704,553.2240000000188,514.8959999999869,4.848000000000005,1.562000000000091,48.5139999999995,33.0,241.0,203.0,107.25579999999457,32.04019999999974,2.6600000000001622,1.6404000000000245,21.955600000000963,0.0,0.0,0.0
64,100,19,0xe8b9617d6910eace5d477bcba67e54c8ac1f9ac68c4c9e4b8062ec9b2e65ec17,0x8cc8d6c98daf0bd1fd04c66805826a3e63b2f3f712d0c7e507fc5f4e4b2b4819,0xed964506ef3d557e96c2e4a5e06c574ccc2741753245081728c32b0e97a6a05e,1;0,0xd86e9264c6a85a7585a586b60a336928e108cff40b4c65203bb77a05e904c664;0xaa90c53969a6ebd2c2caa29683af44e188430bd584ba9f9f2a85a2c0ab8057a2;0xcf25fc508e8090c9283c5dcddfce292bba282cdc54119e6ac8b2446a51e8351f;0x07fd7619694d4ba2c54fb57a0e5fb9c6bc0ffcf0f21a34358e4fc6fa5c0066b0;0x3e4270e8e86b54326f09e955347d444e050043c54ac01132b0ff852ab311ecc4,1.845413,1.55173;1.164396;1.013878;1.031345;0.991796,64.0,9.0,0.0,0,0.0,0.0,0.0,0,2706305024,2706317312,544.140999999998,438.68099999999635,4.747000000000258,1.402000000000174,28.813000000002532,33.0,242.0,202.0,104.0209999999986,435.0500000000146,2.6221999999999355,1.6426000000001675,18.92059999999973,33.0,242.0,202.0,2.386529,1.248793;0.734117;0.653265;0.641498;0.635529,64.0,9.0,0.0,0,5.0,1.0,0.0,7720.0,2685517824,2685644800,596.7000000000055,511.75100000000475,6.27000000000006,2.0329999999998094,42.71399999999925,33.0,242.0,202.0,111.89299999999623,31.0628000000035,2.38539999999985,1.7304000000000104,21.32019999999818,0.0,0.0,0.0
64,100,20,0x9703d36437850386a70d85442fc6cb2e8cc12eb61b2cf60e74528592c2207d4c,0x65b0c5b2d85180805ebc3e05b2404fe8a9b788d1c49009519d094fd8fc43509f,0x47ee66dfd73a38ed9679e9c523d87b531624738290a05205028cab5f4318dead,1;0,0xe97c1da8c62f901812b2fde9839653b7bedfccc6cfba9fd3050dd7f1fafc1d9b;0xf6d036e5abf340fdf41d2b5200b3851380cec0a54dc6c7ebb37d06994a9e953c;0x4b90e769a45304003a2d8f9a5535057147a251fe98f214ce429ae1252a563181;0x0d469d6d777b50a64ffda6103ba9879ddbc071507b67ce14976b7574d970a5dc;0xbc279cdc8bc03c06b83f4a5f6bf0163269e0bab6dcf80b4c30caa0d33deb4e14,3.071092,2.062086;1.632093;1.164003;1.145415;1.173508,64.0,9.0,0.0,0,0.0,0.0,0.0,0,2710437888,2710233088,1355.9020000000198,430.18800000005353,4.8180000000001835,1.652000000000424,32.84900000000146,33.0,244.0,206.0,128.7181999999998,546.1785999999913,2.9882000000000173,1.5339999999999105,23.18679999999962,33.0,244.0,206.0,2.570201,1.059125;0.891293;0.667325;0.724582;0.801677,64.0,9.0,0.0,0,5.0,1.0,0.0,7720.0,2685661184,2685739008,749.3179999999988,493.7140000000062,6.879999999999907,2.152999999999964,42.88499999999945,33.0,244.0,206.0,128.0952000000113,31.182799999995847,2.9567999999998915,1.3821999999999273,22.36359999999854,0.0,0.0,0.0
64,100,21,0xc7134607f1b98e85974332e666910b0b10b598986a62e1b7b6a5f91a992a90a6,0x2adf7ae970a14dd14ceb6fbad4bbc7692665943ba224291c758cd80b397c807b,0xe133bc454e8ab40862275f76a5c40a1ba026ea1a451967d053df3d8376cedffe,0;1,0x458ef34ece3e09447ff8936294b11282796507b23c73d2dac4451bf36072a70b;0x78e6597b4ddcee7de4aa170e39e193eea5a1805c016c6224b4db5514ee866a3a;0xbdfab0d3967d3766698e8561bc2becf1f2e9eb9ecdd8cecc49e89239645de864;0x5a248a91b71258513bb341866544e0b96e9063c76c16faccccf3f0d4b80f1324;0xd19cd83ccf44ff31ec299eae5040a8d534263ac6f207bf234593ee65aea89dfe,2.400126,1.68594;1.27456;1.268;1.201289;1.099927,64.0,9.0,0.0,0,0.0,0.0,0.0,0,2706407424,2710056960,654.5760000000178,541.1149999999809,6.639999999999597,2.3630000000000178,73.82100000000169,33.0,243.0,203.0,115.11720000001446,500.5898000000064,2.4876000000000067,1.6143999999999186,19.71999999999946,33.0,243.0,203.0,1.909626,1.369663;0.812324;0.813596;0.88985;0.883851,64.0,9.0,0.0,0,5.0,1.0,0.0,7720.0,2685796352,2685849600,533.3430000000194,462.0760000000057,4.757000000000199,1.4130000000000218,28.532999999997255,33.0,243.0,203.0,115.32960000000259,31.51540000000952,2.974600000000063,1.6343999999999732,49.85480000000015,0.0,0.0,0.0
64,100,22,0x970bd50c9a92dbe974e0cc82f3fb22fb5dc7312d5fd7cbedae4bc1a3bf00e681,0x78d730c3d2763c0dcf7056de2d9416953dab1e3b91972463c2d1e4565205846e,0xbe354c6d24772defb5bc8cded80fb08b4a1afd32609014753c0ea425420b8d91,0;1,0xd0d2827693bdd987f5d9d89aa2e159f1d1b49ae87103be1d2bf1d46303caf9fb;0x8ca3770e62038eb8838c830d92a6f1d0e0027bf37002440289f7b26e22af7b1f;0x6c8e72d3743c1c2d1b448b225328cf2a6b3d7119f9ea02b4ae839598f93495d2;0x361dcbaf1e86f94589e83ab7db836c0a08c97349bd06b2a913c32f3188d01989;0x451d3d9ef7ba56320211c9c0bc8fd97947b78754a5aba4f896f0a5f6aa5bc2dd,2.401127,1.902155;1.186448;1.275892;1.389313;1.110343,64.0,9.0,0.0,0,0.0,0.0,0.0,0,2710089728,2710126592,673.2139999999775,488.5559999999733,6.1599999999998465,2.5140000000003355,43.195000000002814,34.0,245.0,205.0,135.32379999999787,462.88539999999045,3.1470000000000455,2.3053999999999784,23.034199999998062,34.0,245.0,205.0,1.943217,1.06265;0.805723;0.701016;0.988379;0.832805,64.0,9.0,0.0,0,5.0,1.0,0.0,7720.0,2685935616,2686005248,575.8880000000244,499.34200000001374,4.936999999999997,1.7429999999997967,28.662999999998217,34.0,245.0,205.0,107.88860000000567,30.776599999993163,2.6238000000001342,1.339999999999935,19.405199999998622,0.0,0.0,0.0
64,100,23,0x3a7846540d68e4a418fdf182b776163146157133fb12aac2fb7dba600c2bdadd,0xb5b3d5a53fbe0928448ea956a1645b4304b671f32217b9a982486f525551b203,0xe98c7e7a9f3bb454a16e5282834e9824e71eee82777a04a3025719aca72d2045,0;1,0x27b71275e2693f761b97bde58b5d28444f81aa057bc435764eed01b8b0e87a2c;0xe0f6a6ae4fc6e11212e80987c2d52e89440cec4b38169ffb54e6821ed0586b89;0x44f8b71b1eecf7e2c00ee6be7a0794e133b491352d310fcb01c0b9e31491a7de;0x04889fb0b85b58841924401a0888a4d6b5bb69868d706239228b0beefbaa6214;0xb7b62804a9bb69d90e471967a4eb998065db410f0594f3abc4cb0d3d08132977,3.707735,1.595283;1.173418;1.229432;1.086887;1.095861,64.0,9.0,0.0,0,0.0,0.0,0.0,0,2710278144,2710278144,665.161999999997,532.6919999999458,7.611000000000249,2.272999999999685,45.90899999999676,33.0,243.0,203.0,103.4436000000083,459.1336000000057,3.1408000000000134,1.5585999999999725,18.970799999999677,33.0,243.0,203.0,2.134686,1.357285;0.699784;0.70365;0.705162;0.724281,64.0,9.0,0.0,0,5.0,1.0,0.0,7720.0,2686132224,2686132224,544.1899999999999,472.9330000000087,5.118000000000136,1.6619999999999309,29.99499999999794,33.0,243.0,203.0,126.9234000000008,31.259200000005592,2.802399999999976,2.0110000000000268,22.568200000000484,0.0,0.0,0.0
64,100,24,0xc129adc50bf5bd02397ce75dcefc77d6f357ff643e1667bcac9a2d3c6b137b49,0x0abb1d0c59c8f89603f7a3c8f0b321c357b8ef6cd8292a7f03d8d895e49b42aa,0xa8b192a0188c53ef0cc568f6ea50ff892f5183aa62c4390d7358115a5000bf48,1;0,0xba3bdac722923b9b049791e79c6d9a4e7fc29854313a42181f66b1cfe9011df4;0x26f74c8cc68aa1b9656c199fe02de908292e5c395bcacc5ec9b516ad2282a9ee;0x54f84131aaa11419e837a3b6ec787640c3c7300f144dc3fc578fba3c8b48f37b;0x6df237bc0da4fc6a42460b255a0bafccbd244c04b277e1ce75cf50a60215e21b;0x4375b8bc39069e15841bfbe00e7a1092549af6114822f9b391cbc0cd133b6c89,1.913503,1.971279;1.229072;1.157173;1.106537;1.033126,64.0,9.0,0.0,0,0.0,0.0,0.0,0,2710286336,2710286336,507.3039999999862,558.5609999999574,4.396999999999735,1.652000000000424,27.432000000000844,33.0,244.0,204.0,111.61419999999866,451.72619999997994,2.860200000000084,1.7507999999999413,22.748200000000107,33.0,244.0,204.0,2.174325,1.085345;0.872624;0.667586;0.675457;0.707045,64.0,9.0,0.0,0,5.0,1.0,0.0,7720.0,2686136320,2686144512,572.1819999999766,561.2859999999941,5.929000000000004,2.554000000000098,40.70099999999716,33.0,244.0,204.0,112.65379999999547,62.45440000000047,2.666200000000021,1.4799999999999711,18.980799999999967,0.0,0.0,0.0
64,100,25,0x1565354e857a89903caaaedfec77c6d3c58501a7102dd11fc47fc24066f80e05,0xb3fed3fe34a4694d3754e02eccd11b9b279d6473b848be447523b4bbade39f0b,0xa898007010d4d8b4123611c6ef27f828eb0d522c06b6e7caa1dc256a1c9deb3e,0;1,0xa026d0fe68a6f880bf9d95fcf7a0f96a698781143df80f24b9285f10fe20a034;0x7641e750cf367ca9e7a578fc76c6580fd0e63771d76dcc92cf60ad4a1429ab66;0x720297765ed18bd3617ca3aa95774112f945cadfe054293484df2b6d2fab31ca;0x8c2556dd923b770026f0aceb30e593d5116b11ae6255495c631481a9c9f6db9c;0x291c4cace640a5ea9004c63f58e23d7d509cbc57ee9e44dc2e52cf9db12d3527,2.282558,1.89221;1.165336;1.110242;1.038384;1.006045,64.0,9.0,0.0,0,0.0,0.0,0.0,0,2710286336,2710286336,628.3559999999966,505.61100000001693,6.869999999999966,1.9529999999998506,41.74299999999687,33.0,245.0,205.0,112.7177999999951,452.263399999997,2.528000000000079,1.8327999999999747,22.017600000000247,33.0,245.0,205.0,1.706912,0.914578;0.668908;0.644241;0.64432;0.589859,64.0,9.0,0.0,0,5.0,1.0,0.0,7720.0,2686148608,2686160896,554.8960000000269,444.08900000000864,4.286000000000047,1.5020000000000138,28.27300000000227,33.0,245.0,205.0,100.55939999999985,30.762000000000842,2.3436000000001678,1.288200000000052,18.0632,0.0,0.0,0.0
64,100,26,0xebd47be5db201b81741ef44a64309c090edbee6e0d1d0dde77fea68c42a10132,0x94179b299d4a618bf644e250f29e15048e82bc9a1255d3835f48be83e4e989e4,0x96860c8896fc49daff9d5ad8220f57c4f0ef77affe53bc5481998ceb240264b8,0;1,0x17c042a5dd104d35e032c06381ae3c53947ccffa36034389556198bf761837a5;0x22045454a7460709be42b655d9090257ad85e461d7569a9f0824d498e5bd9a39;0xd01f0b3aaf54d06300783225ccc2fb9e4aea77c69b0a14127733beb3b7c09c30;0xc600092d3f8ef7dbcb639843b26ac05fefa846d9b41dfddc671fced069dd32a6;0x39d2c807575df063f35ec99feff4cd7992d9d1c64d0afe4d8decb41ba61648f0,3.16693,1.822515;1.154719;1.08843;0.996911;1.224434,64.0,9.0,0.0,0,0.0,0.0,0.0,0,2710302720,2710302720,654.376000000012,491.15899999996327,6.97000000000024,2.082999999999946,41.43200000000097,33.0,244.0,205.0,120.78379999999055,452.97039999998566,2.7562000000000073,7.134400000000096,22.12920000000118,33.0,244.0,205.0,2.107094,1.006376;0.700485;0.616528;1.849176;0.73688,64.0,9.0,0.0,0,5.0,1.0,0.0,7720.0,2686160896,2686173184,726.062999999999,507.1739999999991,5.297999999999934,1.5430000000001172,29.083999999998667,33.0,244.0,205.0,102.91480000000908,30.934600000004366,2.6098000000002175,1.5402000000000298,18.68799999999865,0.0,0.0,0.0
64,100,27,0x04f335e5ee7049f98c007a0f389094eae51b155527d6581c13afcfc03fea21e7,0xd1621bed43008bd3e5d162cb4743925967f2e088295453e732f2b2445f54da69,0xf0d8944609cf31e5aee187b095f6a93d76ecd2d3090be763bad7c36da759283a,1;0,0x836360975f8e777f7ff8587514672c2ce8dfc8bb720057b097adc41c33c8b975;0x4eace0938d67218e8044a12739c9f6f51d89e429f32d3045320080c06ed6cbc6;0x3b11b7e95d253d87967bee3dd678c3fb22281a997548cd163105171b7edeec1c;0x85c2ca766b55aa860c2b3edcc627cd2a174fd6a84c8fff9fa0fb784fd71f8fbc;0x6376821aa5c84b6b9d80a547fb82657b3274379246fbe71be1fa90b1b7bf372b,2.036778,1.478728;1.259708;1.092215;1.148169;1.032224,64.0,9.0,0.0,0,0.0,0.0,0.0,0,2710302720,2710302720,675.3170000000086,426.9930000000421,6.108999999999802,1.4419999999999364,29.25399999999939,33.0,243.0,204.0,106.97720000000244,449.95160000000925,2.744199999999905,1.565999999999894,23.5194000000008,33.0,243.0,204.0,2.64898,1.489584;0.804552;0.775549;0.699613;0.905734,64.0,9.0,0.0,0,5.0,1.0,0.0,7720.0,2686177280,2686189568,628.9580000000128,710.330000000009,10.325999999999738,2.1029999999998275,170.43700000000246,33.0,243.0,204.0,121.58340000000267,31.024599999995846,2.9441999999999315,1.482600000000077,21.654800000001085,0.0,0.0,0.0
64,100,28,0x933f384ec82647568c4418e5aa7da767e341f30f675bfc8405a9bbc220e4ce8a,0x5aaee19fcb5f1a11ae5027e8ee7aecbac5406114bd412490768042f94cf3ecef,0xe96d1ce25d6ead593b01398da219a6525a78662bd9fb573d23ac248d4b30a2cb,0;1,0x992cbf8554b2ae66fe1ecb36982d7833d9ecd5ab221632b9c2e4c6d980ebad06;0x08ed7f785b8d9f8dff1a95a5f5420d9b7d52d90bb53af1f5fe26092bb81a1d44;0xc2c549e533802014b4977f2fe0a8071f375cdf12d9df878491529de4d9e6bb24;0x2dd427bb324f8ccaffec51643adbd16bf96652af051fd5e390f2c0251030f173;0xb8b6722f59f34c25ca5cc2308ee4220c235987a1ef3d10469c5ea9671bb99ae7,2.578955,1.906271;1.211956;1.127408;1.32118;1.385226,64.0,9.0,0.0,0,0.0,0.0,0.0,0,2710327296,2710327296,790.0499999999865,526.66400000001,6.530000000000251,2.714000000000015,42.69400000000284,33.0,244.0,201.0,129.8334000000012,471.9249999999953,3.635399999999886,2.2494000000001373,24.054200000001025,33.0,244.0,201.0,2.008526,1.028659;0.94245;0.716218;0.930672;5.943634,64.0,9.0,0.0,0,5.0,1.0,0.0,7720.0,2686197760,2686222336,616.8690000000199,465.28100000001183,6.940000000000418,1.8520000000001036,29.935000000001764,33.0,244.0,201.0,128.38139999999945,33.712799999996435,6.722399999999941,1.5524000000000266,22.43599999999929,0.0,0.0,0.0
64,100,29,0x417bd225e5f017cc361a7790ec405e2c85061a2bab94681845920fe3acbbf05c,0x833fc0b5bef0128fa65a1d760b0b72113d38634f3ec62bc8a0352787cacf803d,0xbbf4263f87ef9c7ef7d05ad9a6f44bca0e4ed7461d37408dcf856448d1a65ba2,1;0,0xf0d87942426e02fdedd22610356ddb35af754c968b1125a9d827d6cbf143c500;0x9b4299c8d970f95968e7c6113210f7337990f7d172f0ea4133693f8881be645b;0x7d00f0a564a27a0d201214653ce94e1de025b0b215cae5e0e2fa0d9518c69f9b;0x26c1f9636223c1e3c255ff8f737a9f2c3bdd21740067112ebb0330950f7003fa;0xd0253fc88d2a8bcebe160735acf186be4a2f42621c974cd029e4d0ce9b22a0d4,1.882386,1.497906;1.250514;1.342612;1.10837;1.30095,64.0,9.0,0.0,0,0.0,0.0,0.0,0,2710376448,2710376448,580.0839999999807,424.30900000001157,5.749000000000206,1.7919999999995926,27.652000000003007,33.0,244.0,202.0,100.01260000002121,507.04759999997685,2.7300000000000932,1.5803999999999472,19.220999999999822,33.0,244.0,202.0,2.505334,1.348772;0.807767;0.713936;0.727957;0.927542,64.0,9.0,0.0,0,5.0,1.0,0.0,7720.0,2686308352,2686320640,720.8759999999814,559.9930000000086,5.787999999999627,2.353000000000077,41.802999999999976,33.0,244.0,202.0,109.05620000000171,31.507199999997184,2.896399999999938,1.5481999999998954,21.382400000000136,0.0,0.0,0.0
64,100,30,0x0f0a30205a345b984f3de030c5191713da394bbaae049f18cf1b179521e4c8d1,0xa600cedc9d352a9fd713c4bb5433a791256ed801184a2e9f38907d710b09ce66,0x65d0d3ae5b0e1c61c0f54cfb58affcfa5141f9670511cfe821b42f21cfd1f12f,0;1,0x3bf6af425d936ad4868577234914d3cd2efebd52e44d93c903ab16734251c9c2;0xf969e8adac6e8e67c4b149a0e8136b36ca3864a4eba26b6f17fc47efc5a99e27;0x6c98e1ef1aacfec33659351a290cff75314c5b3b07819452c3e487b594c7f170;0x758488a9c20451fe078266231f26021a8f01a10880baedabf01a5d4f3562edf9;0x27048444cd1dc59f3bf95833d162d464f6780ff687d22b31265c4a3718858908,2.527042,2.470111;1.245837;1.14217;1.01602;1.194059,64.0,9.0,0.0,0,0.0,0.0,0.0,0,2710458368,2710458368,712.4330000000123,586.663999999959,6.118999999999743,2.6139999999997414,59.24899999999733,33.0,243.0,204.0,121.80539999999685,520.2698000000173,2.9166000000000607,1.9872000000000638,58.293400000000716,33.0,243.0,204.0,1.874303,0.975329;0.731301;0.662237;0.634636;0.568376,64.0,9.0,0.0,0,5.0,1.0,0.0,7720.0,2686390272,2685435904,634.0049999999931,432.32100000001327,4.848000000000005,1.402000000000174,27.750999999999472,33.0,243.0,204.0,97.44879999999957,31.351199999996027,2.4034000000002638,1.5186000000000366,18.62619999999926,0.0,0.0,0.0
64,100,31,0x0127b514e3576bd2a03af1d140072d0fbf934dd20c5d18a9a915a366501891d2,0xab65265493ac5f20bb6333438bca39bf502b5f175df6641fd0e7092c1c5814fe,0x161b077cba9f9bbddf8b43834e6962fff8f2b515713d5c392d3a071d65cfd33e,1;0,0x5fc08515ca14a37c7fdb5b3106500b52acda8303a2c92ae9ee8605f23d460f0c;0x72b6e42e8525de970f95b9101804f4747283e04bde7b127820cb9dbeffc100ed;0x0359de457b26307eb299bc70dac6f7c132b5aec7b091fad3ac95cd48e1669ced;0xf9f69a34c51b1b9adc649f8c420159b14dbd457d4f1eb90abc460d9ef44ff79b;0xdfb7f210de70c6c01c6a80696c383779d0e57d5adf1edc625ec669b619e88d2e,1.93612,1.555215;1.286009;1.155321;1.28025;1.14042,64.0,9.0,0.0,0,0.0,0.0,0.0,0,2710958080,2710958080,587.6260000000077,418.330999999994,5.057999999999625,1.6019999999998535,28.82299999999727,33.0,244.0,200.0,125.91800000000264,471.096400000004,2.7899999999999108,1.6546000000000964,20.79539999999963,33.0,244.0,200.0,2.538207,1.338528;0.772515;0.756621;0.718723;0.775209,64.0,9.0,0.0,0,5.0,1.0,0.0,7720.0,2685517824,2685526016,644.1209999999975,490.2189999999862,6.219000000000016,2.2939999999999072,41.29199999999833,33.0,244.0,200.0,119.41979999999798,32.5389999999981,2.876399999999883,10.119000000000012,24.488999999998374,0.0,0.0,0.0
64,100,32,0x20707e90e394e9be50ff01f8ffcd09038556608119370c21219855bfe5876628,0x7899857f163e74855dbed935045b17273ba877ce7728445ff9bd64ef616c3933,0x2c62f18b323351c241a27b6f372622a2a34a59246f88006f7ab41bbf28c9dbf2,0;1,0xc1c54747d5ad5619480aa1aa6f8e1939f5999a3d1379e6a1e16d62b962a26611;0xdce7cf2b8f77e52defc53f42c0c5c1013778402842b357c48bd3e8c287f15bd1;0xdab4fba2e2887277eee81039b399b3d49e1e9ec5deda1a854b1c4704ff760047;0x9a1a9afcd1f37373d5c559f29da57459a438ea477b9ac9b2cc9e66991ee27702;0x1888241a20620ae37c306a710ccad9abaada576838be0b6512e944970801181a,2.452629,1.766404;1.524859;1.104215;1.178166;1.344757,64.0,9.0,0.0,0,0.0,0.0,0.0,0,2710962176,2710962176,619.7039999999987,599.0940000000222,6.439999999999918,2.353000000000077,41.95299999999735,33.0,245.0,199.0,106.98100000000599,451.7354000000085,2.7743999999996216,1.5586000000001459,19.731600000000295,33.0,245.0,199.0,1.917131,1.410477;1.077044;0.757101;0.677111;0.827097,64.0,9.0,0.0,0,5.0,1.0,0.0,7720.0,2685538304,2685550592,568.1069999999844,480.51399999998745,3.8260000000001764,1.7329999999998562,28.01200000000087,33.0,245.0,199.0,128.5957999999976,32.13440000000012,3.1324000000000978,1.7544000000000415,24.2908,0.0,0.0,0.0
64,100,33,0x11bc33b65d96f19e0cb387066cd779324fbcd74e640b9ac5add87645f119b0b1,0x20362d90a0f6d3e853de3985a589d51a8263bd1f0a58d129532b5502dba08bbf,0x0fb41eac79a63b4dfdffe999d820ca6bac944829aaf7b380c3b676eb2d941c9e,0;1,0x15cb346dc66db5b04c71758d3f06c2181d9974f115c0af332710d59d81b5fcb0;0xf783cfcbeafb0d41095472fe08c6b0d91ed1d46c74189b6b48067a978a3adf1d;0x23102c35c7e6026a0d9bd18df471333d02ce03880b9f38e16341cc6402048e6c;0x1d9b9a2cc72ac23546b35d29939d64fac99614ab141a4f1832215e64db6acd62;0x6a6e11615ebcb54390f5ed33dccf5b21ad4cc16baf0a85648aea1c4f19299711,2.582734,2.320239;1.317416;1.159017;1.086318;1.357938,64.0,9.0,0.0,0,0.0,0.0,0.0,0,2710962176,2710962176,720.5659999999781,669.039000000038,6.940000000000418,2.5440000000001572,42.44400000000259,33.0,245.0,197.0,122.4166000000082,486.7458000000102,3.018600000000149,2.059399999999878,22.281799999999965,33.0,245.0,197.0,1.940826,0.990303;0.674086;0.749581;0.657071;0.684512,64.0,9.0,0.0,0,5.0,1.0,0.0,7720.0,2685554688,2685571072,598.431999999982,454.1050000000102,4.637000000000044,1.5729999999999391,30.777000000002662,33.0,245.0,197.0,108.59160000000756,30.804400000006282,2.41959999999989,1.3359999999999588,18.938599999999973,0.0,0.0,0.0
64,100,34,0xae6279749c9bba1bab4d697d7f29484b309783cbf34788ab635fe724aeac0bab,0x1e4ba7668e817fa55f845d97294366e08bc3e6e556c4e0dbf0e39a94793198e4,0x119de4c66d6a7d49bc6f455f41d991bfe39df701ffdb29661fe7b7836a170555,1;0,0x7ddc5aaa748b74b424ff71d55df3a1be9295b16ab0aacb30d9f87911d7c83f09;0x76a07233812b5811d35de3dc451192655cf2683ce12f4ca9b565a9dfc1c88cb9;0x9931e46739e49cf5b07401a089c2df5a40b18ad97a71c2a75b543035b5af3e95;0xff8dc15d1d54860483bae87e8525632743d51c9d37ff87f572d66cb524a007ab;0xa3c3cf2734bd151161ccc07938821c331344f03634416e45943029020a8bd265,2.207318,2.057983;1.258738;1.185668;1.155041;1.357697,64.0,9.0,0.0,0,0.0,0.0,0.0,0,2710966272,2710966272,667.947000000002,452.8529999999753,5.138000000000018,1.562000000000091,29.134000000000103,33.0,245.0,196.0,119.93099999999535,475.31659999999755,2.81019999999986,1.8328000000001483,21.16220000000085,33.0,245.0,196.0,2.338667,0.892406;0.82268;0.632514;0.687928;0.619514,64.0,9.0,0.0,0,5.0,1.0,0.0,7720.0,2685571072,2685587456,629.2889999999774,497.4199999999984,5.8189999999997895,2.4429999999999765,40.70099999999716,33.0,245.0,196.0,99.25139999999999,32.15259999999609,3.022600000000125,1.3360000000000456,18.443399999998334,0.0,0.0,0.0
64,100,35,0x1f82c1f91b0ed83b72c484c55e49dedda6618230d8ebe489f1797f66fdc9048e,0xda70c692d50e6b958b756fbcda4b13a7fb65e73cd52e34479481acebfadbb737,0x244c4269e212bc37ca75efc485bfbb858d1c86727deed996d71ab200d134820a,1;0,0x6387846d367ac8aaaae02f2482d84b3c44945520226aeb12e881f470e3b938d7;0xa11c3250c4f5a3a2099095ac9afcd77619565c8604ead671255e103b5fc7834b;0x617a8c6a500fc798390fc119c1cf50e135b355b7e9196d950e9e3d26ac06bd2c;0xee7e9ab1ce34c70b3f241f204afaf8068389706cda296c6e63a715d2ca23f04d;0x0c62d36a914e69ded45b35bafbcb20e53450c435f4f4971ec2c6bfc420310fef,1.85709,1.999835;1.378919;1.689588;1.473171;1.108862,64.0,9.0,0.0,0,0.0,0.0,0.0,0,2710982656,2710982656,535.5080000000179,432.0020000000424,5.478999999999207,1.3920000000002333,28.29299999999868,33.0,246.0,197.0,166.4693999999911,517.1515999999876,2.8764000000004035,1.880799999999863,23.627399999999465,33.0,246.0,197.0,2.53363,1.272419;0.890052;0.720276;0.629529;0.790221,64.0,9.0,0.0,0,5.0,1.0,0.0,7720.0,2685652992,2685652992,891.4640000000085,479.2730000000023,6.128999999999683,2.414000000000062,41.091999999999516,33.0,246.0,197.0,121.01639999999581,35.671600000003465,2.5917999999999775,1.5741999999999146,23.692000000001546,0.0,0.0,0.0
64,100,36,0xd747550454dd4ceed2d34fb71bf201fcf251bf1240d91449a7b7193ff8bd9a16,0x4b2f0b4d33a337241992030d388d493df2127f64577f625c2f7f34135dcc5fcd,0x135ace169f720ac66ad7b627c4e983af805032c4efcf6665cc1acb54bad64e22,1;0,0x3ed173cd37b54206f57638cdb485c3a74b1095876fb750c5b6fa0eda70e518be;0x18154b65518de82de4803e5ada56d905a33ce05cda7bca1f099982445db7557f;0x42126ac8b33fc7df8af88e0801a8577bdc7330b44028bef678d7c2fde10137d3;0x4909c38a5cf6a33c6a5e28d4b3b8635ef230f3555076d3f3090bd2668fc91a2c;0xa28e4eca57e3a73c54ca3e3c0b62cf10386d99608a06c22d3782b842b1b9a5c9,1.835087,2.264013;1.298328;1.468384;1.151627;1.104595,64.0,9.0,0.0,0,0.0,0.0,0.0,0,2711011328,2711011328,530.699999999995,413.8740000000363,4.056000000000545,1.3920000000002333,29.333999999998916,33.0,246.0,195.0,116.90440000000635,513.6786000000005,2.7522000000002045,1.6365999999998562,28.082400000001286,33.0,246.0,195.0,3.092413,1.010845;0.769881;0.757181;0.661377;0.76965,64.0,9.0,0.0,0,5.0,1.0,0.0,7720.0,2685677568,2685677568,680.5360000000094,563.3700000000075,6.960999999999773,2.784000000000033,89.09399999999789,33.0,246.0,195.0,95.5919999999999,30.74240000000006,2.519799999999885,1.4763999999999575,30.989000000000708,0.0,0.0,0.0
64,100,37,0xba4d164e5703764392dfc60ed8c65a5a680a64157f83b990ad5f2b2aa26b4724,0x06348bd422585a7d771b0a059ae38971702765fb54ef9ce62dc3cc311a981a49,0xce1d8c4eb337ea83bbdd80968e05b7e97d7cd5617ab23bffe816f4b62e7c3fa7,0;1,0x2734a43a1ef1b9184e11fca714cf607542cc1d5a71c962aae5aa6dc0f5fda818;0xc7281284373b0058023a3d7fff9346a41dd96566ef4e1ef8b7ad63b31ea63e18;0xf6141cd33c8f415ed0770c5830e1f84aaaf03b5da2f2440fbdd5a581b790704c;0x9b8b455327cb7f6c7382bb76283e108f6ba31dabcf4565d991baa42b16a3c20b;0x801b025fb9a1d9991857edd46107e840202c0f47d9b5a422842e5c59dfdf3917,2.86477,1.612962;1.201902;1.12748;1.164867;1.140239,64.0,9.0,0.0,0,0.0,0.0,0.0,0,2711064576,2711064576,690.0510000000248,541.25599999999,7.892000000000662,2.3540000000004184,45.44900000000296,34.0,249.0,197.0,117.35720000001226,461.75819999998424,2.4459999999993514,1.5182000000000737,19.30920000000058,34.0,249.0,197.0,1.938483,1.480612;0.734818;0.796151;0.772725;0.748599,64.0,9.0,0.0,0,5.0,1.0,0.0,7720.0,2685714432,2685722624,569.339000000002,474.9960000000053,5.968999999999766,1.5119999999999543,28.923999999999616,34.0,249.0,197.0,122.05999999999051,34.636199999998894,2.7199999999999793,1.86279999999997,23.525200000000524,0.0,0.0,0.0
64,100,38,0x95c4f38976bfacc017b2af8ce302da35b2964f8e33a32300cb080259c3521d74,0x5163f8c4a3b47fab18cad85a47015f33cb643cada85d0108d344c3965ea147c9,0x546444678bb81b06ca956f1f3fc60659987a168fb562cffdd65d293d15dd9193,0;1,0x2d818f3d2508743df74c2472747f7720f8d8ae35d1849c3d55c10aca4a94d106;0x357d93950562f5f4f87ca3faa5564ca88700217844112ba7c76b84a125c96332;0xb5902ec98f674129af6042a5b7c798b07d774283b68638044edec2aaca07c113;0xe429803256222a16c7a5101d09f7e95a09fe77d804e65b570af5bcb972702ab1;0x0a7bca57167cada9429536b332cfe4eceb8f563890f5a1ce9b6616d99d3784b3,2.352397,2.104193;1.212869;3.340106;1.206329;1.217105,64.0,9.0,0.0,0,0.0,0.0,0.0,0,2711134208,2711134208,638.2220000000216,512.9929999999616,6.130000000000024,2.3339999999996697,42.35400000000139,33.0,247.0,196.0,123.49219999999717,526.747999999988,3.2807999999998754,2.101199999999907,23.593599999999213,33.0,247.0,196.0,1.779173,1.004074;0.700106;0.675239;0.818284;0.710631,64.0,9.0,0.0,0,5.0,1.0,0.0,7720.0,2685816832,2685857792,554.3960000000126,420.2939999999877,5.3479999999996375,1.3719999999999184,28.24199999999777,33.0,247.0,196.0,107.04320000000101,31.493200000004553,3.020800000000032,1.5324000000000588,20.398599999998936,0.0,0.0,0.0
64,100,39,0xc9f799b4616e4cfb043582f52412348efbfd7be9395f39cafe8f3ec6e4ed243a,0xbf1d3d0f9031a3be0bbdbcfb8f75e5eeae959db82bbb32a83432cb01e134479e,0xbfe82479cd88a4ba9a3943c9055e7a9503f757e8cf7b37b0dabd1e7b434fd681,1;0,0x27dd071eaf46fa36f117b039bbc478c689664baff423fd9623268cdfe8daaa15;0xa22780b44b9401d9868818e0054bfed3a99525a8d8ec07a2c6bde8d2d5724bc1;0x0c39950de28a4e602aaaf68124dff923b195c533d076c8ec47fca3f87dc07c23;0xd55f802e7ba7afbf60f1a8a39de417feec3fcea2f9fcce6ebc988dee779e4886;0x2fe106193d109705c07d2e2605653d108d7eb6ca600bae0c0ce990943f65292b,2.372382,1.609968;1.258227;1.249374;1.221802;1.268393,64.0,9.0,0.0,0,0.0,0.0,0.0,0,2711322624,2711322624,591.332,685.3230000000154,8.932999999999163,1.7330000000002899,28.47300000000108,33.0,246.0,198.0,120.85399999999247,500.1158000000006,2.8523999999998524,1.6205999999999512,19.148799999998964,33.0,246.0,198.0,2.840984,1.440953;0.891684;0.786211;0.88898;0.704602,64.0,9.0,0.0,0,5.0,1.0,0.0,7720.0,2685931520,2685939712,517.0389999999969,505.2520000000116,6.189000000000195,1.923000000000029,42.2839999999966,33.0,246.0,198.0,155.77879999999487,41.4666000000008,3.2646000000000757,2.2436000000000678,29.209800000001838,0.0,0.0,0.0
64,100,40,0x5ed43a771b05ebf93e217e88c5c8ff27c43d8d1bf1ba8cc9602dbe3e7824ec84,0xa28b7adbbbef761244aab99d0700701292ccfc520b597341b3fe382a1856465a,0x71554225860f88f6a447417b5360258133788e6a7040b101b39902aec7eca7e7,1;0,0x3072e175591428303166a42181bb27ae9d2addf39a210cc15470391f3dcab361;0x02b6b886366c58427c709b684b4a9db893acf51eee9cd6d7d7b92622958f9538;0x030b8399fb101f32b278604c9a547c9d8bcb829ccdc0c86f726635d5e41b99e0;0xcc8359ce17f3993db34322946ad082fc487d1571f7bc1a1dc41f93a67c04bfad;0x8d6b2cb108f8a46588a09b82bebcd986965bce206001ae8af234ad5bc12bb54f,1.905834,2.012214;1.402345;1.282204;1.075422;1.223234,64.0,9.0,0.0,0,0.0,0.0,0.0,0,2711330816,2711334912,557.3400000000173,431.24999999999415,4.557000000000519,1.4630000000001586,29.32399999999724,33.0,245.0,194.0,128.20320000002107,493.7581999999941,2.9244000000001185,1.852799999999856,24.60899999999905,33.0,245.0,194.0,2.244734,1.291547;0.891244;0.774828;1.201447;0.794989,64.0,9.0,0.0,0,5.0,1.0,0.0,7720.0,2685943808,2685960192,690.310999999999,484.9710000000007,6.5389999999998505,2.7040000000000743,42.25399999999851,33.0,245.0,194.0,160.7503999999982,35.298999999999744,2.872200000000012,1.700400000000015,27.961999999998042,0.0,0.0,0.0
64,100,41,0x0c6e29411c30055118ef5a7781f89d491d1c698432d62d2ba834a3832a1f24b9,0x7510a27a8b5c010a2819bd05efe0f39322947c46e00aa2118bd93ea7649d6445,0x91599cfd1ce4a0f3636773279f8346ae9e31d684ddf988f03a10e9ba2a173fae,1;0,0xc159aa07b0ad6c26856c594504e47a0a4a026c7dd73fa6b8d60121c76e59b101;0xf57dfd349f73fe818a0bc0ceb8e16836680821296fbd24e64045772903e4d984;0xad84023f0983b919ea4dbc3c1cc3197dfe8187e1e40a30b38fdb5a7b4da6b3a2;0x1868e93e8ecea5840aa28aa5eb5ff121e1c9b61561d479b58069591b1fa837d0;0x7e3a92f3e42357e0d70ecbd4269321e7355be81ffbde9d68fe6fbe25bbb92a08,1.950872,2.139055;1.323115;1.094761;1.183805;1.029052,64.0,9.0,0.0,0,0.0,0.0,0.0,0,2711339008,2711371776,578.2320000000118,429.8480000000104,5.57799999999914,1.7619999999997706,29.805000000000803,34.0,249.0,194.0,118.60279999998946,462.98219999998395,2.8364000000002942,1.7144000000000186,22.47159999999998,34.0,249.0,194.0,2.405487,0.99489;0.818855;0.666485;0.675118;0.673595,64.0,9.0,0.0,0,5.0,1.0,0.0,7720.0,2685968384,2685988864,633.955999999991,601.1360000000021,6.879999999999907,2.324000000000163,44.00599999999921,34.0,249.0,194.0,121.40919999999998,30.70619999999691,2.8402000000000287,1.430199999999989,26.946600000000988,0.0,0.0,0.0
64,100,42,0x9382f945f923fc38a2c39e0bbc2e44e8fe208a4c4aafe3521d4a1bd54a2bcffd,0xe4f1937a15a8c5ed475dca3b125ded68b6c576d9df57aa8032d4144ff3227669,0xf3cbc9f8d6230d32a844b9117434b6db9d6b16655566d0519332f20bb29b0e2f,1;0,0x4f77172d77f7b7fd7eac6ac224fe3105be622c9262a74f560a84e4e7436bd74b;0x2700705925e10290542329b1247ffcdeb22c1c011b3d0f116afd704382dedd6e;0x5ebf067509b528032d760965e9290f1e4f7cd6ac17d08c738a37acb799e7bfa6;0x8037a7521819be57fcd8290e75c53544e11140451ccfae11bb3785406eaf6354;0x28d62d5522bd62d0b4208a0d45116e1a97a72e2d340559fb4daaf390767665cf,2.163613,1.921728;1.513852;1.113178;1.171767;1.263946,64.0,9.0,0.0,0,0.0,0.0,0.0,0,2711371776,2711375872,533.0339999999878,537.3509999999637,5.378000000000327,1.702000000000127,229.83699999999664,33.0,247.0,194.0,129.94759999999107,501.2215999999903,2.7959999999997014,1.8910000000000455,22.307800000000157,33.0,247.0,194.0,2.285166,1.123303;0.821398;0.71001;0.782039;0.752064,64.0,9.0,0.0,0,5.0,1.0,0.0,7720.0,2685992960,2686005248,691.8530000000201,528.5270000000008,6.179999999999727,2.252999999999804,41.10200000000119,33.0,247.0,194.0,111.39019999999445,38.81659999999676,2.805999999999989,1.502199999999995,22.089399999999923,0.0,0.0,0.0
64,100,43,0xffdf4a9305f9bf633763c4ec7947c8142b42e9cbbca272d339917c317ba15951,0x5471a1639c760c64c060fe8b2afa25a121838f9d5e11b8a7e24e0e78a5657b5e,0x9327ff9bdc8703d32671a6b03bc4036f323cc957ffda3ffe056a9bfc6a8e4223,1;0,0x9ef35987076a64ebc94edc1d488a6fd161a3f3d8a0eef88e546e9e6b72e5f2a5;0x90cb03727dd73456cdc70eaf763247df8547643b9be6a1edf2dd7eaf4e28511c;0xec90bd17e36d84f6c884a89a97ae0a2ada4c036e7b7d91e86869eb881dd7a0be;0x271413f5f8940fc630bba015a30958548f54f6037c978167c0522b8eefe6eaca;0x62b073561b8d6ae1cbe7d019c3ae2d42641a2a751f0017b496f94d26ff4110f8,1.921784,1.637614;1.288697;1.084889;1.156538;1.067533,64.0,9.0,0.0,0,0.0,0.0,0.0,0,2711379968,2711392256,554.5379999999933,451.11099999994855,4.597000000000281,1.9429999999999101,28.303000000000356,34.0,249.0,197.0,112.66840000000444,461.0405999999845,2.627799999999764,1.3780000000001429,18.830400000000026,34.0,249.0,197.0,2.314727,1.367175;1.047293;0.696953;0.706197;0.665085,64.0,9.0,0.0,0,5.0,1.0,0.0,7720.0,2686005248,2686013440,634.7890000000244,522.8700000000086,5.7790000000000274,2.1230000000001423,41.02200000000167,34.0,249.0,197.0,111.63060000000114,58.01139999999649,3.1026000000001703,1.9688000000000345,23.68819999999938,0.0,0.0,0.0
64,100,44,0x96a04c76c216051f3b8aa221d2553e20861b3792dbed0d7b8243dd5ca5e241b9,0xfeaaebe29e9e2440550b1e8122912ed0571ebf21a127754789f4f17ba68c33a5,0xa30365e4cf755d7ece0ab931413ce8f4c38be1f27d2504afb46b6f714e9c4d38,1;0,0xc84706037fcde27860102d60d64db3f555efbabedc23602ef9f837130d62398d;0x8ef0e807ae528fd171a36f2db5eaba7db124f4fa7271ed25653c5f535fed88c9;0xcd8693e019111caf64715406da756f8e4531102b4e36bb78bca028f185eaec08;0x25fcdc134066ebd86ecf3858237a5eed12e80f70059f240e09010690c6e437a0;0xc7e471eb34ef54dd84fb1a19e0fed4298687f419cea41c9424630d0f3252b75f,1.872048,1.612026;1.222687;1.326634;1.069056;1.059881,64.0,9.0,0.0,0,0.0,0.0,0.0,0,2711420928,2711420928,583.1909999999829,436.3389999999523,4.3470000000000315,1.4220000000000552,28.462999999999404,33.0,247.0,194.0,107.6282000000095,488.99279999998765,2.6721999999999855,1.4577999999999467,19.919800000001153,33.0,247.0,194.0,2.349019,1.636743;0.789703;0.779549;0.772747;0.759447,64.0,9.0,0.0,0,5.0,1.0,0.0,7720.0,2686038016,2686054400,657.3939999999778,532.2540000000098,6.830000000000204,2.0730000000000053,43.15500000000305,33.0,247.0,194.0,133.4316000000002,31.63759999999516,50.764800000000115,1.6946000000000323,23.1870000000009,0.0,0.0,0.0
64,100,45,0x8031258120ebc60b91f4efe991a3d9fe971c2dd1b934911b5169a88808d37490,0xfdf4ee384b045f68fec4005e437d1780f4d83796571a100c0200576dc247fe10,0xbf1a26fb7242b904bd3197dc43347fb1d0c094b8b42b0fd8aaa6a1027b1f527f,0;1,0x3ccb6ce3dbb8e24b55db843f509bc6aea205e7824072600a5e90720e1d77e651;0xa3f84dc59e5858df71f0e32b9e63f7b48397dfadcb086adce613387fbe05f480;0x31cd4fa48b93a9c68d7a4abcf8ee5dbc8281584a53b5bc592dbf687deec6430b;0x064fe11bc7ce680d00ed5753edef9f054338cae6c53aec3cce61120cefa998c2;0xe35761327d205612f8448060008a9d8ec9151086c48aa43fc367872a225b291f,2.586819,2.080023;1.310671;1.143073;1.177239;1.114384,64.0,9.0,0.0,0,0.0,0.0,0.0,0,2711560192,2711560192,686.4369999999842,582.9809999999825,7.0499999999997645,2.082999999999946,42.01399999999994,33.0,248.0,194.0,118.4049999999881,464.806399999973,2.690199999999879,1.5562000000000213,23.22120000000094,33.0,248.0,194.0,2.568872,0.995995;0.772708;0.672166;0.760739;0.632716,64.0,9.0,0.0,0,5.0,1.0,0.0,7720.0,2686193664,2686205952,909.4439999999815,550.0710000000131,6.280000000000001,2.19300000000016,32.570000000002594,33.0,248.0,194.0,104.03740000000106,33.84519999999891,2.51780000000007,1.420199999999962,18.93659999999964,0.0,0.0,0.0
64,100,46,0x3e999dd8333811c3fbe47a047518f71840a92c3f0ae946b3b481403ca1b5f30a,0x8525fb37cefdcae8aa106526d1a8ff3fa5bccf922b88253a47b17e2e2fd307fb,0x90a85775fbf151145f9d71b72df8fcc4d0e6f43ce81294662cb5359e8f34b9f4,1;0,0x6cef1d18f34a969533cdeae512f3c79bcde167b7ce797975201c88bc47ab202c;0xa1ee148db862a6e5d849609f283d544a1336f04026bd8b2a32bbec3c2b562fbc;0x7a98aa41ce9d9721d9a9f3543b0bc26759da57762d34cb8310c645c7a359bb7d;0xd764b3b86a3a05d270d1f810d6cffb13699664ac94f9e975c40f84b994b87d75;0x2855dcab160f8c3aeb01adb7466d7b5d72600362c1dc91c6dffda046bf99b2f0,2.187115,1.498023;1.322999;1.019861;1.136967;1.345744,64.0,9.0,0.0,0,0.0,0.0,0.0,0,2711629824,2711646208,702.4820000000043,478.73300000000893,4.507000000000816,1.7029999999996006,29.6249999999984,34.0,252.0,198.0,125.32140000000027,488.7727999999924,2.6780000000000554,1.500200000000007,23.771999999999682,34.0,252.0,198.0,2.790727,1.99852;0.689753;0.72124;1.061664;0.828462,64.0,9.0,0.0,0,5.0,1.0,0.0,7720.0,2686291968,2686308352,738.7059999999778,864.2460000000129,7.140000000000097,2.0029999999999872,43.67599999999944,34.0,252.0,198.0,136.16579999999877,31.827800000000515,3.078599999999966,1.8449999999999718,24.418999999999137,0.0,0.0,0.0
64,100,47,0x09e957542d6e1c738fd83fb00977d097c34b75e839128ce69aa3e843db79c07a,0x715704aecac64db492bcadf9cd36da5ab6bf129eff816214eff17fc6e481edb5,0x45cc90da9f67bfe50b00e8ef2510a86e4adb754e631841ea288ddfa6b1c16509,1;0,0xd3e9098bd60b4bbef6a1a80b9ff1c6e834cf5b9254a1fcddc79497450c7eceba;0xc005f4662734301454f3f7b7606a4ad85d38bf00bcc5f11b227db4679e57d547;0x0388440cd0fc2ec03c16d9b3aeac422a938b5843f3ebc09aaba57e978987fdfe;0xb0fda59784fabf4c5c5de929866b74dd99994465c944c0f6b6cb8de5d367d2e5;0xf7c6c82491d9b0be999a673dad7ef25e1009c21132bd9f38f6af8df073fb33db,1.799603,1.515936;1.170114;1.009142;1.116544;1.019037,64.0,9.0,0.0,0,0.0,0.0,0.0,0,2711957504,2711961600,540.6559999999727,425.9620000000019,4.957999999999352,1.4120000000001145,28.332999999998442,33.0,247.0,195.0,109.07060000000523,435.6389999999877,2.674000000000079,1.5741999999999146,20.200600000001845,33.0,247.0,195.0,2.317194,1.297416;0.837563;0.666765;0.687297;0.59023,64.0,9.0,0.0,0,5.0,1.0,0.0,7720.0,2686468096,2686472192,745.3829999999883,500.15400000000267,6.439999999999918,2.0229999999998687,40.279999999996704,33.0,247.0,195.0,114.75920000000305,32.42119999999904,2.7023999999998756,1.7286000000000037,21.298400000001326,0.0,0.0,0.0
64,100,48,0xcd4ead3886788309b283bf045e4c97689e508cee195a471ba43a3513e447af13,0x1f48876fbaee6890d11f0a47d64b41c23654e75193f27b9660fef70de65e60cb,0x38ce16f2a1b43d1624f8991a3b73066ef21a643f7c6580ad76f6838b44234c7f,1;0,0x3e1c877bf97b276ba05dccf0aeddb8df459dcc5d021296a4dd2a65cd5f3da092;0x2aea863bd2f8e7fa7758f9b4322def83403dde8660c2d82ef8173b0edf7870fa;0xf09fd583e1b8df434a449486b76a959771f943495492d6788e056d417c2fd2c0;0x7dc213dd1d627e8a0c125a15bf463d4427c1c68b87e9c683da8f34986ec13a3d;0x525315fa2663c68e2513354d3a996bf8d600529abcad709f1a2a5bf9b229ad28,2.111815,1.883661;1.245037;1.148311;1.133169;1.078848,64.0,9.0,0.0,0,0.0,0.0,0.0,0,2711965696,2711977984,597.7309999999902,455.2559999999595,4.2259999999995355,1.4419999999999364,30.306000000000775,33.0,247.0,199.0,121.22659999999063,467.5792000000012,2.972199999999592,1.774199999999941,29.335999999999252,33.0,247.0,199.0,2.338416,0.980919;0.801389;0.78929;0.697922;0.674948,64.0,9.0,0.0,0,5.0,1.0,0.0,7720.0,2686472192,2686480384,635.0880000000059,499.5240000000012,6.418999999999696,2.19300000000016,42.74399999999734,33.0,247.0,199.0,117.77960000000087,31.117000000002726,3.2530000000001102,1.606199999999898,19.41339999999847,0.0,0.0,0.0
64,100,49,0xb58ed3d7afce971992461256ca30ba9ae8883be2a24e98de30a17a9fb4a9f7a0,0x768757fa586e92672dec898172012d3c04bf7f63e51d01f9190c847fd241f5a1,0x7973228ab584810e63cc6160a9bdefc200f66b25fdd52fcd7f0259155bf29db6,0;1,0xfa6be0103ebb761025a94cb91d25054628245f2735fa4d429f5970a4b78d5c86;0xd25be399a771df37ffaa10b0a9d81d119fd1f701be42839c96d56122990ebef8;0x734d8fa77df0c29c5566f7c9f4437571e0df750487fd1b8c103ec3d3343a8975;0x85df5407908ce8531f5b25336e4af0ed7ff709c9a984e543e3eafc2f845e907e;0xd3d6a3f4ac94a3a299af9d1cb11b544bb2f421ef53ce56f0f0b9f25aa78a39bc,2.406959,2.293649;1.340241;1.191727;1.225869;1.119448,64.0,9.0,0.0,0,0.0,0.0,0.0,0,2711982080,2711990272,627.7570000000065,523.0290000000082,7.520999999999916,2.3339999999996697,46.610000000002486,33.0,247.0,196.0,120.95639999999408,515.3492000000037,2.633799999999728,1.7648000000000317,27.48139999999982,33.0,247.0,196.0,2.213198,1.006958;1.072126;0.861499;0.790091;0.696561,64.0,9.0,0.0,0,5.0,1.0,0.0,7720.0,2686484480,2686574592,851.1729999999828,442.7479999999928,5.838999999999671,1.4820000000001325,28.63300000000013,33.0,247.0,196.0,101.73740000001264,82.80499999999691,2.4216000000000513,1.3800000000000443,19.00700000000005,0.0,0.0,0.0
64,100,50,0xb4ef713de6b3e33cae8453cc8cdb25d34d99586fbe96bbd95a8ef851dc83540e,0x24bb31912cccdb2bb84fb176405d0189957cbd1f69224cad4cc6d02f644338b1,0x9039f329951d76e83470e1a14e5b878af886409bcf19285e2656ec26c78053fa,0;1,0x7eb5869fff536cb3dd3c3e826319bfd539253f4e477d07df4fe5203d8f3be736;0x700f9afb749097f12115df4afabf7ffb8121418d007f3cc39a0be5d3fe360756;0xaf21f85ad147b447a682b68911ff95c851e48f5effe656d8f321338f1a581a1f;0xd892df9c85f896956484f5cb4e09335ac30f3cb9d325f08ebb0f0a09f2453d62;0xad0e4680b14a0370cb6ef6ca10512c8d8271a9131323083305e6100ac05bc068,2.569865,1.888287;1.251638;1.187511;1.266539;1.10758,64.0,9.0,0.0,0,0.0,0.0,0.0,0,2711990272,2712064000,740.8669999999784,618.4919999999705,6.389000000000741,2.0929999999998867,41.71299999999878,33.0,248.0,197.0,163.38460000000498,447.1643999999886,2.5878000000000014,1.7566000000000108,22.125000000000615,33.0,248.0,197.0,1.913696,1.016763;0.80234;0.735389;0.683581;0.756301,64.0,9.0,0.0,0,5.0,1.0,0.0,7720.0,2686578688,2686578688,540.7760000000205,464.13000000000704,4.737000000000317,1.502999999999921,29.203999999997954,33.0,248.0,197.0,96.4853999999904,31.535199999999094,2.4955999999997855,1.3701999999999985,19.03680000000102,0.0,0.0,0.0
64,100,51,0x5ff81edf82808a98ddb408fca64fdfd801dbb3afc71895b37644c389ef271a9e,0x04a8c76b365d63c17b9233d716db78e2f85a2967eb4e7e887efb63caa836a3b3,0x1038a6dc32d7aa0c6c3f2fdd6da1417983689a6617868d459f41df2b542cd12a,0;1,0xdf1338abb930f68f70c93df52bd831c760ca80a9fb949979683bd3eb4168d0bd;0xada3c364aecee0f0be222b604264e1da10e77499a42d37631818c668660a887d;0x23ee92465e11e79ffad6a04be8864e0b6260ff78f43434133e0ee8f48ae082a0;0x443ca7c1f91ae2ddc0ebaa827dc03a3ff080c38af40448f32270ca51c5c0dc6d;0x9b5487cbae1b7cf980943c5eb83a1303d05ee29a0342a8b913aacf54717e5c15,2.487385,2.169662;1.595185;1.234592;1.135232;1.250455,64.0,9.0,0.0,0,0.0,0.0,0.0,0,2712072192,2712072192,795.9009999999878,504.4910000000513,7.111000000000617,2.1129999999997677,42.42399999999924,33.0,250.0,202.0,118.8434000000016,523.0990000000046,2.7403999999998234,1.8504000000002518,22.315600000000213,33.0,250.0,202.0,1.957497,1.244897;0.863401;0.690742;0.721518;0.661047,64.0,9.0,0.0,0,5.0,1.0,0.0,7720.0,2686578688,2686595072,625.0219999999752,453.09299999998774,5.0880000000003145,1.3819999999998591,29.504999999999114,33.0,250.0,202.0,140.78579999999843,33.20199999999885,2.4619999999999505,1.5224000000000313,20.226400000000755,0.0,0.0,0.0
64,100,52,0x5181a7b902db395b31778622550ba5354579f535278caecc7e35fa05a72a3a99,0xabe65390da93460a98598937eb37ff0eb57b295d2767130605006903ce0eea83,0xdcf394059167a879fa4b2cfbab8a6c13ca8e4e1e4dd0c2ca895578289e2b8264,1;0,0xc48fa94d77e83143d0fa0c0374a17b77d247d777e55d35100124a7caef8d1222;0xf51b388edbfb24ba7e78a807aa01231b78da5d241560e3b6a38c9fd0137cefdb;0x7e56434b026e3accb4b17eaccdccf608cdf788c0c5e45ce4daf3a3179b379d25;0x652712e4f7bb931cadd05f5b885157ab63ccebefc30f42777d003040c1604965;0x7c2cd3bdf7928e12552f375c74b727c68fc758de9364363a3d4e8d9db0590fb2,1.877351,2.243493;1.365409;1.173309;1.320561;1.381283,64.0,9.0,0.0,0,0.0,0.0,0.0,0,2712088576,2712088576,578.5719999999994,423.91900000005035,4.32700000000015,1.4319999999999957,26.75099999999847,33.0,249.0,200.0,144.5819999999931,459.29639999999773,2.9661999999996276,1.9871999999998906,23.20700000000009,33.0,249.0,200.0,2.235301,1.021851;0.894628;0.662819;0.694326;0.607421,64.0,9.0,0.0,0,5.0,1.0,0.0,7720.0,2686607360,2686623744,652.1340000000264,504.73100000000824,6.789999999999575,2.322999999999822,40.64100000000098,33.0,249.0,200.0,112.92639999999076,31.755799999999557,2.686000000000008,1.3941999999999428,19.551400000000772,0.0,0.0,0.0
64,100,53,0xf2ad5fc189bbd005032a4af99e0ec489fa2c603fed6d340400348a60937d5d34,0x5123b53af5d9313b7afff0c08b26dd31d249a9312f97c39ad9b77e9d35814f61,0x8ae0398ad32b636707eb4c744240bba8b35797c3bdf9dbe5b7b7e0d52db79559,1;0,0xbb426c0286799716bdcbc58b1d8fa5c70dc645cfcd90f7a2de125a51e9419058;0x021ef9bb6276d949e0f0bd07799c1df1c644311f02142b16977db743ebf1e744;0x1a65a00bca41c8535c4605ffcbe332c6dfe094cadc64ea1785ab842af8b1312d;0xac22de772c0ddf5cf95ef2854745ad325ea1f9832926258f0d6cc1c2b5b2a892;0x323bf5a8318348cda7d02ac1466d915393af44220267fa84b27a6dfaa433389a,1.824331,1.682286;1.176674;1.034049;1.037744;1.00811,64.0,9.0,0.0,0,0.0,0.0,0.0,0,2712166400,2712166400,504.63099999997763,433.21299999998786,5.938999999999944,1.4919999999996394,26.5200000000021,33.0,251.0,195.0,111.80440000000402,437.1072000000087,2.5639999999996914,1.4459999999999125,21.48859999999836,33.0,251.0,195.0,2.52685,1.409906;0.777492;0.792856;0.622739;0.766726,64.0,9.0,0.0,0,5.0,1.0,0.0,7720.0,2686685184,2686685184,772.6049999999818,509.43800000000095,6.449999999999859,2.5440000000001572,41.24199999999689,33.0,251.0,195.0,122.95739999999,39.65380000000574,2.892200000000067,1.708599999999949,32.38880000000083,0.0,0.0,0.0
64,100,54,0x28825b309a1a45b4692824e84cd9f95fd0c93af71a81799f4c607a667c76a977,0xefe1848b9dcf609c1739f40395cc212981abf272c1dde3f4177438403f4d459b,0xe10b37ac1cb0d2fd09af18c38d1eee254bd4d05323f9071591875616a659274d,1;0,0x5eb6e080c010aa43fb73a238af8ba1ec68e4dd87d9c6ddf2182e99889a8f1f79;0x43e339e9c37afe139f84fc7c54ba2d848348399ebeeb8ec8f2faa65d589db020;0xc9c8c723745ffa021f95c517a447a90f871640dd2d642ae3a2f0143a1bd76bed;0x0e4b09ebecafd44b8a322fbc10a2502d6afa06ae7717288f33e9d3fef2109194;0x239f5546a2d050b0620e6b3cd380b99f8ee3616d044762f32855a57edd3e7b5a,1.966786,1.867877;1.244938;1.027579;1.09375;0.997845,64.0,9.0,0.0,0,0.0,0.0,0.0,0,2712240128,2712252416,582.7380000000271,487.33499999997764,6.9010000000001295,1.5229999999998023,28.572999999997016,33.0,251.0,198.0,111.30379999999552,436.077399999979,2.475999999999867,1.5966000000000937,20.845600000000964,33.0,251.0,198.0,2.456143,0.897128;0.738564;0.643661;0.658022;0.729299,64.0,9.0,0.0,0,5.0,1.0,0.0,7720.0,2686763008,2686775296,774.1270000000134,544.0200000000061,5.859000000000419,2.3639999999999253,41.832999999998066,33.0,251.0,198.0,106.43439999999948,30.796599999999284,2.5078000000001297,1.3761999999999628,18.05520000000005,0.0,0.0,0.0
64,100,55,0xfa46f8e025817b96eaffc8950679f1ea4a39ff0f0aced25095bbc2c912f11ed4,0xe4f3dae68fa19ab11d7166b9a7c25aae160c93e56627c4fa67695717d41d0528,0x309864481a2111ec741659e8e014a58a4c587b5cc35194d60ce31e93f7cce5b3,1;0,0x513f45024918945444315c92b46573a0af7161f1ad52d9b9e74118aed8ec1f1d;0x789a40506d06f9964b56bce8ded164303223a43f9470cb31be4c03ab5682fab4;0x62be8444ebfe79a6df27e9784806f1935e1f6308a2183f736a356c1d955c8d41;0xed9b2c1e9b7f91ed14abe61cbbb46d7cdb1ce2ab5d68f04b6681a140d84d9f94;0xc044330e78a0057756d42e030239544ad729e050a9d6aac9f1b66ff451ff56f4,1.785352,1.514954;1.223936;1.117394;1.121922;1.218267,64.0,9.0,0.0,0,0.0,0.0,0.0,0,2712412160,2712428544,496.95900000001905,418.0599999999979,4.597000000000281,1.372000000000352,26.48999999999707,33.0,251.0,196.0,106.18199999998801,496.67900000001094,2.651999999999863,1.442200000000178,19.389200000000105,33.0,251.0,196.0,2.40115,1.39945;0.945946;0.753265;0.703601;0.641588,64.0,9.0,0.0,0,5.0,1.0,0.0,7720.0,2687651840,2687750144,688.599000000012,541.4169999999885,6.861000000000367,2.252999999999804,42.61500000000279,33.0,251.0,196.0,113.68920000000004,51.00680000000302,2.9203999999997956,1.5504000000000386,41.39859999999912,0.0,0.0,0.0
64,100,56,0xcf15b07bb1445b7df65d7bb109cd14200e9ab8c36772e0d05260fb854da8c701,0x81669da90fed1276e99506de36e218b83e4c5b733220b89ba9036274b2e3ebd4,0x7ffc320bf13c416fe4a6f6216d8b7e87d5f85570fcfc09225ce9566d0b3f9839,1;0,0x22cb0249337f472b33924dd6da53c6d595617307167e2fbe061f7a968147a349;0xf43ec5f753ad0d949fb1a4a41aa250f30a6d84884255ccafa09b84fe0a84ddc0;0x25168980fc0f7a3985f0c8398f0c6110a6bb1e056e8af775496151bb11076bc5;0xbfed2a62952ea19d2fb0d3da6f88aa0b965990f63709263b48ad0d2f36476fe6;0x7090314aabf589491e5f713ebe5ebc43833084bb13af6e2f6a589c8f0aebe304,1.966616,2.396984;1.277086;1.124395;1.059658;1.009693,64.0,9.0,0.0,0,0.0,0.0,0.0,0,2712432640,2712440832,561.3259999999731,434.4149999999658,4.5770000000004005,1.3829999999997664,88.98400000000028,33.0,251.0,195.0,134.86340000000706,477.1933999999867,2.6724000000002275,1.8910000000000455,22.714000000000066,33.0,251.0,195.0,2.441271,1.175643;0.893868;0.663841;0.769461;0.603911,64.0,9.0,0.0,0,5.0,1.0,0.0,7720.0,2687754240,2687758336,618.0820000000198,512.6830000000137,6.560000000000072,1.9830000000001062,39.109000000002446,33.0,251.0,195.0,129.96200000000567,31.024800000006845,2.6099999999999386,1.4240000000000432,40.340799999999405,0.0,0.0,0.0
64,100,57,0xa7e2c69bfe5281ec01d6b0cdfae91c597e50d8decbae0906c76c37834078bdb2,0x57a685841675800a3b46cf67d4c99a8ef8c42d14ef032f701a6210a82fd09782,0x2ea102751c908b218f538da5d8e4b233874d91f75b34cf957e6db607b9b2b716,1;0,0x6369cf2a679364ca9860ddcbd75e280062d841b1ce905baf5383f760b903b5e8;0xa3407e725214ba1e8e89feeca95c024998982b2a46582f8126a6270fd6ffe655;0xed1dccc4f834d963d2abf129f2bbe99f16fe9ad245c8106d9749a03110ebabc5;0x3a4a7c92ddedcef72b84119a81bbec8f00cafaedbff813ab068b235baa33c83b;0x7f06c20a3a42720112eb75de693903744db3ee7d5f8e4a02389cbb0ed3d69feb,1.868697,1.671981;1.527333;1.131205;1.178537;1.177315,64.0,9.0,0.0,0,0.0,0.0,0.0,0,2712453120,2712461312,527.3149999999727,440.9450000000259,5.569000000000407,1.433000000000337,26.819999999996845,33.0,250.0,195.0,118.77300000000535,507.7713999999788,2.7959999999997014,1.4323999999999588,19.976399999999117,33.0,250.0,195.0,2.476414,1.405249;1.034189;0.810372;0.731343;0.965826,64.0,9.0,0.0,0,5.0,1.0,0.0,7720.0,2687762432,2687922176,690.9720000000119,511.65200000000135,7.191000000000142,2.2829999999996256,42.75499999999849,33.0,250.0,195.0,196.974800000016,33.39020000000526,3.8777999999999735,1.8067999999999558,23.34319999999918,0.0,0.0,0.0
64,100,58,0x7442839ca7e58ef8356ed9784256fb07566b6352835b054405de913feafb6daa,0xe361c48d92afd49503dc00a5bce97e1339bb882b64afa94688bb16bf7a5f3894,0x708ee733e26925d5d8e489e940a127d26811024c360fcbabe13ae4032aea426e,1;0,0x3af84534528ee5bae27febfa6b25ab78b5dcea81528a36fa0124d2422c35c8b0;0x406d7ffc4df25cdc8de24e975cefe2d376215365b0d62e39068ec43b1caa5b69;0xbb2284bc90630cf7b8bb6bd5bfb63a13dd40b797f35936f6fd2728facea638c7;0x3b8b58f8b5d3ff33a8263592f93025be81289d8e8fb244f05b59e417e4e56b94;0x9a5702cc6f9da6ab9ca4af46f001681feb58e19f2ca63bbc1c1c0ae22c5d8e73,1.917261,1.825262;1.426431;1.194501;1.178977;1.168903,64.0,9.0,0.0,0,0.0,0.0,0.0,0,2712481792,2712494080,530.6500000000214,474.16499999997086,4.837000000000591,1.562000000000091,32.549999999999244,34.0,254.0,196.0,115.45640000000246,494.02879999997936,2.7564000000000752,1.686800000000148,20.06019999999942,34.0,254.0,196.0,2.279076,1.371639;0.826496;0.862871;0.839616;0.831915,64.0,9.0,0.0,0,5.0,1.0,0.0,7720.0,2687922176,2687938560,692.4240000000248,506.60399999999385,6.779999999999633,1.923000000000029,43.68500000000164,34.0,254.0,196.0,126.7089999999915,37.249800000005436,3.364800000000071,1.7543999999999547,23.25540000000098,0.0,0.0,0.0
64,100,59,0xd072058ea51c17f6ac376a685accdcb6a6bf6e403e82d3ce614547f3358ec963,0xdbe96b624fb144d3b59511d87fcac63ae14d62623d118f290bbd63f003b569c2,0x796d6656c622396ad3a6ac444678bf6533fe36df8d8e6c3dea33e6fcafbc290e,1;0,0x3d45d1f782f5fddfee4c4f46335cd0f836f673e849f8fc2b14b13700422f95dc;0xcc746e247bbcc831dd3b6bd733f3cef338861e198074c7efff595d442f57231a;0x09a5f4890a4944bf95c742916f4b3533df0efd34226cbf03e142e510f854bfa5;0xa30fcd6abdd7712b4f407844b28bb2d20828a7a90475f9718b8b71efb72d6cb4;0x72ea1701aa4d2da388968fd1a07b79ce262f12ad3aaae8865cdf0378591aa8c5,2.001979,2.292101;1.256504;1.052457;1.002051;2.011934,64.0,9.0,0.0,0,0.0,0.0,0.0,0,2712506368,2712522752,655.408000000024,422.5070000000164,4.807000000000769,1.5420000000002099,27.812000000002058,33.0,251.0,196.0,112.2914000000086,648.2354000000302,2.922600000000025,1.6525999999999346,21.92120000000103,33.0,251.0,196.0,2.330855,1.010804;0.926227;0.652233;0.737792;0.774388,64.0,9.0,0.0,0,5.0,1.0,0.0,7720.0,2688192512,2688208896,703.8409999999828,496.0380000000042,6.829999999999337,2.4229999999996616,42.33399999999804,33.0,251.0,196.0,111.60840000000726,31.779599999998133,2.8321999999997294,1.4302000000000759,29.76479999999976,0.0,0.0,0.0
64,100,60,0x6a32ba63ca8b2e98a5d19108fb78f00f087fd407bef53e7f50f6afa09901a57e,0x9557018676133b73699b97c38ed310c55ba5806087a0f1b2d7c9db63e3acf833,0x2c508ac387486f935fa6070eb8560c156a2a272cd717c35d2561f998f1a2e574,1;0,0xc00e7f0299cb19889212d2534add3e8722b41e6f3cba52ec3ddbaf88f27511a4;0xd70740175c392ca4623b2942d67832680773fba1d7a95a508ba102fad6de1d58;0x8a2ea90f986c96ae050614439e3a97478038cb8e15b16753f2dd8b17088481dd;0x161b3b4b1f31891fbb4226cc1521250d5dcea0d434963b44b7fecc68ced7006b;0x770f644e96bd8bdc9248c56cad2fc793e45bca83a25d3b6299e1c5da3e7d6c1f,2.027998,1.691981;1.247531;1.195783;1.08115;1.025566,64.0,9.0,0.0,0,0.0,0.0,0.0,0,2712535040,2712547328,467.47499999999496,569.0779999999452,3.7960000000003546,1.9329999999999694,29.794999999999128,33.0,251.0,194.0,108.82399999999626,461.47199999999606,2.792000000000072,6.7264000000000905,19.916200000000273,33.0,251.0,194.0,2.584587,1.368083;0.902841;0.738974;0.757472;0.693606,64.0,9.0,0.0,0,5.0,1.0,0.0,7720.0,2688217088,2688229376,689.8399999999971,703.4210000000096,5.517999999999495,2.714000000000015,42.68400000000116,33.0,251.0,194.0,115.84299999999325,36.332599999999715,3.0705999999998403,1.7909999999999455,23.039000000001085,0.0,0.0,0.0
64,100,61,0xd2a2b30e5dcd00159c99f8026bf4409f737afb64a8ecb356cc22d9903fd93251,0x4ee29eb264f602a5d91d032b9541cfd1dbc63afe6a9a4dd7d26f833cdc4bca24,0x40c6f56f7d86d608cd6b77afa47087103635403661489ac29d7e58037b6e0130,1;0,0x03a985f5aecd9de406d6c8edffc7bd909ddf8911893fe77c913e715669e101aa;0xaf359697b3bc545587696b33794e8f3b8a551682044392419c8c1a176a5fb2ac;0x9123fdc3ef5962f5d99c74331415f64d741eefb7842d7d59c868b344615b705e;0x4bc77cb1ff040f598038c62b742d13a5ccc5218895b93b93b5d1ac807d6c167d;0x7017c924b0c947a879f4d0053dd5edd9dbf162b882965544d7b14841b0998f2b,2.38753,1.594835;1.204176;1.073669;1.077845;1.01445,64.0,9.0,0.0,0,0.0,0.0,0.0,0,2712649728,2712653824,610.8510000000233,748.5590000000375,4.547000000000578,1.6130000000001352,29.54499999999888,33.0,251.0,192.0,114.48459999999773,447.260599999999,2.798399999999826,1.4282000000000878,18.898600000001597,33.0,251.0,192.0,2.38119,1.426611;0.872175;0.720226;0.699024;0.666656,64.0,9.0,0.0,0,5.0,1.0,0.0,7720.0,2688503808,2688630784,668.0379999999819,518.3510000000002,6.819999999999396,1.9429999999999101,41.91299999999759,33.0,251.0,192.0,113.142799999999,37.7332000000008,3.016599999999814,1.716600000000075,22.74619999999977,0.0,0.0,0.0
64,100,62,0x743b32038e44fe0c6f175a7c307af4c79d39bb73c0163cb91249a638b0322241,0xbd88f3526eb0d2240c688a51a75efe38ab660cba254a19f6e651595a77656633,0xfcca84fd70965fd79d63b0e2f599d2f23b278eb3167632d8eb58b3f4391342fa,0;1,0x44376a2526617f7d96b26cb154b20d32fbad5705bcaa892ef27965cb4e355bb6;0xb4042f27cb5ed7d0cbefa4aad2df99b8a12dc0296e9c07828b0af9aabc65cd94;0x9635a3b0fe81e7560d4db4f26bf4f350c1092efea275e42ee977caadf8812cd5;0xd4da4382c6f4757b8ecbe57fe2cfc6614157b7292233b57e42ecaae840efd01f;0x14b2a33c1d067f81c14c3cc446b4a019136bb82814eef0c2c1231106c3cc8c25,2.330344,1.598751;1.26041;1.099879;1.141791;1.044304,64.0,9.0,0.0,0,0.0,0.0,0.0,0,2712723456,2712727552,569.7789999999925,498.3520000000352,61.09200000000044,2.003000000000421,41.99399999999659,33.0,250.0,193.0,99.65439999999326,469.91259999999977,2.4096000000001228,1.7165999999997281,25.07979999999965,33.0,250.0,193.0,2.678529,1.331869;0.823883;0.721218;0.659484;0.632443,64.0,9.0,0.0,0,5.0,1.0,0.0,7720.0,2688712704,2688720896,626.8260000000248,429.9680000000028,5.388000000000267,1.731999999999949,55.43400000000004,33.0,250.0,193.0,108.02500000000049,36.55720000000362,3.14899999999986,1.7645999999999633,23.54339999999927,0.0,0.0,0.0
64,100,63,0x34e01e836a47535205e8d41e9c8e7903c6057fddb6e99a96464e93743fb34335,0xd2eef0c0a727b7ff27957df1bbace4b6ef2ec040aded8d45fca4236a7ad6e9dd,0x47bc043bab159e948a98ee7637289ab00c32f493505fc47684485019792b1d19,0;1,0x0794dd0eb70d4db905a20f7ce7e1582a2441bd01fa83a63c2be6359ef6b15c91;0x9f7f00f0cc682c4ede8609443db589f7b11f695b5d9311045037b18aebd8997f;0xe884c49b5e1ee2316fbd3111e914d9f07ac709367a637fce6b835a02b318aecd;0xbe8fa9f4ab7f5a61fa08383b45863376df90252b1d4c803239fad3e024987beb;0x6037f72a0f9f0f4edc0cf783a2f99b062e2d29056dd7951ac04ce02fcd652c67,2.258005,2.086266;1.221882;1.099117;1.070684;1.144166,64.0,9.0,0.0,0,0.0,0.0,0.0,0,2713088000,2713088000,500.5149999999792,496.21799999999274,7.801999999999462,2.3740000000002994,42.06300000000191,33.0,250.0,191.0,121.17499999999559,485.740400000001,7.03040000000002,1.8630000000002118,22.748199999998718,33.0,250.0,191.0,1.948377,1.053319;1.096543;0.76265;0.691112;0.652464,64.0,9.0,0.0,0,5.0,1.0,0.0,7720.0,2690002944,2690076672,543.5500000000037,554.1860000000121,5.60900000000017,1.3820000000002928,26.690000000002822,33.0,250.0,191.0,97.87340000001477,51.2530000000011,2.6556000000000495,1.560400000000066,19.625399999999292,0.0,0.0,0.0
64,100,64,0x945bde92b977884ac446c2f7e27f7a4cffc5bdf3c01bebd7dfae91fd52a893e7,0xb193080f01c094a0eaf6c82da292a98cca6f815e87e11a7c0978e0387011a564,0xfcc1c4c2fa5668d464b26b70283d55568562e87c39f418828d90d50c849e8327,1;0,0x8edcdcea4df789ab8dc2c6785b281d98e2813489464353f188ec06ad3d5ee8a5;0x20dd63e05a981150b40fb9ae7db3cfcef34971072d327fbcf9a3253e6a77d4e8;0x2a0b37e585b4bbfe6a417906c8ab2b648db25da9f826c72e5a740b42f2b636f6;0xf0a6820273a13e625b627dd8c481e2bf4bdbecab92b58b1e66d2f89406abab53;0x79c7b350e9bfd1e63eb097900942e0d6c91a11c8b6cd87484edff0450b8aafd6,1.709147,2.061148;1.234432;1.186309;1.371288;1.050664,64.0,9.0,0.0,0,0.0,0.0,0.0,0,2713104384,2713104384,468.55600000000885,429.5680000000468,4.917000000000115,1.6230000000000757,27.471000000001133,33.0,250.0,189.0,117.15239999999794,461.7746000000089,2.8402000000000287,1.9807999999999633,38.47220000000179,33.0,250.0,189.0,2.351365,1.134421;0.779685;0.676981;0.652514;0.675519,64.0,9.0,0.0,0,5.0,1.0,0.0,7720.0,2690076672,2690088960,598.7630000000022,602.1180000000126,7.250999999999785,1.9629999999997914,44.12699999999797,33.0,250.0,189.0,105.93759999999452,31.35519999999947,2.9145999999997256,1.358199999999983,20.252800000000736,0.0,0.0,0.0
64,100,65,0x48e39d13f3ac8597b865d9318c86db85bff940d094e700db13418209eba4a215,0x6ec6c5f1af63f586267b87ef55cbfe75c8ccf65c69204bafc5f9512f7735ddd5,0x7d04d35d35a347d3e4c34b8035b7e469694769c299aa1c7da5ecbbc387d3a36a,1;0,0x61997148f75af6ce46f7933154f6d8fbc5caacd1ee92aa91e1552c72a555d875;0x2830c99f9bb96763293314118c75f4ec0f91327ac94796fe8697e86bf09fad78;0x3127f38e019ce94756f5c4dca67f2febcc476fb4f605a86694f0facc62c4faf7;0x1bf7eb995d79a448f2a82863b41ffa0bffc683d7cf2bcb809084233bcb7c5cce;0xfc4a4880afc3ebe6d06f073bb69dff8ae559a8a7a32308fa41092d9d6e289c1c,1.787976,2.029354;1.22016;1.069713;1.158437;1.004325,64.0,9.0,0.0,0,0.0,0.0,0.0,0,2713104384,2713104384,510.87999999999136,434.9259999999466,4.996999999999641,1.6629999999998382,27.661999999997743,33.0,251.0,193.0,118.35840000000708,457.0032000000168,3.0467999999998776,1.704800000000041,22.584000000000493,33.0,251.0,193.0,2.205586,0.976603;0.785805;0.644352;0.664162;0.727727,64.0,9.0,0.0,0,5.0,1.0,0.0,7720.0,2690457600,2690461696,591.2519999999865,497.15899999999704,6.139000000000491,2.272999999999685,43.305000000000426,33.0,251.0,193.0,117.72319999999725,32.036599999996085,2.4598000000000675,1.576399999999971,18.46219999999954,0.0,0.0,0.0
64,100,66,0x14909005c4d2fc53fca3a31224b2efcde92c016757648f971f300a9a6d33a39a,0xba2a4f6c939c90660017ef3f59ce6df93a303884a6796d8f28b32fd5126fdca5,0xd5bd8840a73fd32b5fd594a202f63b663c33ffe87d4dd7f612408e93797c6d9f,0;1,0x9c9fc20f603aa35af72e2e678d858b2f1aab1339146648ccd2175f382d4a339f;0x530351021b8d68e70eb6bbfa1d01d73a6147f4d5c759ee21072935e42ce63cbe;0x83b4e055b8d8eb9abcfb3132f51bbbe1de99522f987aedec330e7da4765c74de;0x36b4e98a934f0da3307cb03492df77130d675be9edd5b004ce8c8132b8d001dd;0x66300bdbc04067d82011d4b56bb39fd66a30fe263c4e87f09f0360395b1d6bf1,2.828615,1.894898;1.192568;1.091225;1.094681;1.019628,64.0,9.0,0.0,0,0.0,0.0,0.0,0,2713116672,2713116672,635.9989999999982,559.5539999999621,7.412000000000043,2.6740000000002526,41.84399999999921,33.0,252.0,190.0,113.23860000000963,455.30240000002385,2.558000000000074,1.5603999999998923,21.62259999999999,33.0,252.0,190.0,1.796769,1.096354;0.843022;0.84881;0.664362;0.661588,64.0,9.0,0.0,0,5.0,1.0,0.0,7720.0,2690465792,2690473984,534.6860000000064,512.9040000000084,4.756999999999331,2.1830000000002197,28.393000000001557,33.0,252.0,190.0,129.37099999998924,30.862399999997958,2.4578000000000793,1.3959999999998627,19.419400000002252,0.0,0.0,0.0
64,100,67,0x04f31bb99442fbbcf0e04a2f3d708ddd8b128999a274c207a7c0c01f7d08e5aa,0x4f7ebc6c600eab720239e4bad97c186f2dcc42b57b62cb88ecdb1babbf9d0555,0x8eceaab1c262ac8cd3a0aabaf01f9e27e6eed748b088544540ae3320498be2e4,1;0,0x4f702ab0283b1175905c889d2db47d9ee3ae47ec4aa85e6891f5920fe1a9b3ab;0x0647d971f697eb1a50e99bc0dfa9435c62570b65a9382581374f3e00203ef01b;0xca4600ed220ef8f7b3088800b7d1756c5d9433589ded04fd80ea754088ed89f1;0xc71c3571f50ca9ed68d0671910cb3330169091a679ca3b703b70f0e516c3b30a;0xb63ad2b5d47d8776b03a3d97f70b2cdef1e336cee1ddb0637c6c20e8e616c12d,2.073217,1.607825;1.165487;1.075091;1.06773;1.277657,64.0,9.0,0.0,0,0.0,0.0,0.0,0,2713120768,2713124864,648.2279999999729,518.4520000000026,6.10900000000067,2.0730000000000053,29.014000000000816,33.0,251.0,189.0,99.24359999998744,492.24599999999623,2.4237999999999342,1.4000000000000123,18.534000000000606,33.0,251.0,189.0,2.23473,1.300291;0.887738;0.663301;0.65627;0.626154,64.0,9.0,0.0,0,5.0,1.0,0.0,7720.0,2690482176,2690486272,597.610999999998,513.905000000009,6.439999999999918,2.1530000000003975,42.614000000003315,33.0,251.0,189.0,123.7805999999897,32.25039999999457,2.666200000000021,1.7527999999999295,22.503799999999686,0.0,0.0,0.0
64,100,68,0xc062ca55cd3ea621653922a8358c7867e6c5e59c4131c3cc522846393a6160f4,0x70cb763b79aaf9f093eb5dcc9ac55ab172b3e57acd6e754cb3647ca347fbc578,0x8d0e104e53f1a91f48ae8794dd33399d4abda43d747c9c84d723df32cb508ebe,0;1,0x11ff96b833bda40d7563e4f8476e7ffe1dc173a050fab79fc74c87ca295fc367;0x34cac52fd3c518d08fdbd4a648d09a238fd7ef81ffb55adbcff1b53dc024e8a8;0x1594a4d96ab957470a45988f9b136f761683bdc827aa2bf477db5ccc2cd075d5;0xcea68498e243e92cd49d7b0715f5ba64581debfe8ad373a83df4ecaaa2d67b97;0xd68cbb2ae63bc67b5c22b8f5dca41478633abf410c10b05ef9da4acc3fe7232d,2.502304,2.029821;1.265209;1.116704;1.095432;1.043915,64.0,9.0,0.0,0,0.0,0.0,0.0,0,2713145344,2713153536,655.1280000000048,597.5110000000506,5.948999999999885,6.370000000000334,42.40400000000283,33.0,253.0,191.0,109.62539999999076,488.5226000000076,2.638199999999841,1.5643999999998688,24.152400000000682,33.0,253.0,191.0,2.02938,1.037334;0.764393;0.765474;0.684392;0.621567,64.0,9.0,0.0,0,5.0,1.0,0.0,7720.0,2690506752,2690519040,661.8380000000257,452.50199999999353,4.797000000000828,1.5220000000003286,30.245999999997665,33.0,253.0,191.0,105.09259999998964,31.367399999998604,2.295600000000453,1.4063999999999397,18.818600000000686,0.0,0.0,0.0
64,100,69,0xfb3f3a289e1f52c54d62347125d1c975d3bccf41c51fd0da613fc01f51a8d5c9,0xb3d34d17e4bf5072aa32d7f9d7c19048cf628320e7ed71a5ec86e282ff8b4caf,0xabebc585d6d2e54b0644a81dcdad264ad27ca3146d31b05d8c25560bc9ea6c8d,0;1,0x19bfdc7c11a953d69f02aa673c2b21aa04d9fd4e30527d5ef40bace88078d22c;0xe1e375ae5ebfc973b381e92fa2054d3b67b27246db34dce69c29bdaeb1f3a28b;0xa1d7d3f2c7548af3d1920784454fb4390059045481cc23636783ad3c9d9fa258;0x2e297de1f0f27c59a885b93d4db4d86250da2583c7b237bb161ec46755ee1bdb;0x2b399038e95a6a75120393eeeab3cdc001bd28cabcb4899a6c8c0797c90b8a6b,2.474111,2.125546;1.383006;1.222494;1.197161;1.06098,64.0,9.0,0.0,0,0.0,0.0,0.0,0,2713219072,2713300992,641.0669999999951,502.56800000003653,7.412000000000043,3.274999999999632,43.455999999997275,33.0,254.0,191.0,131.88499999999826,497.2097999999869,2.7966000000000797,1.7948000000000268,31.675600000000134,33.0,254.0,191.0,1.810791,1.238412;0.993298;0.787578;0.738253;2.169291,64.0,9.0,0.0,0,5.0,1.0,0.0,7720.0,2690711552,2690744320,540.5760000000148,446.643999999996,3.674999999999859,1.5220000000003286,28.904000000003204,33.0,254.0,191.0,125.21880000000431,32.56319999999646,2.7104000000000017,1.4702000000000117,19.617800000001903,0.0,0.0,0.0
64,100,70,0x9419e327aeda03b65dbbb661eef6b893cdd547defacfca4999aa6c12577af98d,0x1ca5ba96c9912c5127f8d9242e8d52eb23754a83efd1944d514ca92456d22a9a,0xc48384f5ed72b10f8ab861aaefa24c6327a31b353b72020b7819810d9dc9d678,1;0,0x18bbc15b2abe63688f13a210f4ee7c8dc31c7171e01b28f704562439e90dc05b;0x4302d3e6489b73436bdd5d6fd04274bb48d3a1b391084c4d8fe7d8c01ec45557;0xea935af173e8bc2092d27d42b5f78782ae09bdf4cf015d41211e8afcdfc152a6;0x812464d56db12fbaefc703124d5d83ea602e3814629d1846c57bdf4696ef9c1e;0xb652433087b97a2598c9bb9d24e3854faccf548517d58859eab875018e4681fb,2.014709,1.634054;1.212058;1.129844;1.080109;1.514464,64.0,9.0,0.0,0,0.0,0.0,0.0,0,2713382912,2713382912,637.3909999999871,470.740000000025,4.597000000000281,1.641999999999616,59.660000000003045,33.0,252.0,192.0,103.69219999999402,557.7249999999979,2.5598000000001675,1.3640000000000527,18.728199999999696,33.0,252.0,192.0,2.517586,1.414473;0.806166;0.693005;0.673686;0.678473,64.0,9.0,0.0,0,5.0,1.0,0.0,7720.0,2690818048,2690826240,723.6609999999865,596.2690000000104,6.71999999999999,2.1429999999995895,42.14300000000143,33.0,252.0,192.0,119.63040000000369,32.36879999999886,2.9383999999996884,1.812600000000199,22.77020000000102,0.0,0.0,0.0
64,100,71,0x653a4fd27e94eb4fb61c0e15f1c491b45a541270f66c69f6ee06a7c9452ead08,0x27c5194a5c5e15e91242c4aad029ac7904cb351e96a0b873d72f80bb6fcb7cda,0x3b4df2273f1ce8a193056b9632c17cbb62592c018bdc8835b047ef1141e87d03,0;1,0x6e07baf117201bebc8492369f6f1d70ca663fdec3ec11db7164aea1656d3dac3;0x290f26e606706d1b98b23a5d4086628914310b6cce72043df1471b087955419f;0xeef9dd2a940e8aba23b6f3f6aecf2b92c9467f6c521f8405c3ce7d809a6412f9;0x4e5a11823395ddcb876e1e6eadb0544ba76475dd4f9632c1c0a9766bcd09bde0;0xd7cbc12e90b95d7e978ef4f7fe381a2c0da386976349a1410979363a8e159c88,2.877109,1.867797;1.205098;0.986178;1.082854;1.048111,64.0,9.0,0.0,0,0.0,0.0,0.0,0,2714009600,2714140672,596.0999999999883,467.6759999999724,7.60200000000065,2.0630000000000646,43.966999999998926,33.0,252.0,192.0,109.33299999998924,471.80959999999493,2.792000000000072,1.6968000000002619,21.7127999999997,33.0,252.0,192.0,1.88348,0.911475;0.682509;0.68284;0.639624;0.602929,64.0,9.0,0.0,0,5.0,1.0,0.0,7720.0,2692780032,2692849664,508.9369999999871,486.4340000000078,5.809000000000716,1.3920000000002333,33.43100000000043,33.0,252.0,192.0,104.3116000000066,32.60079999999333,2.4415999999999327,1.3739999999999932,18.720599999999532,0.0,0.0,0.0
64,100,72,0x3fb23d2270d822e1bb6593bf837a396fd5db273feaf70d475a366871e2f13010,0x86a2a16d577013aa4eac8e075d4a3211a15f8b1619db99a09ecf136f40f10f46,0xe959f0fb15ba0148fd37a787107cbda1aa9886d96c0b7aa1504f88589f5e46a8,1;0,0x625c7ba653a874350303236709f5190904e63c7a565fb024a020f5d3e8faf7d2;0x4a144918ba82828ce910a93c2c96b5aa6513192833fd4660c4737f35139a58ec;0x333e04457fc6b298c9441670fb557c85b68574f57d5452775eafeacd865e5a03;0x8276bcf452a03cb81b260b64905feaa3fb25fc87c8cfb707b776a72964d2add3;0xac97aeabb46ddeacf14ca646a3ea583034edb39e1696017c283aaa96b691136a,1.822909,1.548786;1.155983;0.980299;1.255333;1.033369,64.0,9.0,0.0,0,0.0,0.0,0.0,0,2714279936,2714279936,500.0039999999983,475.44700000001774,4.557000000000519,1.4619999999998177,27.100000000002122,33.0,252.0,189.0,123.03740000000342,443.14059999999154,2.578199999999503,1.486399999999985,18.48600000000089,33.0,252.0,189.0,2.321291,1.341403;0.884454;0.690631;0.657792;0.669179,64.0,9.0,0.0,0,5.0,1.0,0.0,7720.0,2692853760,2692870144,574.0960000000239,630.0200000000088,5.978999999999707,2.013000000000362,104.74800000000172,33.0,252.0,189.0,120.43360000000281,38.087600000003,6.940400000000207,4.416999999999963,22.57600000000054,0.0,0.0,0.0
64,100,73,0xda6429d038f225bad73da0f78541a35fe6f5e059075d566fca6ee89cdd44415a,0x9f370ef14d71cf0bce007409e6d2f5625f60ba3432129e2d2629a9bc0be35eed,0xd35670814ca7591b142485dd1d140b92dbd94735dfd98227c1354fac6ecae8e5,1;0,0xd839f10e89925a01a5152f8e0b1cdf99a4b9f7b7fcbd9ff6699546db2a0b8614;0x5a4efc13ed5da70ac3b8869ea58be890d85be3414ff49269043b95c9f227cdf5;0x0b12e47107164557df8cd2d02b23eb906519b3094dfaee3379e98eabb318eb9d;0xd167557afdbf3c05427269c39268c2e9f1143ec4559cc05eebd40eea2df85977;0x2c2f7fa46a9b463e8e7fb0bb81896dfb480cf35196c0d17ae248678a1b65bf25,1.851482,1.799324;1.428034;1.077945;1.003092;1.07424,64.0,9.0,0.0,0,0.0,0.0,0.0,0,2714284032,2714337280,488.5070000000269,445.80199999999513,4.956999999999878,1.5019999999995801,31.949000000003338,33.0,253.0,191.0,100.35120000000397,444.5122000000134,2.7881999999999905,1.4102000000000212,32.54739999999923,33.0,253.0,191.0,2.481923,1.434804;0.860007;0.712625;0.595808;0.62292,64.0,9.0,0.0,0,5.0,1.0,0.0,7720.0,2689122304,2689130496,681.6579999999739,540.3750000000095,6.870000000000834,2.394000000000181,65.54899999999807,33.0,253.0,191.0,116.8983999999984,43.16899999999846,2.918400000000154,1.9166000000001016,22.898600000000044,0.0,0.0,0.0
64,100,74,0x067ee7b0061bbdc47298199d2f77d41e0c75550248c8d244174c4f3ad64d9a48,0x3f80026791551394b08a72b257afe4c00a9681940f3246da02471f688ce8551e,0xf2cee1fd637b2d0b0200211ccb2c0c7c655170e32d45ca5344a2507c54e1c551,1;0,0xd03893dd4a84916944158e98ae262558ad16723eb613e390e56d3ba107b7c7f3;0x36f7243028626a7388bf99d8288fc19b9b74040a355db319106dc9e9b352b2af;0xe850255731acc99c98431a1e2e1a23b28f41df5faf8452c4dcc00b6dd365097b;0x0d680d6a75bdeda645417ca044c5f8c7eb7008af54544d36cbf746a845aac921;0xfc8ad4de1a33fbd66fe8fd486b01fd313fa89d381052e0b886cb6596bac77278,1.906786,2.158405;1.26649;1.047259;0.990213;0.938385,64.0,9.0,0.0,0,0.0,0.0,0.0,0,2714517504,2714521600,512.2920000000253,431.0299999999989,5.197999999999661,1.6219999999997348,27.80199999999344,33.0,252.0,187.0,116.62199999999956,469.5142000000096,2.768400000000004,1.8390000000000073,21.257799999999104,33.0,252.0,187.0,2.449624,0.94144;0.864194;0.679885;0.708158;0.657382,64.0,9.0,0.0,0,5.0,1.0,0.0,7720.0,2689134592,2689142784,768.8889999999948,519.2830000000092,5.488999999999147,2.2030000000001007,43.40600000000278,33.0,252.0,187.0,127.32780000000997,31.579799999997825,2.2736000000002363,1.4322000000000639,19.274600000000753,0.0,0.0,0.0
64,100,75,0x7d5cf4e216c8ccb35922ff5e39c77c32ea7797b02120948bf099ca27fcdccf5b,0x2b65c18d78fa6a4c065562fbb226704c8523f56fedfdf4e6151f395b1dde47b2,0x3775765cce0a977ed070314e2986516266e4dd92ab71c2b0d3ae6e681217e630,1;0,0x4bedf58b30ba5077a0b334b08dc576de36befe80b7767077b1710deb5bef538f;0xbf0b05b9a21c0fb4333a099229a8e69e2a0a9da384d94c2d1e22f11545ebb427;0x30ff70ac544179d94e6517695ab70d3c68c6fbc6383580efbe504bf8bd06d650;0x96964cf5bd377ae88895ec3db5a6a21f46938a9b3d4bb23e71c30c7d9f077d8f;0x16af6f6f47520158e2071b6f23cd4a97053dd9037a47233529b4bd00e9e0ee29,2.099697,2.209958;1.373662;1.208302;1.099038;1.060589,64.0,9.0,0.0,0,0.0,0.0,0.0,0,2714525696,2714570752,580.0049999999945,553.8250000000078,4.255999999999357,1.6230000000000757,27.682000000001096,33.0,253.0,186.0,121.78940000000527,525.5065999999698,3.006799999999768,1.935000000000131,23.739799999999978,33.0,253.0,186.0,2.681253,1.238608;0.786967;0.810513;0.739555;0.887668,64.0,9.0,0.0,0,5.0,1.0,0.0,7720.0,2692923392,2693013504,730.0709999999988,480.12399999999843,6.811000000000663,2.2929999999995663,42.06300000000191,33.0,253.0,186.0,132.83240000000472,33.24019999999539,2.742199999999917,1.7427999999999888,21.154000000001005,0.0,0.0,0.0
64,100,76,0xfd72e678dcd067948e7875b1afef364f264ab729ae12925ae0024aaf43351aa2,0x704da964df8d250f6abbbad49cf2d4da55ca7f6582f7a3e5e2daddd73239332a,0x669a3fc93e60d68a9d9296bdcf367e071e4a5d462f311e5b8deebe24f73425ee,0;1,0x8fad5229a973708916d48d181984248c88179ad89a1b8c522ce495b5f73209cd;0x7087b955ad62cb89be0e18225e5fe2ddd55fa7c4b59543547e8611c684789885;0x1b5d97d789ad9fadff6d5726072a0e54030f781d33a6500c9c50fb76d56291f6;0x1acb60a291d43015e7642d691eda7c972eb149f5773db08e4676bc4550e1db1f;0xcd97d09c7ed975490a936db7562b89a04ac6caf9d1086ca05a2d55f307239257,2.354952,1.861437;1.247091;1.097555;1.132648;1.06732,64.0,9.0,0.0,0,0.0,0.0,0.0,0,2714570752,2714599424,619.1640000000053,498.81299999998686,7.250999999999785,2.6840000000001933,41.02200000000167,33.0,254.0,187.0,109.23660000000667,503.3427999999729,2.654000000000545,1.4483999999998636,19.66579999999607,33.0,254.0,187.0,2.024744,1.33976;0.968331;0.803041;0.7097;0.692699,64.0,9.0,0.0,0,5.0,1.0,0.0,7720.0,2693029888,2693046272,610.4610000000066,559.2140000000023,4.036000000000664,1.5120000000003881,30.0660000000022,33.0,254.0,187.0,134.0644000000002,31.6455999999965,3.102599999999997,1.6504000000000518,22.730199999999865,0.0,0.0,0.0
64,100,77,0x45399592afdf027db741f3c4a74090ed92f2880de3b6e9e7a900b5a081ef9d85,0x86320e23d03f62f22cb1c5eaf0ff430121905aa1bc92cfadcb9b682c4736015b,0x6a5660042656928f094c965c1cc89096f76ff481f2e0b52bed8e3a08edf3f783,1;0,0xe79bd6bbc0e89fbf6fccc16cac3722cc0176ccd9937dd37484ab64b90eaa0ca7;0x67a305651c1b06a0757080719b8ffd1a74c357c1d289ce25954d0a33cd10b33c;0xbbc0401e5321f1f9a4bd801bb74caa2c8c998c85b18b0bed5dd043c0140dee16;0x9221ed3f2319ed7e3c1968160e17051e9f7cc02d531c2c7317b9b04182c7979f;0x33378c93bac9f06ab0b216df2ecc926056badda5f5c19f6685bde14e4321f7cf,1.984603,4.49581;2.084664;1.130886;1.109454;1.080605,64.0,9.0,0.0,0,0.0,0.0,0.0,0,2714800128,2714877952,548.4669999999969,459.53300000001195,4.026000000000724,1.5529999999996242,28.192999999995806,33.0,254.0,187.0,106.18599999999701,438.70159999999106,2.8521999999999577,1.334199999999952,20.412800000002562,33.0,254.0,187.0,2.365767,1.333;0.913067;0.663551;0.706535;0.72912,64.0,9.0,0.0,0,5.0,1.0,0.0,7720.0,2693206016,2693226496,643.4900000000243,487.1840000000016,6.650000000000405,2.414000000000062,43.94600000000304,33.0,254.0,187.0,111.62399999999906,41.876999999995725,2.8481999999999816,1.7084000000000543,23.100599999997804,0.0,0.0,0.0
64,100,78,0x73da02bd72c9b459566492adb3615f61c87ac0b8515b2137cab8b7ad0e2d522a,0x587c6b437d0bb1db172dac72a817cac592b7ec2d457e4a46bddc603d10bebd03,0x69c0478dd3d82f675b9514f2dae69ce52051a9204a98be8f905a588b158f5bf3,1;0,0xec5a5dcd653315dbc5676a1939c63c2c5c8a3cc4260842b538d8b7c1362cf746;0xed4f91b1895216223cafd2b89f88337c45d380d1b98f21aed4ec0ebcd6ff5e38;0xf870e854b4673c55f7a45673392bdc55b631c7c0998c6d4fe2b8c0fc3cd12cb4;0x91c2c5029dce6d68e1ff1c007ce280651806f50041b176da45a2a543fef82ae9;0xbb6b2112e7b5528073dfd724930bdc5ea1d01d6309a445f9e88e555fdeee9d62,1.959495,2.056782;1.352409;1.159729;1.040659;1.197786,64.0,9.0,0.0,0,0.0,0.0,0.0,0,2714963968,2714963968,554.5559999999839,504.57100000000924,5.488999999999147,1.4120000000001145,27.89200000000158,33.0,254.0,187.0,129.83940000000916,463.5412000000061,3.054599999999935,1.8125999999998519,23.992199999997577,33.0,254.0,187.0,2.382483,1.042332;0.820628;0.706706;0.713807;0.913618,64.0,9.0,0.0,0,5.0,1.0,0.0,7720.0,2693390336,2693398528,652.64399999998,562.8289999999869,6.02899999999941,2.3640000000003587,42.644000000001405,33.0,254.0,187.0,111.73659999998975,31.7638000000009,3.0022000000001072,1.5264000000000943,20.212799999999586,0.0,0.0,0.0
64,100,79,0x8c0c918d11abde5f77d3ed2ac73611fa2d6ff3043dc9ec2b3434379b630ba367,0x8d5788f4bc61f441377cece77a2698b99b0f20d5458c7dddacfccfe1040274fe,0x78e9ba41251b0a9333acbe3b2fb814a5b8e213a7052a1717bf4edb9f0e8e8ce4,0;1,0xab6c01adeb4f778a449264542148b1588aa26de23f172a7995176a1588cc5c21;0xd65a6abd26365e5b50e131339a74651275cda9eafb8a1a0c3c3e915c044686a3;0x49f390b5074deeff10ed04c5141c0d2d1c586802390e857cd0eea382bd560e3c;0x8ced5e9cc269f45b2d2ef46d747df2c76cf17a2911d21d057131402ce8d0aa6e;0xbdb5496717d8c975d53462935ba1168b0893d03a22d25259f3ecb2e2487b609e,2.20793,1.526883;1.198662;1.119548;1.188292;1.04121,64.0,9.0,0.0,0,0.0,0.0,0.0,0,2715164672,2715164672,553.5850000000231,511.13999999996554,6.620000000000584,2.483999999999646,42.012999999993525,33.0,253.0,187.0,114.6091999999932,469.1353999999981,2.628000000000005,1.5281999999998408,19.63559999999809,33.0,253.0,187.0,1.769679,1.205588;0.731904;0.804148;0.673206;1.0546,64.0,9.0,0.0,0,5.0,1.0,0.0,7720.0,2693529600,2693537792,472.1819999999877,469.6279999999997,4.76800000000048,1.7619999999997706,29.243999999997715,33.0,253.0,187.0,139.63879999999705,34.8550000000003,2.5842000000001617,1.6903999999999877,21.163799999998623,0.0,0.0,0.0
64,100,80,0x6c04300a7ce0418e8e93e2d8de123471afc2dbbae1e096f2f5af2825d46a9d8c,0x138baebe2d7973cf26e6862ea28dec960156b8de206d6e7daeeee0855d030e67,0x732baab63d61d3da07f2c550439a054e5cf4f0c4ea05d77e589c419c2f1244a7,1;0,0x8b1d9c5d3b1aca281948341a9bcb342ac58f74179616343f7d257c1ab4257abd;0xd580fb82ae771e1ad9767ca62cb984c4c63feb09abb89bc5dfac84d6f42a5134;0xcacf939389eaac63fb761782a30c79f513c74b5365cbbab631976002e8837822;0xd192e4c165d16923642617af1578f8f9438200e03eb0fad0bb27216e4bae0a61;0x4ee86a2100c84f91678feb2d5d25cc2ff0fe857f8afc01a522f305d3b80be69c,1.870571,1.596037;1.097015;1.036833;1.031095;1.022582,64.0,9.0,0.0,0,0.0,0.0,0.0,0,2715172864,2715181056,491.14099999997273,434.07500000003375,5.5679999999991985,1.453000000000218,28.212999999999155,33.0,252.0,185.0,100.96600000000232,442.8439999999867,2.271400000000007,1.3621999999999592,18.34960000000052,33.0,252.0,185.0,2.146863,1.320311;0.779996;0.627266;0.740767;0.687046,64.0,9.0,0.0,0,5.0,1.0,0.0,7720.0,2693537792,2693537792,573.9659999999814,493.98500000000234,6.199000000000135,2.38400000000024,41.07200000000311,33.0,252.0,185.0,108.18519999999943,31.233199999997076,2.780200000000038,1.7368000000000243,25.89279999999916,0.0,0.0,0.0
64,100,81,0x8cefdf8dddf5070001076b9ec666ed3eddd75b1b2830cbf958501d4705fad390,0xa21881a0527b992ee8e56fa99190024632c8df51bfa59138522c3f4313a03277,0x7d687f23e64728223855eaf7668a7bd791a09396f4db2552e8d6d9aeb021c1b2,1;0,0x2359427e218dba7817e7731a9751fa8a7defa44c7af244b05daadfdaa5759d27;0x88594e76fe1a2046aee9da5883f08991c19813e79fd5ee2bcabaec6204eb0793;0x6d8c3a740bf6058a80b1b1ebb11faf4eed7ee8f782b150820a452181e0e73723;0x077350806b04bef73306ed6a452f6a7190c719a1daad8a13ef44853a014249a2;0x424ba486c5529d0f558d595baf0fffc592496ad25485bc69ed257fe742570257,1.858283,2.020618;1.281873;1.034671;0.998596;1.062432,64.0,9.0,0.0,0,0.0,0.0,0.0,0,2715262976,2715287552,492.49200000001105,487.5149999999939,4.527000000000697,1.4719999999997582,28.893000000002054,33.0,252.0,186.0,109.4812000000056,460.047600000002,2.6999999999999247,1.710599999999937,21.7828000000031,33.0,252.0,186.0,2.18789,1.015512;0.75631;0.606735;0.601347;0.688668,64.0,9.0,0.0,0,5.0,1.0,0.0,7720.0,2693537792,2693537792,614.3069999999806,489.8989999999881,7.300999999999489,2.333000000000196,41.18200000000072,33.0,252.0,186.0,98.3786000000042,37.242399999998234,2.4438000000001625,1.3676000000000659,18.762399999999733,0.0,0.0,0.0
64,100,82,0xc523a0a5d50bbeb449ac5a15cdd911383b14771da7bafc5436dd3aa11ccec2bd,0x525927858bf7602adca44137fdd88f39d4f911f526b057be80d1e88f05841162,0xe1b1b75e17464c5ea838a057f88923229162248a45fa3df464937f22136f94cf,0;1,0xd7658ab86808b7f122af202d46452f6cad7ae2f91f629d633942bfc0feb52e22;0xece48e854687377d4d1b71bf02b73a2ff562320448691cb3f5b54ee721545795;0x1468b7a07a1bddbf695456c7a14f5ff4f2c23e39ddb14e64bd748a26445f6316;0x8041b82c58c15fce4b7d61de5c1e0b4a0108adf5026cc8acbcde7d9389d03c8d;0xf73a501a356db2256db11d9e492cf5220ff5cb52dc0fe398b8b0ea50c0519151,2.594432,1.646714;1.420682;1.103804;1.065226;1.077475,64.0,9.0,0.0,0,0.0,0.0,0.0,0,2715340800,2715340800,716.6209999999728,600.8859999999672,7.451000000000333,2.9649999999997387,43.675000000006904,33.0,251.0,184.0,115.77620000001731,485.0835999999914,2.657999999999827,1.4682000000000237,19.747600000000197,33.0,251.0,184.0,1.831061,1.393782;0.840878;0.765544;0.672234;0.945235,64.0,9.0,0.0,0,5.0,1.0,0.0,7720.0,2693623808,2693627904,513.6439999999798,462.7080000000061,4.646999999999984,1.481999999999699,28.643000000001805,33.0,251.0,184.0,106.61080000000656,40.266400000005255,2.8121999999998484,1.5823999999999352,30.8246000000012,0.0,0.0,0.0
64,100,83,0x1974f8aca97384a94842ebe5b8972fc096db712b34a96d02b46e66b82959aa26,0xfc9fd4927973250d09065746c809943aadf16127bb2a4d024be36eed21a838c4,0x5d8e0d3dda1f4be959f964fbed65284683a6e3f335bb90964077727577d00e8e,1;0,0xa356291a1be5f1f8856d045d917d22a18cbb6f1c15216e90c5cba1dbe3c7bb6d;0xbf881a9f11349ad5e0130ea880da68449d6f4b8a265b570f6c999e9b09b29ea3;0xa106c82a1add5fc6df1043af6fa4a2192d79e7f75b1d4fe9074a2b709ef04deb;0x02a39267c7de3931a9c85971b8c655b51d8520a76e4a1e685b9bd45081b68d3d;0xc33bc61c8804526c846f69eda3d7d8283eff533a4c874a7169bd5a55ff5c1440,1.905934,2.004262;1.232829;1.19372;1.08804;1.0739,64.0,9.0,0.0,0,0.0,0.0,0.0,0,2715340800,2715348992,542.176999999977,486.06299999998106,3.7249999999995618,1.6920000000001865,28.393000000001557,33.0,250.0,186.0,113.52319999999861,489.4835999999847,2.9405999999995713,1.748599999999885,21.857000000002902,33.0,250.0,186.0,2.284715,0.957334;0.877263;0.739656;0.760207;0.642459,64.0,9.0,0.0,0,5.0,1.0,0.0,7720.0,2693640192,2693656576,619.8239999999911,526.6839999999995,6.11900000000061,2.2340000000002638,40.36100000000265,33.0,250.0,186.0,108.77020000000792,42.099399999995235,2.4478000000001385,1.4580000000000148,18.450200000000308,0.0,0.0,0.0
64,100,84,0xc85e4e545b222546c5e277f7271a4382365e05e9bc6a885b84bced9cc9ae4fd1,0x8416b419062f71b38093e71779a21da0c648987eacf63e7155c80a35aef028e4,0x890e920a9e38d33f6796a694dcae39bbc656c5c7914e9ad403c356afe05db951,0;1,0xa3a7f2854dc573a8bf6f96ce3c4f9be9448145735993ce17aa7169ff882e5cd9;0x50544a9d7446d213616ce31fcd0f30551c577202da3c94c146ada4dcb6b60115;0x8bd997e038e221254932ad8cdcb6ebc036d5f9ecbe369c6497f38b2ef0ba256d;0x9041349c36149ad3771631f98eea7674d71919cc14cf9536b147aa26a530318c;0xc5f2e967955c5fe0d924e014079e82e2e5b96a32a508178838f4d7ae013e2804,2.504606,1.569817;1.241422;1.142192;1.232629;1.110545,64.0,9.0,0.0,0,0.0,0.0,0.0,0,2715365376,2715385856,679.233999999973,526.9940000000029,5.92800000000053,2.78499999999994,40.90099999999597,33.0,249.0,186.0,121.93599999998916,485.1474000000078,2.4915999999999827,1.6562000000001214,19.569399999999625,33.0,249.0,186.0,1.987267,1.373571;0.761177;0.691122;0.694938;0.698734,64.0,9.0,0.0,0,5.0,1.0,0.0,7720.0,2693677056,2693713920,582.7090000000146,430.169000000008,5.807999999999508,1.5720000000000316,30.325999999997187,33.0,249.0,186.0,108.45379999999683,33.997000000002274,3.3493999999998496,1.6605999999998873,21.84079999999894,0.0,0.0,0.0
64,100,85,0xc5e0cc321acc0d0ef90624f828ddbefe3db95a0c46c05043c16838b0165b25e9,0x3100e949eeb3b50fe21ee6b31fbc89ada841f53b74ff36a43986378cc29cfb71,0x6ebd1b7f49a1685d946b723f23ab8a835ee073c374d5d03f1cba7696076a2fbb,1;0,0x45342679f6cc82f71d42fb609046bfa95958aee34c7b04872c3ef5ca0981ca79;0xa80f3d13793f57e304d4fcaf3915218ba0a1347906d9b1e6eb9a9234fad1f699;0x0b7348993b397531a252ec79cd85eff7a868959b66b1c71b06448cd738b15f9f;0xefa103ee3d7f2b9b6c699e43d2395e8cefa109f4f513f8296328805024c3ab8d;0x3d5d57ea373091070b3daf61193acf424b27bf04c304d52daa2c807563939333,1.991743,2.027467;1.20715;1.192318;1.080349;1.125247,64.0,9.0,0.0,0,0.0,0.0,0.0,0,2715529216,2715639808,635.4880000000173,438.7009999999858,4.247000000000625,1.641999999999616,28.443000000002993,33.0,251.0,186.0,116.293199999995,445.40159999999497,2.6016000000000234,1.5522000000000453,27.20900000000026,33.0,251.0,186.0,2.563966,1.009613;0.735709;0.711243;0.688688;0.71593,64.0,9.0,0.0,0,5.0,1.0,0.0,7720.0,2693787648,2693795840,643.1499999999812,541.7369999999866,6.6600000000003465,2.623999999999682,42.39400000000116,33.0,251.0,186.0,96.66359999999096,32.22059999999915,2.5036000000002585,1.4043999999999515,18.605599999999,0.0,0.0,0.0
64,100,86,0x1bb357993c15610f513e30604b6fca422c556aff04f254375d53c5cd5600f2fd,0x01c62da94ec235248559c25caf805f5d6ce3db9bf7e8ed5d948ce7c544c3d3ea,0xadcd77bce7f1d8d91576824478af39b64f54ae236658ecef45caa9f39ca55b62,1;0,0x736bcf56ca3580fc11d770ddc6a068084aa24ddfa56101ce57883b699672e771;0x171f3d63dd64ac2bc4b4ef66e842e94362f56246d055ab7f4e0d753f8f14e87c;0xb7bd8124821740a3ce878193e8256339a769cbbe75eb2d870c34f3a27f521d84;0xdaeb87f75ca554b0ccdee252b7ae1242e776b506118c1fbdbb052546eb72adc2;0x4984d33d723937b40a96b049ae65795bb2209795cac4b1d85a926a40b6bb9de5,1.884882,1.595817;1.272899;1.225137;1.07443;1.303646,64.0,9.0,0.0,0,0.0,0.0,0.0,0,2716426240,2716442624,572.6730000000235,469.7380000000528,6.569999999999146,1.8229999999997553,28.68300000000157,33.0,250.0,183.0,101.85179999999683,440.8186000000036,2.621999999999694,1.5466000000000437,19.88200000000162,33.0,250.0,183.0,2.256923,1.356005;0.812505;0.738183;0.72271;0.690772,64.0,9.0,0.0,0,5.0,1.0,0.0,7720.0,2693849088,2693865472,604.6109999999771,496.58899999999176,6.779999999999633,2.013000000000362,42.66399999999781,33.0,250.0,183.0,111.66620000000461,32.49499999999905,2.864199999999886,1.740600000000106,22.12139999999835,0.0,0.0,0.0
64,100,87,0xe0fac6be1719c2662c439b5a94149ecd7fc239465517c61362f57b98cdddb791,0xb58ca107fd022dcab144024054e701d63f06273ba4fb5a7ad77aac5ad555b646,0x54c381d2963d9807626ca46a3f8fd6ac5022c811dc3af9f8f385ef4da854360c,0;1,0x443523685d11e10db6fe716a50137b76c5a3a52410a187e38db800bae588820e;0xf3d91c2f7b35bdadf2e4bf09942145d9dc50752c4befc81af3094c2401b55bb1;0xd05971c745542355edd61cb11fa750060f389982522b608d85f7c7123a8a7f5d;0x45cc98683e8e98a7f8e47164a286500807cc4d6661009ef1f80f94914f0616df;0x1a9fbb817c31384ce331ae58f3ffebab29111c1fae4f686c4fdbbdf98f05c9ed,2.252807,1.510788;1.212368;1.161281;1.206084;1.062842,64.0,9.0,0.0,0,0.0,0.0,0.0,0,2717753344,2717937664,582.5489999999878,543.018999999978,6.640000000000465,2.2640000000000855,42.163999999997316,33.0,250.0,184.0,108.74179999998957,457.39760000000905,2.8521999999999577,1.466599999999825,30.34759999999692,33.0,250.0,184.0,1.747725,1.486932;0.925486;0.785925;0.777222;0.642338,64.0,9.0,0.0,0,5.0,1.0,0.0,7720.0,2694221824,2694238208,493.1140000000167,485.1919999999954,3.8260000000001764,1.3729999999998257,28.764000000000568,33.0,250.0,184.0,131.46200000000442,32.29860000000251,2.998400000000373,1.7668000000001933,22.940600000000146,0.0,0.0,0.0
64,100,88,0xd2c2da4517f25261db1b80997b37e1a0db46a677e5bd33538997d60f8fc4bdfc,0x450f5193a8fd56fdff5d4b08ccca0bd6215dda43c51897086d4e313d4c8cb7d0,0x122e82873d3bee097150e6f02b0024e9c471bd71ecc0afb00a03206c47ece13b,1;0,0x8cc87df2a577631350ae3968dc389c48fe517c521a12505ac6ee12d22c190172;0x3bcfc73ccd0b66343b720071e574595a8a2ef495d93bec3178094b367fcf2504;0x1dcab005bd64005cfe4405cb35b774dc86541c385c6dcc0bb08b0293bef1ade6;0x99c890d66ef14fe6d60ff36efbc82dce03e7d1296e242c948e7cf8ffdf9c5226;0xae7260fcdae36b75f373e80156e7859f2b529c7fe5b028935f87264f7e0ca543,2.018113,1.665091;1.235062;1.169343;1.05482;1.128061,64.0,9.0,0.0,0,0.0,0.0,0.0,0,2717986816,2718158848,664.2219999999921,486.8839999999652,5.5279999999994365,1.642999999999957,30.7959999999996,33.0,250.0,186.0,98.40020000000393,474.0567999999889,2.627600000000216,1.3461999999998808,19.88600000000229,33.0,250.0,186.0,2.295401,1.401418;0.80261;0.803231;0.682579;0.833722,64.0,9.0,0.0,0,5.0,1.0,0.0,7720.0,2694246400,2694262784,662.1889999999797,499.5939999999921,6.439999999999918,2.0630000000000646,41.35300000000092,33.0,250.0,186.0,136.36179999999555,31.170799999996614,8.228399999999844,1.6906000000000558,27.243000000000407,0.0,0.0,0.0
64,100,89,0xd90a016673f0c73c9a64a20b6228f0540499bb2958a701c6d681c2949087175b,0x04566f8d237fbddebaadd7af80fc05f37425e1b221796ecd7848b8a939bb65ff,0xb7fab4cb91d5e483b416a6b9df5206ed135ab65145766169bbd469e205ce2113,0;1,0x776e07d50abcb23ba77ab1968d0e44d411e4bce0f86db82ec9a77f666e31d39c;0x7fd1feba4eea6ba07e714e148ed0d51b968aed484ba315688f7a3b680d366749;0x06e41b9cbb5ba040493e268aca82179d0090b01dbd19e37508760fc72f66796b;0xd31923503ac879107e3bfda25dafdda4d3d672dabba9172067d284aaf82fc7a4;0x137a37323e2496574df2c7f06fada15931d19b90330c6ef94abb67a80a743ece,2.489584,1.559672;1.59131;1.274362;1.152177;1.071135,64.0,9.0,0.0,0,0.0,0.0,0.0,0,2718158848,2718167040,808.0380000000109,514.1149999999817,7.421000000000511,2.404000000000121,43.22499999999396,34.0,254.0,187.0,112.13319999999749,512.7331999999818,5.288200000000062,2.733999999999896,29.04580000000212,34.0,254.0,187.0,2.00932,1.735707;0.765645;0.733106;0.746335;0.68991,64.0,9.0,0.0,0,5.0,1.0,0.0,7720.0,2694262784,2694283264,600.4350000000103,477.0199999999947,4.485999999999726,1.481999999999699,33.059000000001944,34.0,254.0,187.0,122.58059999999959,32.18219999999717,2.7240000000001294,1.6605999999998873,22.171399999999785,0.0,0.0,0.0
64,100,90,0xb20a036acade26df3102b32c567ec39de73df87e0eef0088128cf3531899fb91,0x4e1b5ae70c2eab2ed3f7737e0f96434c8e11b62556b605cd4b628dae3cd157c2,0x45056ac074964ad908eb8d3244b842695eeab56f1efbc92663d2f5d7d5d52a39,0;1,0x1a8c4a4445823e6e9696c4e945e3d2b56d9df3bf8cec9d9dc06cd1fe6b85bb49;0x548e3c84b0038e35f13c32fc718bddc6672dcaa0657dc4f85b3cb4713cfc964c;0xd322a282171537ede8e09f8ccf138582296ba0255b77f00fc2b1e9aeaa71ea7d;0x7f7b542df7e47ec0e03628456aa035e2505ed8b7be3881046776cd0534e1aa52;0x3e857585bf22862141ba9ca86da517181547a6658b70e9ec33606615ae7aa537,2.511318,1.935329;1.563678;1.276516;1.145598;1.329175,64.0,9.0,0.0,0,0.0,0.0,0.0,0,2719162368,2719399936,797.9329999999729,501.66699999998343,7.029999999999884,2.003000000000421,42.003999999998264,33.0,249.0,187.0,176.84059999999445,518.7198000000004,5.760600000000172,3.0847999999999987,29.202200000003067,33.0,249.0,187.0,2.382583,1.03409;0.851424;0.86212;0.721248;0.744253,64.0,9.0,0.0,0,5.0,1.0,0.0,7720.0,2694287360,2694295552,619.0640000000025,465.16199999999117,6.03899999999935,1.3519999999996035,281.7449999999999,33.0,249.0,187.0,126.21220000000878,35.545799999991964,3.0047999999997796,1.4382000000000283,19.57360000000019,0.0,0.0,0.0
64,100,91,0xc7cfb7a85dd38cb92beab4a5fa25050ce6090ab0980cbf62da4aa4d8c628d46b,0x4c6788c35869b1c8d783ab11045993ac8c9024fe2fdeed21fc8f6dfb9a8d1162,0x5a5cf8e0a599cc903156df031d8123b9ce3ee28b1a000a4c439e60bd77378b05,1;0,0xd4634a780ed224c7c4b7c785a2650573a9cbb253f620a6814ba4a9a784332031;0xdf5a4eea46d5711da08f79e285a92407f559b37d51f6cde291dfb0b2cc2c78d8;0xb5c97942d3b8c3a2ee63201b88f5503e395facb37c9cef588eb6f527f247dc81;0x9934cf8c1d46394f53377f8a35f23a55339f3be082b704f6424ae46075396c66;0xa32ddd6195dfea19c6d346f4552ba9545270886428c89aeef9deaaf2ec520026,2.210414,2.286128;1.134962;1.547594;1.083133;1.592481,64.0,9.0,0.0,0,0.0,0.0,0.0,0,2719707136,2720129024,870.5929999999751,454.28599999997044,4.49699999999914,1.923000000000029,27.89200000000158,33.0,250.0,187.0,148.77260000001337,590.6909999999765,2.916399999999819,1.7785999999998803,31.289200000000907,33.0,250.0,187.0,2.891291,1.147231;0.774118;0.752625;0.730142;0.847749,64.0,9.0,0.0,0,5.0,1.0,0.0,7720.0,2694295552,2694316032,987.3890000000051,519.5640000000002,6.739999999999871,1.9829999999996726,42.12399999999755,33.0,250.0,187.0,100.25120000000109,32.21439999999687,2.792000000000072,1.3741999999998882,19.855800000000148,0.0,0.0,0.0
64,100,92,0x9c0f621a1d88ebacf75ed3aac85c2ed8e35a59dfad6f19ffbaffa267d638a714,0x5c914d3caf1218a5ced2e498a98bded9c7b17966b483f404f4bafa96b103beb6,0xde21be6383f9c9eabb1643a3341595401bc727aa05e2c10ca4ddfe5515028985,1;0,0x05ac73e521da392446cdcf8e5652a0d3b571d578ad8026337a789a117c9cfa87;0x7502116b6be6e3657c2ee8e926f023064796986ea49c065f3adc3829240d5abd;0xc5ea9559ebf03f6023c8a787a9650f6f9bbd4b80ccc0fe989c4485b4dc754025;0x37309e01723bc174a11bdf902594e387053aebf4e28d4fd22434a338df936fc6;0xce3f1b67c36f472220b75124ac0b601a5449927e4a8b2a5f106bb045ae9a59f8,2.486911,2.141019;1.248023;1.172909;1.174621;1.177666,64.0,9.0,0.0,0,0.0,0.0,0.0,0,2720948224,2721255424,866.0059999999747,507.91599999999715,4.93799999999947,1.5520000000001506,27.972000000001106,34.0,252.0,186.0,113.85579999999563,504.47260000001666,2.950600000000206,1.7404000000000377,22.335600000000788,34.0,252.0,186.0,3.300408,1.158117;0.851815;0.703431;0.725534;0.668679,64.0,9.0,0.0,0,5.0,1.0,0.0,7720.0,2694328320,2694414336,690.3360000000137,608.998999999999,6.27899999999966,2.163000000000338,45.34900000000008,34.0,252.0,186.0,117.39899999998471,31.373400000000995,2.5076000000002345,1.2958000000000414,18.319600000001046,0.0,0.0,0.0
64,100,93,0x87d631da6a6e325460e5f36ade03fb54d1c675d6f1ae6b588e8a8be9a37deb59,0x53b72141e4da9c8966ae5440d150847c18abc56f8c5b334bb6fce6fd3e0735e5,0x97c41f49b902dee471282240dd6994d8fd7098b2fb34a81f94e0e8a3f27accc1,0;1,0xb522cdf9a034c0e8dfa4cd01a0e393c9cf230a069034276e00782e4d3eba2c59;0x61d9b132a93734b3df35e59fa94cccae64b7da8d8ba9d42eb5c735dbedc3f598;0xc34a7c28c7e8567c68ff4aadf29d9dcf14937699c251fc1414517b561f547069;0x6fd871884349449f62440296931b76e7f71c22892ddf5d51b5c8eec957207c0e;0x442cd4ddd81d486796a09e1a9a69eaa5c016ec877614417372e220e745eb217a,2.409885,1.606523;1.681586;1.089303;1.158387;1.106268,64.0,9.0,0.0,0,0.0,0.0,0.0,0,2721460224,2721714176,722.2689999999976,490.4999999999493,5.909000000000122,2.4339999999999433,42.33400000000498,33.0,248.0,188.0,101.04240000000654,499.79980000001143,2.7263999999999067,1.3800000000001311,19.881599999999054,33.0,248.0,188.0,1.974247,1.310186;0.933217;0.800627;0.81536;0.794639,64.0,9.0,0.0,0,5.0,1.0,0.0,7720.0,2694508544,2694508544,641.4779999999731,451.87199999999206,5.028000000000671,1.5329999999997428,28.13299999999963,33.0,248.0,188.0,139.43819999999718,32.57339999999664,2.660200000000057,1.7586000000001725,22.599799999999117,0.0,0.0,0.0
64,100,94,0x70ca1f31f850ec62f2f17c7e02fb58afe10aab85cdea087d912a82524784b6cd,0x93133bdcfcccc53f1de5778b026ded64217c9854cb6357ef3b7894da7a1dc13d,0xf628036fdb7db91b6ad122ff8fbfed3f026ba01f8aa34d4d5376ed17b366aaf6,1;0,0xfc488c9d99884e076c760c7a8ff14d63b81f6d277e7916fd6e2b40484efc9645;0x820e23c0db7ece49c5972c9561afd3824a9931977cffecf432a881815635346f;0x68e8a1d4785c32da775e432c2d7d6bda732fa9ef49d293a756e42b2edbc4943a;0xc88aba1830d5f8176f4d6c8dc1e6f1e0602c191b2abff335324371b0ba964388;0xbe4f8bcb6931d2f8fc7bbe038491c9f2d545ea2d629284161baed4a762a6b410,2.143252,2.101189;1.376977;1.171097;1.141732;1.088972,64.0,9.0,0.0,0,0.0,0.0,0.0,0,2721841152,2721873920,792.6959999999816,453.07299999997053,5.108000000000196,1.5129999999998618,30.36600000000389,33.0,249.0,184.0,120.80839999999426,477.5982000000178,3.0528000000001887,1.7407999999998272,22.299399999997636,33.0,249.0,184.0,2.943659,0.998706;0.778154;0.703861;0.720757;0.693616,64.0,9.0,0.0,0,5.0,1.0,0.0,7720.0,2694582272,2694586368,775.6489999999894,499.36300000000267,7.290999999999547,2.4830000000001724,42.75499999999849,33.0,249.0,184.0,103.02940000000982,30.83859999999938,2.6617999999999085,1.4099999999997794,19.3573999999988,0.0,0.0,0.0
64,100,95,0x2d3ec1a0f9cf0f0646a6f3cfefde595e0f36bece53ec44be4e98510036c826f9,0x10a71499c88d067e3e404fe2e38ad18e6eb567de8d064eb56defe258aa8e5d1e,0x3ca5a810b31a05890050df8c75de6ad844f174de2744f58b9d840197b56defde,0;1,0x3327dc7d44eeb588ee50b6678df473531a3fbf376133aed5d96559d6dd06b72f;0xd02e517619f3c6e3d458f9c5152960f44ecfd3f4e95e47a8e9a1185a84224f4a;0xa14ad432a288fff509bada6cf23416cbf1a63cb42daea563b2f93b6a70c5ed18;0x6ddbaa09deb5df23625882f7ce6bacfd156cc6527a4c978a778b945327ee07aa;0xb6d9f3643d8c7adfaa344cf2654fc599eedf5d08ff66b35384757af1e45b8ea1,2.469975,2.045945;1.321053;1.204236;1.090815;1.131927,64.0,9.0,0.0,0,0.0,0.0,0.0,0,2723151872,2723160064,629.4800000000156,522.2480000000029,6.159000000000373,2.1830000000002197,42.50399999999877,34.0,252.0,185.0,129.33299999998704,480.06620000000663,2.643600000000468,1.8307999999999867,23.3951999999954,34.0,252.0,185.0,1.798192,1.204777;0.772636;0.747758;0.730282;0.70287,64.0,9.0,0.0,0,5.0,1.0,0.0,7720.0,2694848512,2694860800,498.160999999997,462.1270000000066,4.82700000000065,1.2220000000003757,26.44999999999731,34.0,252.0,185.0,111.33180000000297,74.80719999999886,2.515799999999735,1.5942000000001426,22.145199999999697,0.0,0.0,0.0
64,100,96,0xcd61f560ef0c7c27ae70885dbb209cec3487de21bdd9cf87b61c9ea7d06d2122,0x2f6d67294b5d28771bcaf7f371ec03f9b9e86fea4ec13a521c392d6dfbdd22c6,0x01dc37e26e7544ac6d9e7928950850e12d1537f94640d56f27bb0f412770e158,1;0,0xddbc5590d604e6a3bafbba866f49d068ce2636188a8fef4acbe49ca06acc46ee;0x3fcf5207808b482b7f9c8ea2043a8d8fec50199a1e903358e9e67e8cf1988fc6;0x3850e6082e1fef423f307921dd57aa6dacd33c5738e43cf0ef4587d5c998039a;0x4798087c8838ecdf8c5da4fd58015023f67144c7496adb2df524973d8e3b95ff;0xd3ce38b0c418594271e7f26a4357180725ca21aa2013b2d44f9310295b71ed91,1.861021,1.932234;1.436907;1.136724;1.543268;1.298768,64.0,9.0,0.0,0,0.0,0.0,0.0,0,2723299328,2723471360,494.245999999976,452.6430000000303,4.057000000000019,1.6620000000003645,29.054000000000578,33.0,248.0,186.0,110.00180000000358,572.4732000000232,2.817999999999571,1.4141999999999975,22.36400000000249,33.0,248.0,186.0,2.296408,0.910243;0.624662;0.63634;0.704832;0.642078,64.0,9.0,0.0,0,5.0,1.0,0.0,7720.0,2694860800,2694877184,608.3370000000143,505.7420000000035,6.298999999999541,2.084000000000287,42.88499999999945,33.0,248.0,186.0,113.33480000000895,31.24540000000175,2.6780000000000554,11.435199999999986,18.193200000002353,0.0,0.0,0.0
64,100,97,0x7fcf43814e404e51620646e75ea6c4539e99cfca98b9142f84cc5559100ea01c,0xb05bc5a039b28fe4e8cdbd4f53d37098eecb8c18a181a03d8205bbbaa43b606b,0xecff461c7b13a8696d8a72c32c5105636f875d48fbf98b3c84031effe44fbc4b,1;0,0xac73302bcfd9f3c4b1d9444eab4cf7751e0380f46bef57213b7d1f809ba219b6;0xb6b33da6c7f79cd270cb8e908f8031767563ac7956829b1c37199e335eef8254;0xc54768e21a5f60d6794ace5d331e3fb30504227db544231da975697aadab3b3c;0xa4af31578309adda809951ff35648c147f16c7923a4466eb39f9a9ca80181316;0x2e0b260ce457d6f24f2ee3ce566d8902163b14276051c4382b3e56712a0cc42b,2.156142,2.159176;1.291188;1.419932;2.298225;1.38553,64.0,9.0,0.0,0,0.0,0.0,0.0,0,2723766272,2723983360,650.1899999999949,601.1670000000136,4.998000000000849,1.6829999999997194,28.674000000006306,34.0,253.0,186.0,117.82980000000221,517.3361999999848,3.393000000000146,1.8727999999999108,41.346400000003,34.0,253.0,186.0,2.232247,1.024425;0.998355;0.758163;2.246317;0.871143,64.0,9.0,0.0,0,5.0,1.0,0.0,7720.0,2694881280,2694881280,655.7090000000043,484.6010000000012,6.749999999999812,2.44300000000041,41.68300000000069,34.0,253.0,186.0,132.6942000000053,34.33159999999824,3.144800000000336,1.7048000000002146,21.472399999997172,0.0,0.0,0.0
64,100,98,0x2808e95b5ed8a95e83186e80351ed7ce1f47a08d7852ad81122554e4020ea832,0x4e1bc5ad37635624a23cb2a7a7e47fb22f46d1f00a5d5271ee87650a42d5851f,0x9ee8026519ef484c580ea0f949c6fb8fc58dafde9d173fb28847ef8bc84f62b2,1;0,0xc19d2d071df81905054ece85d30f64b821b9bbe5d0899a35e43118f7b8ae47d3;0xd9aa85f6d299700062d8447a7f686f5c065104ce43c226da159a0aef22d64d9c;0x82f63dc00cb5fbb6a1bcfa5d2ee2d9dcf657ecf5e9872d581f32ae7c59823be9;0x0408de12fe2f88c78906912462385b19e80c76e67e4ed9985b8427115d23724d;0x5bbf3f01b6e44574c9097a621e1a8a629a0328ab0affb92b49362681eb5259ca,2.303194,2.008679;1.275183;2.827269;1.54487;1.213275,64.0,9.0,0.0,0,0.0,0.0,0.0,0,2724003840,2724261888,839.7969999999755,484.8420000000964,5.187999999999721,2.003000000000421,29.383999999993414,33.0,249.0,185.0,123.18160000001076,521.7529999999914,3.6193999999996342,1.6605999999998873,23.689800000001316,33.0,249.0,185.0,2.508308,0.907899;0.768378;1.081756;1.519572;0.833692,64.0,9.0,0.0,0,5.0,1.0,0.0,7720.0,2694893568,2694893568,593.4149999999861,595.8689999999989,6.420000000000037,1.9629999999997914,40.45099999999691,33.0,249.0,185.0,148.2195999999991,33.27780000000335,3.306800000000068,1.6924000000001493,37.885400000001184,0.0,0.0,0.0
64,100,99,0x0bfb53da111a3e09a31a5d172f3535f311ec2a829d8c7d9d848e1ff8e900e5d5,0x531449441b3a1d8267a2119dc0772c522be7f1fab4f90ed577f5ff54d68834c8,0x98337270ba2fdcd3991765aff737eec811af3dec39100cecbefde65aa5e533c8,0;1,0x3b248799d41ca72ff05c072d8fb3a8b4e631cfc7516cca5034201fed951fdea4;0xd9a210c3580aeb60410717d2d01e8b27edd787531477187333ab7e7fb23c2bf5;0xb2805d18fea6e5bea2488d42381a6be9e3b42bc98739410543a16a1cdfaf127e;0xca7fce37f284b35ae1d8c6d5f3c039c447f5335b2c58db09c32654a68461a35e;0x2070b0418ca72fad7421b478253e4b947fa3338a68a60ff5638df881847e107d,2.357345,1.550679;1.303395;1.097245;1.121341;1.101181,64.0,9.0,0.0,0,0.0,0.0,0.0,0,2724265984,2724265984,651.2020000000174,537.0799999999676,6.539999999999324,2.483999999999646,44.42699999999966,33.0,248.0,183.0,104.21339999999724,446.3407999999891,2.6960000000002955,1.458200000000083,30.317199999999048,33.0,248.0,183.0,2.021999,1.422515;0.78942;0.783812;0.717462;0.744924,64.0,9.0,0.0,0,5.0,1.0,0.0,7720.0,2694963200,2694979584,635.2079999999983,464.5209999999955,4.93799999999947,1.4919999999996394,30.02600000000244,33.0,248.0,183.0,110.78560000000736,32.27499999999828,2.9406000000002654,1.8528000000000295,22.49000000000001,0.0,0.0,0.0
512,0,0,0xe6e9567a09fba70a3336c1f662a1e020132ed4317555806d1a38a9160e1fa075,0xb362be81fc14fc268c37bc7a3fe2b5c075c763a099c982ea74ff994e413ebb7c,0x56df926d2f097cc40beccd841f16a849df50390e3adda96fdee137db336507c2,0;1,0xfd9963027e33dfb792fac7a901a2825872e9ae0f96a36f1382bb4f8e91ba90f1;0x9f7e5cf5e01736cabe0db34220c5fe4c158777049d6e56750e809654a534af5d;0x4cbab44eb106eb46bbe8ce19ca290ee4f0fbdbf3aa7c0ac72775e23a120dad2e;0x1006b1fd101441756b30ff96d05f0e4001ec4fae9aa9cb03f8f7e7403c1e83b9;0x24bfbc3cda71dadfb4a7edfea36681ac75eff597e48f651bad860bd557443429,4.497102,2.828366;2.83139;2.535954;2.428933;2.403075,512.0,9.0,0.0,0,0.0,0.0,0.0,0,2546434048,2550063104,1784.601,1326.73,8.693,2.6840000000000006,51.297,93.0,533.0,944.0,418.4172,1341.349,5.5342,1.8743999999999998,29.400599999999997,93.0,533.0,944.0,4.10463,2.007628;1.613433;1.429997;1.412891;1.334924,512.0,9.0,0.0,0,5.0,1.0,0.0,57896.0,2544066560,2547134464,1532.9409999999996,1356.7069999999997,3.8349999999999995,1.8920000000000001,33.62100000000001,93.0,533.0,944.0,394.3868,249.20380000000003,6.149399999999999,2.3818000000000006,40.084399999999995,0.0,0.0,0.0
512,0,1,0x40718d5ac4eaf009163d9f9e864193e9c2d2db52284880f249a7178d6019dd35,0xf15a2975934056ba0041b5a7619dd9051376b867efc8ba80d4e2ccf60ce2489c,0x0149c9e70058f8a33ac33f85ac0c0fd08c36bb7fd9149d0306b9ce2c85d0759d,1;0,0x1acbfe8a6eede7f884973f2b20535f9c349c1f6233625cf07ea7eda66ed78b37;0x843d02ac4897bae555d5a55456a288c0469e0a0062ea466737edb559ac2b8103;0xba0ae733b3b2f5f15e690bcf3b49adde93fc6c01c1461897f0047c930296f8fe;0xf70b3f64458030f9f040b2d48a4914ff82c922090cec8ed7c0a1b9a37bc46d42;0xca5dce528203b22d2475a7c1643363496632fab78a0fad3ed5b6691a31afc792,4.026452,3.476042;2.712561;2.557988;2.342743;2.339337,512.0,9.0,0.0,0,0.0,0.0,0.0,0,2553319424,2554011648,1089.1420000000005,1710.5290000000005,6.039000000000001,1.813000000000001,36.534999999999975,93.0,533.0,946.0,456.7468000000002,1332.4211999999995,5.5421999999999985,2.483799999999999,31.603600000000004,93.0,533.0,946.0,4.426385,2.312968;1.529517;1.516136;1.371799;1.356335,512.0,9.0,0.0,0,5.0,1.0,0.0,57896.0,2556530688,2556895232,1149.5639999999996,1460.8629999999998,7.390999999999997,2.9840000000000004,52.47899999999997,93.0,533.0,946.0,450.18679999999995,241.1398000000002,5.218000000000001,2.1752,28.381,0.0,0.0,0.0
512,0,2,0x889682e9fdb1a097bfb8a6d9f2803bb7edc335d7ffa1a3bba4e52aed82c6bea3,0x089ab00a72cca749733c9979a2f01c32432d5381325948140574678a1027467f,0xa68dda6b7f185d961928b7c30d33f681d189694ecfac9b7643ad6efe74c36aec,1;0,0x92c8b2e32fc588594563af6e84b0b6ec492e4c9de1da2cae8182e93ebd899855;0xaf6042c988bd23b62f0b01f862705a0f7364a7c9c51c289862f72d7b9045de77;0x7fb2d0ebf9d207af36a8643dbc9e3890f9acb4e3e43ad81714e6531542230167;0x2af965869ca6f49334e1c0bdfcafea247084dc903d2c86df379b537f17c2f4e7;0x9f238fcd39b3ea5b7173a9ddb0b18d8cc462a9c1f63786aa49c375d833f1f5b5,3.301699,2.794394;2.759421;2.604528;2.32699;2.253178,512.0,9.0,0.0,0,0.0,0.0,0.0,0,2556084224,2556387328,882.2499999999993,1358.4189999999996,5.348000000000003,2.0130000000000026,37.54699999999997,93.0,533.0,948.0,388.4458,1328.4280000000008,5.840800000000005,2.2073999999999994,28.79120000000002,93.0,533.0,948.0,4.204901,1.935589;1.490608;1.269084;1.320471;1.197506,512.0,9.0,0.0,0,5.0,1.0,0.0,57896.0,2558173184,2558341120,1022.0509999999995,1725.0410000000002,5.307999999999997,3.345000000000003,50.23599999999995,93.0,533.0,948.0,416.7585999999998,239.52320000000006,5.409999999999999,2.4417999999999997,31.367000000000008,0.0,0.0,0.0
512,0,3,0x9d68251f7ee974148f6ba193922c72fefe3f4c64252616a0518a7b2685db79f2,0x870b058fb250841f6cb03234c161273589ce69bfaf9712d702eeb28edad732e3,0x6d06c7150815aec26cbbc8d2b9505b41455135be89a93a2a0f49ba5872299d29,0;1,0x8f3b41051d7545811a5a3ebbf2e79a313fdbf758a5e1e45dcf82cac5513ca5f2;0xbdcbd8050e854d8c02fa947f59d6a169eec5b17af6407b3058ad85353f5cf454;0xc491cbffe5c06c941f30900b93a06dd8c3c11c2949839ea9caafb856dabb7084;0x8008c3c87700e1d37de8353ba5a96000d7f3392dfe15e476be0bf39e0270e725;0xfb7e26d7d07363f6e7868648e7f3ff4775c6638f2484b761fc178cb44ce456a2,4.202537,2.853294;2.812101;2.475183;2.43324;2.381822,512.0,9.0,0.0,0,0.0,0.0,0.0,0,2557550592,2558001152,1096.7040000000004,1725.6229999999991,7.000999999999996,3.2149999999999954,227.95299999999992,93.0,533.0,950.0,406.84739999999954,1394.4048,5.9828,5.256200000000003,28.052600000000012,93.0,533.0,950.0,3.185925,1.88307;1.374073;1.562306;1.353671;1.437208,512.0,9.0,0.0,0,5.0,1.0,0.0,57896.0,2561245184,2558107648,903.6430000000008,1327.1410000000005,4.6269999999999945,1.7630000000000032,35.853999999999985,93.0,533.0,950.0,415.4446000000006,258.4518000000001,5.6545999999999985,2.6477999999999997,31.501400000000018,0.0,0.0,0.0
512,0,4,0x484c4412ab4d8827051ef1e7864cf85b568e3255912101f011b75b22cfbb17e7,0x3359aca3832196e6d996fcd614d1ad238376182d1b886d48529ea52d4ab087e1,0xdbb27987a43aa558823cb1fab5846c2330e391914dea161151a19eb5c6d6267e,1;0,0x1775399110fa4ddd984d156e86a9eef0fe24de8db4c46aeae37f0ed779797861;0xd33727ec6e8f4a81de16da48791203a1c360839e99a06798762d7ff0cf112daf;0x9e71e06a6a8c168a7c1745c78b02da4511fc60f8b20d4a328273cc9eb8a9fc77;0xc8107a0c54e87372ce493797a3dac4309c23ac8b8a04b921ae154431081d1b0e;0xf69ce9bc11a550d53c65b9fc8c32a45c548cf48c574d87706439ecf4eabd9a06,3.789255,3.088038;2.737549;2.445328;2.49357;2.332968,512.0,9.0,0.0,0,0.0,0.0,0.0,0,2555080704,2556297216,1164.3759999999982,1596.2370000000003,4.927999999999991,2.2039999999999944,36.09399999999997,93.0,533.0,952.0,435.73339999999973,1355.498599999999,6.365199999999998,1.9367999999999994,28.150599999999994,93.0,533.0,952.0,3.879832,2.093037;1.612802;1.586612;1.388614;1.288293,512.0,9.0,0.0,0,5.0,1.0,0.0,57896.0,2558889984,2559057920,1107.0099999999986,1461.8549999999998,8.181999999999997,2.693999999999998,51.81799999999992,93.0,533.0,952.0,460.9809999999999,248.18019999999981,5.472199999999994,2.8781999999999983,36.40680000000004,0.0,0.0,0.0
512,0,5,0xbddb25377e712954d43d1a6436abcaba5f2c98abd4a2872c49279bd1bc839383,0x89be404f2869e9c275486f18ed8a77c446975f2ec19b14ff788edd7236258f9a,0xdaddfaacbdb85ead0a17f884048195976f6a0ea9cd29fcf8610964145d68dece,0;1,0x8f2f2a5efe8f5e47410cc1f3f8c7d48c22e0faddf946feb024c1910e1d9653bb;0xf866ce47ee8ebed3ba7d709ff9acff5f80341881a74dc854721d552f2e0a0ed2;0xfbaf897ec23da0f9253881573a0d7a38bad4b5c365660d2a7d7a79dc6f941396;0x61fffb2822f5688e3c4232ac2934dbacdbb6ad1c0396ff23e9550db2b614baf4;0x3a23ad2f0e08cf0b221627986d5aa9fc426fbff31c11a226e377018f00ee4109,3.814403,3.288579;2.721414;2.511728;2.47358;2.452117,512.0,9.0,0.0,0,0.0,0.0,0.0,0,2560372736,2560700416,1150.0350000000005,1347.5319999999986,7.090999999999977,2.903999999999998,50.87699999999995,93.0,535.0,952.0,412.07140000000044,1401.5575999999976,6.343599999999994,2.7302000000000044,31.325400000000023,93.0,535.0,952.0,3.339927,1.732043;1.78382;1.262143;1.317397;1.373281,512.0,9.0,0.0,0,5.0,1.0,0.0,57896.0,2564251648,2564202496,999.6770000000009,1341.5230000000008,5.7880000000000065,1.5020000000000002,34.91299999999991,93.0,535.0,952.0,487.6532000000003,254.12959999999984,5.628400000000009,2.241399999999998,28.915600000000005,0.0,0.0,0.0
512,0,6,0xa5326f3f1e9ec1f5868f92be7d1a8ac99aef95951f6be5d2317bc898d9ecaf6c,0x95113cd00fb6a81fc9432ce2d23851debdcbf7ac834fabe61e41cfcf1f9eb53c,0xbeb6052f06bb5734f628c08f1389862c3561c1cd9708501962cf2c902c40c83d,1;0,0x7a873ed9ba93f9c63cf4e4b20254b2313a174739be7c58b732057937abaf7255;0xe8a32114a94291d0bcebd4db51706a60fc4dc3c502c9f0c34fe7c8c4e37e405d;0xe07356b8a145f82fcdbb0865046b3ba1c573bf3dbdd7821d43675830fc80d546;0xabeed7aad68c51d7b8d1114d3d513e28a557ee56ffddfc541a01d6e8924a4f16;0x81ce5defcad565f47354da763c14fa686794413fb47d0d96aad4782391fea457,3.861799,2.847445;2.762116;2.504116;2.683497;2.279368,512.0,9.0,0.0,0,0.0,0.0,0.0,0,2561449984,2561323008,1220.0040000000001,1371.298,5.8290000000000015,3.304999999999996,60.791000000000146,93.0,535.0,954.0,395.58840000000066,1422.6193999999984,5.624399999999989,2.1331999999999995,28.030199999999965,93.0,535.0,954.0,3.804998,2.014909;1.556592;1.330216;1.312019;1.395504,512.0,9.0,0.0,0,5.0,1.0,0.0,57896.0,2565136384,2565271552,1135.2019999999984,1393.2309999999982,7.0509999999999975,2.693999999999998,51.37700000000002,93.0,535.0,954.0,405.4795999999999,241.75479999999985,5.837200000000001,2.878400000000004,31.51539999999998,0.0,0.0,0.0
512,0,7,0x43ab8f097955150e5077045e8064b5ba19583124f70d207adce5528caf492929,0x0bb0bc21d3e5b1798be8dca578fd0e9e035c8e762d6464e40c0453637c1200e9,0xcef82976d853c97314468391494118322e719705515ce8f4fd93696d5fd7a64d,0;1,0xf74b96505baaa33984f8d1887f2c588a9d141c7eb5b7e4bfa955af7ba7e4d3c2;0x9bc28a2238f4c63820bc62f56796f62737c14f41183e1134809da8563ac929dc;0x21dd695ff3aeba6b218363738f65b62c0e78b255183b3e1af3a5f5f0e21cbf0f;0x5abef337523b73b31c3cc80c43407c9dfddb2aba7a184046a44c81397df231ab;0x6b9ae43adb01bf5eb51fcb74af066e48e12883dcd138c86791777758eff4bde4,4.879989,3.630244;3.016599;2.779943;4.074705;2.83155,512.0,9.0,0.0,0,0.0,0.0,0.0,0,2558246912,2559389696,1545.320000000003,1823.4689999999941,8.292000000000021,3.1049999999999915,49.604999999999876,93.0,536.0,956.0,455.6470000000007,1859.3037999999979,6.493799999999995,2.389600000000003,78.76059999999997,93.0,536.0,956.0,3.888354,2.10914;1.661796;2.049015;1.391859;1.618135,512.0,9.0,0.0,0,5.0,1.0,0.0,57896.0,2566340608,2566426624,1259.719999999999,1416.0450000000012,6.8499999999999766,1.5629999999999984,40.09,93.0,536.0,956.0,501.2518000000014,227.99579999999986,7.1208000000000125,3.3308000000000013,38.22540000000003,0.0,0.0,0.0
512,0,8,0x0eef57c43af76219665724413727f72e36232802337583669dc2a5f272e89af8,0xf7789f2107feda6d72957799793a6d6160ff27b2f57b55e8e83ae5fb2ed45615,0x49a642cc5cc7c59adbcadd22a52c3cab7caa484c456b3595834a94b74aae97d9,0;1,0xa59ec46baf5d97cf2d8f877fbc586f40512a4c1fb79c7e0114b6ca864218e9a8;0x33b4f50b2d64a66a515a81c4aae2126f59473022b9e8e6547af14016333bc7fd;0x63ea563d292b1a92ce0828a1b1a7f905b94cb1d66ef75568a8258ba4a4c37000;0x11871995703508602d45c0375274104cde7098f7b222afd574a54ac69d867469;0x5c9abe8e7a0060153504a8ec09bd9b27f9cc19a7b9c52596e08ffd9aa97996f7,4.553336,3.242219;2.835576;2.690187;2.988932;3.113395,512.0,9.0,0.0,0,0.0,0.0,0.0,0,2563362816,2563690496,1530.5889999999988,1731.6710000000041,6.8700000000000205,2.8840000000000083,49.504000000000126,93.0,536.0,958.0,473.8966000000011,1544.309000000002,7.092400000000009,2.3897999999999953,29.935200000000012,93.0,536.0,958.0,3.709434,2.666666;1.702117;1.487373;1.623668;1.841667,512.0,9.0,0.0,0,5.0,1.0,0.0,57896.0,2564915200,2567614464,1255.5730000000028,1316.826,6.619999999999988,2.6140000000000128,37.00600000000002,93.0,536.0,958.0,555.8341999999993,259.3651999999995,6.223600000000013,3.5795999999999997,33.36399999999996,0.0,0.0,0.0
512,0,9,0x8460b004ccf984c0654c1c13e9ed0cac601806f9b3fe9d4195c7c01e4c56a069,0x578391c18cba9f4955495c1962e0af27e7097c6bae6bbcf4c71a62d2bb4153c0,0x887885ade95efa0903bfadbb30a87496391d2145b46d0551ad5b1f11abe2668b,0;1,0x3d74e7a113263cd4ed25956a2e56086cb0b8f59068de79f02b0331d34c68ee14;0x14c5f371883cca07879f2cffaf5337a29054996be228ef098f4a2ff02a72feae;0x562bef11025cef860cef458c404a00f470367e79523e278b064da81119f3c862;0xac51e0c898b301be0a218060d917558abf73258a183295ead5d4638653d65823;0x261ea790aee9b04b40157b4db9ab8e9634d997f2a6e748f0db99c0452cbdd801,4.577603,5.295005;8.904488;3.359967;5.869852;5.380994,512.0,9.0,0.0,0,0.0,0.0,0.0,0,2559754240,2560004096,1456.757000000003,1513.0520000000008,7.762000000000025,2.693999999999998,50.7569999999998,93.0,536.0,960.0,588.9222,3228.7648,8.234399999999994,4.553,106.31420000000004,93.0,536.0,960.0,5.911916,6.799714;9.698656;6.980576;2.207949;2.100417,512.0,9.0,0.0,0,5.0,1.0,0.0,57896.0,2568998912,2569240576,3294.4079999999985,1396.576,7.031000000000008,2.9750000000000045,38.718999999999994,93.0,536.0,960.0,991.010199999999,749.1600000000008,9.78279999999999,5.782599999999997,52.51299999999995,0.0,0.0,0.0
512,0,10,0x24457fe768befc7a7da63a0fb8b8e3eae5b00b851467f62af84f954a4e0fce97,0x85dcc83c13c5ab075e1003c83309b9a376536c25ff18a3a64924dfd9704b294a,0x7038e98e6f39b4c281501720cb667b846d62cbbd98460e85c0e1db368c309730,0;1,0xf3542c284ab4567c294fefb03daddef444ef9f1890d35fee02f00cfa5e84f3aa;0x2be8848229d869f3f139fa7b9da67955946ddc68590f414b14fe0d1fedb1bb9e;0x4db0cddc61e935f4887e00db71cdbfd677ce2f1ed5870fed714cad29867fcad5;0x9ef0846776b5761908687bba2e582a20f2238cde61eaea9346cf886f183e1db9;0x5713fa46855300a282d41d839e4319493b171ccdd1fbe901e35b01520062813d,3.929346,3.183481;2.605439;3.032392;2.639761;2.67944,512.0,9.0,0.0,0,0.0,0.0,0.0,0,2560778240,2566135808,1338.1280000000008,1376.8069999999939,6.799999999999948,2.5439999999999947,49.804999999999986,93.0,536.0,962.0,437.127599999998,1440.3300000000036,6.035000000000003,2.170999999999998,28.997800000000062,93.0,536.0,962.0,3.894063,2.67219;1.616898;1.53224;1.430688;1.551149,512.0,9.0,0.0,0,5.0,1.0,0.0,57896.0,2567282688,2570551296,1316.4049999999997,1440.6819999999987,4.5369999999999875,1.6519999999999904,35.413000000000196,93.0,536.0,962.0,442.2030000000007,244.11619999999968,7.371200000000008,3.273000000000002,33.90300000000015,0.0,0.0,0.0
512,0,11,0xffdb1f5ba5c217cde594667f8783b8ded9aceb50edf84860f1bb365a985719cd,0x1a3e0fb4905fa6b27ab62eacc675186d81cd246211e888b0c14d8322b51f5e69,0xfb5893921e79772256319b4f02222dd1bb0beea59dc697dad5f65b44e6e186a5,0;1,0xdfef58a2c374e308c736b76bb038afd90152fe3057080e9ef7f0462b8f0a503d;0xfd9ba315c9c9eec3a8817d2439108719f166442bbadbcf30f609dd70b617acdf;0x3075c4f97d7c458c5640967b7dede9b16cfccd9254984de9a4187fbfac2d0c80;0x3ef13a83550d2b27cc40bd35a2c565b09c5b5687188ba02d1b7e8f5e65f1278a;0x44ae1d76bc3a1499a24aa0337b23cb416f9f166107a5e51930391dcdf8a4f499,4.871977,3.88012;2.945592;2.63984;2.650256;2.55971,512.0,9.0,0.0,0,0.0,0.0,0.0,0,2567245824,2561957888,1705.392,1490.3980000000038,7.791999999999955,3.6750000000000216,50.54600000000027,94.0,538.0,962.0,436.07740000000115,1440.3603999999987,6.626400000000013,2.8662000000000045,57.58080000000006,94.0,538.0,962.0,4.444633,1.806554;1.673734;1.736258;1.51228;1.600664,512.0,9.0,0.0,0,5.0,1.0,0.0,57896.0,2571591680,2571599872,1359.8110000000024,1401.0320000000033,8.092000000000017,1.8019999999999938,124.81800000000007,94.0,538.0,962.0,459.1726000000004,299.21519999999975,6.371400000000009,2.7202000000000153,30.32799999999995,0.0,0.0,0.0
512,0,12,0x32112ff4861ace7005ceb6681cc6977434608f760a756106254316ad8d995257,0xc0281d78b6a226a6ef932c947af4ebb0d4069780ea8bb9f24c50b544d59c59f8,0x745e5758f6c3cb987590bd2a570ed73f9ebacdcc14f6649d4a306feb9e6798bf,0;1,0xd6b3c9456d56a3f93d0734ae654d2246108f65ea2a54ce9987ce203e232b2f66;0xbb3d6981f7d35b4a0637a9327281ee247d31e4da7db5047f0097803d6ee24a8a;0x9d063b05892ff6330f5fc210a534b89433c869f1230eefaf0b1a55123b8088f4;0xedc802a95991d125bcbd273e3cdc715f86e755519c6ec4d5f01578a5cc8845af;0x5ebe53a2578f623b1f2472081a26e0a53c65779ada70be05d2b113ec022eb420,4.750484,3.112064;3.105763;3.317623;2.882106;2.715365,512.0,9.0,0.0,0,0.0,0.0,0.0,0,2568056832,2568384512,1588.8469999999975,1536.4069999999897,7.411000000000028,3.686000000000032,48.86299999999969,95.0,540.0,962.0,519.7637999999992,1572.6291999999976,6.6738,2.271399999999985,30.479599999999955,95.0,540.0,962.0,4.16489,2.291376;1.627455;1.721587;1.560032;1.81016,512.0,9.0,0.0,0,5.0,1.0,0.0,57896.0,2572693504,2572865536,1543.898000000002,1368.774000000003,4.977999999999992,2.0730000000000053,46.68999999999984,95.0,540.0,962.0,492.1578000000009,241.4301999999993,6.54780000000001,3.5051999999999937,39.7962,0.0,0.0,0.0
512,0,13,0x57c4d857756a21fd95d86ed0eb103b65bcb736dc0b5941dc32349e2390c510f7,0x5a785986ba691b112b46fe7af7db54a3f3498b972246006b6bfc8bcff4ec8809,0x8cf4792affe8311710634fb728d825c0b3e8371adfb6f4dfee60d558fce72f9e,0;1,0x56cc5fc3bbd703accf1d0d9e67f16a6157e68bac6c24a3291a06dde6841ed6ec;0xabdd5e38b0205a1235e1695db6b235b5e288345a3e18f9f3decbbd18158e7f97;0x93bcfcefd99b9f3a59e5419b7a6e90d8022ace63af558475c42bf68ba37932e7;0x589627de6ba64ddd0970ebf47655bb8a2e1bd08ec0164da8dcbd48466758d55e;0xc292607560e9fb910e6a32c11689763efcabea495fbf2f66a77760282ba415c7,4.78104,3.478836;3.326636;2.97753;3.649999;3.244994,512.0,9.0,0.0,0,0.0,0.0,0.0,0,2569363456,2569613312,1689.7280000000014,1480.551999999996,7.420999999999968,2.7640000000000433,49.95499999999996,95.0,541.0,964.0,574.7863999999992,1568.653200000003,10.577599999999991,6.76819999999999,43.22119999999995,95.0,541.0,964.0,4.912057,2.06247;1.807565;1.913606;1.771166;1.997191,512.0,9.0,0.0,0,5.0,1.0,0.0,57896.0,2573778944,2573783040,1704.3000000000059,1447.1819999999982,8.322999999999968,2.1329999999999742,43.085,95.0,541.0,964.0,512.9054000000023,259.36699999999786,17.003399999999992,4.913599999999986,42.0692000000002,0.0,0.0,0.0
512,0,14,0x7ae438b499025b0793a41dbbc04d36f930ce08ebdaf78172fb68b926f4359044,0x0daac3ed384ae1781af1e47033581f1fa3b63104979e60ddf0f34f48b81018a0,0x0bf9a1550b22b34b6347b36567e7b35efc8f01e8324bd44ecf7f98d1ac8f1d35,0;1,0x8205ba5f02b6a9b20610b1721459a7aac54c5400a684ff8903089b7774dfddfb;0xeaece643bc25e343a5cf97ddf9d8f4727f53bc49c00e77c2637ccf5f38845ace;0xd76fcbab6608a11f6704ee363e162858db0ea46b183cbbb2a026336fdcde1254;0x8a97473ebc3c05e7a377fc65143fabd9178d4c2899480ba3db4f2ae6a8178c7e;0xbeadce12e2983ba32c2da795e2df77bea6eedf9c862c8429d2d9cd8911ca918d,6.813384,3.290261;2.726692;2.677618;2.688034;2.914064,512.0,9.0,0.0,0,0.0,0.0,0.0,0,2570588160,2570526720,3584.8460000000027,1519.9320000000016,7.34100000000001,3.8459999999999495,50.23600000000038,95.0,541.0,968.0,473.20140000000066,1519.1546000000055,6.393799999999993,2.8381999999999974,30.86459999999992,95.0,541.0,968.0,6.454282,1.986856;1.822108;1.451209;1.767716;1.567109,512.0,9.0,0.0,0,5.0,1.0,0.0,57896.0,2574721024,2574856192,1787.0350000000062,3448.9710000000023,5.739000000000048,2.7849999999999944,41.35300000000005,95.0,541.0,968.0,507.2469999999995,261.33019999999976,8.420599999999965,2.7081999999999997,34.95660000000008,0.0,0.0,0.0
512,0,15,0x88247b179db1682843995eca82e0a3ca0cba5b7bdb70c7ce854f23b886fc08c0,0xfaf226521dc1b7a7ea407c8759fa718101438bb6be2e46ab2f3977f8d76cf790,0x68941bc266112cd1653d0202e58227884dd2f287f83e4fa9e3b6bf0138b8db5a,0;1,0xf5046724d49467a8c537bbc0784a4963ef68022b511fbd87768851f865eeb87d;0x66fda24eb3b0c8f5b48ea1ed14a5a9d570a3f9d66ff9629c0b944e62406d75c1;0xf7237dd25da9c3fda86f69cc1cde90a4f4decc70c77656e252fe30f763f32f09;0x19fd3e2d4167b0f590ef32be2270ee0be6ad45b4050c695b496f13f31200fb14;0x7c91b21fe5f8faa15777f8871be4eaa54362f4b9edddd0954fd3fd404b841b9e,5.303197,3.00393;2.789857;2.794474;2.945612;2.491818,512.0,9.0,0.0,0,0.0,0.0,0.0,0,2565173248,2565316608,2269.5229999999956,1495.5949999999884,6.900000000000005,2.833999999999953,49.534999999999854,95.0,541.0,967.0,425.33739999999483,1499.3427999999976,6.363799999999998,2.243200000000018,29.079800000000184,95.0,541.0,967.0,5.661837,2.16828;1.715417;1.395805;1.381013;1.47882,512.0,9.0,0.0,0,5.0,1.0,0.0,57896.0,2575495168,2575540224,2610.9670000000056,1640.5639999999971,5.538000000000027,1.7929999999999877,37.31599999999991,95.0,541.0,967.0,438.8799999999998,252.731199999999,6.339400000000025,2.9381999999999997,33.33020000000006,0.0,0.0,0.0
512,0,16,0x220237cb751f19cb2f10329b79e431131bec1a37c15f04ef98c71c6b3b406f69,0xbd74ae58f5c06ffeb4d38aef453c64f2b48de17fcfdfe734b260b15a98336d75,0x87e2656ee01c84a1d1262c2ce5f5f5e6fb13b8123cb977f07cf28067de7e7ff2,0;1,0x751cc263cbd694631e6908133abfb763d189d9492140a6a4d8920b1532517355;0x66a57c0c8cc3951330c34a3900b1d106bd4b2c42d57ae5e12a446f6f581f6113;0x63f230c1caecbc1917018d16ece24d959a4a1610507d1a1d5748261646af14db;0x21f049037f0f41432f6c5eb6390e0f8b592f37a26152773a722bf59cfa993ca2;0xea5695b8b26d914e0a0cdb36cfb98ecb0bc71146b04012f0bbf520797d7b3aab,4.378012,3.44511;2.766021;2.499039;2.530271;2.681303,512.0,9.0,0.0,0,0.0,0.0,0.0,0,2565914624,2566082560,1583.5579999999989,1526.3709999999985,6.809999999999998,3.094000000000035,49.81499999999993,95.0,541.0,969.0,440.0938000000021,1406.8654000000015,7.122799999999956,2.4579999999999957,32.61120000000017,95.0,541.0,969.0,3.992801,2.050743;1.562106;1.652061;1.43879;1.339295,512.0,9.0,0.0,0,5.0,1.0,0.0,57896.0,2576662528,2576793600,1556.9079999999958,1357.4969999999992,4.666999999999974,2.2430000000000256,37.91700000000016,95.0,541.0,969.0,432.22359999999793,268.3744000000002,5.92679999999999,2.7922000000000105,29.76280000000012,0.0,0.0,0.0
512,0,17,0xb11ad3c4a5772c7b0a3b55704fae2bf324a1bbf76da1672d7688e6489e1bc71d,0x0269d82d52f26bc985a4537e1d1b189701aab86124118d656ae1eb476dcb2553,0xc2884a5778960dde526a45574e1877aca2f1bdeb8a39c80c49300149f68811ba,1;0,0x91784058bf80c4fb9ec4fe9b4a761ca4e4b697e6a29f34a3a548b8bd7416a16a;0xe5aa760468b6d493b2d352d72738704d18ba6559745ef55c46800b035653225b;0x344cb84fc8e10b3b1d8f0321ea30556babb6a0d32498c038bf36af16a004a4c0;0x8a1444efa018de8aa93033770e2b560cd9c6d5407c3ed73dc5c68ab1e43387e6;0x0869f91bf6be70a22acddee5111ff4d21b2c084046dc81099f30aff273a34b1b,4.740629,3.074146;2.584157;2.729065;2.865982;2.69932,512.0,9.0,0.0,0,0.0,0.0,0.0,0,2567745536,2567864320,2007.1759999999995,1613.6929999999993,5.637999999999976,3.1150000000000406,40.319999999999936,96.0,543.0,969.0,437.9506000000005,1473.5464000000031,8.118000000000015,2.281200000000009,28.99580000000016,96.0,543.0,969.0,4.771215,2.302453;1.555085;1.566422;1.327902;1.559702,512.0,9.0,0.0,0,5.0,1.0,0.0,57896.0,2577690624,2574827520,1809.7090000000067,1413.9920000000027,6.96099999999999,2.573999999999979,112.43000000000016,96.0,543.0,969.0,453.48400000000123,283.36320000000023,6.489800000000009,3.1908000000000087,33.61079999999998,0.0,0.0,0.0
512,0,18,0x68c9bbbb678433296b5c9fcee5820b1387689368f5b4d59734df22da3cc58824,0x25b9d5336cbac39c84380cbfde6289037b50bf0e60cc483769c9526855dcff3d,0x5eda4616adf58575e9e8e50270e09698931df03f97c298b64471a10fd607cdc9,0;1,0x91420f25eb827fdfc970237e9f71aa1524b570c457c5189c7158fdee121943d9;0xb397affef25f6fb72c3847d21e9081ab4ba40c2b948fea79625864ec18367f3c;0xe09bbd8592a863697900423b0d5a6d1b710ae994cc92c9737734b8dd870505fa;0xba80d1bd4a9587b8005df1dee77fbb3f6e9a0af52d6d3ec65cdb23c48c560b93;0xf6d1a52edb9e0ca288d9d0137dbb8453cf10af2101be26d180dc3f070822266b,5.467806,3.433397;2.644177;3.694932;2.674072;2.598118,512.0,9.0,0.0,0,0.0,0.0,0.0,0,2574135296,2568949760,2212.397000000005,1835.0370000000116,7.592000000000059,3.946000000000006,50.45599999999994,96.0,545.0,971.0,559.2234000000001,1466.6096000000018,6.976399999999994,2.7599999999999802,36.124400000000016,96.0,545.0,971.0,4.692456,1.825693;1.490357;1.511189;1.461403;1.47856,512.0,9.0,0.0,0,5.0,1.0,0.0,57896.0,2575536128,2575548416,2107.7389999999973,1427.682999999999,5.978999999999924,2.3240000000000003,37.95699999999992,96.0,545.0,971.0,434.7474000000018,255.06900000000084,6.021200000000003,3.0188,29.666399999999854,0.0,0.0,0.0
512,0,19,0x7a255244c855fe85aa4345fcadd93149f33a33b09154101131eb3f38cce089ff,0x39b421d706b4d6771886180ba6668cf852c380bc31bf35a87b96946a80360ce7,0x53a8666bf02e55752c34aa78b754edd15d6cb8c41bf77d6d67b6ca3ff03d612f,1;0,0x20a7a4af4630bc05054114348de6f07f95ba1f8aab13d8e78e719503a5b60090;0x5a5f1ed1ec244be33c5030ff17ab2f5b98120c0be5d1c5094b1b82eb2570ee51;0x9e872f1418cb6995224ee9c59cd8dddc2c55c5a420cd3a7b6510da66e88623a4;0x98e9d407f4ab11fa760caa23b0849c8dac51a5b02c773834f6079848349008c8;0x065b95c16bd80dea8d780d9aaee22d87fde88f5316c0ba7b1e691bf42d467ae4,4.737905,3.253937;3.800651;3.527449;2.803017;2.495093,512.0,9.0,0.0,0,0.0,0.0,0.0,0,2575073280,2568654848,2087.2279999999964,1558.379999999998,5.599000000000012,2.8040000000000225,35.58399999999996,96.0,546.0,973.0,543.2392000000008,1576.1805999999988,7.443200000000014,3.162999999999994,39.69780000000009,96.0,546.0,973.0,4.714359,1.895969;1.492101;1.992435;1.553323;1.507994,512.0,9.0,0.0,0,5.0,1.0,0.0,57896.0,2579185664,2579017728,1825.0820000000056,1568.0549999999987,7.641999999999979,2.8539999999999965,48.954000000000356,96.0,546.0,973.0,449.930400000001,301.3443999999976,6.766200000000001,3.4512000000000107,31.702200000000186,0.0,0.0,0.0
512,0,20,0xa2a828cf848cc8ab3d202c3a57fb3aca5503f6af4fd8e7afe6469ea554785b63,0xc1da1e395eeed4bbd8ba19c10d195cf88962aaa7439e962b47234fb2ce74d01c,0x822fee7336d48ac560732ff9df78198d57755272aeeb8fe80bb307b441f6ad27,0;1,0x85aa445f96890e3e12907345a42e74c0fa00fd63124125b92552b288bb93090c;0xd016911ff05e7c08681ba23e14b35310bcfc56a414d10f7e27562702b864867e;0x9dd261b352a866ea583465bd57ce6d5a15e5305259001b86376e977cdce21cfd;0x43c2a7f3fbda282168458ff7f576e42c92dbd4e7c02687fc3893d82b112d8445;0xe2a5e4de429ba79fd3cf6207e8d55e9913ec16eaf93d55a462b9b2716091f1e3,4.843119,3.202369;2.699391;2.434932;2.575924;2.603982,512.0,9.0,0.0,0,0.0,0.0,0.0,0,2570293248,2576232448,1934.4669999999953,1446.8820000000105,7.97199999999997,3.4850000000000114,50.30599999999996,96.0,546.0,975.0,395.3141999999993,1442.8357999999973,6.151599999999974,2.4898000000000193,29.788799999999963,96.0,546.0,975.0,4.350731,2.223037;1.56475;1.622818;1.546512;1.365148,512.0,9.0,0.0,0,5.0,1.0,0.0,57896.0,2579742720,2579886080,1828.6480000000022,1369.2450000000051,5.978999999999924,2.0630000000000104,38.89900000000023,96.0,546.0,975.0,491.65939999999966,237.5320000000014,6.109200000000044,2.8786000000000045,32.41700000000004,0.0,0.0,0.0
512,0,21,0xd2a59d49d7f165568a3d87cbf993282dc7217a66ed2cb32bae20e591e3f8741f,0x5cc2a180483797c31d63afb4b3a864d0803a709e99951c84b0b33452ad293c0a,0x9c5cff6ad6a09a84756a5d22257c63b1546905faaded0d6dc3f755ae47574853,0;1,0xbe9778fd3ad03e269559182eb5eba0450a032d1a609ff4226e93b8c7b58d5367;0xfb337b249b18f0a8c3df8a8e13b27aa0e3b7035baf69e2630f78306eac08cb2a;0x07e3adefb66bc79042f278c6c380336d2ad538348c02e74340e6d9d133c69a3e;0xba6909296cf5114fb4c29201c76982afd3cc6f857ef7c847a06ce4f17c4a8812;0xe206045286ca039c3621c5906de2ecdeeade148c5159fa398d7d1077f58d6c6b,4.818196,3.616534;2.889838;2.687358;2.680312;2.75218,512.0,9.0,0.0,0,0.0,0.0,0.0,0,2570203136,2570342400,2040.0160000000055,1445.0400000000086,8.081999999999967,4.086000000000042,50.12600000000016,96.0,546.0,974.0,437.9263999999994,1448.7945999999974,6.733999999999994,13.698999999999982,35.97420000000014,96.0,546.0,974.0,5.076205,1.945654;1.573863;1.477277;1.64481;1.826043,512.0,9.0,0.0,0,5.0,1.0,0.0,57896.0,2580688896,2580721664,1942.7300000000037,1770.1190000000006,8.142000000000046,2.5040000000000155,240.7640000000001,96.0,546.0,974.0,439.32640000000356,245.2940000000015,7.623199999999986,3.4051999999999913,32.681199999999926,0.0,0.0,0.0
512,0,22,0x682a3a829e4de4566d69d9aeef2a0ec65718a23f7557ec33eb028a8ab85d5877,0x63ac3cd84b492a842b334087baa37e48fa8d2ebbef542d5ef011772d5987d12b,0xf8763a0cabc31694e593c8e056ff2a4cc827ff236e2e78e37d6dcc778dc90c3a,1;0,0x56904ab2ae56c7063a1198a503f1256b9eba7cd99b0caf4bbc2f56d59ddbe0d8;0x9ae13ea66f691106f6c9401db3d0ed47e409d9216a0e7532b4c30635be5cb2c9;0x18b02ec53a06129a3efdba0d8dc8c289839d34ddbb3b1392ed094f1adfc98b19;0xa3f493af1924033a54ecc5912b88e03832a8fd47df36eaaa3d2078a6932dbdef;0xd91ea429524f09e4416c4770854cde2dcb6f846de8c3a11f9cfa6a347c2c709b,5.109445,3.452867;2.854013;2.470746;2.846612;2.451697,512.0,9.0,0.0,0,0.0,0.0,0.0,0,2570932224,2571079680,2267.438999999996,1721.1659999999963,6.11899999999996,2.534,36.9760000000002,96.0,546.0,978.0,453.10339999999894,1428.4481999999932,6.417599999999999,2.880400000000033,32.484800000000085,96.0,546.0,978.0,5.118319,1.951873;1.817731;1.529005;1.44611;1.394934,512.0,9.0,0.0,0,5.0,1.0,0.0,57896.0,2581569536,2581721088,1858.854000000007,1652.0909999999944,6.92100000000001,2.9840000000000377,50.446,96.0,546.0,978.0,493.32379999999785,297.428600000002,5.890799999999988,2.950399999999986,30.770399999999892,0.0,0.0,0.0
512,0,23,0x7795b4f9101282ff5fac409e732809e6cdcc9a3ce69c208cd05d41d5583b841e,0x98e1fb31c4ac60ccf53e04904e248b9ddae6ee1f245ed50f20e4683b43061045,0x94259149180d2fe37aec52feac07c9fed49a1241f3abf4cd62ef19205498a639,0;1,0xd9ec79284aa72b3ae6bddafc5419cccf6a14151ab67aa498722fb965581343dd;0x586dfa004ed54a7374f746f129ba4ffd22ee25c9af455ffc940fb91ca966dbec;0x6543b7cb62457076bbb7768305c26ae0aed132f0ec12841f0a2a1cbfbbcc9602;0x157f6098552846fd6e809dec51a4e9396f875481a1067d7523181928dc766a58;0x7d9510ac51ca41ccd41e42422de9be275847b175fac415bac4966537b746cd40,4.746428,3.507079;2.64558;2.741675;2.654874;2.425788,512.0,9.0,0.0,0,0.0,0.0,0.0,0,2590363648,2590474240,1821.7269999999953,1638.0799999999863,7.711000000000089,3.0339999999999576,50.55699999999968,96.0,546.0,977.0,459.8336000000036,1434.8858000000075,5.995000000000002,2.6442,31.22319999999991,96.0,546.0,977.0,4.123538,2.117403;1.544509;1.548875;1.385639;1.258758,512.0,9.0,0.0,0,5.0,1.0,0.0,57896.0,2594549760,2591735808,1530.9190000000056,1417.7880000000032,84.16700000000002,1.6130000000000266,37.126000000000175,96.0,546.0,977.0,457.31979999999726,253.9266000000012,5.600399999999969,2.2810000000000064,28.86940000000008,0.0,0.0,0.0
512,0,24,0x5f0f33316e2077f9d7b74cbc887379aca85532f75f176c5555820b8dc87a896f,0xce4b32a1bf1f75840aa7f3c2e1671bb228a7f8f6af004ddb0fa3f952ae104699,0x28f0d761561b4d180bd4f1f59b055d66909df516291790c8e358ab0493aa3c5e,0;1,0xaa677a21edc7a73e347e3f615ab8b103900dbc573c6b325cfdac12a8566ed1c5;0x1b669a44b7173bcaa0ab8c8e1d09de8cf9d8102213cde0cdd352a3ef7076bc66;0x595d02edfc9caa89ab6d3bd47de2969465cf735698af9b488793867105fa1809;0xe7a23f42021af100d84b9a52257232456d10c41d79b78b70e3d42691ea23bce4;0x45f65e91dc0fa2a35efcc1b409d072d7857a200215e4157f7e548e583ab4a416,5.014522,3.411504;2.849327;2.491757;2.477637;2.444576,512.0,9.0,0.0,0,0.0,0.0,0.0,0,2590633984,2590633984,1927.8169999999984,1636.528000000026,7.901999999999952,4.0059999999999745,50.325999999999844,96.0,546.0,979.0,419.25459999999913,1422.0041999999933,7.49940000000001,2.5937999999999874,35.66399999999983,96.0,546.0,979.0,4.355588,1.745382;1.524118;1.77061;1.433822;1.327091,512.0,9.0,0.0,0,5.0,1.0,0.0,57896.0,2591735808,2591760384,1483.506999999995,1553.6030000000005,6.799999999999948,2.1329999999999742,37.175999999999874,96.0,546.0,979.0,482.726,262.95239999999944,5.872600000000027,2.820199999999996,31.433399999999942,0.0,0.0,0.0
512,0,25,0x377fe55ec32939a22f69210aa8a2b9926ee72272a633e18433c04a51af172fcd,0xa13348b2a51c7c4fcc6c6690a043cc09d2c7cb122a631b3dec60eaa5fd3f26c5,0x311785029a39137a6e768760b1914ac5cb691343052aad31e571f3772ed6c70e,0;1,0x661975c6d347865c5fbfc140ceedfe5cd213b2e4c23160fc1acf12d14ae24938;0x2524925b460daef43bbf703e46f37d14f640d7fe31487ced4d5a47f685b81413;0x6cdc9731373e2f82a055d65e77686d262971cac740ef90163344d24bdaa665bc;0xd7440396d3a7cf6481148891d3f1452fad7f1fa64631e24f7caa727b09e4f690;0xcc4e499104517edf93737b1fd86b033e5b7a96e4e0858cf75f6509cf4d493dcf,4.575489,3.444725;2.916218;2.471908;2.587622;2.445858,512.0,9.0,0.0,0,0.0,0.0,0.0,0,2590724096,2590728192,1720.5839999999973,1477.2479999999866,7.501000000000035,3.254999999999968,49.485000000000156,96.0,546.0,981.0,423.4565999999995,1485.355799999999,6.0189999999999895,2.7421999999999818,38.70439999999961,96.0,546.0,981.0,4.560817,3.037381;1.706593;1.464388;1.456196;1.461504,512.0,9.0,0.0,0,5.0,1.0,0.0,57896.0,2591887360,2592034816,1736.999000000003,1681.2650000000012,6.560000000000072,2.7440000000000535,52.0989999999999,96.0,546.0,981.0,459.4889999999962,294.32959999999844,6.946399999999955,2.742400000000007,33.25200000000011,0.0,0.0,0.0
512,0,26,0x77e8e94c734c84debf38104809d53dde0a11124fa0026cdf2f083b5096e949f6,0x364a2c000c24361488e3124316673e94bf5735d9f1f981e3484b514b589e0e1d,0xd2cf3e73235cbb685aa43264e7f997f1842634f2d1f8c72f317080e36344ce58,1;0,0xd2e8fb649a7651c3828882c655c68859c9d0ddff023d9a8a3a2550f9c290f767;0x6b7b8ea01c7a1cfc9d748f3b1677aab8480abc5560a85fc862bf5a0af427d6d6;0xe6e669b4208cbf250164a5625a0c9eabb2a2dae6bff4026c60c1a98a2b613631;0xbf5295eecea934ef3ad62921a2708703967e23e7c5181b7b26e99530de11b665;0xa4391149cceeeff2b168aa81d19c33f3e28c8b91a6aeb3296e61744d8521337c,3.994223,3.359856;2.774954;2.703287;2.451176;2.584027,512.0,9.0,0.0,0,0.0,0.0,0.0,0,2590793728,2590973952,1471.93000000001,1411.2780000000157,6.280000000000001,2.503999999999961,36.744999999999486,96.0,546.0,983.0,465.9587999999992,1427.2163999999975,6.001000000000053,2.55339999999998,42.35780000000008,96.0,546.0,983.0,4.605065,1.682833;1.673614;1.375269;1.303996;1.382665,512.0,9.0,0.0,0,5.0,1.0,0.0,57896.0,2592034816,2596376576,1730.319000000008,1441.574000000001,8.022000000000107,2.8540000000000507,51.488000000000575,96.0,546.0,983.0,438.7234000000018,246.34340000000142,6.153399999999937,2.261600000000026,28.484999999999967,0.0,0.0,0.0
512,0,27,0xa6ef0e5976e669bfa97b25e2a57eecbcdd61942f24afd2e70ff233b28f07464c,0x56b0b463ad7136da2e206ffd170d3aae8eeb2c4a614fa1295835ac53aaef069a,0xa5c0f650abdc8e3e85239018c7ba0c46f0ae5dc7c8688d731c536207cad912a1,0;1,0x5112608f11d4dc1bf273efa419512bf0961e61107fea8118b3e319eb836d7e30;0xb3abbba4aece0b2ed6d519f5c42194b5ee7dd3df95529cc41f5a090a7af63c55;0x2b12506a0c676e6f7d8d2de285419f51e98d011eabd2e4e0b0557db89b5bc021;0x85173e7903d175649ca84ae65bc1dee2bf5f86677c2005cfcc4d5ccdaa34a681;0x172d1a9594b34540e184ec2f295f8e74b401770127d60e3ddc1594b26646bd96,4.570743,3.075017;2.648233;2.545549;2.384716;2.408732,512.0,9.0,0.0,0,0.0,0.0,0.0,0,2590998528,2591006720,1829.2179999999935,1450.2659999999778,7.000999999999969,3.996000000000034,70.27599999999933,96.0,547.0,985.0,385.3772000000089,1424.3999999999924,5.502399999999987,2.2874000000000203,27.906000000000112,96.0,547.0,985.0,4.209703,2.145886;1.537548;1.310736;1.285098;1.385619,512.0,9.0,0.0,0,5.0,1.0,0.0,57896.0,2596499456,2596519936,1708.2760000000085,1396.9370000000008,5.5780000000000065,2.4839999999999716,37.24599999999946,96.0,547.0,985.0,441.30540000000275,258.6198000000039,6.123199999999961,2.5316000000000054,43.08279999999977,0.0,0.0,0.0
512,0,28,0x5216dbcda844ec94a79c6a3693a4f74320097440f5e691681346589e5ca312bf,0xe10dac660d66dcd1aafc76d68481de918814c087f2dade006068bbe5f0d9a19a,0x1bd67b7ae859c87d0e05d423df305c8dd77a9aaa728175d6facdbc23c827f4e1,1;0,0x8a7dd2b51e65219584f5cead7f0ae053b6774108606ad8c8e5d6bb261f30778e;0x2ca1f66b94e2c48f7f41f461ba666862b4d64c0c432b37d18f9abe764a4d9f91;0xcf1a10a3d669a0a9252eaf1859ffa1d052b42a649541175ff76f5708cb23d9a3;0x3e050054ef77f0fab9109090a2c51523543257fead5815056812c7580ff20fbf;0x5c3dd53784ca73f4f701f3eb60b8ce1c34280cb61e1bc0bc43bd58eaa6ca0ebd,4.407957,3.281769;2.642645;2.568954;2.533851;3.170962,512.0,9.0,0.0,0,0.0,0.0,0.0,0,2591121408,2591133696,1754.3359999999952,1501.3839999999946,5.1280000000000765,2.474000000000031,38.148,97.0,554.0,985.0,420.2700000000004,1601.3605999999902,6.004999999999986,2.145399999999996,29.196199999999976,97.0,554.0,985.0,4.892437,1.926776;1.569126;1.636308;1.528065;1.45175,512.0,9.0,0.0,0,5.0,1.0,0.0,57896.0,2592796672,2597441536,1835.757999999993,1699.1420000000007,6.279000000000093,2.544000000000049,50.80699999999994,97.0,554.0,985.0,428.39400000000416,247.4130000000019,6.697799999999965,3.0127999999999924,44.51699999999982,0.0,0.0,0.0
512,0,29,0x24b480293495fb391696113fb553ba38c9702325938c216a5f38797ada5617f2,0xb7797efac91392d818b67ef19e265d63d971ba4ddbb7b7f227b36ebff8c0ebc6,0x78db746b7431b160836cb2d0759d3ad5c6efb7fe9a54794f316a72168726cd04,1;0,0xf365174ee813418f55f4d989ed1fb1e5f3fd363d6e3574ee1b5f0009bbe99294;0x34cb03f1ef4f8b1d516d53077e43a66cf3d8617ea8aee5cf3c013ecb331f2913;0x02fc77c0dc6dbfdc10edf9771a56bb1c438feabf917831ecd9ed14634647e014;0x895d2e1317dc654d26a0dccd7bc8ab4cf31082bf46f014bae95426062f29d495;0x58f7177a1759647afbb9b0c3ed0dc2c7d4c810f21aa7a3c61637975873637590,4.389239,3.462992;2.806507;2.487111;2.625539;2.729937,512.0,9.0,0.0,0,0.0,0.0,0.0,0,2591539200,2591760384,1848.356999999995,1482.7459999999792,5.447999999999912,2.454000000000041,36.474999999999355,97.0,554.0,987.0,413.08720000000073,1454.1628000000028,12.75940000000004,2.4518000000000066,32.53920000000008,97.0,554.0,987.0,4.922533,1.893545;1.530598;1.29974;1.341914;1.506541,512.0,9.0,0.0,0,5.0,1.0,0.0,57896.0,2597646336,2597654528,1918.1119999999996,1452.6410000000046,5.999000000000022,2.9350000000000254,48.27299999999972,97.0,554.0,987.0,426.32080000000184,222.4549999999964,6.16099999999997,2.453999999999998,28.949400000000125,0.0,0.0,0.0
512,0,30,0x751e186bd8834ec3ca898e72b026e29bfcb2cb6411b1ab195a7f6b84db98d483,0x1452b8630e59219f2dab6ccad20b9ae320c97ccd253612949a8e422d2b666fb1,0xe10a0fa29ce081508e2e8c1a2b7ee0ee66d2a1bd1e5718d93a94c9e53b15af56,1;0,0x2fb7018e3b5c45cf7c5fd71c65c99175268c7548b6c133d3e264b5a8d24b2ae4;0xde59f1de94eaf8e085718fc43e98ca44d9cf871215523afb898f5983ad14a790;0x7ea66392920d04183420897dd473550fde03fb30cc53f430aec2c5e34a005a87;0xb8bd6146c5d803e333ccb4097ad6aa5f36f720942cc949871cc0642857f53255;0x689ca3e3597e4a99b0982ad86ea01c37f3e4dc65cf06bf86bc2914732f7c1d16,5.23186,3.044646;2.941966;2.674729;2.985793;2.504036,512.0,9.0,0.0,0,0.0,0.0,0.0,0,2592354304,2592411648,1908.1679999999878,1799.9240000000084,5.739000000000048,3.3550000000000244,39.95099999999987,97.0,554.0,989.0,466.16259999999744,1465.285400000005,6.6162000000000685,6.825999999999968,30.7024000000003,97.0,554.0,989.0,4.906219,2.235251;1.69422;1.658016;1.609547;1.409656,512.0,9.0,0.0,0,5.0,1.0,0.0,57896.0,2593468416,2598305792,1951.4330000000025,1555.866000000003,5.929000000000004,2.3529999999999687,50.385999999999484,97.0,554.0,989.0,471.8471999999974,271.96180000000066,7.381199999999992,3.312999999999992,37.11440000000003,0.0,0.0,0.0
512,0,31,0x4a3c112458493664a7ce3a38d1f32ef2e28fc7af6c8cf0777bf9c310c1c789e2,0x7b5f39a209d29bd9e20ff1b51c7332b8826dd829be450fe4d2c2c9e112ba4592,0xbbd483d5348cffb7ab3a6e5665b0146c849e50b85739351b004ac1b587c123cd,0;1,0x40389a7fc3d373a86b4c43f411403aa2ef2173419f1e6cd63448f8c62d625ea9;0xa8dd255449b8d86c650d6b677cf7ff5d1e06151108e6bdf14745068ac488c116;0x96acb306689bcf9e2f271d371495c221bc46ba83c6d8d4e1c7e7341394c84ec1;0xfa39e55ef60b0971b3bde76898a98796be83a4c9a9cf48a55498bae5f324ae1c;0x903240cf2e3ec694448007b9cad759c93a6b0363720271d4ce37985f59c34e49,5.54374,3.386797;3.291604;2.521482;2.677347;2.494471,512.0,9.0,0.0,0,0.0,0.0,0.0,0,2595414016,2595450880,1851.6520000000091,1768.7570000000096,6.7000000000001085,3.4550000000000813,49.5949999999995,97.0,555.0,991.0,443.3986000000056,1506.098999999994,5.946800000000002,13.240199999999978,32.75360000000033,97.0,555.0,991.0,4.744089,1.681466;1.421634;1.434393;1.367872;1.296855,512.0,9.0,0.0,0,5.0,1.0,0.0,57896.0,2599432192,2599448576,1726.0020000000043,1654.2439999999992,7.670999999999893,2.7939999999999734,43.53500000000079,97.0,555.0,991.0,431.3501999999969,253.12000000000393,6.0951999999999975,2.0152000000000063,28.34480000000021,0.0,0.0,0.0
512,0,32,0x3e927e71e5400f5c584a5c22d1b329e84628a2afc12f21a12cc35593eefc2646,0x5a6305416028d5fec6132dfa75422c81cfc55d2efa562e63769da7dcfbd9700d,0x2ac7f50a2a2faae8e07e2c5784901f47997e2564c5ee101d69d295a5acd42777,0;1,0x48a26638ccb08158a28520c6784cf91bfa7581f6d5c7057151e6ae24f7142200;0x79ba79fd89ec6ef93ec349e430481f0707cbfd5a6c923104c5c534e7bf382a57;0x6858e9a6a210931aa72b8e4b95912d3288125f87c1170e5ce5cea0f15518a23f;0x2aafa91b955b210a87af4a3535a05bf9a99bb64ddfaf1f4f789fcbfc4e1acf28;0xd4bbaecda69d8ea778a705a6679fc61b104280c2371a5f93bd324edde80c1554,4.726673,2.942582;3.124241;2.390159;2.520982;2.530836,512.0,9.0,0.0,0,0.0,0.0,0.0,0,2595463168,2595471360,1833.6949999999963,1622.1960000000201,8.00200000000001,3.434999999999983,48.81399999999945,97.0,555.0,993.0,434.5774000000024,1449.9785999999904,5.782799999999979,2.3676000000000252,28.42860000000051,97.0,555.0,993.0,4.147705,2.286778;1.787095;1.455565;1.530849;1.374533,512.0,9.0,0.0,0,5.0,1.0,0.0,57896.0,2594643968,2599972864,1521.1539999999968,1524.9890000000044,4.958000000000002,2.5239999999999507,38.348000000000546,97.0,555.0,993.0,508.1002000000001,261.25779999999764,5.836999999999986,3.020600000000007,31.497799999999703,0.0,0.0,0.0
512,0,33,0xa4adfc9e18657225a2d0578e98c5cfc0cde7d2bb135c28ab35a6c62d352613c8,0x47135bb6a9e05faaf4ad5b4095cc8e478a499509741cd0cac1d02b63b1e6f642,0x0953eea6c8f13f3280418b80fdaea77f214a4311a169d821762d1d19d5b4aefd,1;0,0xf03fce90e20bcaaddcce8c8316ceaa0cd408d7f4b00dea4799b937c21305def4;0x81c35b7d2097d02a68b91cc2b67d75fdb18c32e63e90a3e98240fcdec2e99e82;0xabee1056bcf3592c991c5b134a3042c36b9766287632a9896ff698e0f181b8a5;0xd368046d5b1914cec78cecaef8fdffa461087db0027587b5542baea8f9f8d08c;0xee96cc67f8b516f62df2035bd56ef8be04b2d2bd4bbfd001eeb3a2970da93ffb,4.174315,3.599518;2.728014;2.57978;2.50033;2.369633,512.0,9.0,0.0,0,0.0,0.0,0.0,0,2595504128,2595520512,1600.783999999994,1505.9909999999843,5.458000000000069,2.4739999999999225,38.03800000000066,97.0,555.0,995.0,431.5008000000009,1440.8145999999956,7.789799999999986,2.7318000000000136,34.920799999999666,97.0,555.0,995.0,4.923425,1.685992;1.615807;1.475776;1.307131;1.294902,512.0,9.0,0.0,0,5.0,1.0,0.0,57896.0,2604494848,2594725888,1682.5570000000012,1893.555000000005,6.458999999999892,2.9739999999999887,49.215000000000025,97.0,555.0,995.0,430.6173999999996,262.2940000000018,5.992799999999989,2.0410000000000004,28.374799999999688,0.0,0.0,0.0
512,0,34,0x5ff35681b845a0677eda4e1ca9d2a97b6c7ca13d95b2ffab181659f500331720,0x78ee3ff39ef321acd418ac1d8a25e8479a48124227dd89dc6792a7ecd8273e3f,0xbdb78a5bcd14af6532793650c87c492a568ac591eceb8a7f2e00f388cb7fc3d5,1;0,0xd57a8f759329eda8c2fe83489dc85dc775477e94223edf55b404b151e6239492;0xf96aa9a6f0839726f1228ce6bf74cb6bfae9b318402044e9eca7255ae98cae7c;0xbaeaf31cb5f2f460e9ec35d298db0aea6415e1fb031f0643415a6e8a827ff32b;0x8292e50b0a0df763fe536d21a1a92691cbbfbc36559e509ebe98c8994cb3c9e1;0x8720de4a955f85102fcac37f265c545679629c8b4074ccea0a1c0c078a532522,4.115376,3.358364;2.635935;2.813157;2.495593;2.397174,512.0,9.0,0.0,0,0.0,0.0,0.0,0,2595672064,2595827712,1499.1910000000107,1529.8870000000074,4.597000000000064,1.8819999999999255,36.50499999999918,98.0,559.0,995.0,409.2792000000012,1463.5350000000046,6.169199999999991,2.341600000000006,30.99479999999974,98.0,559.0,995.0,4.748121,1.692542;1.838773;1.440062;1.767696;1.336004,512.0,9.0,0.0,0,5.0,1.0,0.0,57896.0,2600464384,2594746368,1683.4079999999974,1494.8850000000014,5.539000000000152,2.7939999999999734,50.62699999999927,98.0,559.0,995.0,477.9329999999971,304.02040000000187,5.430199999999999,1.7548000000000044,28.89779999999988,0.0,0.0,0.0
512,0,35,0x8a924e1c19c25eca939059340d43424dfac53ea0860bfab98260b3d1bd1d8216,0x14613356ed120dfc79ab1886ce5639ec7bdfbf53b2f3caf2020bc32d80dc9605,0x566785cc5f98031746b140f88bb233eaf399ea737a350c27406a4cb81fc6a3ee,1;0,0x9c14ee613cdd6058faf69a7b3d427bdb12c60e6c0c83185788ceefa687e437ab;0x21a6a67f9d9daac312c4122cd307b99d8bc161d53a0d143d39b0015050ce59c8;0xbca112d7bcc4289da043ee628d9ff7d438661095dd0b147b5314610c42a1a1b5;0x463cbd0ff01ddbf4dcf9f8637c019c866a0e8773533e479a6c7ae421ca267236;0xfac21fc2714b16540c6de413250a43ac5c0594e9ef0549564fdf23296599dd52,4.722541,3.399486;2.920814;2.498508;2.552609;2.724518,512.0,9.0,0.0,0,0.0,0.0,0.0,0,2595852288,2595856384,2030.7320000000072,1558.3800000000258,4.736999999999884,2.6340000000000563,37.69699999999973,99.0,564.0,995.0,452.3546000000045,1455.0642000000003,6.157200000000019,2.784000000000033,37.302400000000304,99.0,564.0,995.0,5.151037,2.006025;1.655256;2.101494;1.492941;1.565701,512.0,9.0,0.0,0,5.0,1.0,0.0,57896.0,2594746368,2599620608,2110.852999999996,1510.5380000000057,7.982000000000128,2.844000000000002,50.11499999999988,99.0,564.0,995.0,492.6092000000048,290.27200000000255,6.617999999999988,18.177799999999984,44.01860000000021,0.0,0.0,0.0
512,0,36,0xe23c1893d110f16f81e6b599e9bf0a2b307878751984dedb185272af997e05c0,0x54f1bd972d5f8999c7775b318cb3672c2a6a85661c86c156e6b43c298b4db12a,0x932ee87d5c3aada09d249ab7f8e31bbbcc88e8956bc05239ffa3b45038f948b8,0;1,0xff60e980539dcaccee80587978eb47ba6e47ca59d5c1698ea3657107fb4f05ee;0x7ff93ad2c4871158048987cc4a39f648440fb7cbe11e3ff2b7bfaec460cd5dd9;0xe82f200fbeec0c261ccb269acce1568ce44124780a1ebd89abd5ddb875bfe34f;0x4f65adfbd211bd5d5caee426d20b55160d805927a5c5e16308954ab70ebf9611;0xf44c4fe653f04955c37d79b48ac8b7dafcfc93a0117f77ea09a8a26e73581d63,5.277829,3.455151;2.857579;2.487451;2.657167;2.645169,512.0,9.0,0.0,0,0.0,0.0,0.0,0,2595868672,2595962880,2083.042000000007,1555.3050000000069,6.8099999999998895,4.115999999999972,49.364999999999135,99.0,565.0,997.0,417.575600000003,1525.3962000000067,5.969200000000008,2.6697999999999915,31.13279999999996,99.0,565.0,997.0,4.461598,1.762808;1.61149;1.533462;1.370366;1.668316,512.0,9.0,0.0,0,5.0,1.0,0.0,57896.0,2605744128,2605633536,1734.4649999999906,1476.9179999999938,6.189000000000195,2.303000000000049,37.455999999999946,99.0,565.0,997.0,476.0360000000019,291.0107999999995,6.070800000000046,1.9530000000000023,29.859000000000137,0.0,0.0,0.0
512,0,37,0xa0ca4fa0504da408128f42107a311aedf704c8b9597934c12e01f3beafa3c4d3,0x5de72afdc59e8afcb7da3a207fde5a68bf1c855f69a0f7f546222ad89bfedfe9,0x9daa219d81cf4547dcf91b5eb9bfe08e692bbcc4a862ee2b67bac6750a8cbb1b,1;0,0x2f89235a4ce415762b395ea75d331fe075041cf6899f0ab66f8805da5ef5a309;0x3cf8d921946e3a21be02f6a857cfd1d0d9d89b1e1006c76bec7256915a532dd4;0x3ca356ca8921ad89956ba400f07a2f4b1ca025fb06c6cbd21a284e19c53a394f;0xb19d9c95faed1196b40537893f039c32c66cd39057595726a327291479e6038a;0xca1c1f7be4071b59d2af1e021a2721ce788a0faaf598dd8b1bfb23052682d99e,4.354351,3.380497;2.79835;2.688143;2.708149;2.472118,512.0,9.0,0.0,0,0.0,0.0,0.0,0,2596184064,2596184064,1710.6400000000133,1517.166999999986,5.42800000000003,1.923000000000029,34.01199999999993,99.0,565.0,999.0,444.91319999999666,1472.0460000000046,6.6162000000000685,2.8301999999999583,48.93599999999977,99.0,565.0,999.0,4.984737,1.765787;1.419931;1.449516;1.529707;1.298578,512.0,9.0,0.0,0,5.0,1.0,0.0,57896.0,2601136128,2606182400,1931.0620000000113,1586.9429999999934,6.028999999999844,2.9649999999999554,48.27299999999972,99.0,565.0,999.0,426.8058000000019,231.7191999999968,6.181400000000031,2.119399999999977,36.72740000000008,0.0,0.0,0.0
512,0,38,0x4ab95bfd3c3c72e336d5d55dd5af722aaf0a46c60bbe7ab68c31c6e1b91a0532,0x0629bdf66917f5d5edabd8adf1bf94a0e4ea2441c339e8ba3dd1723ac5d832c5,0x538cdac3d1b9c0dc7be8a9a92d3c0639d0390bace97fa709b7d5b2bb7b23c539,1;0,0xb41951d2d48b7ec300ab8bfb0a46f849ea59748f48f96934c700b636d3ea8fb2;0xd7907ae6d144c8b394bee670b68237cf28cbb4eae073cb3bd818823f1979ff8a;0x08691254af2db77ff8314a49caab24adf10f90a56b44de8560822873e98a8675;0x768f53424f0f7d8ecd2b4fc1f4e83014ffd8afdad0281ecd779178cfe3e16d37;0x267610109594196241bd2094050247100ebc9675b07d6dcf76dece1302765182,4.232312,2.839783;2.710868;2.385698;2.398757;2.349383,512.0,9.0,0.0,0,0.0,0.0,0.0,0,2596417536,2596331520,1829.3080000000018,1387.872999999984,5.247999999999798,2.8140000000000716,35.13299999999969,99.0,565.0,999.0,400.0153999999978,1393.3454000000013,5.5564000000000995,2.0552000000000072,28.497000000000245,99.0,565.0,999.0,4.661008,2.160839;1.683709;1.496607;1.335935;1.263104,512.0,9.0,0.0,0,5.0,1.0,0.0,57896.0,2600665088,2607054848,1765.1619999999868,1517.6080000000036,5.899000000000182,2.8240000000000123,68.4829999999994,99.0,565.0,999.0,431.33819999999764,240.7368000000021,5.9189999999999765,2.5478000000000005,35.64180000000007,0.0,0.0,0.0
512,0,39,0x0927008af843dccba8732d1a1b5df8a22e1dcb6d704fea06243ec95bbb55ee0a,0xdec0450b0e1039d545eac6f4511d64401a472534c5803dd5f75eec9ec142fe39,0x7d2c71815b670020a20c120dea3ec7bb1898d68f3d44e7ecb991e95e53e2234b,1;0,0x254e7e01a4636fc729ac2b089c1f247ad5c7da8516d29b0e9c9056287347d2e7;0x8610280d6abaf382fcc641f493cb3c00c84b465a639a8bbc2775fc78bb44a1ed;0x0207b86d6252dd7b2a8dc303553e1c4998ccaa77053b78b8283f97533101f001;0xcba08c03546c36f8b41ccabea504f1b60934243499e5c4e13b661958d5e17878;0xb233a33d17134e1eefe09ccfca27e5a5b064814781ab3d24352fe551b618b8bd,4.078891,2.981706;2.853282;2.548793;2.405597;2.351415,512.0,9.0,0.0,0,0.0,0.0,0.0,0,2595364864,2598805504,1557.0679999999948,1500.9939999999776,5.648999999999932,2.594000000000077,35.102999999999874,99.0,565.0,1001.0,397.13519999999835,1415.6687999999917,5.5079999999999885,2.255400000000015,28.268399999999833,99.0,565.0,1001.0,4.693928,2.182932;1.443577;1.495104;1.692923;1.588315,512.0,9.0,0.0,0,5.0,1.0,0.0,57896.0,2610298880,2610479104,1611.831000000008,1756.007000000004,7.631000000000131,2.233000000000031,50.43599999999919,99.0,565.0,1001.0,509.9028000000005,294.83059999999557,7.597600000000017,2.4217999999999895,34.87860000000002,0.0,0.0,0.0
512,0,40,0xefe5880afc1f40d7756e7846e7fce4ab84bf70fbd4ffcf3c09b41ad22be35979,0x09c7d97908206c8cf5f233680724f4641016d62482b07bbf19f3c000b8f3b9be,0x4a9f70f722eada85ba67a2ecabf56f04fa88a898e275e61ade0ae2c5b047d032,1;0,0x653414071d154f814e8944aa55afbecdbdede8d19344228ab322794a365d1d13;0x556cea2b4ad2543468ca4d0b8177596105b20ab2c8628a860440b25ca1dcdce4;0x8724125d5e7a56271527fd4bf677254fa3a412930c786bf2915196e3641ba04a;0x57d8171f82a6e8f18a5194e6a720da7232b602d148465330cb015897a638e740;0x45bd2378c2b3be99f297c76bf765fbf9d9160f2c02d09ca836897ade2c233d99,4.254956,3.447618;2.9708;2.48715;2.474592;2.605799,512.0,9.0,0.0,0,0.0,0.0,0.0,0,2598932480,2598850560,1524.1280000000136,1434.924000000004,4.7269999999999435,2.323999999999946,37.79699999999914,99.0,566.0,1003.0,416.2553999999985,1432.3317999999974,5.7066000000000585,2.1531999999999454,47.06680000000005,99.0,566.0,1003.0,5.350238,1.825323;1.489195;1.389245;1.315334;1.381653,512.0,9.0,0.0,0,5.0,1.0,0.0,57896.0,2610679808,2610692096,1823.3099999999947,1987.0359999999976,6.17899999999982,2.3640000000000336,49.284000000000134,99.0,566.0,1003.0,411.7606000000051,272.38900000000064,5.686599999999917,1.8547999999999958,28.53100000000004,0.0,0.0,0.0
512,0,41,0xba8d7ca398f9c2dfce275ed01e0280a8541f77b409edf6c75aeb5c5c756052a1,0x4fd4b00c55f4ede9b7e0fb004b8fa712bd047f47faf31cbde284830bb5af7d3f,0x8c63ed4c3e3388c5e3b17035240c21cfa3928b17439eb3cfb0b4435fd89fd151,1;0,0x1ccc3fa83a09b2f0d7d951051bf5c6f86ad904fac667fc916b7b9b5509340eff;0x3a6041e194a5b8b5897f782e0992b4d46a93f2eb6d22bde43087d137ad6a500d;0x221fe6b8cd0981d9967eaa57bb894e3d12ebca595cdd8577f48d744d00bc5b16;0xfc222abf1519fd41299200a519e3a050c393a6b8adeebacd391cbe6229ecd21a;0x6172971bb72e4adabe2000a87be40cca9520b98ac0e224fb572568ba857cdbcc,4.161756,3.035707;2.743347;2.829587;2.79219;2.499729,512.0,9.0,0.0,0,0.0,0.0,0.0,0,2595512320,2595532800,1633.793999999994,1417.2769999999946,4.997999999999982,2.454000000000041,38.148,100.0,569.0,1003.0,447.49279999999334,1525.5004000000015,5.323800000000059,2.337800000000011,28.294800000000162,100.0,569.0,1003.0,4.751756,2.129561;1.562867;1.341653;1.234922;1.486381,512.0,9.0,0.0,0,5.0,1.0,0.0,57896.0,2610700288,2604429312,1646.743000000006,1802.4779999999962,6.570000000000014,2.604000000000018,50.10599999999941,100.0,569.0,1003.0,431.3124000000057,286.3598000000022,5.3459999999999965,2.35159999999999,39.014800000000335,0.0,0.0,0.0
512,0,42,0xa1dea049e8c5c3fe50b30a9dda2a465a90097ccf02be50f730a35d1e37b47b24,0xbe3079749cc3e9d8b5dac6d38cbfad527de67dde4307e8935c4dfdb3fd261b05,0xe607b7a949f3396cda87fdb09adb7a130785a2f316e1e4644db7c9ef5125ed02,0;1,0x45c1603bce55d8338c8f4b491f6f6016de19ed8532e1ae1cdb45213dd323506e;0x104f5394422b4122064d7a68ce5c03b95de06e9069b5d4e1055521e36e9d8ec9;0x307eec0a51ba00f5a1a27635f0494d35d2047801a704852d92bc94e173491379;0x758db4fe754e5c57e9b972fbc5eef41a6493d0f1de6fb7c3e1198d511f8a63a8;0x46eb0ff9928e3e5c8c4b60a46131d76de1939719b86ac98c9417c7c0420fcb39,4.399013,3.014195;2.774694;2.387291;2.77182;2.567802,512.0,9.0,0.0,0,0.0,0.0,0.0,0,2599112704,2595631104,1628.125000000008,1480.492,8.582999999999942,3.064000000000105,51.33700000000026,100.0,569.0,1005.0,394.2946000000003,1542.9646000000187,5.530200000000013,2.0691999999999675,30.878399999999946,100.0,569.0,1005.0,4.152452,2.060206;1.510749;1.446321;1.423587;1.375013,512.0,9.0,0.0,0,5.0,1.0,0.0,57896.0,2604433408,2604453888,1618.1909999999912,1490.0670000000116,5.208000000000036,1.5619999999999827,38.08699999999915,100.0,569.0,1005.0,439.2282000000025,247.0423999999971,5.38019999999995,2.2834000000000003,31.167199999999895,0.0,0.0,0.0
512,0,43,0xb7b4c8768d5f740347eb2658e0985094ecd3771fbf6e8f16aa56077480b95370,0xb500c22fa9d4af52ad416db2083a8533e96fbd06ab8fa178a86f08c9db875e76,0x2c5b41de62133426630f07ae1e184bd1c9451162a341bf2b6e69889cbd3618b9,0;1,0x7d74489e577b71bf732495dc32d755f553812c5ef99f16afa765da7da6733d93;0xd7fa056f103d683e18015d010ade5563d2d7cb3e7cd4fb47cfd37608a5a976f5;0xb4c47498b6a3dc6837afbd8f84ec0219121a5b22df464d038b2c1173c0db603c;0x99a6ae8e313d3b71a917d773177300a83fdd1b510bf300c9dcf23f01f1cff010;0xaf857a4f9069f62c58f6d6ae24916a8a52d21c2baa798dc8b9050ab63b5399c4,4.975893,3.190747;2.712159;2.87762;2.673532;2.589384,512.0,9.0,0.0,0,0.0,0.0,0.0,0,2599010304,2599088128,1762.507999999996,1887.8970000000272,8.353000000000007,3.7959999999999208,50.405999999999366,100.0,569.0,1007.0,410.29480000000507,1539.3214000000044,6.101399999999987,2.7019999999999995,32.176400000000214,100.0,569.0,1007.0,4.455288,1.729028;1.839404;1.438168;1.3066;1.271998,512.0,9.0,0.0,0,5.0,1.0,0.0,57896.0,2604118016,2604068864,1648.5460000000007,1764.7209999999968,5.038000000000178,1.6529999999998977,37.24599999999946,100.0,569.0,1007.0,431.061599999999,251.9098000000053,5.860999999999974,2.0071999999999885,28.499200000000474,0.0,0.0,0.0
512,0,44,0x738515403209cc1a881e0df1e87fd9ddaa42187ff4be3493521fa98e95123249,0x51770be47e28fdbe1b03f1d3e289c8da51ed7b659be226ff9a7b189df8ae0e6a,0xbf8e03921d22ad1fdb7f48b97ab0d1159386cbe022ff9c2b2e1eeb53eb41a88f,0;1,0x15f04be33a7e24e747d3080692a57e1d2673eae2144271b9b7061d69e410b74d;0xb204889d7caa16931eb2439089b1cb51d6f20165e7fe1b33a0c611eee3d35acc;0x8c184153c64ea7136934681b97344ceadd537c110dc7528a705ec068ea7a4076;0x0c563709947199c5a3a15cb24abd9c09d0120f69ad8c98845cc9ab2081d248d4;0x077a1535a1dcda94252b6e51bcbe66eef66f57f63da06c530ecb0295d142fe70,5.130868,3.078282;2.747203;2.594563;2.960345;2.561803,512.0,9.0,0.0,0,0.0,0.0,0.0,0,2595663872,2595692544,2075.1790000000105,1592.902000000007,7.622000000000098,4.447000000000088,51.237000000000855,100.0,571.0,1007.0,424.10779999999534,1544.0483999999976,5.568400000000029,5.995000000000002,28.128399999999623,100.0,571.0,1007.0,4.209677,2.105275;1.520073;1.395675;2.321491;1.417678,512.0,9.0,0.0,0,5.0,1.0,0.0,57896.0,2610675712,2610692096,1701.746000000004,1456.1959999999929,4.717000000000002,1.9130000000000882,37.185999999999815,100.0,571.0,1007.0,452.9987999999985,252.16600000000363,5.600599999999994,2.5175999999999585,31.97820000000046,0.0,0.0,0.0
512,0,45,0x7c22529dce79b0ea45ae00dcbfbbac1a07a741743523544f87b3fbe4c11dd82c,0x8c3acf1b44a952a155c91ca0a2180d1729824a185a44ed8a781a21186f611cdb,0x7d3a5028bbfa5a5bfbfafbdadf489faa48b20fb11f18120f3328946e6d61e50b,1;0,0x90ff06d7ba439a23a432ccc59fe8beb9be8c371bd6e87011d8f16e9b64945671;0x2c21180ad41d0e5b22dbe48901300b46b22f3c3b54b40879d0edbba8a28d1468;0xf35ad07b137a2a355f05b6e9808e48668a3cfb8768306441c05d0fc93ab9ddf2;0x7e6ce36c3c99f2b1d1c903c55b6a96bd6cccc7255a0844a100f6bd8f5cf72e5b;0xae14aa54abdae3bad4ada5d7d8edb56d87a3e93accbf88492aae3f8f42d95cb4,4.886719,3.491385;3.946786;2.596681;2.960254;2.758229,512.0,9.0,0.0,0,0.0,0.0,0.0,0,2599428096,2599321600,2235.400999999998,1533.5519999999935,4.8969999999998,2.573999999999979,37.967999999999336,101.0,574.0,1007.0,472.01139999999424,1690.124599999998,6.331000000000045,2.680399999999963,31.9462000000003,101.0,574.0,1007.0,4.587088,1.66389;1.560454;1.490788;1.557459;1.859804,512.0,9.0,0.0,0,5.0,1.0,0.0,57896.0,2611126272,2611060736,1832.5529999999867,1443.1059999999995,8.231999999999944,3.5350000000000397,49.544000000000324,101.0,574.0,1007.0,477.6161999999973,267.5437999999974,5.858600000000023,1.720399999999983,29.5084000000001,0.0,0.0,0.0
512,0,46,0x86553fdff7b1f25ff0d7db999aefbaaf0b19836d9f3066f0f8dd7fb4e302b0d4,0xb179dcbb5c212716528e7e853ec91437235f948905689187973e1f3a9df737bc,0x1a0ca509f04ff248b05f803ed0e71c76f57829cdb1a6defd952a3b4f1d9d27bc,1;0,0xde2134687f2d4f90ae98d1d7dbfa46fc7eec2b4ea1ffb9404849becd8ddb8f1b;0x44ce272efa1f4966af056b906e709b027f063dcc5fe25c2f3ddd1c79c7fb0b6e;0x888c7d56a1aebdf3bbf9ad9d2685b42d3acd500f6681e292da05d7fc523cf9be;0xb954cefd5c258eea925a55d681f43c744cd1cce36963149094c1e901ca22930d;0xd7ad1f17194dcae336d70849a50d4337dd5c3eb5ffe416facacc0a8f782cefbc,4.910185,3.210682;2.84442;2.598759;2.595094;2.457956,512.0,9.0,0.0,0,0.0,0.0,0.0,0,2600271872,2600067072,2165.731000000004,1577.5679999999736,6.559000000000165,2.7350000000000203,37.94699999999998,102.0,584.0,1007.0,404.15140000000235,1536.3006000000066,6.22360000000011,2.604000000000018,28.382999999999882,102.0,584.0,1007.0,4.948993,2.32059;1.813675;1.732342;1.467473;1.310987,512.0,9.0,0.0,0,5.0,1.0,0.0,57896.0,2611720192,2611949568,1990.4020000000023,1501.3239999999983,6.038999999999784,2.3930000000000566,80.45199999999996,102.0,584.0,1007.0,491.23299999999654,337.14839999999805,5.546399999999986,2.4360000000000617,39.58339999999977,0.0,0.0,0.0
512,0,47,0x00200bafb9c4ba15692e75d198c5ba55c7b327243234bcbbbe7643144ebd1c56,0x6dca17173d93bcadbe37a90a000c022f7daaa139f1073d839fb002784f47817e,0xaafd39476e5e08fe08ba7e3e91d93c23600f97f08b5210af9ac383d0486e4ad8,1;0,0xdcf274e594d20e8656f9b351b0ea152f0141249c6831d5a0d0879f1e2602ee85;0xab5600e358b4ba23ed88b21c732bbc8639d391be23f0d8c42f52b7f4b2957b14;0xb4f2bf5d470c4690d31c1d4554caddf40f8fe55d9c9a9f4561d2c888d28fbcd1;0xc1145c802d7a015f810a069f37f786650a2b1a45cd180f69b8b8923d17fd2da1;0x0c44e68760df20aa7ed45e9e3214e12b4b2075c11d072ed5b4a08d8875d2ff55,4.158301,3.157842;3.571936;2.469104;2.955306;2.503946,512.0,9.0,0.0,0,0.0,0.0,0.0,0,2602057728,2602237952,1560.0219999999943,1413.8620000000435,5.5089999999998955,2.583000000000012,38.88800000000081,102.0,584.0,1009.0,402.5351999999982,1645.81199999998,5.825000000000014,2.114999999999973,33.095799999999926,102.0,584.0,1009.0,4.859298,2.057292;1.636948;1.350176;1.391719;1.382886,512.0,9.0,0.0,0,5.0,1.0,0.0,57896.0,2613075968,2613104640,1824.5309999999904,1671.7709999999886,6.028999999999844,2.7950000000000976,49.5949999999995,102.0,584.0,1009.0,421.9623999999978,261.60480000000376,5.941199999999913,2.5238000000000342,32.0804000000001,0.0,0.0,0.0
512,0,48,0x09e62f7f26a040fc36db6f3a63d775c7c0c47907016b0ff415d36d5f219a5758,0xd4db00ff50408abb2988dd57e48dbcefb77ed30a30f4237e45032f89de96346d,0x9ec299cca69a5312a3f241dcc1503a6b5d100d6a50dd9f34a8c9cf17a8bd26f7,0;1,0xf66badb3eb18ace54f7bd29a2af625ff6ab9d5977a31e1d6f9eaeea0f6634cbb;0x66238cdf178bdab7b5ac5a9d8256c2d865a288dba61c317fc81d66ac772fbc94;0x9f0d16a9b1fba5d36a74ec4d9aa49aa3653eba7b3c550c49588059f6b5de8b34;0xcb3a789fe9da8e0f05104de532c84640a48c5d6ea79a901d0fe83fe68bfcf1a4;0x61cd78b190a4a67c914744e3e4712aa496733e39237553c2ee9a53c0e645c9ec,4.936344,3.490453;2.769606;2.993914;2.89814;2.680933,512.0,9.0,0.0,0,0.0,0.0,0.0,0,2602328064,2602385408,1714.1340000000062,1615.4360000000256,9.143999999999993,3.4749999999999623,215.9060000000001,102.0,584.0,1011.0,408.35760000000334,1608.5473999999822,5.9730000000000025,2.039399999999997,31.611799999999718,102.0,584.0,1011.0,4.494317,2.194569;1.471629;1.461849;1.499381;1.454043,512.0,9.0,0.0,0,5.0,1.0,0.0,57896.0,2613768192,2613796864,1694.0049999999985,1700.4039999999886,5.587999999999947,1.6729999999999956,35.423999999999175,102.0,584.0,1011.0,462.10060000000385,285.6605999999984,5.312000000000024,2.341600000000006,32.14620000000015,0.0,0.0,0.0
512,0,49,0x11e036febed69b2f056800b9e2282ff969c197463854e0136205b8b80bb02792,0xa55f9dadf1a4d66a0b355b150af1b3246dd3e77b3268d1ba5dd6de5dd972a9a8,0x2d42eb53ae65b09735a38e9a03c029d531a2cff126b79d45de4e9b2283bb222c,0;1,0xb0f2641bfd252148adde2f1609dd1b99bac7a4ef411eb9efec7b0ea4c58dd9f6;0xc52802a21bb42369beee29f83f808ab0c7f7a7e208a00fe661ed881649254778;0x3e60f1123d5f9fcbcc1a8200f9aaff8ea13ad728f54a2fc0bb5da5a7d2b56b63;0x19e80ded96777e8fafc9e6313de7a4b544d04a9d18bd7488bc43992df3b00f48;0x251d2753f4c51956eb49f24760b96a7a5c3dd5a80d20838f3fcf505fe1bd2bcb,4.774199,3.619538;3.081546;3.857977;2.677447;3.18335,512.0,9.0,0.0,0,0.0,0.0,0.0,0,2602397696,2602397696,1732.3919999999994,1697.7000000000241,7.300999999999922,3.3150000000000452,49.936000000000426,102.0,584.0,1012.0,431.19439999999565,1914.2785999999746,5.9408000000000385,1.9632000000000331,35.41760000000012,102.0,584.0,1012.0,4.210479,2.607617;1.609627;1.472931;1.452821;1.562806,512.0,9.0,0.0,0,5.0,1.0,0.0,57896.0,2613805056,2613858304,1571.6199999999958,1500.9940000000056,4.535999999999863,1.6729999999999956,36.92500000000015,102.0,584.0,1012.0,473.7879999999972,269.43819999999954,6.197400000000023,2.882399999999978,35.04900000000019,0.0,0.0,0.0
512,0,50,0xe22ff0e609d3f30873cf2fbbfe909640ab1d7a0fe9a039250aa47e7a9075f386,0xeb112948be678b80ea5be138946fa343ba459872540501a5aa55c609fff83f74,0xac37128a09252c665720d0796f26e4f51111a77eff260c65583b7888ab7f7b77,0;1,0xf754f46217a65ca00f5f99bdb03fe24be2ef7cda2e2050f01aba82accbcb151b;0xbff62777ad5970200ca13e8047a74c4beb9094d13bb233aad6ea1b017ed22023;0x5ae9eeaf71c0ac1028842cb0d3fc5c956366f74e8db6d40cdcefbca848894040;0x9310632042f2f13888b4b557ee502056e7ac6626e9d994e23ed18a7fce0a8eea;0x7be04bda41ada5509e5d9439c369867cd5d8a4b5dafd330a87f228a1808b70b8,4.680147,3.278163;2.684127;2.407921;2.426699;2.411647,512.0,9.0,0.0,0,0.0,0.0,0.0,0,2603089920,2603315200,1846.3539999999946,1477.1169999999722,8.462999999999786,3.8259999999999597,52.0279999999991,102.0,585.0,1014.0,398.6554000000031,1433.3611999999719,5.576400000000068,2.3795999999999977,34.886599999999625,102.0,585.0,1014.0,4.481307,1.630269;1.453812;1.340692;1.288102;1.280761,512.0,9.0,0.0,0,5.0,1.0,0.0,57896.0,2614087680,2614476800,1641.9159999999933,1572.8309999999967,5.227999999999917,1.4530000000000012,37.28599999999922,102.0,585.0,1014.0,386.50479999999817,234.38520000000352,5.375999999999992,2.4698000000000513,28.82539999999982,0.0,0.0,0.0
512,0,51,0x7bd3bc1e13e81fc2e0e7dcb7aeaef7b704ef0953c63a5701ad23354895696855,0xc64d1ee1d1bbed595c37bf63098a564c2e8ffbd38cc5950f6879bc837695c363,0x56a4c7a70683d81a6b8f289c80c011c69f00c5098e80e26efed9d4dabf5ec900,1;0,0x4df332d70ce92f6ca0a63bb5e9fddf60b577aa17550852430f79d8a92745df5d;0x38f98deb6407c22698c4d98d4940d2cf88f0963d1447fc58ab386efcaea31568;0x3cf1b069937b12fb7d4c43f77f2be403dca6d656555eeb062a56af36685e4e2c;0x9c421256aa7d323240fc356acb22ee32e5278831de9d575c27532c77167ed34d;0x3feadba94a6c078939bb75432b70f7a2230f873b7137c95f9d08badf6783413b,4.653287,3.062318;2.814043;2.476595;2.534992;2.69591,512.0,9.0,0.0,0,0.0,0.0,0.0,0,2603642880,2603757568,2041.5280000000146,1445.0590000000263,5.808999999999849,2.192999999999943,49.21399999999881,102.0,585.0,1012.0,409.853799999993,1456.680399999999,6.020999999999978,1.8887999999999459,28.440799999999296,102.0,585.0,1012.0,4.983615,2.124744;1.543567;1.654695;1.48555;1.310797,512.0,9.0,0.0,0,5.0,1.0,0.0,57896.0,2614550528,2614575104,1810.6809999999807,1888.047000000004,5.7790000000000274,3.7049999999998975,51.186999999999415,102.0,585.0,1012.0,451.6388000000094,307.5160000000021,6.638200000000025,2.8240000000000123,39.04680000000014,0.0,0.0,0.0
512,0,52,0x61167e69f8a9bc21b46b8770f513d17fcf7016c27f0792596dd825dc6f01410f,0xcaaae7860f47123ef0e1413c43b411d95db2f346f695062af709ea099e318faf,0x1b37796dce3607936fd99adcedb85f78dc0828aadd3f81eb2276709afb013ed4,1;0,0xeeeceb1f7f48b596ed822e94a974ce428d2f95f898363bfc5bbafa2ea4e63236;0xa4fdab6a7229795d3e19ea4737ab61bf46923dfd5d3e02679dff54d665b95708;0xb44320b983ce6acfd0d7bf43383dfe5af155c03607a780bb940912329fc8db4f;0x99c725b13d79d278cf8dc680278941e89d5395442155f45f266628ddf8116bea;0x546480482846be0b69940be98fc222b46814a585e9ae0f237a33a64e09e3b6a7,4.395238,3.774221;2.841796;2.676536;2.501572;2.471526,512.0,9.0,0.0,0,0.0,0.0,0.0,0,2603962368,2603974656,1721.9560000000245,1571.5499999999772,5.467999999999792,2.623999999999899,38.31799999999899,102.0,586.0,1014.0,403.3904000000033,1519.5651999999836,5.867200000000007,2.161000000000003,42.72060000000064,102.0,586.0,1014.0,5.844842,1.819123;1.691941;1.385569;1.389666;1.652431,512.0,9.0,0.0,0,5.0,1.0,0.0,57896.0,2614575104,2614661120,2379.4779999999905,1687.2440000000045,7.38099999999988,2.623999999999899,49.31499999999943,102.0,586.0,1014.0,437.5759999999951,270.13700000000364,5.500200000000017,2.519799999999971,41.63480000000004,0.0,0.0,0.0
512,0,53,0x593a0abde3d51396928fac7534c38e8cf2c8bf22cb2e25fed2607977c7df8c82,0x8bd1aba721088918d95e8248d5faf4eb00c3232735c38e8f01b6a1f2f2be61f3,0x15e3270aee3dd54355398afe85e5a6be9532e0f0ed08c1b57765be938ba06a6e,1;0,0xdf7a3cc44525058faf02c9e5a0f193222addd54042fdda1b9426a4d6c1aeb838;0xdeff1f4a4d7bf8a45085126830accf0ee241bc7b26db0cdd2c871dc872495820;0x9fee7687df2a4a41ede85f39fb648b6aeeab5f051d6ef3649d345d516163d6d1;0xe3e4ef4e2d15f2c5e211741259f03275d7bf544510207907f61a19b6a4c9122a;0xe3c8738b67c6949cde99b27dec8b823f1dad14f907cc269afafa117b92ff3701,4.425944,3.093164;2.673871;2.469764;2.484166;2.473119,512.0,9.0,0.0,0,0.0,0.0,0.0,0,2604548096,2604564480,1850.8110000000077,1454.3329999999744,6.599999999999835,2.554000000000098,38.70799999999841,102.0,588.0,1014.0,394.25060000000127,1429.399600000014,5.494400000000035,1.6328000000000351,42.397599999999954,102.0,588.0,1014.0,5.108743,2.38048;1.680474;1.47223;1.30006;1.390447,512.0,9.0,0.0,0,5.0,1.0,0.0,57896.0,2615222272,2615320576,1851.451000000004,1817.170000000007,8.10300000000019,3.0349999999999735,49.634999999999266,102.0,588.0,1014.0,468.03180000001277,295.26320000000106,6.289599999999979,2.8379999999999725,32.35659999999939,0.0,0.0,0.0
512,0,54,0x469a67e34b1cf285757b3f9f9317279c752edd1bb846bdf9dd277cdd2168439e,0xec282b39b4b72634dfbf33bd233476ee4ee23c93ab597fda9cdaa192e19f6238,0xd43fe31c91bbf5ed851ccb2623a9ea56bd076c81b36310b52f3d0f5443e8c84f,1;0,0xf3c41360ed527be99ab65b5dca437756948ccb76073519e6685d7620cc444cee;0xb0ab077f65835a864990112eee2a4956e54ff0d1ae7ae8f83d2d11b7b004f4d2;0xa697abcb1439ec74f80fcaf35a508773c1f4c225412a661b8653ef35f1d48fed;0x045918a1812a7954ae4d0de38e30e283c27ddb3647733a0405ae522fea90ca31;0x5a4a3a206feaddad965715a216ac73b56bece472c3093a651b99364ac1a8f466,5.589929,3.687861;4.338942;2.708885;2.620712;2.525769,512.0,9.0,0.0,0,0.0,0.0,0.0,0,2606034944,2606215168,2693.4009999999844,1545.3500000000008,5.629000000000051,2.784000000000033,39.859999999999204,103.0,595.0,1014.0,407.91740000000186,1870.6209999999946,16.669200000000128,2.4378000000000246,28.73959999999953,103.0,595.0,1014.0,5.271349,2.376133;2.217884;1.986265;1.828988;1.64461,512.0,9.0,0.0,0,5.0,1.0,0.0,57896.0,2616078336,2616164352,2398.275999999977,1580.1530000000007,6.410000000000096,3.0740000000000456,53.069999999998814,103.0,595.0,1014.0,555.4956,354.32240000000115,11.839800000000045,2.896399999999981,34.35540000000029,0.0,0.0,0.0
512,0,55,0x0e9f050c37a7b2050b264e39b27f0b198602f286c7fd7d8da3839495fc735b73,0x47729d9c7e7047a5b1cdc0cd846a2e1dbac68576c8828dda9bebcf4358420cdb,0x379074790a58fe369007f8002ba6605a8cf90fd69fe67cdc2ef5311fb8e3f02f,0;1,0xcda3528cba04619c8a870d180be71b772fd9f8c899792f529f56f41bb5d1a0ed;0x1bdabe09e73273f48f37141e73f188a44ceb5506e39358c7bd80443a28f5ee2a;0xe1fba9485d9e0e191c8cbb236b4ac42319f963839eed1e28f488588baa2217c7;0x8cfff17ee96b624514bf9596379fdd48ccb8c274d78467dbe60cdbbd57aa6849;0x84961e41c262c67a03f4638405ffc967d64b73819e236386bab94ef913861e08,4.758675,2.963679;2.650106;2.545858;2.870038;2.412588,512.0,9.0,0.0,0,0.0,0.0,0.0,0,2612498432,2612396032,1885.803999999991,1546.4520000000314,7.371999999999847,3.465000000000022,48.684000000000225,103.0,594.0,1014.0,406.21839999999133,1475.9595999999988,5.790599999999993,2.221600000000025,28.23259999999994,103.0,594.0,1014.0,5.017205,2.24822;1.682197;1.477538;1.315103;1.375104,512.0,9.0,0.0,0,5.0,1.0,0.0,57896.0,2619695104,2616442880,1477.4869999999996,2160.316999999995,5.178000000000214,1.9429999999999101,36.894999999998596,103.0,594.0,1014.0,486.45720000000114,256.3601999999998,6.15959999999997,2.717999999999991,35.43160000000004,0.0,0.0,0.0
512,0,56,0x60f0ee2774ee52f740b3270199325ea8709d28d08600f7cf13acf26bb4cf7ea6,0xb0f193dd5e2fb96457f386e7b2309eca8e1fce152ec14c34392c691d232ff933,0x2a0ac776a35f64e856889329674c32b49ae31dafc7f83ffac6be63fc5987e03c,0;1,0xf685854dc94e3469da44021d96ccae408615847e51fb43ed1715c1bd8ed88868;0x9e571c5d4805755023a3873222a13ddb1042c20c51044fe01fffc1db6730bd09;0xb4674b2170183ec9c5dc9195e46d4bd299222117488cc4eab90c797f8bd7b89c;0x0c1ec7be285afd5345a20a4ea9c8d98f4c94491e8c8baefaf0cf46df190dbb91;0x6b2fc80c5b05cc0dec0ca118cf55f424f64280abcb0ae0798a36edb9a7aec726,6.898732,3.7899;3.142709;2.86467;3.122137;3.432626,512.0,9.0,0.0,0,0.0,0.0,0.0,0,2614198272,2607570944,1706.123000000004,2788.4649999999624,7.450999999999898,2.8840000000000896,81.10199999999956,103.0,594.0,1014.0,498.5279999999981,1746.1367999999977,7.264799999999981,3.3627999999999956,39.67780000000074,103.0,594.0,1014.0,14.604421,1.757881;1.573838;1.26011;1.289644;1.483517,512.0,9.0,0.0,0,5.0,1.0,0.0,57896.0,2619908096,2620387328,1789.1569999999856,1647.7950000000073,6.219999999999923,2.623999999999899,39.43899999999875,103.0,594.0,1014.0,421.3572000000054,225.89239999999953,6.307599999999958,6.2256000000000125,36.37100000000032,0.0,0.0,0.0
512,0,57,0x6d455cff0d3ebc2bfc4390b5d62c24ebe34b5dd8bf982bfabcb7e0f3c4b8c140,0x2375037d2dccd25180026fe6bcadec066c4fd7b99af8f227b945f02b853186de,0x9d715715f9b1194002ae2a749ed7d703440b2923e30908de581ce5b171954ccc,1;0,0xbc418125fdb7b5fc466b51681a0cf823c6e80702d8f14eb716b5212bd8339e27;0x3b2a0851e0b2dfee2344decd3700a4f68118d3ac4c3643c3ad46566e5feed24c;0x3722455a59a4ed45c1c87e43482d7406777d9ef37bb5cd501900cabb6c9f4f7d;0x862bdc9f0b3e0af63e03a6c3fc1d152f64a303b8091b0c370319feb7537a0458;0x804dceee360542647f0f27ed7292cf7ea6ef5dd6fd37229364a50879b1068fea,4.723318,3.396271;3.113725;2.641042;2.576565;2.571398,512.0,9.0,0.0,0,0.0,0.0,0.0,0,2615267328,2615623680,1799.653000000012,1616.1569999999515,6.16899999999988,25.969999999999942,43.8060000000004,103.0,594.0,1016.0,400.22560000000374,1499.1165999999723,6.193199999999978,1.8545999999999927,34.46439999999981,103.0,594.0,1016.0,4.92437,1.95644;1.495365;1.404408;1.320341;1.269524,512.0,9.0,0.0,0,5.0,1.0,0.0,57896.0,2625605632,2625826816,1639.402000000012,1538.0989999999872,8.401999999999802,4.216000000000029,81.89399999999902,103.0,594.0,1016.0,416.29800000000387,287.2352000000078,5.8066000000000715,2.315800000000012,32.08079999999988,0.0,0.0,0.0
512,0,58,0xaf93e6a37e8ecefe88d37f04a9d28fd1c93d1ad8765dab0e92838f20c3c893a5,0xbf0f24c15630c5f4b96d33d8f59972f777b4ce57c17d77b626f057d67fe9deaa,0x361d05d6132627799ebb5fe285d4e2792ef8fa45ebc8718201bf4f7756da7309,0;1,0x9fb12670dbefb63172a2f0fe61a5d88d13cf13b511e9b26a5120efc5d460a240;0x0743cf490ea54c1681399a72b95b0a6130ddd892c8e61eca32e7bcc94332b612;0xed2957b649436b616be5eff104528325c0e72b7b4ae31dde16b3b56a68d6495f;0x35e0fc8388758babaa8778e32f31b3d888a19ade9670f5648cf0d99c1b7ace0f;0x8a1d6c1997ddcae718e7f31643bb7a3829d18cd3be7ff4f6572f393295015b2e,4.860649,3.124456;2.856437;2.755205;2.538293;2.430375,512.0,9.0,0.0,0,0.0,0.0,0.0,0,2616229888,2616397824,1749.3279999999945,1593.1719999999762,7.750999999999852,3.766000000000099,51.82800000000029,104.0,599.0,1016.0,386.67899999998974,1475.7735999999966,5.938799999999962,1.888799999999989,35.13100000000006,104.0,599.0,1016.0,5.154542,1.900045;1.679682;1.480092;1.23376;1.255753,512.0,9.0,0.0,0,5.0,1.0,0.0,57896.0,2627473408,2627538944,2226.0869999999877,1518.4099999999978,7.061000000000046,2.873999999999932,40.460999999998585,104.0,599.0,1016.0,446.639400000004,243.16879999999875,6.257599999999995,2.588199999999964,31.85179999999968,0.0,0.0,0.0
512,0,59,0x65a6584f8aa28f04114775a80b4f5d70fdecfa4928ca6c2d38fdd914246d6c95,0x3847fcfd06d6e80e84e42d1d59008daa495c63b8b9a8147ff40192362f25f4b1,0x2d537eb5764cbe457778dc6d0088d871d75a312ae9b5d6febf16886c13bac55d,1;0,0xe14f63bc991d9f8cf6a2a483dcd7e9282351e7c05c845638134e9f7f4214d839;0x5e56288d1be9d18c92e85900a5576ad10aa37cef9d6869e3c960b243fd39fdc4;0xbe941ea7969ebb90e997ba5b40cb2e1d09d3a5765576d5ef62110ead97477f81;0x9a723b6783c63ad9d18d80f416b1c6bfada3d328e8976c7b530ace4d4ae19712;0xd6cfb5b5c8e19fc01d2873ff1e54fc3e4bc4559268d1e8f6f1c479c28b4cfbf2,4.322748,3.354388;2.774062;2.444546;2.646471;2.474832,512.0,9.0,0.0,0,0.0,0.0,0.0,0,2616397824,2616422400,1591.6000000000263,1682.2170000000415,5.618000000000203,2.4029999999999974,36.11400000000028,104.0,601.0,1018.0,451.68319999999704,1440.8064000000163,5.743000000000068,2.0727999999999804,31.555399999999565,104.0,601.0,1018.0,4.659276,1.632241;1.433642;1.349295;1.549647;1.310777,512.0,9.0,0.0,0,5.0,1.0,0.0,57896.0,2628554752,2628648960,1831.5469999999889,1510.237999999997,6.17899999999982,3.0139999999999683,49.173999999999054,104.0,601.0,1018.0,398.05800000000113,241.34379999999902,5.8468000000000755,2.38359999999993,27.53319999999962,0.0,0.0,0.0
512,0,60,0xe7f8d8600da2c114f110d1b9623501a99a52694baa6afefc0adfbf1caa575e45,0x663cd483f77d6b4e91a8ba71569787e748dbab7da6b2be0d16e952d4b0f8e1a1,0xc382cf1e791a93d8e241af0d76ae8fbe96788da0b1474dd704790b0119660cc2,1;0,0x5490f8c8fe2fd3c6f20b465582f0cf96d50c9a3b82e62d0c6f49cfea8d0d2be3;0x61ccc2bdb8f0d2d6ee1afee3ad425cfe8be2b25d7e9e060fc74c80265aa45aa2;0xa33671c8107674f57ff1e516c6cf5435e958f98f42d396473bd78e9da535357a;0x6f9855031f01ead4a0e25d1afac9914e78c648006f244e9de1639f352b221320;0xcea90bc547d53571d81c23c95faba6b8dec93c2205d8adcc962becae68e402a3,4.541363,3.470468;3.240026;2.611288;2.952808;2.489023,512.0,9.0,0.0,0,0.0,0.0,0.0,0,2616803328,2617552896,1798.1519999999973,1501.1839999999888,5.648000000000025,2.604000000000018,36.34500000000013,104.0,601.0,1022.0,461.97660000000246,1487.2784000000029,6.460200000000041,2.45159999999996,32.62139999999983,104.0,601.0,1022.0,5.751688,1.866605;1.515605;1.398084;1.454513;1.570338,512.0,9.0,0.0,0,5.0,1.0,0.0,57896.0,2629111808,2629332992,1728.4759999999787,2161.3199999999943,8.292000000000021,3.5350000000000397,49.96499999999904,104.0,601.0,1022.0,426.6614000000057,278.4279999999972,6.459800000000079,2.5175999999999585,29.053599999999403,0.0,0.0,0.0
512,0,61,0x5f1cbd404f3b50128ba58d722832091d04984cf46d22e48359443f9e27334f24,0x2acf1899032ad58c44c9560326fc089c11ee9718a7a8cc83f3797c71fec7cd4a,0x92e13c842e3300d61a02710a5e33d38c4173af8a586c95d60a52e1b867b574e6,1;0,0x2dbf9d03b06d5522edcb65d5d98cc6476e90053976354786307bba9b8c39aa7e;0xb5a4831618244641b2ad1df869cc9069c4637edde418a1bb64b8acd5d2eb5d69;0x3349e817567008d21ea7553583b8a2bf5e10ac914bd082a943513399f9384429;0x4002ac1f766faf6bcec2fcf0a3904d9578f78d97e5b2d421d227378126845582;0x949f8337f7449d6a85cc75efc7387e8d8d3ee7cd93acf39a340f2cabace7fdc0,4.949615,3.439487;2.699421;2.721684;2.898821;2.551037,512.0,9.0,0.0,0,0.0,0.0,0.0,0,2620649472,2620719104,1971.673000000007,1919.8350000000364,5.769000000000086,2.3429999999999196,38.078000000000415,104.0,602.0,1021.0,441.84839999998894,1487.7653999999964,6.203199999999919,2.5397999999999827,31.30959999999988,104.0,602.0,1021.0,5.711393,1.659402;1.340432;1.391087;1.408204;1.757781,512.0,9.0,0.0,0,5.0,1.0,0.0,57896.0,2632077312,2628063232,2126.0060000000135,2024.1629999999955,6.400000000000156,2.274000000000026,51.09799999999942,104.0,602.0,1021.0,442.9642000000178,270.73020000000224,6.213400000000015,2.425800000000009,28.10840000000009,0.0,0.0,0.0
512,0,62,0xa53c66e87386ecc2bd73ede04824b52017e344d75f6d4a4071e2ed9b5aeeb14c,0x6263ff6515e9b96ee84559e04d98c7474f3dfdcf41839067fe157d84e152b6e5,0xa6b8d43e1a94f963b92a1c753686ba22e0ae85ed54a02ffaeaa9187bca78f21d,1;0,0x434e6941fad142ea86774fa34b0e98b165a98aab67c425c45c2cff12fc95ee94;0x57888b255dd59943953122fddc7c3d4f294172c875cd649c46172091157e4138;0x227e134c5f993d762f606864db9d959e44914c21995419fcfc61d80fa6d8b661;0xc6b9151bfd397f701134ea46f15b3fcd36604fcac6aef4285bb6e122b3b2825a;0x8af37773918e85159033606dce6bb5c1c70c66db652e9ca4200cdc9081f1b7a6,4.627589,3.764848;3.003129;2.572179;2.846903;2.932462,512.0,9.0,0.0,0,0.0,0.0,0.0,0,2621800448,2621919232,2002.4699999999784,1530.3779999999988,5.578999999999914,2.3729999999999585,37.70700000000141,105.0,606.0,1021.0,434.77760000000256,1520.2345999999923,6.227399999999931,2.4497999999999966,32.593199999999406,105.0,606.0,1021.0,4.922613,1.85668;1.966766;1.665322;1.348945;1.928899,512.0,9.0,0.0,0,5.0,1.0,0.0,57896.0,2631405568,2631438336,2027.4659999999778,1551.7100000000116,6.710000000000049,2.5839999999999197,49.475000000000215,105.0,606.0,1021.0,439.2983999999989,263.3051999999969,6.487800000000085,2.6357999999999766,30.619999999999955,0.0,0.0,0.0
512,0,63,0x2ee87b05395a4ca4d4e757ce7dad6602a761e7b7e17fa138cbf28160c2509471,0x768d67c48d80b6b452e07ad25430f0d8ea9646092190118378c8be0d13ab3397,0x56b738a07b7d769c58513355fd2193410d1b04a1f7f31fb02b62d21014fdfe85,0;1,0x0d02910fec24b86c27748f7adf2e68bb5678bdebc2908a815420bd27cfa4d3a8;0x26a2929ea615cad6c7a3bcf6f353574cbeb097867c4a2989356a3ca2c3f9b275;0x495c647a72610a269f92f7e0af7f653d00e5d2cb6776760352814094ee2283fb;0x60d4e97096c282095d2e4408e2fcc14b4d558fc7799510ed16cde9aa1b61648d;0xbfcd624db6bb0c82fe0cd4eea38e87dd05c150099ac359e5f04d21e58c766e62,4.651273,3.540539;3.630165;2.715074;2.700713;2.593962,512.0,9.0,0.0,0,0.0,0.0,0.0,0,2627575808,2627829760,1658.841000000022,1608.3850000000455,6.350000000000019,3.554999999999921,53.82099999999904,105.0,608.0,1023.0,442.71340000000544,1589.2347999999945,6.225200000000048,2.599600000000035,79.61199999999904,105.0,608.0,1023.0,5.57019,2.521262;1.856469;1.638892;1.887186;1.408574,512.0,9.0,0.0,0,5.0,1.0,0.0,57896.0,2638147584,2630885376,2174.0789999999956,1961.498000000006,5.938999999999944,2.7040000000000743,169.03500000000142,105.0,608.0,1023.0,522.1634000000086,286.4476000000005,7.02280000000003,3.164400000000038,33.91140000000084,0.0,0.0,0.0
512,0,64,0x63f3361f0594643a67bb657e6e9ec0d39955dbabac76a1c3c1bd25e18fbb61f9,0xacd48db7314e5cfd22bc10ab9822990d057d4f122380a2122ce563fe7219ed4f,0x4fa0ddc9edb5d050c397cc3b276b0a63c8b11303e7e96df2adbe4c2117abef75,0;1,0xab8f6d106e35da548c9b2392de20c7b094857599b87f66043bcf99d7f5ca7c21;0x9ec282be1834f523a1ff61a96f63cbbb80bc2606124a80f6717402973a7dee8a;0xac1e62c0df410c865d61f2bcb791e9a4a046e745bb4e62c5960821b48b32f30e;0xc9a3c680afb2710644226428680f7b85543ea89035c0d01c763205ab4d9fa3f0;0xaeaee124c5ed515c6911b6b26d3b65803677f3fcc0b272a9cac1b9ee7f1bc166,5.081503,3.344894;2.7522;2.742646;2.888877;2.629656,512.0,9.0,0.0,0,0.0,0.0,0.0,0,2628354048,2628370432,1743.8900000000258,1684.0799999999767,8.22299999999991,3.6350000000000966,50.55600000000021,105.0,609.0,1023.0,483.0462000000035,1538.870399999981,6.243199999999942,2.6537999999999995,33.07360000000051,105.0,609.0,1023.0,4.84735,2.169581;1.816609;1.868378;2.43359;1.469616,512.0,9.0,0.0,0,5.0,1.0,0.0,57896.0,2625884160,2632376320,1574.3850000000114,1818.5119999999943,5.759000000000146,1.8520000000001036,71.33800000000065,105.0,609.0,1023.0,701.3675999999914,305.1706000000043,6.866600000000021,2.8360000000000274,33.3482000000003,0.0,0.0,0.0
512,0,65,0xcd4bd3c5e65094151add3fd502e81e5e44fa36129c1218187e93b3ccde93a7c0,0x2965b7a3e5497e6efb767de37bd645685c90f44870956ca5b8f2837ae35fe5e2,0x626f817a43beef006ea9d4d4040ad9a6b8e53b4beaf5824d4b65e090f2f0d061,1;0,0x381726eb6573bd20d63c96f9f374713f99e062d0b4afff28b52f8b99b663edd9;0x422fd2181c1f4d2793345ba113a456b6af3a21277bfb61d566b0db91d18821e3;0x7d7e237d0e1b06eaa82cc25d5bc5feccc0aa2d57ec3847caa72d6b7f279adde7;0x092f894e3e87c071ab8d7de30fe644b44f9b3790b098d2116bbc036df917258a;0xcc2266f4f23fe927f0d18f5dc70621627b3b3c931bd8bdf68c6e8059f75ec469,4.264731,3.531766;2.790277;2.737548;3.01403;2.551888,512.0,9.0,0.0,0,0.0,0.0,0.0,0,2628886528,2628943872,1603.9589999999882,1496.5270000000253,5.498000000000048,2.573999999999979,36.7559999999989,105.0,609.0,1023.0,421.59939999999455,1619.8727999999994,5.885000000000004,2.213399999999961,31.413199999999478,105.0,609.0,1023.0,5.030266,1.738491;1.468234;1.485951;1.453061;1.400942,512.0,9.0,0.0,0,5.0,1.0,0.0,57896.0,2640486400,2640773120,1774.8960000000259,1606.0519999999967,7.772000000000074,3.1939999999999835,50.354999999998455,105.0,609.0,1023.0,466.1808000000045,251.79320000000558,5.712199999999973,2.411999999999987,28.553199999999805,0.0,0.0,0.0
512,0,66,0xb054253f19e95ae79a3a0178560d5e18952ce2786b4fb3951e0cfb22e00aaccf,0xc5c215920fd461db48bf0c9083b653a252dcf4e49e3397dbce839ba66454f01a,0x19ffb01ba6826645bf7f7541cc699daae424fca1d10ff3c1d2a4b8c6dc7e657a,0;1,0x20fa2ca685773d2d656bd19969379f06ec0956c299d57e5659c64211d51012b6;0x545588031da348b623d3b20e9e564fa1eac3a91e7ac2433f52ba95b602985cdb;0x695d39bce745c921bdad72ff5114d10cb46b5736d02a19fa005a080809fdabd7;0x7f76f2e0956254ba6ff31dff6bda40ebbfc28859779b1f3666efe908ff25431d;0x4a7bba890392ea5307d87f8218adcb920fbeb70d8e0d0cea750b2cd9e73e9722,4.901381,3.510654;3.626483;3.191303;3.990848;2.646481,512.0,9.0,0.0,0,0.0,0.0,0.0,0,2629259264,2629439488,1920.385999999996,1499.9319999999816,8.00200000000001,4.026999999999981,56.105000000000736,105.0,609.0,1027.0,506.0289999999967,1721.0171999999968,7.7495999999999805,3.1168000000000253,35.445799999999494,105.0,609.0,1027.0,4.731631,2.111404;1.583659;1.840175;2.213618;1.614624,512.0,9.0,0.0,0,5.0,1.0,0.0,57896.0,2640646144,2634293248,1816.6099999999963,1679.472999999987,7.322000000000144,2.7939999999999734,41.993000000000585,105.0,609.0,1027.0,443.2321999999989,273.0695999999977,7.557600000000081,3.811599999999993,34.6486000000007,0.0,0.0,0.0
512,0,67,0x4dd60e3c6e09c7bfae7bdca38992c760f9517bddc0831fbe9f5c84021f3fd845,0x392d87e0b2c950757193b3db5323d93b440474627783c96a2441e478026b1edd,0x73847ef2219a03370ff190662a0e83e4d9789f7c22af43342bbcfcd1f29639f3,1;0,0xe2f522f8e1eaf3c55d6dfe3305ebd8166a83dd734e99bac36083e87c22bae379;0xa46ce663c8b1f42efbedd31c625ff66789bbab22bdf4c90576b988d1fa34e9ba;0xbb71b1ccd1b4f003ed1807efb082ac895ef93195c9316ed90946b4f385bf3799;0x61b4fdbfcd4c0bd740417cb176ec6ab3148855b04325687c55700f79aa8fd6bd;0x30f12c1088dba1602165ae5b3b1e12846ba92da4a9dae5761615ed53e1b109c5,5.02626,3.596523;3.673059;3.735754;3.621912;3.579849,512.0,9.0,0.0,0,0.0,0.0,0.0,0,2629603328,2629853184,2201.3289999999743,1620.5240000000122,5.498000000000048,2.693999999999917,41.05100000000028,105.0,611.0,1026.0,545.6766000000001,1892.4018000000096,27.74560000000006,3.79359999999997,41.995200000000814,105.0,611.0,1026.0,5.338951,2.152827;1.952955;1.725392;1.512972;2.333168,512.0,9.0,0.0,0,5.0,1.0,0.0,57896.0,2634440704,2625949696,1930.861000000006,1590.539000000002,9.01299999999999,3.5460000000001046,52.10900000000157,105.0,611.0,1026.0,578.8408000000023,267.6055999999927,8.29220000000009,4.420799999999958,42.23760000000021,0.0,0.0,0.0
512,0,68,0xdaef05048581a38e1d61b49ce351c466b6c13cf81248577187aa9c81f6f213ae,0x533accb1e5eba9cb4d8667ddee21e5f922a949b8bfbd0b0dfb6aabdaada043ad,0x09756844d6b023d5d3d627765a8ec8b65d6f57d3734aa4b7f7a6bbf0d85f5dba,0;1,0xe3c7c7340f3ff6ec92247ac2b57a1604474ff0c9727a550f8cae5fd66fa5f9d7;0x0f8d1ec88ca89fe24c7a4ddba1a49719a0ad9aefabad68335fa6d9091970f6dc;0x11bd2ea09cdfc68abede930afbee5cc3bf12b61123064adb1a567eaaf0a9b0fb;0x13a9e65c236a55f2af748d45877bc0b3f3d67322e6b38f81054a0a1cac81f92f;0x98a9a0b9e008b5b22927154356f9c3db99152923e1bb345ab5719b13a1e3b6e5,5.480695,3.222129;3.866981;3.235189;4.550552;3.232624,512.0,9.0,0.0,0,0.0,0.0,0.0,0,2629910528,2630152192,1909.3090000000257,1692.6720000000062,7.361,3.7360000000000606,65.80900000000001,105.0,612.0,1028.0,471.42119999999954,1873.1966000000045,12.512599999999884,3.3349999999999698,38.01339999999973,105.0,612.0,1028.0,5.593536,2.563476;2.146467;1.795988;3.333907;1.873815,512.0,9.0,0.0,0,5.0,1.0,0.0,57896.0,2633265152,2633146368,2258.715999999994,1739.582999999989,10.045000000000194,3.444999999999924,49.21399999999881,105.0,612.0,1028.0,809.3268000000098,277.6268000000082,10.337599999999963,5.6166000000000285,40.60339999999996,0.0,0.0,0.0
512,0,69,0xb6bc475aa8764a8c8d2ed780737188fb08ce10688a46fea76f5b3b318a9b8370,0x1bc41d0275e041e4f9a428ab4e355a23f9e9defff6544eb1c9107501bf01abe9,0xb00ca780875f761c20103abe69b99306a624dd4e3a8f60b4feb21292fab11d38,1;0,0x2aa5ea7c6c4fd0ca6bb45edbc0a10e9b0d74b4a5a41205c10379289a27c16821;0x5b54cb3e6ad87b3ebee4412054dda3c3dd344384e0a34d587e60848da555ee47;0x9375d612d42bedde98bb2109fca6575bdbd71624ef1a1138a5f7b276b1f8e3c9;0xb45b51899cc5a89862676f56e8d3ae259bdb1da049a16a4e2400708ced3ac5a9;0x38af5bfb36d3727b2d3371cb7cdd11cdc737e5d13749b47b4103c0f0c0a02fc8,4.572095,3.178323;2.967495;2.987154;2.813603;2.868636,512.0,9.0,0.0,0,0.0,0.0,0.0,0,2630483968,2630537216,1754.8170000000196,1455.7950000000374,7.140999999999571,2.573999999999979,46.899999999999025,105.0,614.0,1030.0,421.8842,1540.4830000000036,7.858399999999786,3.549399999999963,37.87519999999961,105.0,614.0,1030.0,6.806604,2.254189;1.757941;1.851171;1.696158;1.978464,512.0,9.0,0.0,0,5.0,1.0,0.0,57896.0,2642837504,2643075072,1894.3770000000027,1880.8760000000036,8.30299999999987,2.594000000000077,52.32900000000026,105.0,614.0,1030.0,489.6924000000081,261.17379999999747,8.681200000000034,4.561000000000018,37.93920000000061,0.0,0.0,0.0
512,0,70,0x05806eb024e2c0caac49473bac73b74aaeec2854304ba4ab7781921f20e2fcc2,0xfc7a94f70d934d52d663ef9d5340c3f134e80c729ef93a4643a9f7c34f5aab2c,0x30b3eb01d85a6bc847566f59b459108fcac43d48017ab1d405c16622063a54e3,0;1,0x4c42c6fdd778e6741e6cb07b34e13a11f7dba389bc67bccb286c72b928255a41;0x6544cb6d16a05c5742e94e2339d321218a198ae67e55b249cacaa9eb43f077be;0x19cb288b2dcba15e013ec040fc2618c903621fac569351370206f90a8a53c519;0xf7e0cab77c24356a01972836a196d5e154bad4360bc2d44ca865c3895f6a0fab;0x4bb9d6b6e4d83cc651d94a3c874158dbf9cd1afe6f78ec7f145a75ec720d6f33,5.149365,3.951118;5.854339;7.796807;7.2151;4.194466,512.0,9.0,0.0,0,0.0,0.0,0.0,0,2631118848,2631147520,1860.1050000000007,1745.0909999999765,7.852000000000032,3.1549999999999114,52.278999999998824,105.0,614.0,1030.0,735.6953999999915,2843.934399999992,10.852199999999979,5.524399999999987,41.47660000000039,105.0,614.0,1030.0,4.705215,2.75474;2.651788;5.104562;3.414088;3.013339,512.0,9.0,0.0,0,5.0,1.0,0.0,57896.0,2636316672,2644836352,1752.662000000016,1521.2029999999988,7.260999999999726,2.763999999999935,45.60899999999854,105.0,614.0,1030.0,661.4234000000052,371.38399999999683,11.165000000000132,12.160200000000016,84.07300000000048,0.0,0.0,0.0
512,0,71,0x61f364bc9010b3963fab0b4d001d33672f6e87ec8925747f46997147c819b302,0x98e116d89189f0b4ad931464c1d4219d5ccb55bd01091315337a6f1c3e919409,0x44a9788fca16c11e52f3a8fd2431c8aec5c09ac2152c9caff163455cec6024bc,1;0,0xad1de90c3133ec7f869f7e8cff2baeddb3ffd5abb50050aa6463b80887fcb387;0x75a236ce6f2071e9241feaa0321f11f2bdb9cad07f5c974f3bfd9bdde891acc6;0x99059069314b097ce58e6572c87840e04e6838ceb8308172b1009b2aa4ed8748;0xdfa7fd02e79564fa7c1754052d7393d6bf3e8681ed98591e45a71466804afd69;0x68f0779dc9d7bf09a0dee37b372680fb953dd7329522a54b13ce3588f832b62d,6.091365,5.082012;3.098752;3.124426;3.507248;4.606646,512.0,9.0,0.0,0,0.0,0.0,0.0,0,2634477568,2634596352,2967.934999999977,1605.34999999995,5.617999999999769,4.13600000000007,44.22700000000085,105.0,615.0,1030.0,702.9595999999972,1678.0844000000127,8.983400000000218,4.074200000000073,38.091400000000306,105.0,615.0,1030.0,5.61752,1.995419;1.620964;2.014318;1.885853;1.779974,512.0,9.0,0.0,0,5.0,1.0,0.0,57896.0,2646913024,2647072768,1650.2879999999998,2273.2669999999953,9.134000000000052,3.5449999999999804,53.60100000000034,105.0,615.0,1030.0,503.2049999999955,264.1322000000002,8.951599999999955,4.232199999999958,37.1782000000008,0.0,0.0,0.0
512,0,72,0x54413b1e5360c7a0f8354d2e6d4662d712b1ca7e4a30a30d707e932713486177,0xae6a2337a905fc8e73c4bb9c6b904453176bc490c4565a56cd1e07bd5504c09e,0xe00c5272113466ea1a9cb091ae5e3a49ea639399b1f569c169e243cf8e1d34e0,1;0,0x378a13ade531522933803b50b7c79c5efe79d9b9c368377ff57b25a928a19b6d;0x3d41941ffd87c6c08bb2e19782b240b855c98efea2a74dc93dd39023f5aef868;0x14f9d3d4812d143cfb23cc700c04efa16c26903bedfb5648d60cbaa43ff80396;0xf60c0ee38faf92f7fcf9929e7f02f88d7d6c7084ad8ecb41b0c51ef0aab5149f;0x5a76cc0f96577d69dc4e6252f75fcceb01345ab69795ab972765803d5b414825,4.82129,3.50173;3.203851;3.104361;3.446527;3.071551,512.0,9.0,0.0,0,0.0,0.0,0.0,0,2635038720,2635059200,1729.0469999999837,1535.1940000000175,6.861000000000367,4.646999999999984,108.02299999999876,105.0,616.0,1032.0,499.31299999999015,1563.6253999999906,8.078400000000041,3.1507999999999536,42.794599999999846,105.0,616.0,1032.0,9.303759,3.021746;2.12892;2.454652;2.031974;2.157223,512.0,9.0,0.0,0,5.0,1.0,0.0,57896.0,2647085056,2647216128,5109.1129999999985,2159.0750000000103,7.001000000000403,5.978999999999924,53.10000000000037,105.0,616.0,1032.0,600.0687999999976,270.75020000000285,9.2720000000001,5.259999999999944,45.81919999999962,0.0,0.0,0.0
512,0,73,0x0676daf9b648e2a08a7452cb8198dbc9cd8cd1b5394c920f5426db54ef5fa9e4,0x40159f61c1b175ca4a6fa6e014f4df0738475e63d989989498ded372768661c4,0x25b7c1ae846c6d246533c5812ccdfd6cdf7f454f1c7133046a1058bcc44130f7,0;1,0x5854a2f2044ef2db841891e834701158ded6b2279cf939394a13eff7c8129be2;0x372d01f45dd98d669860f10f3559547182cdee1bad39fe63bdacda5c9a08719a;0x43289966037e2213605b5db1ffcde6a882f472d681b955f83ad3ad8d9c972932;0xcc2d66509acd4d1accc800cc0913477694191f178cd7d3f05d80d9bc4afb6b9a;0xd80cbef5e8ba2d1ca737cb8338c23be21be76d42e35d8b9777ce67cd419d8345,5.101793,3.635051;3.496653;3.43527;3.570529;3.312054,512.0,9.0,0.0,0,0.0,0.0,0.0,0,2635096064,2635116544,1732.5029999999963,1938.4829999999909,8.331999999999784,3.5050000000000012,52.238999999999066,105.0,616.0,1032.0,504.28039999999015,1735.4825999999823,8.919200000000009,3.603399999999989,39.26340000000028,105.0,616.0,1032.0,5.038087,2.031514;2.176982;2.309632;1.674926;1.625181,512.0,9.0,0.0,0,5.0,1.0,0.0,57896.0,2648633344,2648834048,1967.1459999999752,1487.6639999999998,6.861000000000367,2.664000000000095,37.81699999999902,105.0,616.0,1032.0,563.7295999999959,291.9060000000029,7.24899999999997,2.980600000000028,42.11759999999953,0.0,0.0,0.0
512,0,74,0x8a47f16cedd79dfd88cea541aefe10e4107117f327de95d08b5c1f65ccb0faff,0x1ee4030cbc3d9818e89ac309d3ea162cc555c425cca558d67709849c0bf28bb4,0x0af0d67fe93e0a493b47b7e696452bb92154f681d03eee9e15760955ed1638ec,1;0,0xd065417fb684a466984d3dbe7915a3ce9ac9df145399bb093e4b4b3d21a4bb3f;0x3ffdfeeb045c4af6e8b1ad2e58c067517b3b68766754fc92b7ce5413dc361f86;0x3862d708db5313825a8b9906542df04819fb66060e5716a2730e4471e08cae21;0xcc70258362d4a419eb6b394ec83abb2ac2eb41ba9becd7c6cc9a360655424a27;0xdcd8edaaa84818ba76a3a3efaea196a2274b96b92d2bde27bc3e5c7f286f7933,4.972908,2.939232;2.787723;2.819571;2.821735;4.331892,512.0,9.0,0.0,0,0.0,0.0,0.0,0,2635243520,2635231232,1697.0190000000218,2031.7939999999758,5.747999999999864,2.5640000000000382,88.61400000000074,105.0,619.0,1036.0,414.1685999999978,1761.1834000000215,6.716199999999909,2.433799999999962,30.171600000000048,105.0,619.0,1036.0,5.485691,2.290995;1.589276;1.914827;1.310556;2.562965,512.0,9.0,0.0,0,5.0,1.0,0.0,57896.0,2649423872,2649628672,2206.978000000026,1813.133999999994,6.650000000000405,4.0769999999999005,91.4680000000008,105.0,619.0,1036.0,700.6341999999943,312.98160000000075,6.399600000000019,2.767999999999998,33.7870000000004,0.0,0.0,0.0
512,0,75,0xfbfba4b3b275ce2bce8777646e4e06ad2535214a2e1f799d63eb399700cf8bce,0x395d606dd36b70b475381bf2cdf2712946263cec35ea0b7a457f07c0b284ee3f,0x47799b3115d926919d4032caa6bb59cebfb693d3a0b6c0e6b679cda3c5f29158,0;1,0x3a0c7b2c53421813f680cd3a83fb07043084c82480726946a9c28d68787bdb2a;0x8701bcf8772cb57edcde9665dcce153ab1bd57216567284bc5a831cf9d128c53;0xa61413038595722a4ca5eb004ed99b7ba9e3828d1499eddc72960b07846cd1ab;0x8ff771e4551e9ae8ab4b14c072021e86810bd05835571cdac6f2066e4c266200;0xe65fdb2b4d2d0399cf063863df2514d9772ecef354500187af555567623ef251,5.000169,3.451133;2.849567;3.260506;2.653691;2.617286,512.0,9.0,0.0,0,0.0,0.0,0.0,0,2632257536,2635436032,2098.2039999999924,1523.3679999999695,8.132000000000104,3.4050000000001615,51.527999999998606,105.0,619.0,1035.0,440.1054000000015,1646.5945999999842,7.126800000000107,13.191799999999997,32.05859999999977,105.0,619.0,1035.0,4.198159,1.781286;1.383496;1.560112;1.344638;1.47866,512.0,9.0,0.0,0,5.0,1.0,0.0,57896.0,2647314432,2647355392,1727.073999999995,1478.809999999997,6.370000000000334,1.923000000000029,36.484999999999296,105.0,619.0,1035.0,448.3437999999951,278.46820000000383,6.20919999999997,2.6942000000000283,28.684600000000035,0.0,0.0,0.0
512,0,76,0xf3276d3005c4e865fc0fd2c73861289cb5d1f9afcdb97393b2fe67c6976a096b,0x6ebf0d410aac7f603c321f223d0dbfcf0308c7f0080f1a553c6a57cd7c06db48,0x554f34e0390330da75f8a81c8e364b26935824f2ceb665e70e1ed5433ac08076,1;0,0x56227fa45170f301dfc53c45f7692b00d25cb0d7976e874699a15f7a45887a22;0xe0510f198743ffac33567711ce82ee7511af59d7711c29d5e2830f2ea36709f3;0x1d00fd94d4492464d7082913fcbb45b3516af9fd46c2256bf03ea096263aa89a;0x1f65ee1b8d90735d9a085495504b300c7a15d755d11523e8feee8722ce2dc4c0;0xc780c65681f2328e533d857b1793c5b5385d4e2e0408f98cb33abff5a708c2d1,4.642911,3.195989;2.923038;2.521201;2.626961;2.677517,512.0,9.0,0.0,0,0.0,0.0,0.0,0,2632298496,2632310784,1847.2660000000142,1523.507000000035,5.67800000000028,2.643999999999997,38.00699999999962,105.0,620.0,1037.0,434.94980000000623,1541.6706000000113,5.444200000000003,5.4481999999999795,28.44900000000053,105.0,620.0,1037.0,4.661288,2.353589;1.519641;1.441373;1.568615;1.423927,512.0,9.0,0.0,0,5.0,1.0,0.0,57896.0,2647412736,2647793664,1796.6489999999835,1579.0699999999879,5.41800000000009,3.4749999999999623,49.614999999999384,105.0,620.0,1037.0,512.0938000000019,245.40019999998998,6.257399999999927,3.406999999999976,32.05620000000034,0.0,0.0,0.0
512,0,77,0x1c2764a385406cc0c20634785ff29645565dcc35777b6ae5fd7382b52d96a2b4,0x2762d2cfa8f406c416de538ba915c7ae2a3654f0fbe949a1ea22dc42bad58636,0x956edda474bbb5d6efbe450111f5f3276d4b4f1e6e9bf74bffdc68008b1dabba,1;0,0x8bad29eb4cfc668b692fae938f1480d1153405aeb218010b70d473ea0477640f;0x531179d81507bb01b0966b82ee53c84dc19796608c3797e78721e6e65efcc4d2;0x2dab8877578887739532635abce972ac4c0774fdf7480fb7557515506f791ea6;0xa76e7e91dd3c48f9aacd4c206c39b4fc7c8028b5f4fd10825a4becea7de6a869;0x8909c3975bf98bf0df1cb747dcacd3bd5bedeba3c844a69a4d859ec5234f3a15,4.469709,4.127153;2.921185;2.784028;2.781924;2.882737,512.0,9.0,0.0,0,0.0,0.0,0.0,0,2632409088,2636673024,1798.6520000000116,1627.603999999949,5.617999999999769,2.4629999999998575,37.50599999999965,105.0,620.0,1037.0,471.20840000000055,1585.216399999978,6.86240000000015,2.4597999999999804,36.90359999999962,105.0,620.0,1037.0,5.099059,1.9764;1.795187;1.528786;1.491609;1.420261,512.0,9.0,0.0,0,5.0,1.0,0.0,57896.0,2648035328,2648051712,1955.2580000000153,1856.6199999999756,6.439999999999918,2.7749999999999995,49.634999999999266,105.0,620.0,1037.0,470.73780000000954,290.7086000000003,7.090799999999974,2.5238000000000342,30.35179999999957,0.0,0.0,0.0
512,0,78,0x521544b5464498438117c9ef24ba7fa71ed112e4dc0dac0906523ab564cddd2a,0x4a14aa8b23913fb927900d858efaa6f956fe4c33e848dec5b3ff49d66bac7778,0x810cfb88f3f2670d7d84f5fe2ac02ae0a422b908d6f26952dc2f6b847f724346,1;0,0xbc49c5c067e2eb7873c7d4ab68389c20388e8e56e51ec67cf924b67132d97b63;0x0fc49209fd2e7b7f1ba902d58b9bf8be2ade27581c757f6d880534aedb3ad79c;0xfa92865b2f49e8e0ac3feaf9b825c3cbd1ea416b0a32916610cd813acf9c8f0e;0x0d8e4d2d2e2cd05b8aad33f4825f84e220276c893f23aab85aa4e8f0eb035757;0x9e413641309df061aa2da170f82a6c9ca33f22bdf398b497dbab581e6cc0a9d7,5.078092,3.415906;2.982457;2.777598;3.920462;2.842736,512.0,9.0,0.0,0,0.0,0.0,0.0,0,2633084928,2633084928,1836.5100000000134,1844.7120000000261,5.889000000000241,3.6160000000001227,45.038000000000714,105.0,622.0,1037.0,451.59459999999376,1597.0540000000087,7.028399999999858,2.6942000000000283,32.63920000000017,105.0,622.0,1037.0,6.958588,2.280709;1.710379;1.883991;1.719783;1.857566,512.0,9.0,0.0,0,5.0,1.0,0.0,57896.0,2648776704,2648883200,2098.343999999974,1594.8439999999841,7.090999999999868,3.5350000000000397,54.07099999999929,105.0,622.0,1037.0,470.8859999999926,326.63019999999983,7.942200000000087,4.122200000000005,35.771999999999885,0.0,0.0,0.0
512,0,79,0x615f20bc5777e1f6b091fb8a08ab4912bf9071bd5a70c8101c0963a247d904e3,0x3ba825d99c262eb0a4ce627bf1bbe1b27a52bdb234d0fa2830330b5b501a73e0,0x3dcddb3272336a7ba871e67af47c1612cf841a0e7ba566be14f448b9d84e5caf,1;0,0x2e38dfce35c15b35d39d9a154bd5381824c85f878a967151c9063608b82f84e9;0x15c9d7b4ca334469d03d1f4e4c39b4f039a3703757d20e2e0362c38486dff63c;0xa239b22ccb323e7148ec40d379bf2ac258fe63591e683608af9e69238fcde32f;0xe265e641baf3b8ee0b14659d1ae7e98c5ceaed1ae1f32ad8e5adffea4cbf4af5;0x21d7564d408f33ad88245fc36084e3baed22e443c75b641652c713425cba13b4,5.046169,4.473406;4.040477;3.047294;3.464454;2.883247,512.0,9.0,0.0,0,0.0,0.0,0.0,0,2633711616,2633732096,1968.6329999999973,1573.9329999999718,6.380000000000274,2.404000000000121,47.65199999999872,105.0,624.0,1039.0,460.5341999999957,1857.0601999999826,8.422599999999974,4.338599999999943,45.08000000000012,105.0,624.0,1039.0,5.384179,2.317294;2.201374;1.906354;1.621175;1.662727,512.0,9.0,0.0,0,5.0,1.0,0.0,57896.0,2650009600,2653687808,2121.468999999987,1683.7889999999911,8.814000000000217,3.345000000000084,48.982999999998974,105.0,624.0,1039.0,510.28939999999693,270.2594000000169,12.642800000000134,3.8337999999999743,79.9325999999996,0.0,0.0,0.0
512,0,80,0x4a6a379f6998f089e70157858c825974b7cc006aad45a6733ede67e6fbd1e8ed,0xb18345ff68bcb5c99ac7feb99204b711fcd07eb730bce8f92882d57b0283b028,0xbc49cfdd166a55b756f2cc06faddfac7a742d929a0a7aae7afbefbfd704c13d0,0;1,0xccf13d940047935aa5ef024922261bace40820fb9be2b62f48117d9605e80182;0x43c9b2319f01b958edb7bb72900227a0f4bba0a4f91cb8f1b64d4149d169e545;0xd36a46f30f6c6430a3261cb01731771ddfe90e79da4e044c4771c58414cf7db0;0xcf158083e52ff0a9f377777a82575d3c193fef346156dc6f140c201d1830c0ef;0xf0e9a74813738c0627c528dcc995ecd900522b19cce30246eefaf21c2055e04f,4.888561,3.091902;2.965802;6.460501;3.042567;3.051882,512.0,9.0,0.0,0,0.0,0.0,0.0,0,2633732096,2638561280,1871.6919999999805,1507.7430000000058,7.051000000000106,3.6860000000001407,54.07199999999876,105.0,625.0,1038.0,518.8984000000007,2090.5642000000003,14.4420000000001,3.9397999999999516,36.14220000000002,105.0,625.0,1038.0,6.861597,2.255451;2.182621;2.098404;2.126415;1.586993,512.0,9.0,0.0,0,5.0,1.0,0.0,57896.0,2653687808,2653757440,1534.6940000000031,3905.879999999973,5.747999999999864,2.033000000000026,39.62899999999936,105.0,625.0,1038.0,500.91540000000157,322.55220000001475,9.556199999999869,4.649000000000016,54.72419999999964,0.0,0.0,0.0
512,0,81,0x79e9c33ab4cd31a3fbfa796b52ad5fd7d8cd5bf95cd477f9e1f462f56cfab2c7,0x24bb08b10a08b6190c25156cf59be2d3272cf02204aa7390fbd4e95b66b8ba9a,0x693e3521525ae6e4cd62b7cf79a221fa6dc562a95de3fd0eccc9b1e64a01256d,0;1,0xd39a8ea971bf21accdb810170f00cbcfc0b4749894842ec6660c3cbe45fa24ba;0xe116ba66820e21b1244c36a91a3a46da70b1133988f7f5596de834cfe24a7ac0;0x6c15e901a8fb3b6f67de3528c6a07f64182e7b4919cdcecac5f78452334fc887;0xf00dbf970cdf459901f7d0c2318760372eca968aa16e3ac869001ae942eda86c;0xb03bb2505db201704e23cc686746023895010032466cb10c564a96f6b742da1d,5.502541,3.225134;5.352491;2.66596;3.126054;2.756807,512.0,9.0,0.0,0,0.0,0.0,0.0,0,2633768960,2638651392,1966.8600000000147,1740.4039999999732,9.224000000000384,3.976000000000153,52.88000000000167,105.0,626.0,1040.0,420.80659999998994,2006.5196000000228,7.3107999999998805,3.078599999999966,33.35039999999915,105.0,626.0,1040.0,4.710718,2.312177;1.825402;1.616487;1.645471;1.77726,512.0,9.0,0.0,0,5.0,1.0,0.0,57896.0,2654068736,2654285824,1666.6129999999835,1565.0090000000062,7.550999999999738,1.9029999999999307,58.56799999999843,105.0,626.0,1040.0,476.5046000000051,272.94160000000954,9.462000000000012,4.322599999999994,37.03560000000022,0.0,0.0,0.0
512,0,82,0x032b0e5ba248f17e9f4a9e6bdddba4f0be2815ec6a573db73f58935ffde2d16a,0x8d9fe5ce51d58e6d321db3dd359ebd4c5ca25d9396c01ba70040384dafa7b408,0x424259a7047b32fe7822d45a8d27f35211dd44c3dc32de716b22e7ace8ed5b73,1;0,0xcdc3b1266707c94f4186e1b6d67395c6879ac3e5102a3d29cb9c78d11526a84e;0xe9af5a68eb4da55c8a20288cf2937f0567c209be964b5ebb3db8c0a9697b1e26;0x4ea9dd7fc91aa63b7143d40f69883fd347c6fc11ae05f82836bdb9aa1a794f49;0x5c46e17a2b29196f0db90e675eee02267410d9964d1c22d0dfcc4e93a853b79b;0xc8d012430b9c300d1158c42e44f81bcafe3358e008df46903ec1a0e2c53378bb,5.034187,3.708913;3.76643;3.361068;7.0197;4.38624,512.0,9.0,0.0,0,0.0,0.0,0.0,0,2633785344,2633793536,1717.4799999999934,1941.378000000049,6.91100000000007,2.3639999999999253,40.630999999999304,105.0,626.0,1040.0,516.8431999999946,2457.920400000013,10.201200000000028,4.7109999999999514,65.45900000000034,105.0,626.0,1040.0,4.811596,2.771159;2.145485;2.692951;2.428142;2.198024,512.0,9.0,0.0,0,5.0,1.0,0.0,57896.0,2654519296,2654687232,1824.6020000000085,1528.4050000000104,8.283000000000422,2.994000000000087,52.15899999999954,105.0,626.0,1040.0,643.2299999999947,276.3888000000047,11.232800000000182,6.79620000000004,58.35599999999968,0.0,0.0,0.0
512,0,83,0xaa389677b3717a3daff6cc364e901517a1ab272c294dd92ab5dd8f2cf495a7df,0xafd50dacb082d374750e8c74b3bef2af7ca15e970becf329a32c73bdb029807e,0x1ba8a2ef331c203cf6e16dbbb762c8e4a8fa086318cd93b751a7ee8f1b76289f,1;0,0x8f04599760e963e1416bf16cb08f1325abb0868b847a9b3b8c5ca28fa2adbd87;0x183d99a2e9e9fff818c6625fe84ff45720572b6988fb32e3951dfedf40ac4164;0x4634dba64656722993121af982b1e59b5bc7b4840c38e418f34c2df87aee869b;0x2bb45a9b3b1a5353af7d5e3452ab9324c7920bb4f42ba3124fa64aa4a12f9bc8;0xff6fe4bed93dae9492b83c4764ed2fa1f0551306e03db159f6f47ca73c3f40d6,5.484115,4.521959;4.234194;3.288249;4.88102;3.48149,512.0,9.0,0.0,0,0.0,0.0,0.0,0,2638745600,2638655488,2370.2899999999972,1547.3339999999557,6.881000000000248,4.236999999999817,45.83899999999891,105.0,626.0,1040.0,737.3598000000037,1750.322999999998,8.991399999999997,5.506199999999982,56.86979999999994,105.0,626.0,1040.0,5.319922,2.600322;5.471435;1.991108;1.870441;3.083049,512.0,9.0,0.0,0,5.0,1.0,0.0,57896.0,2654797824,2654822400,2128.3790000000135,1612.4419999999918,9.615000000000144,3.285000000000007,50.706000000001055,105.0,626.0,1040.0,965.7503999999873,457.59220000000096,10.077199999999898,6.155599999999994,89.14279999999997,0.0,0.0,0.0
512,0,84,0x363d722e027701bef143d6c1acca97b4294214aff4432a43a5ba0a6076e06497,0x1dfb178ed59705c72652bea9f2ede40ea97adcf9de5d60d23e3ecf33292541b9,0xbfc46a72592132404dc1b40a7bf058189de2a87611385269ff48afce828ed825,0;1,0x3a85bdc100ebbe97d77b2010e01ed72b7f196955e14e8c7e445b298da8a68fa9;0x0a465fb2ef5446ab829f096015f67f6c39e31fc4a48e7afc80c4aa17a8e2809f;0x481ed06295c60a3772c7b2bf9df65c1ed46cef34e6474c5ffb6799e1a564dd9b;0x801fa5644507bb92ed9be365ba44ab7a4e781bf337fdf270432d988bc73c46f3;0x8bdc61a4b6d6d99f1c0d7e3dda94e109cf294815de32f0ac06ddbb2ccffcc758,6.166599,3.589313;3.297373;2.87808;2.995166;2.786412,512.0,9.0,0.0,0,0.0,0.0,0.0,0,2639060992,2633904128,2606.1099999999947,1648.1849999999688,8.944000000000313,3.7249999999999956,58.41800000000105,105.0,628.0,1042.0,461.796400000003,1560.5574000000065,7.597599999999844,3.5252000000000376,40.416800000000336,105.0,628.0,1042.0,8.50163,1.974648;1.626944;1.563298;2.162241;1.682367,512.0,9.0,0.0,0,5.0,1.0,0.0,57896.0,2650546176,2650775552,2205.5859999999816,2950.614000000018,5.929000000000004,2.603999999999801,37.56599999999929,105.0,628.0,1042.0,520.3565999999937,268.48299999999716,8.947799999999875,4.438599999999956,35.34740000000064,0.0,0.0,0.0
512,0,85,0x62eeb4010bfc17ae8ccc50125b44138678df34c82ab849c6c3823fab103b131e,0x01b6286148fb139a808c1b7a49bfb5d8b6848a1a52fe7d71abc465becc2cc2a3,0x08b6613608d750114e07514c82adace3c619a12dfff1584d42edb733bcf0d608,1;0,0x16193dffa8df5b21455953bca1d4d68fb19c7c226fe758e8b6f108e38a2be4a0;0x0c576da8b1defcab246529afee5a767c31ccbad3ab2f1039d805291d61e84275;0xb473729bef29af8a7b1f7b3ddbeedb9fdd8e0d36c8b348a0fd15a9ea1776d2b8;0xee3702d1f2ebbf044a57fec8b17617c8128839108044d51b47d3de31fc23d944;0xfbcc7f93c6f21475733a1e62bb4d586296cffb54a42ad1c7dc1422a9afe4c01e,8.403101,3.62069;3.146895;2.744098;3.108818;2.852591,512.0,9.0,0.0,0,0.0,0.0,0.0,0,2639273984,2639319040,1890.070999999993,1536.7069999999705,8.272999999999614,3.0339999999998493,49.9049999999994,105.0,629.0,1044.0,464.7510000000077,1560.8395999999968,8.474799999999908,3.0726000000000018,36.795800000000156,105.0,629.0,1044.0,5.159546,2.017292;1.586182;1.633042;1.430247;1.75044,512.0,9.0,0.0,0,5.0,1.0,0.0,57896.0,2650984448,2651000832,1947.9179999999928,1634.5750000000269,8.21299999999997,2.754000000000211,49.19399999999893,105.0,629.0,1044.0,450.5854000000032,252.30640000001304,7.763799999999794,3.6114000000000286,39.12899999999955,0.0,0.0,0.0
512,0,86,0x69443341dc5b6e8373a54dd0795966f2bb74d01a0a31ddadcb259a6a2543aa50,0x1c346bc3dbad10767d5589a0efe686ced46868646addca81aa801a8e6fb633d2,0xa66061acd948bcdbae83ee1f97c9197a47a79c2e4d0f7bc58f80940276726566,1;0,0xcc3c1bb2ebf74bdf1b26371add47a9ed220780bc3bd29197e96c5190384625d5;0x1eb3b94d6802b57c814ff94046fbc2ed3e56bfb6f37d2a2c70326f8fac2cf732;0x9372525514b35d8d8033b6c934b610a352bdb6034666d558c77b58563ec344e3;0xe664205bd63ec321cd17a0817541250edc31278a22b2db71ffbef660552a8a5e;0xee0b4f1b11ac070a9ab43b6425de4dad428a8f6e2079218a033a8e6e287c79ca,4.771195,3.469292;3.042578;5.079259;3.277352;4.216158,512.0,9.0,0.0,0,0.0,0.0,0.0,0,2634678272,2634702848,1917.6619999999866,1548.7349999999678,5.498999999999955,2.6539999999999377,44.19599999999982,105.0,631.0,1046.0,554.3799999999987,2203.8573999999976,7.835800000000233,2.784000000000033,37.68479999999991,105.0,631.0,1046.0,5.389387,2.532699;1.913159;2.356583;1.669758;1.625261,512.0,9.0,0.0,0,5.0,1.0,0.0,57896.0,2651549696,2651549696,1923.9010000000055,1723.1990000000085,7.761999999999699,2.242999999999863,49.173999999999054,105.0,631.0,1046.0,506.1633999999926,324.89380000000347,9.107799999999964,4.030000000000006,40.77359999999988,0.0,0.0,0.0
512,0,87,0x7634bdd0989d1fa66b941852a7b3184ea85273640fd25c17fa445698a56867f6,0x3497eb073ba8ee2657d06522054c54f2788b1bc83d878b4a87f2b86890d9dea8,0x0f6540cf9ae80d6e7b27f0dccb3286f1ddc54832b7ec33558312ec0114441c99,1;0,0x236950c42d5422f0aaa1d306aaa5f05c7821d135a321d5408fa1c168538ebdf5;0x2b74ab321ae399d4223a4397390a206b5fbe7dccbd8bffbff0e899797cafb6f2;0xc7e55288bb9a838711379d985dc4e0321fec496ac94125a2f80fc2f7ef79dd93;0x39cff5ffb459b2cce954341aec75e95da1bf2cdf46310bbf158bfb92817dac79;0xcc5db8bbfdbc46090715438e43168096bd45cffe1138e8bfd721aeb5c2c6d99b,4.295307,4.160279;3.180366;2.765912;3.039794;2.978091,512.0,9.0,0.0,0,0.0,0.0,0.0,0,2645372928,2645606400,1567.0930000000194,1579.011000000019,5.658000000000399,2.5340000000002165,37.80700000000081,105.0,632.0,1046.0,451.6550000000175,1572.6873999999837,12.516799999999842,3.8176000000000005,40.16460000000055,105.0,632.0,1046.0,4.782542,3.436232;2.502954;1.913596;1.71734;1.523197,512.0,9.0,0.0,0,5.0,1.0,0.0,57896.0,2656149504,2656362496,1633.3629999999987,1554.4739999999724,8.41299999999965,2.8440000000001104,50.11499999999988,105.0,632.0,1046.0,652.7542000000052,252.47299999999754,7.815800000000004,4.033999999999982,35.557799999999524,0.0,0.0,0.0
512,0,88,0xaf21cb4c160f26b9b0953ee32d94252645ba4b85e3b71e71b65a279738f07ac7,0x4d7afdf8b74980bbab6fc712280ca6c8f5644a490c3d87eec98855978616004d,0xd87d6d257dc04286e876b8a745b395a3c2d5eb4f6f62524f5862b3f74a979cfe,0;1,0x46f4abc07c3bcbf3dd0853b8f35fffb7c855e29447fe32ae162bd0f594cc69e5;0x76e0cae97fbeb6f8edc2b86d476b7436b1e42790c103e0dcda30ec146267356d;0x7dcb7d2d864ed5b1d163361eba6fb8ee8a89a546c0aa8f7c7e8c58b724942676;0xa684cc743650b636bee4bdea5aec7d4c3023d046689f7d83fbcb92633125d448;0x1a63589d3068141a60165217d1e9c66c46e1a4d52b45a53800eee4d0ed54cf6b,5.151118,3.829094;3.246706;2.954265;3.056659;3.102769,512.0,9.0,0.0,0,0.0,0.0,0.0,0,2645610496,2645688320,1898.8629999999728,1587.0940000000112,7.000000000000062,3.836000000000117,50.2660000000002,105.0,633.0,1048.0,490.2773999999943,1618.202000000002,8.366600000000135,3.7439999999999696,37.642400000000016,105.0,633.0,1048.0,4.884926,1.971724;1.731491;1.935278;2.401121;2.082029,512.0,9.0,0.0,0,5.0,1.0,0.0,57896.0,2656362496,2661883904,1916.8809999999814,1635.8470000000236,7.420999999999643,2.6940000000001336,42.51400000000044,105.0,633.0,1048.0,494.63400000001604,277.79479999999745,9.073600000000098,4.410800000000017,37.72079999999969,0.0,0.0,0.0
512,0,89,0x02c661d747ca7d6c05498b16597d872b657e5e7b7c32cc8d404df833e37dc2c4,0x3c83851735296ce9066f70a5d2d2deea99c0850e827ed596771e8dae91f163ff,0x3a08adbcd0f3ddf9875d23e2e38073baf5dfceee639a5adc52725d2bac093074,0;1,0x2a54216da00902f93c22c01bc03a506198b08744e0829e3d1e2648887a9405ea;0x17f5451c4828c2e295322c23ee41c78da86d4d48200763595cd0f27a2d06cac3;0x761fb9fd9b3c00bd3de1114684f0a02efe783599d9a1e18f96fd92e9e65064bc;0x7e05746a742f75f356cf853612594832ed3167049494d2dc07c30f79f1e3f0a8;0x3d854a4abe1e4f5e718e741a74abc4c998b47c8644c799336719a0560753773e,4.780468,3.751728;3.187898;2.911039;3.034887;2.638639,512.0,9.0,0.0,0,0.0,0.0,0.0,0,2645774336,2645954560,1686.6030000000087,1606.0209999999574,6.990000000000121,3.48500000000012,49.585000000001294,106.0,640.0,1046.0,466.32120000000833,1640.5455999999763,7.417000000000014,2.940399999999937,34.42999999999918,106.0,640.0,1046.0,4.368663,2.013486;1.70406;1.532561;1.862799;1.42534,512.0,9.0,0.0,0,5.0,1.0,0.0,57896.0,2662236160,2662363136,1691.480000000023,1467.9129999999873,7.301000000000355,2.794999999999881,40.13099999999881,106.0,640.0,1046.0,463.51499999999214,265.75839999998243,8.03599999999998,3.421400000000029,33.10419999999967,0.0,0.0,0.0
512,0,90,0x736bb82f058aa0abb596b85242ebff29b35b501bc2348d571d62459c54fcddd0,0x16bfa87974f85846ff514e70ff9decab1a4249b5788d67077813666ef17845dd,0x6488e1de0200eb823d074ba75e8a624c7a5fff35b5c0dac3eee30b6faea8c110,1;0,0xd9b8215a2e9af1c1dcf7e0517ff6bc387c927eceb4800afba280d44b1dd80979;0xf3709c092dd64a640fce3913ea22b7fd35bf1a95db8fec83e34e7cf5b7b61083;0xa81230f38257d91946fea697d495b17af07dc0bcc02a30142eb78097bdce8377;0xc3f80119cc87aa275400f4adb94f312a6fba186de2a0205c2420b22b1fc53ba0;0xaf1ae719f6650072fbac0840bce91eb613c92da9651beca545b2ceddf21565b8,4.981802,3.622382;3.16954;3.529342;4.212478;3.28233,512.0,9.0,0.0,0,0.0,0.0,0.0,0,2646159360,2646159360,2248.430999999995,1553.5330000000513,5.339000000000038,3.1050000000002083,37.93699999999831,106.0,643.0,1050.0,450.879599999987,1835.1412000000346,8.618999999999987,4.23460000000004,38.76479999999974,106.0,643.0,1050.0,4.895442,1.972514;1.706543;1.731592;1.967317;2.14858,512.0,9.0,0.0,0,5.0,1.0,0.0,57896.0,2656870400,2656940032,1767.956000000015,1544.9100000000105,6.869999999999966,3.1039999999998673,51.15699999999959,106.0,643.0,1050.0,527.4016000000104,262.57600000000326,10.011000000000047,11.110600000000058,42.752200000000656,0.0,0.0,0.0
512,0,91,0x8f60001368f8837a721e087ae24e1098cf2475a18dbd95f8679241968fe7e61e,0x6e4a67c50742f055ab42d19f7826c5519adc17c20297f5259fcdc81dbf4962ab,0x75459b08495ac2894c4c5a9b26f69dffe3a573f34969703770dcb3d61fb94a7f,1;0,0x57c78a9dbb8641dbc46d973950fea82d56a70b44372de86fcba1327f8a02ade2;0xe82e6cf93fcb84389b7d208be4ef037638b74b8e090571235824e66704d4fb67;0x0cab539d879433c72f0f47f9e49234afe4d38c03253fcd90fa470a6f5bbd756d;0x3a7004e7f5d2510283f9281d5a659ba5b0a6b547337f9646faca8061af7ea83f;0x7ee7ae6bd3e1d54be6ddde2670dafb5c1e9e58e1dfa98cb0866cadcc0751b0e1,4.516501,4.100523;3.523053;3.187286;3.492657;3.350532,512.0,9.0,0.0,0,0.0,0.0,0.0,0,2646163456,2646163456,1744.7609999999836,1536.2869999999696,5.5780000000000065,2.5939999999998604,46.239999999999476,106.0,643.0,1049.0,474.1830000000058,1789.4586000000156,9.125999999999927,4.5627999999999815,43.31300000000038,106.0,643.0,1049.0,5.008703,1.96309;2.473225;1.554334;2.061148;1.708847,512.0,9.0,0.0,0,5.0,1.0,0.0,57896.0,2653757440,2652520448,1878.502000000004,1548.975000000008,8.102000000000283,4.366999999999913,48.9140000000006,106.0,643.0,1049.0,517.8410000000079,332.0647999999982,8.378799999999957,4.190199999999904,35.38540000000007,0.0,0.0,0.0
512,0,92,0x00464e11fef0aa681958c65315a0a9f10dcb8d921b0d447dc76e17f20e23e2ec,0x7c919469e75f610d33141b812163e5c126a88ae4257d949efe9f014e5a980a07,0x10371379fa889ce465e011f7a158792202bc72bd8296a20ef15462138dc5a4a9,1;0,0x37a16d9b74739d92e0000ae8eb62889a23b2081d18dd37353fb0b562b678fc4e;0xabbea54e6c9c5f8ba59600d5241b2d403c8006d01b3968d78b6c15ba193369ea;0x9e4377e5ddc2792b1337a7fba2183e8335399adaa560829765f01bb6feabc64e;0x6185b255796439c9cf0faa75574329123210b66a0d92f84f03b9054f2b68079d;0x8741d16c5b0ff3e76bc610c185b0d9debdd69a0fabe7cc72cc4f60e931ddaf94,4.925937,3.802383;3.181086;2.97152;3.171241;3.213114,512.0,9.0,0.0,0,0.0,0.0,0.0,0,2646171648,2646228992,1800.0539999999953,1587.5530000000192,5.658999999999873,3.0740000000000456,74.85299999999972,106.0,643.0,1050.0,457.6875999999897,1698.5449999999958,8.584799999999948,3.8800000000001162,37.65479999999904,106.0,643.0,1050.0,6.896948,1.99005;1.822357;1.946525;1.894306;2.040797,512.0,9.0,0.0,0,5.0,1.0,0.0,57896.0,2652520448,2652520448,2813.9030000000066,2059.8059999999973,9.193999999999695,4.697000000000121,52.43900000000134,106.0,643.0,1050.0,515.1768000000056,262.19520000000387,8.450800000000049,3.4091999999999456,35.07259999999957,0.0,0.0,0.0
512,0,93,0x7933a7b87aed8e28b24309ca685ef56135de27226757f875ac7cca58720eb752,0x88977d60c2461f6ebefcbf868ee59b7798fa23b4acb22f65ff38903315642abe,0x8eaf69f5cf8911d1078e35fbd6863964183d6a8d48b916d8edf3c76e5b2589ed,1;0,0xe252e08490de2590c64adf22393d06b92c5c0a112b2a547fff315c78a4927588;0xd8e91065bec78e73f307e20a384e35cec033142640f83e745945b90abfe5f14f;0xd6a07092f3a034144edbb73479d305c4b3712f435db2a712f769ca87629c69a0;0x503a0cd69520c530f886609a9c47783b69aae256ec28f92639c62e5b0a3bec6b;0x554494e65257d358515d030bc63bb9c38e0760b37ed3616b925d01547a559823,4.566735,3.215868;3.081135;3.532596;5.620278;3.717449,512.0,9.0,0.0,0,0.0,0.0,0.0,0,2646433792,2646564864,1869.4679999999853,1478.0580000000043,6.479999999999681,2.7939999999999734,106.28099999999974,106.0,644.0,1049.0,479.5549999999871,1813.915799999988,8.148000000000184,4.706999999999976,60.17899999999979,106.0,644.0,1049.0,5.572421,2.526043;1.976189;2.359468;5.072643;2.207548,512.0,9.0,0.0,0,5.0,1.0,0.0,57896.0,2652721152,2652741632,2135.2190000000214,1757.4100000000149,8.812999999999876,3.715000000000055,51.89800000000161,106.0,644.0,1049.0,982.744000000002,362.03980000000246,9.029800000000082,4.967399999999955,44.32659999999977,0.0,0.0,0.0
512,0,94,0xabdc97141d3109d3628d625a10d41a227c9743b43229a76ee34aba2baf8c6605,0x1c8cfe842ae5db491e498addab13df2c509357c2e24db89f214d13165835c83f,0xa16f6b9561428ba27bbaa89082212baa3a9a61ab12f69889f8d547c8c666b2fc,1;0,0x8b723ad0154a5125e9e4ce2bb5b1ab3a21ecdb4a4f41d87826b83c2ed9564c4c;0x3d42c154329eded8812fb2e0ebab4341056e5d5780f97a47e0921b5706e3ff97;0x017f9b04b95a436be61a60d49bdaa2f7147f7f9636db274289da1c31006d24fb;0xb85802d2e934cbf285512719c3d7ce35100cc6d2962793d9631661b031005703;0xc858ef369e19906f8dffbf2df70abd5df3166f9832569233bbb5ddf0f00a5eb8,4.833702,5.011496;3.997652;3.181266;4.206011;3.515631,512.0,9.0,0.0,0,0.0,0.0,0.0,0,2647085056,2647121920,1895.7179999999908,1509.3550000000455,6.6600000000003465,2.5640000000000382,48.74399999999987,106.0,643.0,1048.0,524.596799999999,1948.4555999999652,15.916199999999915,4.018400000000041,41.37459999999995,106.0,643.0,1048.0,5.539802,2.186787;1.878537;4.233938;2.837739;1.962229,512.0,9.0,0.0,0,5.0,1.0,0.0,57896.0,2653253632,2659274752,1999.5749999999757,1999.2950000000121,9.343999999999673,3.113999999999808,50.19599999999888,106.0,643.0,1048.0,736.7729999999684,266.9528000000088,8.538999999999943,4.426800000000008,36.82560000000043,0.0,0.0,0.0
512,0,95,0x038894af897f9325caaa795cd996d0444290192345ab277074e4f879fbec26aa,0x7b81e15dce9f2539fe8aa504f71562eee158dfbc09a7465e8fc9008bcfef247f,0x0fdd74c6ee85fdd8c0f1f27c925d305a44cf8b7828652d7274c67cf4616a8725,0;1,0x44cda79cef24472aa7df361fae3150bd5b55e800526e5f43f619e4ec7a31a1f5;0x3d68cb898bfe31b1294c05165955a5131279533d2a9d74a41a4be743065f5db7;0xf115620557f88fbba422df4a8f12ee3092167d9a325114cd956171b33299989d;0x03fbb7b14472598f14d75271bc75cbe22532bb1396a30d3e7e9db444b32de2c3;0xe68e285968e987bcf7975943a0afb41a0a5215960d0eb013329199f2be57cc54,5.39584,5.323506;3.982564;5.12737;3.637033;5.222277,512.0,9.0,0.0,0,0.0,0.0,0.0,0,2648948736,2649112576,1915.5880000000236,1549.0549999999103,6.4699999999997395,3.6160000000001227,52.52899999999908,106.0,644.0,1048.0,473.9823999999948,2573.099199999973,8.971599999999837,4.112399999999915,46.56199999999999,106.0,644.0,1048.0,6.230763,4.605172;2.541101;1.829889;1.878202;1.785843,512.0,9.0,0.0,0,5.0,1.0,0.0,57896.0,2665336832,2665672704,2898.7999999999793,1670.6679999999863,8.061999999999653,4.52699999999983,50.06499999999844,106.0,644.0,1048.0,505.80280000001034,272.7633999999979,17.7366,5.993200000000039,47.33560000000011,0.0,0.0,0.0
512,0,96,0x38e2c19422a848124f212408ad4d363c338e73dfcadde3f94b584631aaadc330,0xc19cabffb8d2d3a9d7ea02c03f637e10c0ae4a7951f27a99c127bdd3b5f034ad,0x18b7a4c20fb609a055a507a6303f69ac6b7522d800e6b8c37204e704ca08e0ac,0;1,0xee06a4a6659e572d5f3d6eb44d301769bbcb78b2653175fc4ae9b8fa439111db;0x636ff1659a1d303ec020e9326c07609f1a722072e3781ecefaeb0c879e1e4907;0x0fa2497c79396fcbbaf03761b084e8760f3965c71b4f95b0b46cd3a54d895b9f;0x72480ae630306d1acd0fc24bf0616686315819dd45020c495a681527c46cd66b;0xcd655cd81283e60c7d7b911e592ee1a4d392179b8177db9a2934ed19f2d27054,4.743381,3.612706;3.160049;3.122628;3.096969;2.794453,512.0,9.0,0.0,0,0.0,0.0,0.0,0,2649161728,2649169920,1705.6719999999914,1518.3190000001011,7.4410000000003915,3.4549999999998646,58.23799999999865,106.0,644.0,1048.0,453.0290000000159,1589.8750000000293,20.176399999999838,5.406200000000055,37.17020000000016,106.0,644.0,1048.0,5.029633,2.097502;1.629517;2.033867;1.530638;1.872352,512.0,9.0,0.0,0,5.0,1.0,0.0,57896.0,2659672064,2659696640,1764.6300000000447,1636.2070000000006,8.832999999999757,3.345000000000084,52.30800000000091,106.0,644.0,1048.0,461.9101999999931,252.9312000000061,17.9269999999997,4.98740000000001,38.49399999999934,0.0,0.0,0.0
512,0,97,0xc603b43da84e4b62f4a764d10bc130eeb7f6bac03a4eb2be8c437a94aebdeb2f,0xc1c5d75c4291489d840b496ce727580263ef0773811d42e6b9fb38445df1aef0,0x5c41e9ff41f33cade9efe8eb469ee8e07b35c34706887763c77700a13b3ac501,0;1,0x4cdb1c6e8df73576716a18c6cbfb2f446ebb75c5d4e5a056f6aeecf8a27eb4bb;0xd659f0e58648ac97d58e5638f8693fa78d6fac4ce64cbff3671c77b7214f5827;0xcbc56e11013e38a6def27a0a93d7aff3068a174106bb5628e7ba80ddb900f97b;0x76ed9bf662169faf9f80522dea9f84124af6fb9a2126a4a2c624e40114b74495;0x65e98e71352e200368fe5601ff0565ebc4e1fa2d8180445bd02a58c93f4ca7c2,4.849101,3.713799;3.068717;2.683316;3.497734;2.869757,512.0,9.0,0.0,0,0.0,0.0,0.0,0,2649178112,2649264128,1613.1520000000066,1830.7699999999816,6.850000000000085,3.536000000000164,49.884999999999515,106.0,644.0,1048.0,453.2170000000058,1637.7670000000232,6.690200000000063,2.3813999999999607,31.409199999998805,106.0,644.0,1048.0,4.879557,2.446428;2.768354;1.925283;2.064292;1.78387,512.0,9.0,0.0,0,5.0,1.0,0.0,57896.0,2659835904,2659921920,1739.0019999999895,1710.9889999999962,12.388999999999802,2.0630000000000646,46.54999999999937,106.0,644.0,1048.0,535.1707999999844,426.57919999999905,15.95600000000013,5.193599999999895,43.888200000000154,0.0,0.0,0.0
512,0,98,0x455260525069981359a7736f8355e1fba24774c100d0bed04a3744c49b00b523,0x14ff7934e33709d795eaf2cfdc5434c0cc465265a4ac8efc469a5916c1970f50,0x141de30722330ed8c6b62beb1b1207db5bad3994a156287661a215ca14b80cc8,1;0,0xc66d52fcbc8743da6b64e112e56072761f208c328cd4822b362a88d511f711fe;0x1c884ef92eb7eca2fc412bbf9a5fc8e788a83ee1dcea35217c36bc9df3d26906;0x461cc06d481eb7ccd7c9c2bdc51b3cf656176e9877fb79adbdb829977f9611ad;0x76a60eb1771f0f5f645852753cae065192dd7427b43299820f583b65c29667ee;0xd733de459abbbb31b50a315eb660ac53e4f09868e452595316b73a79012a70e1,5.748827,3.814467;3.943726;3.584253;3.999971;3.614273,512.0,9.0,0.0,0,0.0,0.0,0.0,0,2649268224,2649288704,2464.325000000045,1687.0529999999385,5.317999999999816,3.2249999999999295,40.231000000001686,106.0,645.0,1048.0,597.8615999999937,1681.3689999999772,13.552400000000144,6.7964000000000215,50.6145999999999,106.0,645.0,1048.0,5.839944,2.350063;2.046355;1.991373;1.809088;2.300478,512.0,9.0,0.0,0,5.0,1.0,0.0,57896.0,2667180032,2667347968,2318.7260000000488,1941.3770000000218,9.534000000000278,3.0149999999998753,51.418000000000994,106.0,645.0,1048.0,508.74900000001946,341.1441999999987,8.737399999999944,4.619000000000151,40.871599999999646,0.0,0.0,0.0
512,0,99,0xa3818fde999f722afef800d278a96a2b6c93582ec3c26bf47458afb551ead38b,0x9c6193bdaaa44fcb5d996ac94cf717c76b59c05eeaf731499a337380e3fccc3b,0x4426d097a0b7cdb7740566f43c494946a281bc054544a763fa06019a113a9560,1;0,0xd8ff80ba8f82898c7c9a84f34d8d8ac3f7ac263037632d2178e97f2b86eb0353;0xbe96ec86112f7444f67e713f1e432bf99c41522b77efedcb323faab3e866e537;0x219d9d36ae6e859a249966f67ddd9536614441780625f005ad96841c978a7228;0xc23a54a7dc2151e8f1ac24a8c4aa2953fe35a54538eb545b5f1312c18876cabc;0xaf3af9619b295ba2f3b591389045cb2ab7fd2ecad2b4987c73a98f5615d5a364,4.952026,4.144118;4.279126;6.514732;3.811492;3.042246,512.0,9.0,0.0,0,0.0,0.0,0.0,0,2649423872,2649477120,2062.1690000000026,1586.3210000000017,5.658000000000399,2.7740000000000924,39.158999999996944,106.0,645.0,1048.0,536.9716000000136,2354.0929999999794,10.752200000000053,6.2931999999999055,51.3052,106.0,645.0,1048.0,5.662037,3.225373;1.952153;2.105564;2.444225;1.732713,512.0,9.0,0.0,0,5.0,1.0,0.0,57896.0,2667745280,2661691392,2302.7509999999916,1598.0999999999913,8.842999999999698,4.537000000000204,55.37400000000039,106.0,645.0,1048.0,590.718400000001,282.091200000012,9.518400000000163,4.777200000000062,53.340199999999534,0.0,0.0,0.0
512,25,0,0x01ab7a3dfd3fc87e8a3a2b950ed96acf4a06eb4127416bd196046cad67dfb4d5,0xa31f48a60ff2028ec0265b229e6ef1f21a9947db6fe2055a86d01c444f789d96,0x7e69ddec7ef3f4b934208072b5aca527960816d8586116ce87fc6e7918b4a8d1,0;1,0x2c853274e79ea19604ddbf47303c8b3f8a44cb00f0565c9963bf079e4c5f4fcc;0x9e29fae12cd8d82ea99d618c05e84512ce573299c172a0b12ebbefffd9efe74c;0x4ef1bb5d3327b23a9ad86d7e728ca75e60987c59d96e876168668040ba563094;0x36f6bffd06badd51a7e36695d5abbf186fb338e79d112fb57d8eba6597013d18;0x67e70b98a800898d2f0fc335eaa1660fc89cf0f2bdf1f0395abacb1ece3ba5e6,5.55178,3.58805;3.477302;3.236329;2.992852;3.080435,512.0,9.0,0.0,0,0.0,0.0,0.0,0,2649493504,2649669632,2463.919999999953,1565.1800000000549,7.751999999999759,4.095999999999874,49.343999999999774,109.0,649.0,1032.0,443.36419999999595,1688.5495999999998,7.409199999999956,3.154600000000035,33.13779999999933,109.0,649.0,1032.0,6.442152,2.954435;3.99296;2.920413;1.67823;1.727554,512.0,9.0,0.0,0,5.0,1.0,0.0,57896.0,2654318592,2661965824,1861.526999999974,2953.9330000000195,7.001000000000403,143.01600000000016,161.0130000000015,109.0,649.0,1032.0,719.5048000000259,247.80380000000156,8.01780000000002,5.095600000000044,44.61719999999947,0.0,0.0,0.0
512,25,1,0x4d37589792861fc8f0b4a8e1640b3372bc0806157c4f2699d68e9656deff0c5e,0x1a160827fe8b53941429bf589270fbcd0487ae03e64f60211af8f211f850ab2c,0x4e7503d0fbe4c414d82e472b5a1baf1d3f75a6e33ffe6399eb97a5e38a70878f,1;0,0x74efe6ea84d293aceffd57c1e6f66b05397314a34d584de034915b7be3507ef3;0xb822442b0a83fdd3cedbf91feeff14b28e59ba90e02c99302da54695ccd9678f;0x48b0a5d051cf4d3ae490426a3e77744892eec16970976c6a883f498f0f7006e0;0xb2b5568a08fadc3b0b3790de031d1655364396ef9b8c52126a7936cff8826cc4;0x460a1e68498623dea1930d30cdd4dc3d32ccc9a77e5bdb7f19884d6c281cd88a,4.937954,3.194487;3.246309;2.922146;2.90447;2.63312,512.0,9.0,0.0,0,0.0,0.0,0.0,0,2649899008,2649985024,2263.663000000027,1499.080000000097,5.877999999999959,2.3639999999999253,37.4360000000018,108.0,648.0,1030.0,496.0697999999875,1578.1855999999818,7.53959999999984,3.4114000000000018,30.890399999999875,108.0,648.0,1030.0,5.348033,2.276082;3.718857;1.745442;1.582456;1.391447,512.0,9.0,0.0,0,5.0,1.0,0.0,57896.0,2668625920,2668716032,1972.9939999999501,1785.6319999999814,9.343999999999673,3.345000000000084,52.47900000000111,108.0,648.0,1030.0,472.1480000000167,258.30940000000084,7.30920000000003,3.4311999999999885,34.41999999999889,0.0,0.0,0.0
512,25,2,0x3dc8381ab6dc93c6773fb0ca1fb1e07713815525229fd4425b5e74f5bd01a2a6,0xbff9cbb07af390bf98cc614656806f433438d7083bf515f8e60c2d636e9e9e81,0xa32153722d4a6c6043ac6a563d650f8ab62fc76a4732949922ca69a58bf4817b,0;1,0xf45c0f36f45b2e0fd1c76880ff1aa3a7d6453456d4e6006ce86d003920c80dca;0x89b260a0822c8fa05afd836df2cdb7548c2c0e6955454a98cbeac5a3f449726c;0xb9b71210ace4b542f6a0c7ff674437fd48131a5c2887c76d4f660f58f3ec6e4b;0x3b1224aa0dadd79dade56fa55ab5550e75ecbb0a2990f22494357207e35d8e4d;0x8f6227afc77a4ba46e62b2f4ec1a4ded82cdaaa341b3e17c98521619719e686d,5.337939,4.503852;3.180025;3.271012;3.35576;2.996829,512.0,9.0,0.0,0,0.0,0.0,0.0,0,2650664960,2650673152,2208.611000000027,1647.4939999999715,7.711999999999996,4.376999999999853,50.31600000000164,108.0,649.0,1028.0,464.74699999998757,1855.2398000000192,7.589600000000065,3.2687999999999464,35.632000000000716,108.0,649.0,1028.0,4.515279,2.107488;1.702568;1.4252;2.32133;3.042819,512.0,9.0,0.0,0,5.0,1.0,0.0,57896.0,2669375488,2669424640,1688.3159999999675,1580.9439999999731,5.86900000000036,2.2830000000000594,38.17799999999983,108.0,649.0,1028.0,482.0710000000395,316.69539999999995,7.147000000000056,3.5854000000000092,39.56739999999848,0.0,0.0,0.0
512,25,3,0xb0bd2b2a241e7ada47f71c8c940524b5a91f5363482760e9c507fdc387f2ab36,0xdefa8905cdfbc4a946750a380da2b994134b97b03a31ed9e2166d637640bc970,0x7392c7e5c83e391cd7bf4b744f380207fef56ce81f03d48c2ddc7388717337cb,0;1,0x1c482731da90487b5fa27b7828e1528f8b219f9ca93f3416024b83bc1bdefa52;0xfec3cd8d32371902ea6d4b2a62d3d1f52397b8cd1ff780faf3417637fb585a61;0x8cd9094e76f04ef3af2bb4bc9ecf091cbb57bb21f0ef09b888333885b639ee2f;0x8a17f9663c864950b810425ce54ca4af97efb535c49cec1b798b4d7e18aa3126;0xbb5d25cfb397a2d391b5bf278608dfbe345b0bf85431edc73460a26eca3eb3a5,4.707669,3.585647;3.013234;2.528063;2.721894;2.691523,512.0,9.0,0.0,0,0.0,0.0,0.0,0,2656137216,2655887360,1576.868000000009,1708.596999999923,7.410999999999703,3.9660000000002125,50.55600000000021,108.0,649.0,1030.0,420.4981999999857,1524.4185999999881,11.37120000000002,2.415600000000087,34.15559999999928,108.0,649.0,1030.0,5.273702,1.807045;1.493833;1.351368;1.587699;1.680995,512.0,9.0,0.0,0,5.0,1.0,0.0,57896.0,2673262592,2673745920,2095.7400000000125,1762.3780000000088,9.70499999999961,3.1050000000002083,45.309000000000324,108.0,649.0,1030.0,449.84639999998683,248.76739999999396,6.648000000000071,2.6062000000001175,31.859800000000327,0.0,0.0,0.0
512,25,4,0x9121025ffe069ae467e177e2c80b5842d01d79d5c214ce54ff257fe7c244a9d0,0xa765ed530d1e6482630d899e663a6a9ad3abef4e7ac7d7c07bfddfa63c730e22,0x97e98d9fa91920efa18d211acf8b4af3f014a8f7598b6eb774bf5573771ff5d0,0;1,0xed9a635cc528b93dbae54840d779480112ddaf236a7872c63997a62369457a49;0x69bdb74c8eeb57296ae367528eebb2abb52615ffc28c8b46c78304c714f778ef;0x9c60147087e8a7e2894afdc1bfe8785d77e1fc22c5cb85482bb22d3d25fe8860;0xb298f85f8f40c3b0336173585ea09179ec05cbe042f25d824dce50c9c3d811de;0x82cd9e0d29a7e219c90723eef03d7e8e29ad82f0c401f1819b496876ba078953,5.274854,3.505342;3.521386;2.781885;2.710718;3.560508,512.0,9.0,0.0,0,0.0,0.0,0.0,0,2657697792,2657714176,2040.3570000000482,1513.9029999999832,7.962000000000247,3.5059999999999083,51.688000000001125,108.0,650.0,1031.0,573.8872000000227,1567.6739999999968,7.35519999999993,3.428999999999932,48.76340000000146,108.0,650.0,1031.0,4.586466,2.117373;2.035344;1.767135;1.607273;3.111833,512.0,9.0,0.0,0,5.0,1.0,0.0,57896.0,2675372032,2675441664,1590.4180000000379,1607.1930000000068,6.500000000000429,2.48400000000008,40.82200000000286,108.0,650.0,1031.0,524.7190000000179,247.81999999999857,6.918599999999886,3.2789999999999555,34.95299999999868,0.0,0.0,0.0
512,25,5,0xcdd2146f8448e8db80f5e6dd021e7fe143d3ec3426cdcea9f9080d4dac753fb6,0xba99354b954bc7f785263b3fd2583afff15b8b1cc392afb88ee972ef213bf806,0xfca249df2ca5f4c2188569539be83f112b9c647b487811f58c4a5a3115ac9ef7,0;1,0x805c36ee7b46bd3632a69a0d0949a8e4b2c3c61f85a05505e03a83d76162d9ad;0x237a113816cd5c2efff80acd9decaa27ae036ffe9c3babd9ddb5c388e023da3c;0xdc9a6d6a9fd990762e67eada7fb609d9a042de9240b0e32f19e00a8e943a5e0b;0x534806aed25b5f12ec3747673d47a44c481f8ca7186cf99ddbfcc81c002968cf;0x2620640259a4e2dc5ee2d4b5a5f0171e2724403e89ccf5d894aef45e469460cf,4.339594,4.213083;3.108247;2.752811;2.678975;2.747944,512.0,9.0,0.0,0,0.0,0.0,0.0,0,2658553856,2658562048,1578.2100000000244,1501.8650000000466,7.341000000000118,3.285000000000007,49.525000000001654,108.0,651.0,1033.0,489.68240000000213,1609.6494000000127,6.986399999999935,2.916200000000011,42.41380000000044,108.0,651.0,1033.0,4.593416,1.917822;1.544394;1.384277;1.590964;1.77719,512.0,9.0,0.0,0,5.0,1.0,0.0,57896.0,2676027392,2676121600,1859.0040000000529,1580.5230000000004,7.631000000000131,2.954999999999798,35.67399999999943,108.0,651.0,1033.0,453.41539999999014,251.43720000000428,6.660199999999894,3.1907999999998893,32.156599999999536,0.0,0.0,0.0
512,25,6,0x727619c241cf3d228f315c9a28e8ecd8baa50e330cbd812a72259668ebdef57e,0x6f0fd6cdf076b91ffa4830960d277cafe79853dfbd64b52651dc48535fad410d,0x13390c83eaca33b697dc05ec42d4845e4b367d5eb0dc06613a4dc644c496f6f1,1;0,0x34a5acfd89f352d54dbeeededc02ad9be0ef782adc54f14f0c2735a6a14f0cf5;0xff3c94f220697b42f19783800b94e10745f52e428195115abff30e2903aa8228;0x8f78dd4079daceaeef3a1c81004d3868c77d1c2e9731d51f59a7751d972e3150;0xae404d5fefa78c51d0668e02d2f65efc593e37f635c014849f5e9c93551aae1a;0x946baefff55bd71a2604525c13fc6b5759e398f9ad5626ec6924e3e9c5251b9b,4.482809,3.427609;2.817453;3.056194;2.920474;3.06383,512.0,9.0,0.0,0,0.0,0.0,0.0,0,2659864576,2659876864,1660.4040000000043,1501.3440000000155,5.698999999999635,2.6340000000000563,38.599000000000274,108.0,651.0,1033.0,438.6133999999986,1580.5277999999755,7.549600000000129,3.3412000000000024,35.209399999999725,108.0,651.0,1033.0,5.087522,1.749769;1.746729;1.641646;1.942354;1.879409,512.0,9.0,0.0,0,5.0,1.0,0.0,57896.0,2676543488,2676506624,1907.9969999999946,1683.6390000000144,9.04399999999972,3.8960000000001944,51.18800000000062,108.0,651.0,1033.0,453.8146000000021,286.9910000000031,8.078000000000078,3.3711999999999978,34.10140000000006,0.0,0.0,0.0
512,25,7,0x6f88c3cfe53a7b7506b430274e1c6974c855b137fcb6bbbfa44aeeebb37db367,0xa03b1633d7e855b849d652a1d799c9fe6d26e5ae9041ddc546b33a2fb144129f,0x05bbdf0d4b624c62e7ab6394e437b8f2270f9e8fe04a2a897d52a46286b3734c,1;0,0x22de94ba357aa1e492b6bfc8f9b08fe7c597c60f7c7dc7d3bf2115867648c061;0x794545a680ab71c3cea7b9a3e3e005ee41791a24fe5ce7feae309d899f6f2692;0x2ad4c649e33b8ced5b2b32c0ee9cda0171ebdd45a85b8d53b43bdfc1e8c20bc7;0x4e1d6033a3cb5c7e4aea8d3cd29d76ea0cadbb8b6a19556527be4a1950cb588a;0xfcbd301b928919f1318ef8e02baf1e3966bec0ae40515165ceb32b4d0965f7aa,5.6864,3.629232;4.913776;4.85399;5.119821;5.899216,512.0,9.0,0.0,0,0.0,0.0,0.0,0,2658160640,2657177600,2100.8380000000493,1794.445999999894,7.100999999999809,4.757000000000199,51.1170000000033,108.0,650.0,1033.0,687.0519999999881,2038.9661999999919,12.170400000000026,5.6744000000000065,51.12540000000027,108.0,650.0,1033.0,5.686685,4.123583;2.589795;3.051882;3.783073;2.754854,512.0,9.0,0.0,0,5.0,1.0,0.0,57896.0,2677161984,2677616640,2268.8119999999535,1627.084000000001,9.534000000000278,3.5750000000000193,57.96799999999852,108.0,650.0,1033.0,781.5246000000053,327.88420000000593,12.635399999999866,8.03239999999988,52.52719999999933,0.0,0.0,0.0
512,25,8,0xcb6e404dcad539a2a317a75162227bdb26842f198c58cb0361645dae13486977,0x35750beb73731e819c93074a257eeaf3ce5727d465efc89d8513865271d6fb7b,0x0b7fae5b72cd373af7a4183edc58f4d8c1a9f65cba77ccb4fbe3a7e762411810,0;1,0x5ee15c9c6d4ba1cfd5722d8cdac9ea9f6fee0f6be9e0c4e66bbbf01fd9305a8a;0x9a0fbcaab68bb800af78bf6f61ae757daca89073327fa79a6441b886ced6022f;0x6f32745f89e0cc5074f4a86286179f221cf8e256e97767295163df45ba261ad6;0x7e1db8f2d9bd9e365487e4fed3d349c18941c4b3f1095fb9d62aae4f49791df9;0x338f8019c2a4cb71ec2c1832d9d2d472f610909f8abc4fe035ecb5156b3a9509,5.138409,3.707021;2.810157;2.727744;3.24956;2.79842,512.0,9.0,0.0,0,0.0,0.0,0.0,0,2661978112,2662162432,2066.836000000016,1634.4649999999738,10.124999999999718,3.1950000000001073,51.72800000000088,108.0,650.0,1036.0,466.0988000000143,1620.1431999999904,7.238999999999857,3.2408000000000263,32.23480000000139,108.0,650.0,1036.0,6.070204,2.382443;1.96974;1.763188;1.548675;1.641745,512.0,9.0,0.0,0,5.0,1.0,0.0,57896.0,2674900992,2680123392,2238.8559999999557,1802.1779999999876,7.601999999999783,2.714000000000015,39.4089999999972,108.0,650.0,1036.0,529.877000000023,274.1814000000064,6.836600000000026,2.8623999999999663,36.22280000000061,0.0,0.0,0.0
512,25,9,0x426e39a3d83d89375d12e3a4e4197ffb8490d501cbf2b337aae20cc0dda57702,0x95487ed4d24fd6e24de57b76274a7abc6da98a0a3c3e2f74fe1306d837be8362,0x307a67776c5c2d4978da3f81bfcc3d8fbd8de0146bf0608858fde06d2063aefa,0;1,0x3145a57b88cb8d78cdd280c05198bcff89aed9ccdb8e571eacc34a7008d33ac3;0x56c647bc65ece6e8415c114e8041610ca73284172f2d7876fd130a20ab301242;0x3a44e95e8b2a460c07d184c72a3eeea11272cfb8af7b17ec04457456b84ab4bf;0xdf27755598f7185cda17a3238feb72d3e4fb1b1225e16f2dc0eb629c8fe0fb52;0xeda98576a7ed1462fe53fbb2a9ecd73c482e61a63aa40fccfc83a1ae199ce469,5.563639,5.657251;3.106285;3.154266;2.791629;2.668925,512.0,9.0,0.0,0,0.0,0.0,0.0,0,2664185856,2664443904,2371.926999999996,1677.9700000000287,8.00200000000001,3.4950000000000605,95.9950000000015,108.0,652.0,1035.0,476.35020000000856,2001.7608000000298,7.381199999999949,2.198999999999951,37.88720000000023,108.0,652.0,1035.0,5.17313,1.781135;1.531108;1.641114;1.879985;1.570729,512.0,9.0,0.0,0,5.0,1.0,0.0,57896.0,2682089472,2682343424,2183.782999999995,1664.1989999999773,6.510000000000369,2.5939999999998604,41.24199999999689,108.0,652.0,1035.0,475.83339999999197,264.0618000000039,6.347200000000018,3.665600000000036,77.1380000000002,0.0,0.0,0.0
512,25,10,0x990db5b5b7867fb3681ee0994bb7f857ea18ce0039f2410fb9d68f5202c8cbfc,0x8e4cebf65f3faf972aa7a6b7f3777e76869313b4c733853a2b8f36e5e8763fe8,0x6dadd5b0921df35301c1f551bc122ddd25a7e7ca4a4d5bf503c5ee4f3766b0a9,1;0,0xa4fb8f0fb5d4f599225598e5b50fde9c4e4428e2585884001b5ea7b312dffb01;0x4fc0a2d093a16124d907d7f4e24cdae000a7e26c856242e4d433bc819d53535b;0xcec994e22a8cecdf43955136a796ca1c168b06c46e2937085490de295173d04b;0xf90b52c84c79a6706db4ac32dd680accbdbbd64895f0d6057ebe3b1e0475d0d0;0x3ffe8cba0dd1e93c756bcea65a68cb717684a91ee4df86ff7a24e00f5ff2fb97,4.852968,3.696925;3.190491;2.910359;2.918961;2.753032,512.0,9.0,0.0,0,0.0,0.0,0.0,0,2665476096,2665562112,1960.3059999999673,1556.6780000000335,5.5089999999998955,2.743999999999837,43.69600000000279,108.0,653.0,1035.0,434.55519999999746,1667.9589999999855,6.743999999999848,3.7718000000000824,32.721600000000514,108.0,653.0,1035.0,5.911965,1.698661;1.683469;1.605481;1.716118;1.411329,512.0,9.0,0.0,0,5.0,1.0,0.0,57896.0,2686308352,2686750720,2368.47200000001,1643.4880000000262,7.471000000000213,3.4549999999998646,50.0360000000033,108.0,653.0,1035.0,440.0897999999875,262.65020000000305,6.718000000000175,3.1910000000000447,31.77779999999908,0.0,0.0,0.0
512,25,11,0xcba9be41b347f34b37e94ee0e4bd4ab29a404f0209f3315962ffb90ba8589b4a,0x784c2186f56a688715cf463f6b1d7f0b998b20dba0520558c5d34cacbb9ba24f,0x89855bfcd785c77be5c584a8de7efab60c8a05c38d7dde68c69edda9701fcd98,0;1,0x0b618514326b4044897d647fccf2e7a2e30532b8c350178a1172a3bb5c162fee;0xac3b56ae4e88cd07f756618431621c50c80b7558dee2377e7ac787ec3e95976b;0xe37021e4088b61b3c4db64e74dd9d9ca33a7dc49d9681dc48f7cd7657a3fe79b;0xe7c8e870484b962af1fb1b90256fafbc3107b628a2143834ac6d44d96725cfae;0xca456e07fba11fe92867997641cd3b1c736361e25fdbaecd07f5eeaf6e603e81,6.571289,3.913071;2.867304;2.618909;3.165283;3.03038,512.0,9.0,0.0,0,0.0,0.0,0.0,0,2668343296,2668548096,1861.2569999999496,1659.6829999999675,8.712999999999603,4.837000000000157,53.15999999999654,108.0,653.0,1034.0,452.34800000002457,1582.0837999999337,7.719600000000159,3.3309999999999067,33.42659999999859,108.0,653.0,1034.0,5.281895,2.404836;1.819574;1.851081;1.471499;3.331509,512.0,9.0,0.0,0,5.0,1.0,0.0,57896.0,2689658880,2690142208,1892.082999999989,1917.6020000000183,6.9010000000001295,2.7040000000000743,42.7250000000004,108.0,653.0,1034.0,511.3332000000082,266.4216000000108,7.733400000000008,4.700999999999924,334.2661999999996,0.0,0.0,0.0
512,25,12,0x8138ee2685e60a21d22c9ec07839b8b510767dd590a78450dcbb8d0ff65a4211,0x7062a4fccb98794f386b88d129af6d0c8d3695f9b0b9e0f3e8c131cb76f14ebb,0xe75c22cb12602deab12c01e66368b24fbc4e0b0c4f12cd737609592aeb8ce4ff,1;0,0x282023892ec2455804186db8b718a57ef9895098908bf38556f0619e0e776b1b;0x54a247507d1a7d5c8b2b080a54f6f21dfa932d50c898718cdd330e9d607efe72;0x83fd4dc9a7d84657814f979bd6d45a39ae66c477d1797e15578f17c2f2b1a27b;0xb566c5cbf7ae64a6ebe3a8766714a67bb5e9065a5dbedc20a2dceda8aa35d388;0xa34fd719b4de5c115ab94e21cf60ed6e59008856c37396972c2b1679fbff24c0,5.20102,4.490779;3.633377;3.15129;2.928204;4.567105,512.0,9.0,0.0,0,0.0,0.0,0.0,0,2665566208,2665570304,1954.0860000000216,1637.0070000000237,6.790999999999915,3.0139999999999683,46.6610000000034,108.0,655.0,1036.0,533.9187999999995,1919.8639999999934,8.160200000000007,3.5476000000000427,37.97719999999866,108.0,655.0,1036.0,4.891784,2.629023;2.00357;1.924381;1.609095;1.50608,512.0,9.0,0.0,0,5.0,1.0,0.0,57896.0,2692677632,2694291456,1588.224000000027,1807.9550000000277,7.591000000000368,3.1039999999998673,49.74499999999688,108.0,655.0,1036.0,526.774200000002,233.65220000000076,8.07199999999994,3.8017999999999903,33.28639999999883,0.0,0.0,0.0
512,25,13,0xd25af3691c694c00e509dc744b9dc7660b230002ed444e8e31956016b9855b91,0x42c8dc1c18c25f63b4e4ea9b16f9a9b77feb985d7be1db92d9f4e8711bb5307c,0xeca9a4571264bdc14cf2a8d455520f9e10af19156aae024a9dbd0f42c53eac5a,1;0,0x2592953699374f3f0b6c08566e9161978f05791ac7a2bdf034bd0bc86bc1a07c;0x73021be45b55f6d58c76f713b44d7a113781382c82987930cf3143a2ee92cf1e;0x5f20faf3ede83f530bdb6cca83a74d446e9fd9c05c794eccb77192d9cdc2d831;0x0019c261cf7558558d206aabf8297c2d39e65a8a20a4d538030274ff912d78b6;0x7e2d18f3d330bab3e0a23cf91c0eb82e07828f7daa16721a81b39c1a3d3f1510,4.482146,4.30842;3.460436;2.86604;3.083788;2.861994,512.0,9.0,0.0,0,0.0,0.0,0.0,0,2671853568,2665631744,1640.6930000000264,1620.3420000000524,5.617999999999769,2.333000000000196,38.48800000000318,108.0,654.0,1036.0,451.4123999999953,1691.3558000000162,7.371200000000008,3.7018000000000644,35.6133999999994,108.0,654.0,1036.0,5.584468,1.881897;1.542695;1.523797;1.908156;1.612976,512.0,9.0,0.0,0,5.0,1.0,0.0,57896.0,2695995392,2696249344,2160.386999999986,1933.3939999999773,13.85099999999962,3.054000000000164,52.779000000002796,108.0,654.0,1036.0,505.15960000001587,248.99339999998602,6.756199999999844,3.395000000000047,32.501199999999955,0.0,0.0,0.0
512,25,14,0x15ebe16e30b57b1371f045312b97f6529a877a123a6782ac0882805803f80e69,0x28ddfa374612f2cfb2f2c618ca4405ec5453980a3d198387d2ecd6f3b0d3f4b8,0x6a6fca76f5fe6326d0910143a616d65b8d3255078d1936c4d3e316bd9d292d76,0;1,0x30eb051dc1bd71e808e706027c83bfde80de40ac42a8c8f274555e94f13feef9;0xa90d8d9f7c799028fe25f947a8cf7b5c47f44226e5783170f22f47d6324c0b05;0x8e4e950480255d3ee68c29bc9065208b017292c4c5a811b3dadada782f2e4082;0x6e05c6804839e0a57e612546b5596e3aa83015f9ebd32ec58aa863a176766868;0xeb6340275b7e5ab9cd66aaa45090ec2006350e90b07119134ab101ef94a01601,5.481443,3.857665;3.273905;3.309179;3.5422;3.980845,512.0,9.0,0.0,0,0.0,0.0,0.0,0,2672971776,2672865280,2076.729999999971,1746.2619999999429,7.260999999999726,5.549000000000092,50.65700000000256,108.0,654.0,1035.0,502.90000000003937,1669.9794000000434,8.432999999999879,4.274600000000063,41.166200000000714,108.0,654.0,1035.0,4.923402,8.15964;1.918442;3.234916;1.906554;1.649056,512.0,9.0,0.0,0,5.0,1.0,0.0,57896.0,2697752576,2697961472,2024.2820000000438,1585.6000000000204,7.341000000000118,1.872999999999892,45.92900000000011,108.0,654.0,1035.0,647.586400000022,248.40839999999974,8.464800000000139,34.25599999999996,42.99680000000028,0.0,0.0,0.0
512,25,15,0x3bba5f2842d12ab4fa5e907040f306198d71e49af2f3c1da288c67dd60128201,0x664adac2ddbce195246564428cff47635b3184a4de69046e0acd6033a1296025,0x193622e948c062b8ae838d6646e8b99e272b5231574cf7053ca84290f0ffcb7f,1;0,0x03495a5c893b5d2390d62ddc39d9280d09146168b71c6b3af9a6e5c251c2e54a;0x83070b29511f1aa114c393baf995d3ad5b4f597552023584b7d2d3f474218016;0x9737064cae69bdfae014c0ca2114a2fe04e12e5464082a25fa978d799a2e0edf;0xdf5a8b7ac26ae810d77c55baeb1006fca7ae82ccfca1bcd9385a465753987f4c;0x39642c968a907d0a77e0cfcda3252df25502c1b430e6111709222b68a2bbb173,5.855191,3.252903;2.976618;3.037659;3.007354;2.802104,512.0,9.0,0.0,0,0.0,0.0,0.0,0,2667044864,2674044928,2120.2759999999766,2352.246000000058,5.61900000000011,2.743999999999837,41.802999999999976,108.0,654.0,1035.0,448.94880000001524,1551.4387999999713,7.359200000000253,4.004400000000037,33.288399999999164,108.0,654.0,1035.0,5.226468,2.440819;2.094077;1.643968;1.795366;1.599451,512.0,9.0,0.0,0,5.0,1.0,0.0,57896.0,2698506240,2692112384,1977.1600000000333,1556.8570000000225,7.311000000000297,2.7939999999999734,52.88999999999988,108.0,654.0,1035.0,479.7876000000034,348.4689999999957,7.276999999999978,3.989999999999983,36.18660000000023,0.0,0.0,0.0
512,25,16,0xbe2112650e0a2e2f17b2448de1b531456ad4f41bd5168ea59f305eb93593c80f,0xbda21c55355abff16f32b6b0d023d2bab3aa2f6b4ba0fab2d3a6c9c076091240,0x6911ee24f519ef6b4333462a879a14b680d537057f3d79eb974ddcb1d6815a6f,0;1,0xc8f31fdd2394d60d6751c127cd019d9345976f6444927e29a0281f97c2194f3a;0x0127f0e40e2003ca2006817fb225a63fefb970ccb15e20407429e3dec48c4591;0x456044d1deae6fa5a24d12000fe7cf7a136bd728cd2cb23af60afea307a6e5c8;0xdcad1d9fda61a49d5c9ebfc569c5919be40b4d2a4fe0d92b5cb9301c46962780;0xcf1f6fbb77c94b8ac50832c616ed59158e1d21701608b3f4d32e0b0f8368f782,5.424738,3.577343;3.319754;2.841383;2.817628;2.890537,512.0,9.0,0.0,0,0.0,0.0,0.0,0,2674089984,2674135040,2069.7200000000526,1671.2690000000307,8.67299999999984,3.03500000000019,53.089999999998696,108.0,655.0,1037.0,459.5925999999917,1586.7860000000178,8.284799999999995,3.627399999999933,36.6235999999992,108.0,655.0,1037.0,5.08804,1.966604;1.813864;1.496737;1.500842;1.465248,512.0,9.0,0.0,0,5.0,1.0,0.0,57896.0,2685296640,2693357568,1981.407000000046,1673.853000000003,7.270999999999667,2.5839999999999197,36.946000000002975,108.0,655.0,1037.0,492.6105999999875,244.196200000002,6.567799999999957,3.411000000000039,31.97000000000061,0.0,0.0,0.0
512,25,17,0x8c5cfca9d84aa423286d0ec972c162aba49431a2f832214d3ecdc1b39000bde1,0xd631854d3927179e09081d5e53494a911dcbf76f4836e94839b21ba6ae12135a,0x9ee554f711573b6bf1a6834849bd491c8af6b7af03acb4aa66ab71a9e7e6a373,0;1,0x3ce61b0e40104d4a1f8f3ddfd146040f8e07894a45ef337b6de311ba1f9bfbd3;0x10dcce151e4f75dcb7294b689a201c8cb9589c9cda068ffc46bee23a81589c8b;0x8399d5e7f0668fe6fc2cea908fd7e2544cd485b3832b2ce43739bfa514d30d0a;0x3400ebe064d92e7ee20fc64f03bb2dc428c7d18fa932adf61c3f62f85f1bbb4a;0x9f3edc0d8167c2232432a969d0ccea0b8c2b9beac73ac94457c1b6ae7dbfa9b6,4.921949,3.240014;2.71934;2.85218;3.263039;2.752359,512.0,9.0,0.0,0,0.0,0.0,0.0,0,2674692096,2674921472,1917.5299999999452,1521.904000000074,7.1209999999996905,3.3250000000002027,50.52600000000213,108.0,657.0,1041.0,428.5380000000006,1570.6274000000242,7.340999999999771,2.7021999999999813,32.77740000000168,108.0,657.0,1041.0,5.724559,2.403984;1.702957;1.560673;3.453146;1.636658,512.0,9.0,0.0,0,5.0,1.0,0.0,57896.0,2700251136,2693042176,2309.3010000000413,1788.6069999999977,7.361,4.627000000000104,49.6850000000007,108.0,657.0,1041.0,472.7045999999735,279.3693999999958,9.243999999999918,6.480000000000114,37.474399999999626,0.0,0.0,0.0
512,25,18,0xa0cc2e3679ab46df23cc6b9378e7f4a98c0b2395301350893a6f02114e42f3d8,0xfeb749b4fa5e06d5e14081b3242e854ff9da812ee8af883501c1bd232e678741,0xfbf3dedf99bd151b51226cb8d9cedc892819723b3180ac57b9a56d789012b1f6,1;0,0x688058f76ea135b21315b8f893def82531f70e46235be67284311b132898cdb3;0x291b6ec64b1b66f00cb4fe51bec244ebae965349e494e207fce99050b6fc2476;0x836596342a865c17a62a19b0b9aec47e14094835784dfc4fdc7ac10490424af2;0xd96c76bade339ef8b83c2e6e82e019720117bb598e64549d985965d3907f5e4c;0xd337c0c6034d16ccdd5a261ce120b7b26e540a5954f8317f67ec82a517a0da66,5.537152,4.248319;3.929023;2.919606;3.450731;5.855487,512.0,9.0,0.0,0,0.0,0.0,0.0,0,2675453952,2675470336,1860.9149999999631,1577.8179999998977,5.8080000000003755,2.7450000000001777,48.39300000000074,108.0,658.0,1040.0,534.7178000000064,2324.0896000000344,8.693200000000138,5.241799999999938,53.3863999999995,108.0,658.0,1040.0,7.376535,4.191368;1.736949;2.1233;3.081525;1.721435,512.0,9.0,0.0,0,5.0,1.0,0.0,57896.0,2693529600,2693742592,3595.2200000000103,1604.2290000000125,9.605000000000203,5.5780000000000065,51.858000000001844,108.0,658.0,1040.0,806.569800000001,493.0989999999858,9.344000000000019,5.101200000000046,42.77260000000033,0.0,0.0,0.0
512,25,19,0x3ed516bdbe1aac62ee1bca1fc4ff6bcc241843e23abe570718c56ad772a61038,0x084ca560490a436e1b00ed46e91e43c8259d411f5e89f16402fc834ccab6e321,0x962ed3ff208dacbd3a6e7bd91dee35245488d5447c1c95c87dcf7de84e5bab93,0;1,0x6528d820f85120f00c1bdec1e86fe4e64d56ec57551101811d3220896582c8ba;0x5f5ccfe32b8d08f63b828f3c27889dcbe7f62f909252e382f175d2e1c99d1eb0;0x17482d977fe8ae63dcf754048f63c7514500574a886fa6c8483367a690fa2204;0x0d6882fbe09a0b22e602123fd595fec898d314da3a81534421445975595ad403;0x3574da7e651f4f0c5a99df4ae02d4280215cb808e40a8085a56eed5ee0d6bb67,4.785674,5.811941;3.467507;2.88548;3.601189;3.020414,512.0,9.0,0.0,0,0.0,0.0,0.0,0,2677174272,2677202944,1573.071000000037,1676.0570000000641,6.990999999999595,3.5650000000000786,50.214999999999286,108.0,660.0,1042.0,461.7142000000074,1747.446199999958,8.709399999999937,3.5151999999999233,39.653799999998796,108.0,660.0,1042.0,5.776558,3.992829;2.126345;1.765101;3.348247;2.017873,512.0,9.0,0.0,0,5.0,1.0,0.0,57896.0,2703212544,2696093696,2282.7509999999716,1830.1290000000135,6.599000000000362,3.5050000000000012,72.92999999999883,108.0,660.0,1042.0,794.4416000000176,243.3450000000059,8.927599999999924,4.58100000000003,37.87720000000133,0.0,0.0,0.0
512,25,20,0xd49671daee76a25c74736d92151bdfe8432473eb4bc0beedeb7e98bcafc5f116,0x6080e1c10fa075f99e5cecfe28bc80ae5d7c12716cf2e20533d328b7c91a47c5,0x5b6e7ba9dcf0c7460098669805a037a4aca109d65b060a24079af782b553a9fd,1;0,0x3bd3c32cbf62bc66c752995f221da15822d458ed17720d491a2f7d7a4cf47c2c;0xe43f59897e1826eec73f0407db37acb99afc2929e1115d3ec0a8f4e996655fc8;0xb0349f0cec973bbceee7f9dbc8ad2e2334ec40c2a3f0908d893aa3c5c0fd26b9;0x08a5ddc73adc08f3ebd5d59f42bb366caed8f92fd21e16c4fb1932afe58bfc66;0x3da1e9bf17572484a77f9bbf80061c6ea356967bfc9795cfca64651e3baf075f,4.751765,3.695603;5.25954;3.075347;3.413326;3.415721,512.0,9.0,0.0,0,0.0,0.0,0.0,0,2678054912,2678272000,1838.2019999999554,1533.50200000002,5.518999999999837,3.1749999999997924,39.48899999999672,108.0,660.0,1041.0,501.6466000000053,1886.612600000026,9.105400000000188,4.454799999999929,41.790799999999464,108.0,660.0,1041.0,5.944524,2.480671;2.191795;1.557689;1.480853;1.973265,512.0,9.0,0.0,0,5.0,1.0,0.0,57896.0,2696970240,2696994816,1652.2920000000552,1726.9939999999817,9.724000000000018,3.5750000000000193,52.628999999998484,108.0,660.0,1041.0,502.73619999998687,245.24400000000003,8.1684000000002,4.246400000000073,39.257200000000765,0.0,0.0,0.0
512,25,21,0x5d64310191da11fa5497dc34892fe59ee8f6b3c5879b22032dc894f154ac6ade,0xe17c8d7580ed4011a81d130d39ab02420b0a7177265642251a5f9fbd1b81977d,0x8f88a72b97c7c67c8186a2bab2345b4e3ba29bce8049679331c389b0fdc00cef,1;0,0x96092aca7494fd732beaa16f265511425ca3f6d4145efb7d337564b1b501db2d;0xedaf04a43f7d932126f03fefcf74f91147ba5ef98476cc485a47608611e4189a;0x79851ca5ec8fb4b82cc094b1acc5f58ad6b32993f3820bc5872451c7b9f26f22;0x39b4ff4e90d45c3f7366855d382eb1af6db4caeb518a3b02e625376d1c81ff53;0x57fdb4eb47b9898074961fcf71d7b280476720f3630d49b542bc402ca4711732,6.772733,4.282062;4.842792;3.498776;3.296421;3.33557,512.0,9.0,0.0,0,0.0,0.0,0.0,0,2678292480,2678718464,2681.954000000042,2548.4030000000325,6.108999999999802,3.545000000000197,47.27200000000098,108.0,660.0,1040.0,545.0880000000159,1706.5812000000235,8.742999999999945,5.38019999999995,41.20399999999886,108.0,660.0,1040.0,5.465821,2.14541;3.893831;2.205286;2.383354;2.531547,512.0,9.0,0.0,0,5.0,1.0,0.0,57896.0,2704564224,2704887808,1907.8169999999784,1648.8060000000028,9.153999999999932,3.674999999999859,52.5089999999992,108.0,660.0,1040.0,622.2141999999931,253.31619999999774,11.775599999999837,4.396600000000031,50.66239999999972,0.0,0.0,0.0
512,25,22,0x85f8d00778c2b442706b28e5cc9cfd50dded5323b6cbb05df7e50b8979569b77,0x569622ea81c430038579162cebc7858fd23932202c0efdaac6786dc8c0750a2a,0xd83040bb975b09c165a0609c0f18ff8c581c25e8ee3f751afc0c355ab9fc7d3a,1;0,0xbf1a6257c955cd799ccf36ff7a836c0e7e59662120bdf5b5a1b1eb7ade89dcbf;0xf5349259bb896b61a471e4763cfe60580c396bfbb87b7399b18dfc2727666783;0xb1bcee41075f2801fc70f51cd601f4f1ae91235978d555068bdf10c4112cb53e;0x65b64d3b304487f5103e783797cf42ebd61797ddec9b9c0e8438654011f0922b;0x2ef2a36ce8f32e315a15c0335a0f50ea94e555ee5d2dc99d7d6f478c3a239c17,4.459169,3.297292;3.438174;2.929687;2.970655;3.328929,512.0,9.0,0.0,0,0.0,0.0,0.0,0,2677248000,2678046720,1681.8459999999868,1524.0190000000987,5.838999999999671,2.5340000000002165,42.614000000003315,108.0,658.0,1038.0,438.84759999999187,1837.931600000031,6.601800000000102,3.9917999999999894,31.982200000001125,108.0,658.0,1038.0,5.065589,2.531132;1.832333;1.655757;1.542877;1.511784,512.0,9.0,0.0,0,5.0,1.0,0.0,57896.0,2705125376,2705162240,1723.0480000000048,1759.8440000000105,10.846999999999593,2.733999999999896,55.53300000000344,108.0,658.0,1038.0,485.7188000000123,316.6735999999948,8.626599999999979,3.7416000000000187,36.482799999999756,0.0,0.0,0.0
512,25,23,0x0d1af51190764ba8f6f42a22e43b83360ff7f3cfdcc99f374021252cfb184f9d,0x20faedecf18c335c1fbdd02296bbfea718fa89c42346f9ea8075e2d8217f5701,0xeb6b299ff44165de8d446c8453f4c2caa100542ea644df4ce0a24249560f3d40,1;0,0xfb113b9ee6edb711a0ab9654c57ef7dcc2b438a1314370fee7047686704995d7;0xf4d3c227eb553380fc47c6957f9cfca2af23ce7cdb7eb8491a6bdd572dd903d9;0xc303a36fe4403c6480460e0501729da5438cee56b33c4098e56a45dd6e496073;0xe3aaa643b68f9b980154ae97972b9366a9851398364e875977a28402ae4a45c5;0x842b230da2a5467ef980bb4fdfc99d80a695aff073c82909cd600fb924f67b2d,4.486345,3.390933;3.776915;2.851479;2.831359;2.706411,512.0,9.0,0.0,0,0.0,0.0,0.0,0,2679824384,2680131584,1819.4430000000316,1581.024000000042,5.859000000000419,2.5440000000001572,38.79799999999961,108.0,658.0,1038.0,509.46199999999385,1607.6382000000056,6.966799999999842,3.8382,35.745599999999214,108.0,658.0,1038.0,4.936193,1.895047;1.858943;1.559622;1.634114;1.410391,512.0,9.0,0.0,0,5.0,1.0,0.0,57896.0,2705248256,2705584128,1797.399999999949,1559.542000000025,7.992000000000068,2.94399999999995,51.6980000000028,108.0,658.0,1038.0,443.6427999999992,290.16960000001205,6.9768000000001305,3.159000000000061,32.65719999999972,0.0,0.0,0.0
512,25,24,0x1f5048158521d421828b06ca34074003ed27c4488eb0f08e93ba84d690825aa6,0x398c520375ebaaaa73d26d31f2d1b1a9cadf4c15651de2a594d622d9d53d8590,0x0e076dfd879b851942f870b918d75822b0dc75e35c9f77d1e911bb1b05dc69e6,1;0,0xcc99c308b0df1e2907295da54e838d2291bacb039a9f72fa672809845708626f;0xe0a07b6b1dae1901c7dfe1a2c99e5ab3f1fcaf8dbf5cddceed287bad873b1acd;0x867e62fa59946047740c2cf00a4e6d7149de654a1f3c596e121835b6085cf61c;0xa394b6b858391c363418cb5669b610ed382f362d9c66269d3b0cc5a5bde7ac98;0xbb9a2030048a16e84d46ff8499f8eb83730392a804f46c7bfb0dab611d484a13,4.498193,3.171157;2.802636;3.401099;3.266034;2.788895,512.0,9.0,0.0,0,0.0,0.0,0.0,0,2680471552,2680274944,1745.1619999999668,1522.5150000000021,6.800000000000382,2.6940000000001336,44.55700000000063,108.0,657.0,1038.0,465.55999999999824,1646.0659999999905,7.044600000000005,2.9585999999999846,34.48219999999807,108.0,657.0,1038.0,5.298289,2.415022;1.643678;2.204714;1.695316;1.474353,512.0,9.0,0.0,0,5.0,1.0,0.0,57896.0,2705809408,2705920000,1873.62499999999,1740.0639999999855,8.944000000000313,2.78499999999994,51.76900000000012,108.0,657.0,1038.0,468.81880000000376,310.3839999999969,8.73119999999991,3.078600000000053,43.94840000000039,0.0,0.0,0.0
512,25,25,0xafc584d8d7a357035232a0d6d55296556b7d366f0e0626c239468632dbe5536e,0xf8c396cb487b7a5d2734299aa981d181aaf6738bbfb4d668ce6dbac79f7da768,0xb85fe2aecbe468d1a8bfcc661cfe5999c9707344531e1714635c2ff190e26d44,0;1,0x22f884f4f4dee69e3ac6b3d44f6118cd40b1d2a8e28e355b4fc45946ff7fe49d;0xbf34396be2171a7fae26074159ac4e04384bcbdd8f513a0016aa68fc68ea524a;0x816fe8e4ad13b248a9e86f7055cf26d3bef49f46595548fb6cc232a122f52b5c;0xe8d844ab869ba09e3b26ccd57f346395ed716b9d38bad8389dc8879277909eda;0xcf54def823afe8e143d76bd8ff5c025eb92999cb464763a15f9f74ae01612f11,4.886468,3.294778;2.856958;3.092684;3.313216;2.766802,512.0,9.0,0.0,0,0.0,0.0,0.0,0,2678276096,2678296576,1881.1669999999615,1517.7390000000735,7.201000000000082,3.3550000000000244,51.73800000000256,108.0,658.0,1038.0,446.86160000000365,1614.736799999994,6.808200000000056,3.2789999999999555,30.513799999999648,108.0,658.0,1038.0,5.012408,2.441171;1.65759;2.022009;1.716589;1.459882,512.0,9.0,0.0,0,5.0,1.0,0.0,57896.0,2706096128,2706427904,1993.4050000000036,1733.3939999999993,7.0309999999993575,2.6340000000000563,39.79999999999956,108.0,658.0,1038.0,465.46799999998,330.71879999999607,7.9339999999997195,3.6114000000000286,35.70180000000145,0.0,0.0,0.0
512,25,26,0x8cb77437f24c737cc818705d1cc6c4c8ddef53920daae6e7668078c44bb6e249,0xbc73eb230f1623a650dd7d49a8551fb487d1eaf3a704761750c11e7887d780a1,0xca98cb506d3c487b336d1e5f2bc59573e50044360782c10b24e5f88a94fcdd32,1;0,0x5b3b5dd871b5fa1a4dfdc3d7f55a3f9e501afca4e8cc06ff18a55ebc966db111;0xb5f38ee913e3c8fe9c6ba0ab12e448f6dddad4709bf6bd2a721108b7380bbe5b;0x129f3ea0a24be08a501866ce4bf6e0b454b9d33760c85aa974605fee99988f1f;0x5345597fc2dff53454558d11d2b6e29fff929786a65cfe70c73eb0390df0f7c5;0x46f2ea130b35418e5a762c7650c6e69153ba59ec1bedc6b07bf79d3ab0b81cfd,4.693447,3.284122;3.184802;2.879892;3.059133;7.264144,512.0,9.0,0.0,0,0.0,0.0,0.0,0,2681470976,2681475072,1856.1580000000522,1634.0040000000222,5.477999999999733,2.9340000000000095,38.53799999999769,108.0,660.0,1042.0,924.4878000000068,2023.8318000000088,6.199600000000166,27.174799999999962,31.37920000000072,108.0,660.0,1042.0,5.525562,2.193258;1.723859;1.449546;3.029779;3.068422,512.0,9.0,0.0,0,5.0,1.0,0.0,57896.0,2707324928,2707357696,2234.229000000032,1657.7500000000134,8.242000000000319,2.815000000000196,49.174999999998526,108.0,660.0,1042.0,508.5286000000133,291.53140000000025,7.948000000000329,4.492599999999983,36.35300000000008,0.0,0.0,0.0
512,25,27,0x73e6049c6eab3a94bb3a080688c7bbe07d136165c91000cbcc88f9b47d5f4edb,0xcfc6b4a47f887c8adcdc2edaad100b1628ee445227cd637a03cd896ee1d2c481,0x188360c186dec8f1957ce98a2778c2b3a17867674ccdc60d0fd631f1dbd1d65b,1;0,0x55b7ca48968ae95ac1b62c826ba4dbe62a0fb1a08798ddd5b54e83857ce1d323;0xce728fbd9714645146044db66ca33b299863ea072575b30c94b516335d71b438;0x143aa2886612901b5d0acba404469f4423637c9f2a3adf5fdc2f0db3d2a434b7;0xb6119c2f937a2a595d9e370b59d226ee4ce177996fa94c067e37aa80377dead4;0x85b350e19ae2eb155324f098aea6d70d7cda060f1aafb9fbe28ee5e177982ba8,4.404221,3.467409;3.178062;3.406437;2.772891;2.925932,512.0,9.0,0.0,0,0.0,0.0,0.0,0,2679709696,2679713792,1711.90099999996,1611.1690000000233,5.86900000000036,2.3839999999998063,37.97700000000154,108.0,658.0,1039.0,475.7976000000053,1772.5568000000358,6.501600000000107,2.9245999999999266,31.487599999999173,108.0,658.0,1039.0,4.583021,2.089822;1.637108;1.734511;2.581012;1.846534,512.0,9.0,0.0,0,5.0,1.0,0.0,57896.0,2708553728,2708619264,1542.3959999999458,1633.3729999999935,8.95300000000078,2.953999999999891,51.13699999999971,108.0,658.0,1039.0,542.1937999999793,416.92660000001155,7.851799999999964,3.5136000000000718,38.6241999999995,0.0,0.0,0.0
512,25,28,0xa60bf902bdf1c2dcaed7e6ca4d8fb2c5479cf144ec7b050f29f259d91390a2be,0x055c4b49cf012cc83a9dc81d6d565aefb60f3258a4ed9e0ce38a3f0bcd542999,0x38ce651c13254760a3880e32eb18299f0dbcefcd90a9cdc4998b2f2f388f1885,0;1,0xcfd270680ca333488c4edfb5536d749c4ecbe7048682c08d4b7554a93bb90851;0x0b64811786777ebf0d5fac61157c2f79b9b6c5553a23230ff0e881031060aad5;0x3f36921e4dc702e1ac194c2cdc85bfef07926f593a4b77322b525c615788af2b;0xf3781ba7c217e370f8600d51987885de54070ac42654a45edff46260d87b00c3;0x64ae58a8caf3931871077567beaddb03bb3aec61b5317758446bff3d23b4013f,4.942854,3.014014;2.840363;2.892221;2.924379;2.628543,512.0,9.0,0.0,0,0.0,0.0,0.0,0,2679726080,2679885824,1638.7410000000546,1942.4789999999969,7.821999999999344,3.5460000000001046,51.43800000000087,109.0,667.0,1041.0,435.8994000000172,1529.5400000000293,6.205200000000341,2.3234000000000448,31.01479999999962,109.0,667.0,1041.0,4.759046,2.149822;1.514253;2.019315;1.468554;1.483707,512.0,9.0,0.0,0,5.0,1.0,0.0,57896.0,2708938752,2708946944,1766.6739999999681,1740.5340000000158,7.622000000000531,2.6340000000000563,44.066000000002326,109.0,667.0,1041.0,484.50859999999983,290.7824000000003,7.557400000000186,3.5414000000000105,44.795599999999936,0.0,0.0,0.0
512,25,29,0xc4ffb75ee27dea0a416f0a28eba0ab856e2814aa982f4a0e65e36ada6950f79f,0x8f89b88b619b1981fc485cad8ab411af87d1d3b2db3061adecca374a5c7dfa1c,0x88108eaa197a7c4bbe7bd6d351c408ba920301e5b2173952f5763454ee6298fb,0;1,0x8c4f2d787b4981a7b38959cc650ff3b6a486edc5ccbe940efea52465f4fef383;0xae495111ef36d956eb9bd5d688a8d583adcb6c5362d2825d328d534e6081fc90;0x1a59911edcce10756dff61e413ca35b5d28fff4fca4365c2e7800ad1d510ec57;0xccd0612d8a9cefee263a78fb3e50cd3031694a93bb82ccb8be1ca7d1af163dd9;0x73b7a3e6d3eb7a2f9b1c5ff8ca6144580c61ae21dd875bc149cb871c7cc0b7ab,4.773057,3.100796;3.177982;2.856658;3.032152;2.68578,512.0,9.0,0.0,0,0.0,0.0,0.0,0,2679767040,2679779328,1743.2590000000525,1718.1410000000064,6.97000000000024,3.2449999999998105,50.79699999999826,109.0,668.0,1040.0,442.2389999999998,1575.834399999998,7.04880000000005,2.869999999999956,32.74959999999966,109.0,668.0,1040.0,4.227384,2.340319;1.737299;1.669758;1.781216;1.716579,512.0,9.0,0.0,0,5.0,1.0,0.0,57896.0,2708951040,2708975616,1597.1190000000356,1537.2069999999849,7.300999999999489,1.893000000000207,39.109000000002446,109.0,668.0,1040.0,465.52419999998926,305.2082000000067,8.86540000000005,4.069799999999961,36.651199999998546,0.0,0.0,0.0
512,25,30,0x6dd97ca204a8ffb266707e34808a4943fa4dc6f4e7aa6bb7e8a78bfa76514483,0x926e4af291e47e1eedca7fb081626769af0eb534f194170427c35f6b53610073,0x3a32d04d39fb903dbc243c770fe08d2280070b0da5741860bb08c793600efce6,0;1,0x4c0614a01d088272bf00fc76b5cddf74c2ce11260d990e3d2d7bf10247394027;0x3c41afc5d126d5b105e355f861c5d85c3cf868dfc3d061f03766b07b85cb1d6b;0xf4afdb72c1d29a024e56a2b6e41787ca8f28e4e59d1e0480b0ca29eafd82f529;0xa2277ea79ecf24bfd2abbab8e2b6d38f3d42eb619922709b2d2470a3d7fa3034;0x471181cd259c83b3c9c535b254575b90944cf745bea8962ab7783f305ffb338e,4.844245,3.326797;3.098983;3.021666;3.723575;2.7122,512.0,9.0,0.0,0,0.0,0.0,0.0,0,2679808000,2679951360,1819.2630000000154,1636.0870000000639,7.280999999999607,4.127000000000037,51.24799999999679,109.0,668.0,1040.0,466.477200000015,1742.3174000000154,6.762200000000329,3.2912000000000394,34.52399999999967,109.0,668.0,1040.0,5.105698,1.667795;4.016251;1.531039;1.469876;1.444708,512.0,9.0,0.0,0,5.0,1.0,0.0,57896.0,2709286912,2709237760,1693.623999999949,1835.4170000000058,7.201000000000082,1.7829999999999928,42.36400000000307,109.0,668.0,1040.0,445.88460000001277,270.7083999999971,6.387400000000196,3.004200000000009,39.249000000000926,0.0,0.0,0.0
512,25,31,0x4d90fbbeae58f5e32071870b4c6231e858f581e741e0711234d74b91a1c0186b,0xb7c231fa9494d3c338fb58fd0640f814b9ad3198974347525b3e07b0f398b970,0x2c8a342e79304c294661a9ebf3c60f2c179f8e7963c9abb25868025e2a4cc4b5,1;0,0xabd18a8addad54a23a818f85df3ad277567e53bc1188d4b9188ec11bc4b21c6f;0x1ea67bfd9f78fe98beb00e7b5f1aa855bdce7fc87781f696b0d96eab726a4d33;0xa98219d86e1d46cef483b1d1345ffd30fe4efff6bef5e88c0a385fe7ca3c4cbd;0x01f4628cdde8666ef3db6312149897607fb9fae56a7e1ba51df3f3c828c38c59;0x426af65cfad7e8e96fd9f2fd752b355e88d3a4f9f20cca65069a7519d15b7a39,4.734158,3.036558;2.742476;2.698028;3.104952;2.767133,512.0,9.0,0.0,0,0.0,0.0,0.0,0,2679840768,2679861248,1882.8400000000522,1514.2939999999162,5.8290000000005975,2.78499999999994,60.02100000000038,109.0,669.0,1038.0,473.5357999999801,1523.0968000000012,6.652199999999941,2.8002000000000065,32.02040000000045,109.0,669.0,1038.0,5.170858,2.369643;1.885754;1.541394;1.388934;1.536997,512.0,9.0,0.0,0,5.0,1.0,0.0,57896.0,2709291008,2709606400,1884.8620000000426,1736.83899999999,7.451000000000333,2.8239999999997956,52.138999999999655,109.0,669.0,1038.0,440.32219999998733,253.75639999999368,7.509400000000124,3.4227999999999863,34.7484000000009,0.0,0.0,0.0
512,25,32,0xe9659d01f9adde113fe928229b7c19186e50be35619a20124b8ea15c2ca899ad,0xb044c25dac46e599bee547fbc7f7ce586d3f0b03ca1cf09d7309f36c524b2a63,0xadaa2e4b570c780a2a311f30b253ada7216ccace52c32eac1053e2df814a943b,1;0,0x221c9d9ec383324bc82909b7b2bad2126cfe199c8c26afcccaa0591bf9f2950d;0x5dbf53c670d4446b7152a77e6bdaa9d553e21bce230d8af6b7dc55c6eeaca884;0x4e7207c6cb55aba8ee65a79cab0475daf33cc0ee7946fa7f3ad54a15e39fb212;0xd6e5be5e12f5ae1c5568c229935c296f1508e0730d7a80f719764a5a945107f1;0xaf52df90d219928190bd1b258dfc19be80914919f2b572abdf9de20b1c5bd49e,5.273225,3.30969;3.045232;2.935726;2.775595;2.609064,512.0,9.0,0.0,0,0.0,0.0,0.0,0,2679865344,2679869440,2171.002999999949,1847.2549999999367,5.499000000000823,2.864999999999899,40.431000000000495,109.0,670.0,1040.0,459.4586000000067,1553.6963999999818,10.806400000000146,3.2770000000000543,33.086000000000226,109.0,670.0,1040.0,4.786647,2.365046;1.805582;1.491278;1.59178;1.490648,512.0,9.0,0.0,0,5.0,1.0,0.0,57896.0,2709606400,2709729280,1866.714000000047,1573.4029999999732,7.952000000000306,2.5139999999999016,49.72500000000046,109.0,670.0,1040.0,470.8198000000108,276.6970000000035,7.024599999999951,3.076800000000046,35.44119999999984,0.0,0.0,0.0
512,25,33,0x4878a3fbdc2221d19eed13d2478439d702e490866c3e30b469baaaafd08e562a,0x53c18e207118e9fa1a36eb8558f90cdf644ab3ea1f04e277ed61c4f76787a075,0x69577bda4397cf52ffbee4b8c8296cc6aca66ad4e749393c016e503b283b1d58,0;1,0x542b39b9e3ebe4f0ea2aef0774d3ee0878eab55c72e890f582aa30166c7b90b1;0x559d6888268e9f45f18202e44fa0e4aac0c27e04ba2dbe3912a61eb49a24e232;0x2bf21a7da156ed22e4a68050a4b42e4c9af5de9abd6806dea67353063980e5cf;0x434645cff326c698d87460e01c5e89339e4d50af7e7acbfd144e3fad2b20cfb2;0xd9a159fd2d0b94523eb724eb508bb1d20bb30c4bc0f7216107faa8c3c3af0e4c,5.027912,3.490593;2.984379;2.546855;3.348228;2.845781,512.0,9.0,0.0,0,0.0,0.0,0.0,0,2680160256,2680176640,1730.1690000000035,1594.284000000057,6.861000000000367,2.963999999999831,52.378999999998236,109.0,670.0,1037.0,523.595599999993,1579.397399999971,6.269799999999645,2.5297999999999985,38.902799999999964,109.0,670.0,1037.0,4.48624,2.232976;2.118274;1.534374;1.873885;1.655175,512.0,9.0,0.0,0,5.0,1.0,0.0,57896.0,2709966848,2709970944,1726.1119999999464,1585.8009999999979,6.409000000000622,1.8029999999998743,39.23000000000121,109.0,670.0,1037.0,478.7258000000127,279.5156000000021,8.727199999999936,3.8957999999999524,36.997800000000694,0.0,0.0,0.0
512,25,34,0x7c52cb30eefd9665ae98376b7f6c96d8648ff85168e3ff5df06724a16ac6e2fd,0x47e50ec4e70df5c37420b48f05f2f38170529732a8289bf531f914550254e51d,0x8ce5ba5263200ef0fe6afab334f70329ad957839a2fa659c08a9eaa01c4bee53,0;1,0x4f4f6ad1ce530d92cc634c28fcfd01b03cb29087a492b1ee5097235e71b9387e;0x2d0b8a43188df4de96be44b29dc87c80ece668e3500e390d2fb54c22ce58a279;0x4842356a383ec37f494610ac647f0963dec53d2efa7be26f62cdd4a7215277f5;0x9e6ed3283a9c8d43a96ae6d64e1311139f898c5c20186c7dc1d33617b86eac1f;0x776c763b72727d0c61da067326f44b6dca97203d920644d6a5c7d4338d844f91,5.181147,3.485586;2.966493;4.723342;2.852431;2.694793,512.0,9.0,0.0,0,0.0,0.0,0.0,0,2680877056,2680897536,2141.2979999999584,1548.483999999961,9.435000000000345,3.1250000000000897,67.56200000000018,109.0,671.0,1037.0,446.8096000000088,1525.9569999999555,7.196800000000211,3.080800000000022,40.66500000000084,109.0,671.0,1037.0,5.827327,1.743259;1.457643;1.616086;1.521765;1.498034,512.0,9.0,0.0,0,5.0,1.0,0.0,57896.0,2711015424,2711158784,2254.2089999999516,1800.314000000025,6.328999999999363,3.3350000000001434,40.49099999999667,109.0,671.0,1037.0,435.4605999999928,277.2162000000078,7.60159999999982,3.0646000000000493,31.395600000000414,0.0,0.0,0.0
512,25,35,0x7b06af3eef294e9be83a5aadf810fb7ff3e2ec328db75d64c73d99552f52463e,0x6c5d97fa43dea1cb9593e13bbb99b59329b3b3f3221764f87605008caf43ea93,0x72c67001644c7454e6a2f097536beaf4458090c10c042405e79ac4061365a6cf,1;0,0x269b0d129fd2e3b49672bfa9bd37e84b55cd1bef08c476b12b4ef0501d9f69c6;0xd68304a7441ca2c5a68b3237859f1c18c47710ea7bc475cca3c6316e4c044f33;0x7841b3fc55566ece7ebf69ce3705e358057dd53bf14a797149eb42663a7eda1e;0xf907755b23e484e1b2b13dc92f7592c53897c6dc78dfdfba50e7fc033ab7c049;0x652754fc0cb6fad0e2f6eb7107c96d0eedb9722f8c439c698af1907f17261c70,4.414977,3.808293;3.29955;2.950569;2.855476;2.833672,512.0,9.0,0.0,0,0.0,0.0,0.0,0,2681597952,2681614336,1606.6719999999757,1516.9580000000683,7.361000000000867,1.9529999999998506,42.133999999999226,109.0,672.0,1037.0,504.53260000000716,1621.276599999977,7.080999999999754,3.5294000000001686,35.321199999999166,109.0,672.0,1037.0,4.894851,1.886349;1.637719;2.085485;1.558881;1.366229,512.0,9.0,0.0,0,5.0,1.0,0.0,57896.0,2714984448,2715398144,1678.6410000000362,1745.5610000000065,8.00200000000001,2.503999999999961,51.478000000000634,109.0,672.0,1037.0,495.07439999998405,235.90339999998156,7.811800000000202,3.315199999999897,33.71060000000037,0.0,0.0,0.0
512,25,36,0x9a28c9dc1b767052d1c604da9324aec9c75930a5c8623820b79398e5ad0194c4,0x54c44a96d663c0d9de7084ea147cf4b1c83c9f1bf5d948cbe3cadeefa613b924,0xb7d6fe22552496dc1dea8e53fbd300ea1dba8601961ce52aefee0ea2b63fb5c1,0;1,0x6d0748d93e35e6fde7773fffe9026bd377338d28108632c6ee2caf1fd59df376;0x38bb74383a2bdd9f5e7f23bc54704aca3b754bbd77a4d595f59c664e75b49575;0xcdc94b39bda4ed332f2b73acfb5888e7447f4043a42281c7c6c18c1397d3f42a;0xf40b0b1be85f7dc750f391da0e3c2bee89008acf1187331609e60d47f317ce64;0x11198ddebda63625212f669ec0d26d2f1908f88fe6e41e4f21a3348e6677861f,5.422366,3.888914;3.300046;3.037535;3.643083;2.802029,512.0,9.0,0.0,0,0.0,0.0,0.0,0,2681634816,2681651200,2187.9289999999773,1575.705999999899,8.792999999999996,4.707999999999969,52.45899999999776,109.0,673.0,1038.0,452.45819999999435,1829.7825999999961,7.088799999999812,3.1990000000000838,62.81699999999974,109.0,673.0,1038.0,4.52331,1.801707;1.664169;1.519631;1.577028;1.694836,512.0,9.0,0.0,0,5.0,1.0,0.0,57896.0,2717466624,2717126656,1644.9800000000182,1664.4290000000228,7.000999999999536,1.7430000000002304,42.70399999999758,109.0,673.0,1038.0,439.57080000001093,300.6414000000013,7.24859999999966,2.992399999999888,32.419000000000196,0.0,0.0,0.0
512,25,37,0x569a6cc58d0e20a2fc07019d26646848fb2fd6cf90bd8e168c7c3f224744ceb4,0x1f729edb691bb27d2acb168bfdfb5783741dc3c4d56d44abd44d0069270011f9,0x2344bc3726edd1e096c35b0f02128fd78527ab386aba6165e283c47b7139c877,1;0,0x231fe5ca6a648782bf996982d9c5fe4919832375fb1ea69a8642c3cd184aed6e;0x28660351beb31d7aa771172e79d9b67d4da4c8c3dd5d2338968662ec054257a6;0x51606e0918a62c5f9b33ba699b83a691f1c150de14fb9328dc01b5047695d91b;0xc26a7fbc91a326cfb037a2736c59d328c3c37e3c3dc845ff331d5dba26aebe79;0xd524b8298418589e868a70c0745c3f2ed439f24e898a20412f95880bfa8380d7,4.963153,4.325362;3.732618;5.025036;3.252714;2.986363,512.0,9.0,0.0,0,0.0,0.0,0.0,0,2681671680,2681683968,2309.561999999987,1515.3850000000357,6.489999999999621,3.045000000000131,40.221000000000004,109.0,675.0,1040.0,606.5201999999825,1796.8709999999887,7.3107999999998805,3.7516000000001326,38.7402000000009,109.0,675.0,1040.0,4.945947,4.040964;1.7912;4.566846;1.746453;1.637689,512.0,9.0,0.0,0,5.0,1.0,0.0,57896.0,2717503488,2717581312,1852.213000000047,1602.2359999999792,8.04199999999977,3.2540000000002776,51.38699999999996,109.0,675.0,1040.0,502.2432000000076,801.9292000000066,16.362399999999763,15.45720000000004,37.562599999999,0.0,0.0,0.0
512,25,38,0x7d99e27e79234c42a57c471c4cc02f5560ef0f176fa182af66d90467f6a49b67,0xc60d750235e89e1b53862faeb7b02d72d17fc2fa987aa9b877a0ba612aa4a30b,0x7e728e4085083485aaff8ceefe7740c724b3b8596b28dd17e592ff973de88055,1;0,0xd4850f22e3601208f772c69fe33118eee7f951bf1af7b7de67568fd19edcccfc;0xd00d0e10f1404d0824a53672f46611c7f2b32fb52d6ba6a0580a985cc890f2d6;0x711c4541941bc49b86cc5c144bdd1c84b7ce04c5e9ea4e4a9fed1fab245b7f88;0x0348c330449246ed605f54d056e3b00ea984a2d1b2ccf4af7bad14f2b866b739;0x097f1e3b8ac3b503b8a1d7dddf5f37b3414f82c496f0c18e5e89426ee1a49441,5.159013,3.224672;3.427157;2.860223;2.721563;2.748374,512.0,9.0,0.0,0,0.0,0.0,0.0,0,2681708544,2681741312,1822.4629999999963,1779.0419999998974,8.552999999999686,3.5850000000003934,135.8350000000008,109.0,674.0,1039.0,474.49939999997247,1611.2734000000462,6.047599999999681,2.6962000000000166,40.02000000000033,109.0,674.0,1039.0,5.609197,7.046625;1.645401;1.75814;1.584049;1.519251,512.0,9.0,0.0,0,5.0,1.0,0.0,57896.0,2717884416,2717929472,1902.0379999999948,1836.9699999999934,8.973000000000662,3.7149999999996215,50.545999999998536,109.0,674.0,1039.0,1330.3577999999927,241.70839999999583,8.31240000000004,8.93560000000005,40.31500000000188,0.0,0.0,0.0
512,25,39,0x71e222f6232afc58fa60481e8686de3228d255f3fcff1cbf90bca2e3d04bdc68,0x67ca8dce0998cabbe10fbe2c67adf206b8b1e450543e9f32c14156f8f0ffcf54,0x99303079323c8492526106e471d4ef66e733bf396482cc7e2e4fdd85c66c6656,1;0,0x3a8b71a734ac71b31140de9c1fd6c61a6535688ed6f7dee8be21aa63e9fcf5bb;0x31075f395d7939a38700322deb84401df7fce00a998ba7d9c1f14f5980677471;0xac1e12c6541f6167893607ec368bb5c5702c228b9f176f5342c2fd294c89532f;0xd97ae1222bd8125dc7d05d956abaccb1dbaebeb2fee3ce71984af3941c974dfe;0xc7328ecd09e14d1d0b905e17190cdb7d696f103a80fcce5780caa7503f12ed29,4.790633,3.317863;3.072423;2.685599;2.877158;2.768594,512.0,9.0,0.0,0,0.0,0.0,0.0,0,2683092992,2683125760,1904.2209999999836,1545.7199999999727,6.139000000000491,2.664000000000312,41.18200000000072,109.0,674.0,1036.0,499.74579999998434,1602.0036000000016,6.766199999999958,2.6804000000000068,31.48359999999989,109.0,674.0,1036.0,6.112357,2.204364;1.581835;1.801706;1.580062;1.434373,512.0,9.0,0.0,0,5.0,1.0,0.0,57896.0,2718048256,2718068736,1930.3510000000524,1645.7420000000056,8.123000000000506,2.7940000000004073,53.369999999997034,109.0,674.0,1036.0,438.9038000000012,252.96319999998926,16.853399999999798,3.174799999999811,35.52960000000049,0.0,0.0,0.0
512,25,40,0x771badac6ea2ad297e7d43a388ce87be53215cb504901fdb17d3bf914576a946,0x7479191cfa89915f32cdc310a579088417568ce57291dd6956fa325d90db30bc,0x1be86fb7af81bea82fbcb7bfe18a84687e6ceb02c3b95567d587d2284a3383f2,1;0,0xf093c48d23117208c0a4de6078cb026d4ac4176a6b9a1934a94ac7cefcac5d78;0x2cae8fd14351e8a91f3ccbc15aa8558a76af3cde2f336d3f1f8a51b63a8a53da;0xbc4b06a2952ce98b91fb5e1f820c0c3229fc5221e3601a6219982ea02a62bf0f;0xab886fe2407f2f36e3fe41b30e2fbdae1f19773f4e4a3bd8f8af572c66c2b450;0x20ea7b362bf4ae5202a1d2638925b38363a7b5de327c16c205a279aefd9be128,4.826497,4.195176;3.321829;4.213684;4.022796;3.338654,512.0,9.0,0.0,0,0.0,0.0,0.0,0,2681790464,2683125760,1815.3619999999871,1532.6099999999342,6.5389999999998505,3.0139999999999683,38.2469999999982,109.0,675.0,1036.0,599.5480000000164,1742.2285999999954,21.558600000000023,7.743600000000017,48.524999999997874,109.0,675.0,1036.0,5.366491,2.391766;2.168961;2.050441;2.160958;1.502866,512.0,9.0,0.0,0,5.0,1.0,0.0,57896.0,2718355456,2718355456,1678.811999999974,1772.4530000000073,7.702000000000056,3.2449999999998105,50.78699999999658,109.0,675.0,1036.0,562.6200000000026,257.3219999999932,14.30180000000017,5.470600000000159,44.1809999999987,0.0,0.0,0.0
512,25,41,0xc6282c381cc401f7bc4d2fcd2ba5471e4271e8b96a160c96867a61bf3257868c,0x6a87cdf3b63941bd25d70a45f60b71542da0d1924f1429efbc680a6ed79babcb,0xad1f204fd3225f90898925d69e951ad49392f5a32a5c906f25d57ff3498f6045,0;1,0x68ef9039784b47107bccd9fabb381d08f50dffeccffefbbeeed82aa5a949d886;0xca869378e21328d29cf17f86dcb01d3bca2ea2f4ae3d5f883035d3696e52da4e;0x803dd52089a3d174f450aa8925fd9e0a3e7d46d74b7cde243fda0fb3146fbe4d;0x4abf6f3f72f7df494b47a98c509c9d4869eff3d0ae923fb786713bec8a00a3c1;0xac9e0f77086d77a22d031daf8b851c0e0d993c335911ddf6c1c88ea5a375793f,6.585685,3.917907;3.067835;2.883368;5.073951;2.961715,512.0,9.0,0.0,0,0.0,0.0,0.0,0,2683482112,2683482112,2298.9070000000165,2686.742000000075,8.202000000000556,3.595000000000334,51.336999999998525,109.0,676.0,1038.0,531.1630000000011,1728.0394000000142,24.294599999999736,3.2629999999998773,52.266999999998895,109.0,676.0,1038.0,5.760746,3.506557;1.807315;1.793124;1.801206;1.715898,512.0,9.0,0.0,0,5.0,1.0,0.0,57896.0,2718629888,2718965760,2121.0480000000143,1860.1249999999902,7.620999999999323,2.733999999999896,49.18400000000073,109.0,676.0,1038.0,528.0101999999953,293.41219999999834,9.367999999999878,4.196000000000061,39.28119999999924,0.0,0.0,0.0
512,25,42,0xc2d9d7c60203028ae0296b284e3a784edc6ccfbc387011bcd4d500ece2438d39,0x878e335a32ed252999e5ce1b9d89d67f455cd050f7031c9a085c77ccdc44340e,0x70c3946382115567fb685c4f3c44e182f87613e2fb1da0b6404166dde8633b9b,1;0,0x2a93d1cee4ad56f05bc9d55492353c6818cc47aaa880ce7eea508bebfc8d9167;0xb21f33b220d0dd2f20fbb65c0cf6c1633694c0ca3ef53e23c130d6d805602017;0xdb46128623f421f38d81288640bf91e009c5613235d6111c08a92035f3c70c80;0xfba11067f4ba1b972bd95332465993a2a9686718aabea9958fdc899fd031ee0f;0x910c64f5b012319176477d1f3f226f3095570c822df879a1b4f033eeab508a5e,5.298043,3.552185;3.251593;3.10417;3.257342;3.223921,512.0,9.0,0.0,0,0.0,0.0,0.0,0,2692567040,2682621952,2203.6069999999963,1748.7970000000796,5.41800000000009,2.5440000000001572,40.36100000000265,109.0,675.0,1035.0,449.9205999999978,1672.5437999999926,6.862399999999977,3.126200000000065,32.783200000000015,109.0,675.0,1035.0,6.725681,2.524707;1.746653;1.447162;1.880345;1.696488,512.0,9.0,0.0,0,5.0,1.0,0.0,57896.0,2719612928,2719637504,2126.1700000000383,1765.9230000000025,9.695000000000537,3.02500000000025,53.71099999999795,109.0,675.0,1035.0,502.6399999999986,284.96339999999344,8.370600000000284,3.7337999999997873,38.66419999999926,0.0,0.0,0.0
512,25,43,0x2efa8de1559a9d05c58e2590b38eea22a3981ef21cf574905a0b29e5fcfe2f6b,0xc17d870ee60c40475d766f4503c82eebe19e1ac88b72ebff1b6c93b6d5929090,0x339fc2200bfb18e6d63a7b473bd350053e8b4ca1c81a3933f1248f49ac29ca9d,0;1,0x14a4a6cf3a2fc2d6434c54c45bcd32d0dcb11a5576f2bc5f4fa2bca1e207ec63;0x5b14fe963c273a8b325aef083ac55cad6527d02c4289ec1fd4796e9ab1be2025;0xe888abd4b3b2f086a465b50974d914329b46f56ceb5541072a00c429b36c8652;0x219981aa64e60260d63b07e775997c22a932ad8c5ae47d25f2604bcca39ce747;0x66f91f1261acc973015fb6a6d411b0ae128bdb9a2a4c00a601f46776393f41a4,4.89469,3.732888;3.443152;3.102823;3.442711;2.744979,512.0,9.0,0.0,0,0.0,0.0,0.0,0,2695917568,2696212480,2001.6379999999722,1532.9209999999093,7.731999999999878,3.2249999999999295,53.07000000000228,109.0,675.0,1033.0,502.23540000000617,1723.011600000035,7.0686000000000355,3.447399999999962,37.08599999999868,109.0,675.0,1033.0,4.632796,1.782828;2.495127;1.889118;1.606072;1.733423,512.0,9.0,0.0,0,5.0,1.0,0.0,57896.0,2722910208,2723135488,1940.256000000029,1530.939000000009,7.902000000000603,2.7839999999995992,40.84199999999927,109.0,675.0,1033.0,616.9760000000135,237.14360000000048,8.104399999999886,4.566800000000044,34.245600000000486,0.0,0.0,0.0
512,25,44,0x83e9a9e85a27d987f64f59031f0d547df11f478642e5b09044fc8333cd8021eb,0x2caad3beaee21c4570d24917c1539726dabe482b00712d16e6e31e99abf97a18,0x93be93ac281693c2171070dc7418276a35979c9996974545453e16e2f09ea397,0;1,0x44fb12b786ec010823ad317552c2d9c32cc7e400ef1a928562178cb7144e6dae;0xc7da9793bf1a4f5111d8bfd362664b2309367101cadadac0f49fd4a0ec13a810;0x38ecd5b36213125d71d47b68bd227eb5a4a3be7647e83a0be6651a1a6073d655;0xbf07ea3dbda0e182fd733e4a13c0671503afb11c72078d3428dd834170fd4eca;0xd16e11d63b967ca4ad58e6d16df6ddba3bfb83389a62261cc9332adffd1c1d02,5.891187,3.317292;3.180565;3.207176;4.230088;3.321208,512.0,9.0,0.0,0,0.0,0.0,0.0,0,2696237056,2684055552,1825.6119999999764,1981.3980000000786,7.821999999999344,4.366999999999913,52.00899999999869,109.0,674.0,1034.0,697.6157999999843,1742.7033999999787,7.421200000000058,4.236600000000029,34.522200000000616,109.0,674.0,1034.0,5.526883,2.326288;2.171104;1.673934;2.347319;3.584831,512.0,9.0,0.0,0,5.0,1.0,0.0,57896.0,2724249600,2724282368,1816.719000000022,1832.9639999999924,7.932000000000425,2.8650000000003324,45.97900000000155,109.0,674.0,1034.0,894.0179999999964,282.1371999999878,9.688999999999877,5.33200000000008,40.88360000000097,0.0,0.0,0.0
512,25,45,0xa742c123c623a4694c1c68211cefea7d3c92fad46aa0290d7fae7039a75946ea,0x5635509b93a9fcaa4407968998efbaba7e919456d84e4371cb34370c50572f69,0xba086a466ec1efd0985ce554a695759f3d361436f8ed148f19ad6d8c821f732b,0;1,0x3b55b0e81560318bdb185136c6097c2f2701f8fa801e96e3f0697d4de9a5d4ea;0xb8d0b00e18e7162c311aa9e39212584fff30617cdaa0a58e3a437a86d3abf9b2;0xc8957496efd192e9d8cdc93ed720eb29782f6e6b00cc33f20137465c8c515330;0x00fcc38460d63f2ed8c954c9d56edc90b510b86274a05fbae19c2de64d50ca66;0xa517848118dc9ca7c4b3c11e10e8f8a9747e3ad64cdc89aca6a4381472c1a381,5.151187,12.563049;6.166857;7.907503;4.606075;3.56172,512.0,9.0,0.0,0,0.0,0.0,0.0,0,2684071936,2685558784,1904.9819999999995,1662.0759999999013,7.982000000000128,3.7450000000003105,51.197000000002824,109.0,675.0,1033.0,932.6379999999856,3509.04600000006,13.62459999999996,6.762199999999982,72.22679999999981,109.0,675.0,1033.0,5.019273,4.692625;2.358407;4.769431;2.153567;2.256082,512.0,9.0,0.0,0,5.0,1.0,0.0,57896.0,2724286464,2724388864,1814.5659999999618,1669.3770000000275,7.471000000000213,3.2349999999998698,57.276000000001936,109.0,675.0,1033.0,919.7979999999717,284.4912000000033,11.092799999999972,6.407400000000077,83.35800000000003,0.0,0.0,0.0
512,25,46,0xf21dd53a967af3afd11a4d1a6f68499526ee93e12a1b146fd78c4bb129101c6c,0xc3e58c484af5606d7c59ba8815a1361fc1b4ac9efd56652577c2ee602a583dba,0xa7f86a4222219de7c49df641e11a9316213d528c4f2d7f52cb5c9a7390ad524e,0;1,0x375f070e25f56ed94c037ea49ec6187fe8adc25f637cc28043865543cb1f5cdc;0x937352b19c8ee692ecb1ab5d64b1743521d586b5eeab394a6a0bd113a2c93ab7;0x69e7e5ec6f6d823b32692ab79066b52ec18a177c0c3332f5b0e34838bf4fd025;0x58a9e4274a4bab8d11b3b86e62556156f2155e0a173c7d85acb71ba6f2ab5303;0x78d927b13f961e2d936a566b6f867102a1aeca70c1a26b969f99c0cd996e2c71,4.918115,3.483292;3.481875;3.790395;2.949357;3.903926,512.0,9.0,0.0,0,0.0,0.0,0.0,0,2684100608,2685403136,1836.2180000000005,1604.458999999947,8.331999999999784,3.015000000000309,50.8560000000019,109.0,675.0,1030.0,463.49100000002693,1634.9812000000074,9.071199999999973,4.7192000000001455,40.37300000000049,109.0,675.0,1030.0,6.328392,2.196762;2.837609;1.81065;1.715366;2.606009,512.0,9.0,0.0,0,5.0,1.0,0.0,57896.0,2724388864,2722209792,1805.6220000000067,2486.608999999973,7.810999999999929,2.274000000000026,40.29099999999786,109.0,675.0,1030.0,535.8300000000149,248.9070000000093,13.055600000000041,3.85579999999993,36.89980000000092,0.0,0.0,0.0
512,25,47,0x064fcddf59108e2407d40aa6b598f391e726765a755d935a0b2b8cd831e25086,0x74574f7ca4516ea66e56ce4c90903f603815b845224b0af4f340c6f9090969d3,0xe0b4bd6c780118dc5fca5374529be6208d506d96ac10b8174787150de9e10edb,0;1,0xcde28e6fd5ea734cfe2e4226f00c4220e87868817f1c544d2203d959023573b8;0xd0173bc58efe6d939820a23e35273113994bead6fc50967706650df38c6f6269;0x37437bc539570b9adcb65a9c12d026dac5401f212372d07268a546c7c93f01f7;0x76877f571d0899c05c2173c7f6a2b02f04ebc4255cca746920759987c0152258;0xa50cb66cff9e652945f9149f2fc66ff44b6acb1d7c23ff86c4e9f82013a07f29,5.390668,5.266786;3.798528;3.60152;3.896235;3.365474,512.0,9.0,0.0,0,0.0,0.0,0.0,0,2685534208,2684125184,2190.4219999999696,1532.8509999998907,8.562999999999626,4.216999999999936,51.257999999998475,109.0,675.0,1030.0,623.8749999999849,1818.5363999999813,9.167600000000235,4.8717999999999675,40.21099999999972,109.0,675.0,1030.0,7.523984,2.317124;4.955982;2.52661;1.978483;2.00922,512.0,9.0,0.0,0,5.0,1.0,0.0,57896.0,2722549760,2722586624,3301.3280000000477,2268.2400000000325,7.962000000000247,5.248000000000232,46.951000000003404,109.0,675.0,1030.0,565.0440000000145,614.276200000008,9.933000000000163,4.476599999999991,47.90059999999902,0.0,0.0,0.0
512,25,48,0xfe1cd716cc147f983dc6c3d6032eefbe7c818e1ed2c3b6a2d2e486257c5b0a4b,0xe90ca4d25409659ae0d3aeb3c8f78cc169122986a4fa29a80d4d22cd12cc3234,0xcab6fa448af3214277b79ef3fd88694604299b62e0afd382587c5d0c85b2be78,1;0,0x89c9cad030719fca5afe135519eb98b7dc6fec3bb5c499e1f9c28531f77ee3e9;0xa93cb6c67636bac21e0baf03265f50bb4facb4140daeac485a67632c3ebe5e27;0x324140ac39fc8ac48cfedb5fa0450b46cbb20ccb938666889dbbdceca4a8ad34;0x2a46b76ad1771a7e42b66183f89a0da73043b0fdf24cdd668eb8d00d9d4b25c7;0x4921ef9d182dedd67e8e0edd6b694aa6de58f8a432427a01361fc21b70097ba6,6.179548,3.596914;5.330196;6.298477;6.51629;3.184631,512.0,9.0,0.0,0,0.0,0.0,0.0,0,2685550592,2684166144,2212.4060000000554,1784.9919999999297,6.620000000000584,3.3849999999998466,48.39300000000074,109.0,675.0,1031.0,807.1339999999872,2326.0833999999786,9.34019999999959,6.014800000000119,46.90460000000007,109.0,675.0,1031.0,5.436727,3.591205;2.159236;4.042946;2.204063;2.015038,512.0,9.0,0.0,0,5.0,1.0,0.0,57896.0,2724962304,2724982784,2121.7390000000114,1656.1969999999703,8.854000000000847,3.69499999999974,51.29699999999876,109.0,675.0,1031.0,718.8100000000031,308.19060000000235,9.490599999999876,4.739000000000132,43.106999999999175,0.0,0.0,0.0
512,25,49,0xf7b5c8599c4877db48c5f6c3cb94e3431fb38c24b747a0be72c40e5c0dcd9073,0x07eae9a78754a1377072be8c8b041f6ef146fb5673953e3592d9bb9ba08014d8,0x83e9446e90ecb1fa28c49522521736891d67cc804527919f74aa1eccd1ae67f5,0;1,0xbd54105a8b480b17467833b278392fc4750e587d6028df2a2a7ff0437a7dbe51;0xf1131fd2f312f876a9e417f4cfa0250ccdd3492756fa41de8e4fdce374cc0f79;0x15f7c30d872be64d2a4070e89b22621d3580d33ca8ba9e6c165107132b08fb3b;0x11182b223c5430912eb64e56359ea89c403c40f53e3c6cd4ba70d03aeaa29192;0x43fe4cd8c25ebd2b2bbd37c5feb8e8418a8de91ef3ded80920289f9df87acab5,6.077815,3.879429;3.17692;3.020444;3.100125;2.746722,512.0,9.0,0.0,0,0.0,0.0,0.0,0,2684379136,2685554688,2773.42199999997,1670.9290000000988,8.292999999999495,4.165999999999892,52.84900000000064,109.0,676.0,1033.0,492.581000000003,1642.5729999999917,7.359199999999733,3.0544000000000406,34.71040000000148,109.0,676.0,1033.0,4.991647,1.665822;1.871352;1.802818;1.495575;1.470307,512.0,9.0,0.0,0,5.0,1.0,0.0,57896.0,2725433344,2725785600,2016.38000000004,1733.5040000000524,6.420000000000037,2.6740000000002526,39.74999999999812,109.0,676.0,1033.0,461.5938000000153,264.13060000001207,8.172600000000072,2.5899999999997103,36.41280000000052,0.0,0.0,0.0
512,25,50,0x6f7894b3671b5f1657b31d1fdb193a2d19f59921b57145272d048074ba043c26,0xa3f36bacbfc5ed4ca569b6fa66738e68dad5b6dfb9306838e8482b3a1fb0d933,0x56b7c6139a3c1db23c05671412306acfd808cc10bd0987e0116cc2db894da42d,0;1,0x208b43b8efa44c6b58708d9b177c846325ed1253a1e164de2f477b3ccbf7dab8;0x38b477f06e8421c91adc2f4e6e6e087cc688c586066064c491914d73c43ac045;0x28c1de445a025930e75b14c85382d0c364a7cb28f97113412b101590a2279ff8;0x78497e7efb2154c4e5cf53dc5d37c57c4368d55576a3f51b5a2e74ad746995df;0x395b3b8643c4908bfd95ef9ce3457381c72ea5a80d3132717fd800f3bd1466ad,5.04038,3.461419;3.221047;3.5614;3.105373;3.299435,512.0,9.0,0.0,0,0.0,0.0,0.0,0,2686349312,2686533632,2071.0630000000397,1544.9290000000283,8.383000000000695,3.48500000000012,52.36899999999656,109.0,677.0,1032.0,534.9843999999937,1904.9465999999793,7.39499999999997,3.521600000000111,32.45060000000022,109.0,677.0,1032.0,5.050555,2.170353;1.857751;1.68391;2.032405;1.444327,512.0,9.0,0.0,0,5.0,1.0,0.0,57896.0,2726232064,2726252544,2160.386999999986,1718.0709999999876,7.16100000000032,2.794999999999881,39.34900000000102,109.0,677.0,1032.0,498.59180000000333,303.4178000000054,7.725599999999777,2.860399999999805,37.678600000000394,0.0,0.0,0.0
512,25,51,0x264c559399bacba9a42fe31449ded8049f830729e0d4b71c986c35485538b71c,0x2c3df9e66c68b9b6a9c7792ff7e6103754f1a370e4067a643900058bcb747ebb,0x91d43c5a907d235b6fb59418236b24854bd3d2086325b9f3bd6c36887b63a40d,0;1,0x784b366d5ebf03a87874d401bb734560205e8ba7e3808a7b6c514b67c22b8865;0x7667f9423a6911f6166e05bf70e652a0c9c9a70e2e3441e0a51e993dbbc11614;0x07d285453f57f4246cbddaeb45f691a63f0a2704fc1e62237e9f5b63592fff3e;0xd5b1a276f8dc8a0f39b4f6072ada1833d65419ad3a669ead9bcf606373bf28fe;0xd31b9760ee91367728668f1efcb780d98bd66f3068e77f9bc1299c7aadafcc61,5.326637,3.840641;4.288957;3.095808;3.591135;3.027135,512.0,9.0,0.0,0,0.0,0.0,0.0,0,2687635456,2687717376,1746.5629999999787,1572.691000000015,7.932000000000425,3.8060000000002954,54.882999999998624,109.0,677.0,1030.0,679.6247999999894,1779.8033999999243,8.30260000000034,4.115999999999842,47.9525999999994,109.0,677.0,1030.0,4.857745,2.151429;2.243648;1.878648;1.562886;2.00279,512.0,9.0,0.0,0,5.0,1.0,0.0,57896.0,2728669184,2728697856,1627.854999999956,1864.7320000000357,7.801999999999462,3.063999999999671,44.266000000001135,109.0,677.0,1030.0,529.8228000000016,287.05079999999936,9.476199999999823,12.292799999999785,41.11020000000104,0.0,0.0,0.0
512,25,52,0xb3547d7cf5f67fbc889293eefc70e93c0c1c4f94fdb368956f54408afe9966a5,0x8bc81c9758abf0e2838d966728470909f8b653199178f030752806f65fd6ac30,0xfd29dd93b1bfd8e83cc4a2bd8d12c7a63c192a0a681f0b3fe8e015156965afc4,1;0,0x09cc44a7073e0126d428b12bb58d499849875dbc476e0a92c9debb2cd2933ca2;0xee195871993d9d5cbb53f1713eaaf1e43b62b2b470d808e694779c28987f62e3;0x3de86268631b10899c4acdc30cc5d4c4ac65b24ef2aab68459345dddd036eca5;0x1c3c1188591e8bccc81cbffd8b5a80d6699664eb3f9f8739ad3f867f60bb8d43;0x30e74e885d547e672a722f2ef506f270e991927a06d11d68e814435ea6bd3abc,5.457429,3.341778;3.596282;3.173325;3.482841;3.180666,512.0,9.0,0.0,0,0.0,0.0,0.0,0,2688131072,2688147456,1665.5610000000377,2143.6530000000785,6.839999999999277,2.7040000000000743,42.40400000000283,109.0,678.0,1031.0,478.20919999996823,1786.6616000000058,7.105000000000306,3.1912000000001997,33.4643999999995,109.0,678.0,1031.0,5.404329,2.661413;1.919104;1.899454;1.414814;2.097313,512.0,9.0,0.0,0,5.0,1.0,0.0,57896.0,2728837120,2728878080,1880.4249999999633,1972.66500000004,9.033999999999779,2.6940000000001336,52.53999999999676,109.0,678.0,1031.0,492.93120000000187,274.6522000000029,13.7588000000001,4.833199999999989,41.66240000000182,0.0,0.0,0.0
512,25,53,0x075b9a1f1b391b756819190a79c41fa32908a1e812444539d0dffa50bf92bb2e,0x79a9c412ea087573391c4146e22b16392c9aabeb890492f80a9d1af370a9c77c,0x477ad9288f5c7846401721f5d84b5442dc52d882bfb699a716bc08c6c1c431ff,1;0,0x948c7e22c3e60101ceadaaf53af6116b51763492e435fe65d3641782a3fad736;0xeaee644526176511086ebf51f4569403b334586352ca6231c3ddf4955756cc93;0xea922fa9c4b12ad746e7efea916d8eaba1b61d9d9bcb5d1dc6c1bf007f5862eb;0x83f0b68a78e5b7db66a6e79409437c262294119bcce863ba12c41c066d798500;0xbebb539181cc03483b7ccad26bb99733a80229a917cb0a74bb4bed764eb1e951,4.098981,3.551455;3.20996;2.787753;3.998069;2.799492,512.0,9.0,0.0,0,0.0,0.0,0.0,0,2688163840,2688163840,1526.601999999988,1492.2699999999622,6.358999999999185,2.2930000000004336,38.979000000001484,109.0,677.0,1031.0,636.0896000000115,1646.5087999999905,6.355799999999828,3.0525999999999467,32.22859999999911,109.0,677.0,1031.0,4.948472,3.580629;1.98298;1.610659;1.554674;1.755246,512.0,9.0,0.0,0,5.0,1.0,0.0,57896.0,2729144320,2729205760,1843.4299999999791,1575.3649999999952,8.983000000000601,2.7040000000000743,51.82799999999682,109.0,677.0,1031.0,541.9951999999784,497.51839999998543,8.391000000000302,3.3510000000000484,36.47879999999909,0.0,0.0,0.0
512,25,54,0x0dd2c368e621dfc965daa4075d6252a3311db8b39dd22c8b0a8d15eec114d9d2,0xa3128b756963562176697ecc78e11aaef5c6777c3613bf2ec48bfd11a40a4491,0x08c0f525306d10dbbf803daefa83f4f191b918c890998b56f4b951eea9a99a7d,1;0,0x564306c0c43fd3e0190f6ca01fd33b4c56cdd979e4b9fb7232b2a82f87f5a377;0xf426c44bf51868ae21710f88ba78688c58105fcf3d58faca252f2b5d33b29f1a;0x04f8f6fb43da88e0bbf3b3c07e16f5c8ea7ba5b9f54e9c84c62ee07f82d7d3be;0x43f66e3353a26bf87af89fbe72b9136345d292ee834b3f9ac7cdad8eca5c20e0;0x69ee14077a2b1927c975e56e00b8f5a16b186ab0796d3027a4be95d74295b222,4.46945,3.350342;3.341488;2.577917;3.423191;3.168347,512.0,9.0,0.0,0,0.0,0.0,0.0,0,2689933312,2689945600,1897.9919999999595,1526.000999999999,5.799000000000776,2.394000000000181,36.904999999996804,109.0,678.0,1033.0,454.3532000000239,1679.02600000005,6.820200000000332,3.6836000000000158,31.789999999999598,109.0,678.0,1033.0,5.184878,2.107868;1.682376;1.657489;1.990306;1.649036,512.0,9.0,0.0,0,5.0,1.0,0.0,57896.0,2729500672,2729517056,2168.559999999986,1608.3550000000057,9.333999999999731,2.1830000000002197,50.926999999999225,109.0,678.0,1033.0,480.8309999999816,271.2429999999877,12.338799999999859,3.5551999999997723,37.11599999999815,0.0,0.0,0.0
512,25,55,0xece2986700e770bff65dfd9ea55be4f9d8a0f9ff1404c5e5920b8eff463d8400,0xed3d9526720738254ed09a05de3711aea49c332f68c1f354a1fd09e1ce8deb8f,0x4d2a2f153e37e7065ea0fccce4c2500fedbb9608382bc91ab9347f202580a5b1,0;1,0xc872c133151c79e50f20d421db05b56afb04861ba9adac6ae3d79d9b72640ff2;0xbffbd1e953a63cc0b009526f34a7133b4ac1dc3b160aebe1c6ce338426a997b1;0xb00d6da06cd8c1c58afa21f9dfb86bec4b081e5d2ae5e8d3d3f598b8306f894d;0xd7ab4735e10897ef959155a7e7b993b1b4a00eb84cbc3e9e8012d73be44260e6;0xe2b053747408ee074a66a7afcd21c35f2de46fe90582ea119e64a822a346d4fb,4.909983,3.7731;3.372485;2.781834;2.752931;2.959292,512.0,9.0,0.0,0,0.0,0.0,0.0,0,2689966080,2689990656,1837.9219999999918,1521.8040000000155,7.800999999999989,3.865999999999939,51.41699999999805,109.0,679.0,1035.0,440.6705999999927,1670.1484000000376,6.942399999999849,2.984600000000004,48.36299999999988,109.0,679.0,1035.0,4.216728,2.039525;1.700574;1.662226;1.583798;1.540172,512.0,9.0,0.0,0,5.0,1.0,0.0,57896.0,2729517056,2729545728,1598.9910000000496,1504.27799999997,6.330000000000571,1.7120000000000677,39.419999999998346,109.0,679.0,1035.0,494.9345999999855,247.07840000002255,7.930199999999984,8.478599999999988,33.38639999999892,0.0,0.0,0.0
512,25,56,0x8f28df4295c78172af3731069c764f93f358c30ad8fbe89d674359082a1d863c,0xdaf711af437276ccbe8d23bf6428a51dcb6ea9d02ce67d1ab293c2f646905b87,0xad1b8e771ecb4be1ba8f8335f5f69611aef232b2373ab017c4d78257e236bd1b,0;1,0xc3abc3f2c01fbefa967f3d0942add0e7e72d2fdb9b4d985f10d4d72bd141d73c;0x7ee395bf8558df333e4de1513af8129f957cc4125164eb188c92d4e54e3d9e97;0xa17a86e395db41a032f31afdb4c6b9d5d885e85614e9449e422c6cfb068148c4;0x608b28ece09c9bd28a410e22ec1aa69a0976e8b91b968d62f5a256c25ff5a8b9;0xe81b9b3ecddabab54139d694f52686b9ede84874bef6007e89a329f6a14b6489,5.715988,3.047204;2.847334;3.108427;3.1244;2.8912,512.0,9.0,0.0,0,0.0,0.0,0.0,0,2689998848,2690129920,2366.4429999999957,1849.9999999999072,10.00500000000043,4.506999999999948,50.9370000000009,109.0,679.0,1034.0,413.6998000000114,1645.7736000000002,6.415800000000166,3.2769999999999677,32.31859999999892,109.0,679.0,1034.0,5.258739,2.274219;2.986604;1.704851;1.646172;2.730527,512.0,9.0,0.0,0,5.0,1.0,0.0,57896.0,2729545728,2729553920,2255.741000000033,1593.433000000033,7.672000000000234,3.0050000000003685,61.2720000000011,109.0,679.0,1034.0,470.33119999999593,714.4210000000096,8.070600000000331,3.1565999999998495,44.4449999999999,0.0,0.0,0.0
512,25,57,0xea0042b21389b84e6a1d72250e51823dbe961309df0333a841e84694b4d8605b,0x80d71753d9bc3e0a28faf3edd15ee807c5cba657c8a3b2551821cf3bfa9b5104,0x572fb4e69c88f7a7fa7db758aff2557e132e9e5e8e45525d3c6077c34017c825,0;1,0x39c90ad53fb7611daf8334ff5b6f6d35137eaed89e20b0c54e7ad1556bdd1450;0xe23d92e24d5dcb9983d2ef2647f5cb72bf4a43620a2ae709998d5dfe0ca6217a;0xd6088001661a78e4933e304e9b9438229fc0af190b9ebbedfa441f944f1f6442;0x848a2ebbee240af759bcce1dc11ecc5e75cfcdd932e3c2a11082920d4365ec3b;0xda9263c78373880e9177e8513b8edc0ce7d681a19f0dd09ab84bebfca88009f0,5.393001,3.732288;3.438625;2.726882;2.962347;2.694833,512.0,9.0,0.0,0,0.0,0.0,0.0,0,2690453504,2690486272,2285.4159999999847,1542.1950000000795,9.083999999999481,4.126000000000129,50.77700000000185,109.0,678.0,1031.0,471.86340000000547,1611.329599999989,8.154399999999937,3.3693999999999047,35.90859999999945,109.0,678.0,1031.0,5.428696,2.0428;1.716959;1.403677;1.662597;1.699333,512.0,9.0,0.0,0,5.0,1.0,0.0,57896.0,2729631744,2729676800,2286.8879999999867,1698.602000000049,6.569999999999146,2.2030000000001007,46.08899999999916,109.0,678.0,1031.0,479.66119999998114,257.9994000000196,6.960399999999742,2.3277999999998107,32.941599999998516,0.0,0.0,0.0
512,25,58,0x1b2b4dfaf2c5e823e153f4eccac16cda2e5b33b988e663a9c3c531c4febc633c,0xde1f091a5dd6f1b73ff591e1f4e9bf704405a2039406a8769764080a6fd4ef25,0xc7b0f7407faf959c4775ef7158c32338f6be7ca97664f181ae21e3eeb97987ea,1;0,0xbf79efe84896a0b4adad1251ffee5d4dd9212c46c3c13efe9886e561694f5ac6;0xca9edfae36c4bde8e3ac590ce0cbe72f8d846deadbfa4cedf453c29b65f18f11;0x9bac4ab4112a7e76e084ff61371e16e57811698f116e1d1f7ff202c0f94bc655;0x6e5a0fd18acf282dc7540f1c536bf72d89be6fb4eb9ed4351f12dddcb8ab269b;0xac7461840eec6c2dec6ea0fa6e177fdb42948a971e684485b5b06ae98752834d,5.938504,3.434949;3.325855;3.081066;2.744178;2.946138,512.0,9.0,0.0,0,0.0,0.0,0.0,0,2691145728,2691153920,2604.58600000002,1748.9969999999744,7.731999999999878,3.065000000000012,41.352000000001446,109.0,678.0,1031.0,485.46780000000564,1665.6274000000249,7.829799999999748,4.076199999999974,36.613399999999025,109.0,678.0,1031.0,5.853967,1.93981;1.710359;1.470548;2.579484;2.2813,512.0,9.0,0.0,0,5.0,1.0,0.0,57896.0,2731606016,2731626496,1996.0490000000552,1778.8319999999524,7.7110000000005225,2.723999999999956,52.950000000002994,109.0,678.0,1031.0,586.1235999999881,313.67099999997095,7.088800000000159,3.5191999999999863,34.64420000000023,0.0,0.0,0.0
512,25,59,0x2fc36260d967d7465eac088263159fd0f2bc87076a18146186f9aa6baef4db9b,0x1e909e31ad56d73eda60ae4083e96651d5d10b9e040effa5818e14140ad62d75,0x90a13fa27e3bc726717e2c17bfb60a802443a6ca459d1255a33d2341cc51865f,1;0,0x2f8feb1ff1ebf53d4cc8bebb26e30d28fe1fd5ac5ab25c77a2f4e1afd27e0016;0x336402dd0a1ef0cd67aa398807ac268a531bd1300c444d6231eaaedb7a23adee;0x6429f7686a8ef128b9b95fd6acccd282f1ede41e758a174c635f5c9c5c3238a3;0xa314f76677e9e4b37983af649d3f989635c926713310cc4e4c565c4e53a87a50;0x52750d36234f28428fdd4f1731a8973333b17b44297106d2308871d0e14e33f4,4.856432,3.325534;3.191211;2.906633;2.879812;2.681764,512.0,9.0,0.0,0,0.0,0.0,0.0,0,2693677056,2693677056,1885.0820000000379,1587.854000000055,8.011999999999949,3.045000000000131,47.86200000000268,109.0,678.0,1031.0,457.80619999999936,1634.5847999999387,6.6179999999995545,2.828599999999889,38.04319999999861,109.0,678.0,1031.0,5.307053,2.244985;1.767656;1.698752;1.525741;1.448084,512.0,9.0,0.0,0,5.0,1.0,0.0,57896.0,2732298240,2732331008,1820.8950000000445,1856.168999999963,7.451000000000333,3.4950000000000605,51.688000000001125,109.0,678.0,1031.0,466.3310000000198,226.78619999998426,6.8964000000001215,3.3649999999997915,42.25159999999839,0.0,0.0,0.0
512,25,60,0xfcde9b513316f484ef2c94bd6056569656d14576c01826b67a42a3fdd63f4c8c,0xd4e25f8bb5b9b32fbb0de67896a26130ae9eeafdafa7ea6a629ab6458f402361,0x254844979f9e9f766e28d11ca4f95cacc93ba23a765108efa6cc5010105041d1,1;0,0x1170f35e871a6adf5c0a5c9e8412f83404cc5f98fe5f4f7298529c072b5ffd51;0x0bb9db3ddce969e77a2f9d3c61b01b3bc3c732dc74c899c13eaac971da4bb6fe;0x7ebed1e2ed180cc5260bdffe409d5eb270d424bf53116848e7b0e931825aa7f2;0x416ae9bbaebbb11f442a8610ef254565dc96a647d96463a0fe9883081e2c0f2d;0x05dffeff0287245c959066d0b48d99968bdba08eab4bbf3292d81c0e784586b8,4.303814,3.385615;3.055878;2.779521;3.117781;3.086795,512.0,9.0,0.0,0,0.0,0.0,0.0,0,2693697536,2693718016,1521.7239999999465,1653.5840000000412,6.439999999999918,2.38400000000024,39.63900000000103,109.0,679.0,1028.0,423.77259999999416,1743.5730000000317,6.313600000000183,2.9623999999997195,48.88980000000015,109.0,679.0,1028.0,5.126119,2.229973;1.736508;1.539321;1.733534;1.689958,512.0,9.0,0.0,0,5.0,1.0,0.0,57896.0,2732331008,2732392448,1667.3339999999648,1837.3799999999997,8.70300000000053,2.5839999999999197,52.979000000001605,109.0,679.0,1028.0,469.4060000000055,247.99620000000024,8.941599999999841,3.693800000000025,39.103000000001444,0.0,0.0,0.0
512,25,61,0x1aef93b395fe4125068f8018d57f9ec117f00d959709409f575ed92ee3a6f545,0xc6051b3d2f6c671ae7854fc9a9c4b969e60ddd14159ae5c0a488b57e1855dd11,0x0dff1c015758846da8a14f71c4b5c1e9312a673e498a610825d0494fbb3337e1,1;0,0xacab4fb92096895aeb5ce8ba77dd33268e622e8a3c3ef4a91de8d653e3a09ad5;0x8a06118948b1339c402208d7882282e4fa83a0f18e3db90ea9fb98d96668c00f;0x69bda8fc1c6a518d4d65c36dceab2f7437579fc53a2ed47992809b32eca17380;0x7ddcd8cc770d3999e846ff54fd8d274b1550b36557e48d7f59b01c0983f94a00;0x021ed3e2b7c14074ee64b18b1175cce13e25af4159e5ad78c93debdcbe96089b,6.03495,4.246698;2.896858;3.094006;3.02088;2.815706,512.0,9.0,0.0,0,0.0,0.0,0.0,0,2693738496,2693742592,1977.172000000027,1717.1090000001054,7.121000000000557,2.644000000000431,40.69200000000189,109.0,680.0,1026.0,509.4022000000197,1702.351000000002,7.252999999999774,4.0379999999999585,35.02660000000019,109.0,680.0,1026.0,5.102093,1.895958;1.587995;1.693804;1.588064;1.630699,512.0,9.0,0.0,0,5.0,1.0,0.0,57896.0,2732392448,2732400640,1723.0379999999545,1744.9210000000103,7.16100000000032,2.38400000000024,53.15000000000181,109.0,680.0,1026.0,490.6479999999824,263.2386000000153,7.305000000000159,3.2871999999999764,31.898199999999544,0.0,0.0,0.0
512,25,62,0x8ddb3cdb9f928dc8c6f5eaeabb888804ee5ae7802de42d89aa193bc5bc8a2bf5,0x486714e6bb584fa72ee517a81dbade1baf7b1ff71daeab1eb8bb3f30a26e1af4,0x9227ad1d46afff4e342ea6ea23d6f5878d7c3b20abe63c62812bfc49fe45340a,0;1,0x0bb5f986630e7b71b974ddb3bbb73275b1a302bd744a462c81e2419c6ee5a6ae;0x83f7d7450559759732e9610ed6ae43418207051736f22049547769eae506b16d;0x17afa00e2bae561ecd1a938265c2b3549d97f8a6628d248e6190b466ebfeca85;0xd29df3a9fcd0572c1580edefe43412791599a0df853758a765813f938bb9ce6a;0xeed68fd96aa9ce4b7a61176a16cd796e66a3edb9f91bc3bb918cf250d60362b5,5.861117,4.538904;3.154532;2.893798;3.036489;3.193605,512.0,9.0,0.0,0,0.0,0.0,0.0,0,2693758976,2693758976,1763.6199999999658,2624.5879999999834,7.851999999999165,3.514999999999942,51.3470000000002,109.0,681.0,1024.0,658.7689999999924,1616.1928000000269,40.02440000000044,3.8517999999999537,54.60419999999966,109.0,681.0,1024.0,4.566876,1.760955;1.638731;1.607424;1.951533;1.572942,512.0,9.0,0.0,0,5.0,1.0,0.0,57896.0,2732437504,2732457984,1667.0239999999615,1559.732000000036,7.41100000000057,1.6030000000001945,40.129999999999335,109.0,681.0,1024.0,476.6907999999903,259.9298000000028,7.837600000000154,3.0985999999998475,34.75840000000119,0.0,0.0,0.0
512,25,63,0x9195a293cb0b9a94ec598bc252cf42fd22d5ef54641078f41ac2b866734783eb,0xa1b7e8d3287404c327deffc6303b0352a603ef3a9ed9128f0e702fc8e5888ed2,0x9d74e14c63c46e005b5f83a96968f42078d005a666a5f74ebcfa3ced56a3f5b6,0;1,0x4aec71a98e0b7e400fa144e6634dffbca7434dca951f7962dd27853bef27da79;0xe457d645dc65cdc4ff03b2cf6bce2e8bd4b58d7d87309324c941a36ed268b296;0x56d009197358247e52e8fd5ba3510b31d09a3f78e33e475f7366f6db192cd170;0x1d3bcc3d69cb4ca05e040e08ff4785d0eab00c65a9644521904759959b799fbc;0x202918c10d34280eebb556db7390301ce25b12eae2d7c5adb83c97b265facfee,4.972077,5.115543;3.575732;2.884028;2.903413;2.912171,512.0,9.0,0.0,0,0.0,0.0,0.0,0,2693775360,2693804032,1921.1369999999617,1542.085000000082,7.32099999999937,3.7159999999999624,51.89800000000161,109.0,681.0,1026.0,483.9515999999877,1686.6711999999675,7.257199999999991,3.6155999999998993,35.14520000000021,109.0,681.0,1026.0,5.161473,1.896039;1.693223;1.47941;1.819964;1.620082,512.0,9.0,0.0,0,5.0,1.0,0.0,57896.0,2732462080,2732482560,2174.1880000000215,1605.1999999999732,6.380000000000274,1.923000000000029,42.07400000000305,109.0,681.0,1026.0,474.12879999999546,250.3554000000241,8.322600000000222,3.6534000000001257,34.30579999999933,0.0,0.0,0.0
512,25,64,0x193f2c6b5c35a26586f6adba14331fc6c1eba61a366402505aef5d424a3bd274,0x1270be93d87c7552f6ff9dff581d4291b783a1b2386443dbdb879b7f08a53fc1,0x4b7148d31fd18c94a09c20606dcd31cca14ab40f90f2a6d4fecbe5d9292c6950,0;1,0x185b235a59a1c17378597900f9719241881102154b0a2c2e784f0f998d2b9d23;0x1e1a9c2274368695738c21eb7b3d10d1fb1ee2e27ebedb6a889d2c0b4cbb377b;0x3028c0fc6fc68108dab809937a32b7d4d26cbb380465a334a1982561b9cb5092;0xaeb3fe3115e6d8cb4df8acdcd02dcbb8ff1bdaad37165c7f295eda7700bafafb;0x5e263f1ccaaa42369e30586a047a0978b9f081019804945c8f22a7e718d03214,6.724634,3.254973;2.917484;2.883939;2.693382;2.789195,512.0,9.0,0.0,0,0.0,0.0,0.0,0,2733117440,2733232128,2092.4350000000036,1639.861999999992,8.842999999999698,3.045000000000131,52.43900000000134,109.0,682.0,1026.0,466.6896000000031,1557.4984000000125,6.255600000000181,2.6177999999999964,30.564000000000977,109.0,682.0,1026.0,4.828511,2.338667;1.696518;1.697139;1.640624;1.601244,512.0,9.0,0.0,0,5.0,1.0,0.0,57896.0,2732519424,2732544000,1796.028000000005,1659.8020000000436,7.250999999999785,2.664000000000312,43.73600000000255,109.0,682.0,1026.0,479.76179999997817,272.97739999998515,8.090200000000076,3.8556000000000354,36.79560000000026,0.0,0.0,0.0
512,25,65,0x4a869017ca1d7c7f6622f7a7e52aacce01ef046434cae8af416045aeb6bdae82,0x130fce9bf77f40bab66b9c06c52683c52d180ba5ad058f6e6c9b0fa58c4899db,0x5d180d6c523ca5721120dd2d0c66a40a85db65a2e4a0b12af3841ea11305e568,1;0,0x2931a179c7752f9126e8ccd4275757675ce093447172b215c4ce652cc8f895b0;0x0869d7020851c2ddaf35812b02018dd1cb9583b48d81d0c9d421d88c1a0fc924;0x69bb1f568ebbb2ac4d818342a6e8ccdb359128d8b37b73112a0d95943d5107af;0x478d9f85e0616b703f25a16b571c41283ebe3e0f2818f401d3e81837cfc1f748;0x349fd3d200fd9a3e22df0a46ec2028f7936be96712aef1f119a7a52ff69023c3,4.72197,3.583403;3.401289;2.880774;2.561923;3.076569,512.0,9.0,0.0,0,0.0,0.0,0.0,0,2733473792,2733490176,1976.3400000000208,1582.485999999994,5.5279999999994365,2.964000000000265,39.90999999999717,109.0,683.0,1026.0,483.83139999998997,1624.990200000065,7.517200000000529,3.5234000000000303,34.03139999999943,109.0,683.0,1026.0,4.882402,1.817711;1.545491;1.378048;1.374974;1.355664,512.0,9.0,0.0,0,5.0,1.0,0.0,57896.0,2732990464,2733342720,1932.10399999999,1543.6570000000315,7.300999999999489,2.5440000000001572,53.02000000000084,109.0,683.0,1026.0,437.31320000000017,226.2731999999934,7.08079999999986,2.762199999999798,31.988200000000745,0.0,0.0,0.0
512,25,66,0xba8a09703d1fd1a10acd6c0835795f92a8c7392d6201197087668bea5f1b5a7f,0xaf4b3f918e87d296a3b7b0a17f06f4ea6ceb9a2f88c4579dca3dbfcf9585237d,0xa6faed9b08b9fdf0c807cfe78818185cad7ca3724b88944483cedaf02ee96dcf,1;0,0x115a460825faf1373462f1c0ade47bf05a2a05b3125a1028ec81e9d796b7fdd4;0xb768ca7bd51e651bd56c760771d4c38591f2d7c4ccb7898b3252c5f8e86748fa;0x3bfe5023457b74fb4e95347e86679601f95ce72fbf07b4b55eb065e6f247f2e9;0x891fc8c8829e357f2867242155b71e7bc9d41017d76a21363349c68e280a288b;0xb0078e110401cd26ab654b4e9ac3f2a9f79f14b38de9321fd44145eb3e5f5734,4.997446,3.275669;2.942752;3.177181;2.674382;2.590035,512.0,9.0,0.0,0,0.0,0.0,0.0,0,2734260224,2734260224,2144.1930000000166,1569.5970000000336,6.811000000000663,3.045000000000131,44.91799999999796,109.0,683.0,1028.0,459.66680000000264,1562.50619999998,7.22279999999971,3.23900000000002,32.41479999999964,109.0,683.0,1028.0,5.564911,2.290304;1.846424;1.687604;1.555685;1.38607,512.0,9.0,0.0,0,5.0,1.0,0.0,57896.0,2733858816,2733862912,2556.965999999994,1567.0230000000008,7.590999999999501,3.5549999999997044,50.47600000000069,109.0,683.0,1028.0,469.56820000001454,242.63780000002288,8.48680000000053,3.7416000000000187,40.10660000000055,0.0,0.0,0.0
512,25,67,0xd85ac7554b4abcd46ca184508c26c9bf14f00133b9ba3e5701d28da84363e80a,0x5571ec96aec091612d3e4366461bfc9b12d942637c20a644b3ef4715d8ab25f8,0xda3069b67715855ec54f0b035d0d39dd9dd0733129c8101ea5cdff6e84c5681c,0;1,0xada5853117d66be916cbba8e7bce564623a20f46b28e1f4d40087788a8d37cea;0x6db4d6e641210e7b81a1bd4bbfdea219d6e27c10f0ef2035936cbb110b6f7071;0xa10a9b4c28e3521235232d10a3f0f9b7096226bff36e6ec66ccf54f1d606f4e2;0xf93f30bda73e79238e3083caa23acb6e96bf65e28da8f1d01872cd6ee9788302;0x97a5955f37ba1df976e61ba906c57dfeda8df7249df6b8c0a321bf1080623d9f,5.076384,3.046674;2.947495;2.795866;4.484001;2.940845,512.0,9.0,0.0,0,0.0,0.0,0.0,0,2736848896,2736951296,2090.342000000023,1564.5490000000261,6.499999999999561,4.287000000000388,51.08699999999827,109.0,684.0,1026.0,540.6092000000085,1535.1487999999858,6.9741999999997635,3.090799999999963,30.11939999999907,109.0,684.0,1026.0,4.521623,2.311836;1.612372;1.637299;1.433331;1.382284,512.0,9.0,0.0,0,5.0,1.0,0.0,57896.0,2736926720,2736959488,1567.973999999972,1603.7979999999895,6.559999999999206,1.9529999999998506,44.786999999997526,109.0,684.0,1026.0,459.8474000000019,227.49740000000963,7.278800000000418,3.4674000000001897,35.27319999999945,0.0,0.0,0.0
512,25,68,0x1113d26adfd2dcba950fe1d362f166ec0eec196e86905d34be08e56e479ebe7d,0xfed1f126766158b0a34fdf0279bd58d3eccebb15761b280f03510ac2c6a271e1,0x43a7219254edd9539baa3c869f2d005a9d5d54514c1a5f9e2e48b11864a2969a,0;1,0x8273c8e578e5945f469b6d9e8f9fe3077b4351b08722e7d53f9a4bbd68449c16;0xea87b5b864cadd658e17038d00e0dd0234cbc610d9ec06b55e4df0ba8ea4943b;0x281d19bda6a41f6847382b737ebca8e3bde726ecacf2217586eb43142ffde10f;0x9ce776711083d183bed4af09f038a3e3a69c5211f28da71f0cf0f5e87bc3bac1;0x67304c896fe946d9bc3713581bc26ef692db41a05f0e42e85b4348aed65671e0,4.691835,3.808352;3.265845;3.933491;3.381498;3.206455,512.0,9.0,0.0,0,0.0,0.0,0.0,0,2737049600,2737115136,1735.9869999999944,1540.0619999998976,8.212000000000497,3.234000000000396,54.000999999997966,109.0,685.0,1027.0,569.7150000000039,1691.606400000012,16.929400000000037,5.928800000000109,48.026599999999306,109.0,685.0,1027.0,4.49656,2.064553;1.966655;1.653553;1.577789;1.692642,512.0,9.0,0.0,0,5.0,1.0,0.0,57896.0,2736963584,2736988160,1799.9549999999642,1582.6970000000217,7.081000000000795,1.7829999999999928,37.48700000000271,109.0,685.0,1027.0,470.7738000000017,228.06779999999804,7.443600000000064,3.3168000000000086,38.89299999999957,0.0,0.0,0.0
512,25,69,0x61c518ae93cd27af35c2ee20fa71838c31bf6f1434b5bfed048c2cd5c37eca48,0xd1a4355e44ec7f0f8ed10e44a94c05af7c68d131a4886ae3b51f07b5bd8fa2e0,0xd46fcfc1716164bec3d4059481c37a62b0f46a9cf23a7ddec142333c514a5151,0;1,0xb1cc14de5c7d3a70a4957c50af2175e4093882bd7c86f6057495b165c0f1097b;0x7024cb95bd3e448d9083533616f67fc69eace5f93d2a57c7b4e7985853c1db80;0x073c73a05f2dbbe00d3b45c8007bcb89bd744b1ae6f68205757f57eccdbd33da;0x8408df13016eeb8f3d92ff4a8be8898389d2929757ecf14c4ef2266204083098;0x832c6747b2b2c3e4e05cf9261cc9d037d74efce47e277a4c8747da35e6f61703,5.202044,5.033825;3.025447;2.904198;4.059671;3.061967,512.0,9.0,0.0,0,0.0,0.0,0.0,0,2737135616,2737176576,2124.47299999996,1571.0790000000864,7.561999999999153,4.106000000000249,58.19800000000236,109.0,684.0,1028.0,526.4900000000016,2064.3909999999987,8.14620000000009,3.933799999999814,40.937600000000295,109.0,684.0,1028.0,5.129915,2.021363;1.624329;1.654114;1.844852;1.470517,512.0,9.0,0.0,0,5.0,1.0,0.0,57896.0,2737741824,2737418240,2231.183999999997,1544.078999999976,7.250999999999785,2.013000000000362,40.81200000000118,109.0,684.0,1028.0,469.6599999999718,247.04219999998054,19.214799999999965,5.7203999999999935,40.68340000000087,0.0,0.0,0.0
512,25,70,0xcc00fa10705bf1c56cb19feb0c62eae4c1fb8d4cb010a8d861c51cc501445ad4,0xe73ee5a67890f6b78448a7fae5fe4ae4f76832e273500694642a63ffd3038696,0x5f680c4e7efe44fb64f0ec2d9a730af1160dff0a74da2f8f611ad4e14ffb3722,0;1,0xad5ed9f6a534c427b696a64e92801da1894cae6aa5610712e4c900eb2fd37d08;0x37c3bccd3d610a871a2a1079a1b0fb9ee33c0625c57c325c329309eba1dc944a;0xcb2782191ad2c5e43db4a434d99fc8a139fb6da4d45a2b991134e22f35e70f1a;0xda198a2c908f6d3fc3993031b5c8e8408a5364ee3c72d3f65640cf0b96bcc80e;0x562596c831259f435b54ac43b2aaed5808413fcfd8ff8dd2e71c069e10af3bd1,5.201543,3.410242;2.992653;3.081046;3.26293;3.149053,512.0,9.0,0.0,0,0.0,0.0,0.0,0,2737192960,2737209344,1887.0199999999616,1628.0150000000938,7.841999999999224,4.055999999999678,65.35900000000095,109.0,682.0,1025.0,500.97140000000536,1673.349199999885,7.463200000000503,3.112600000000111,38.957000000000576,109.0,682.0,1025.0,5.071778,2.810368;1.78702;1.783829;1.590788;1.392119,512.0,9.0,0.0,0,5.0,1.0,0.0,57896.0,2737418240,2737434624,2081.137999999982,1726.8639999999946,7.801999999999462,2.1830000000002197,112.9299999999972,109.0,682.0,1025.0,514.7981999999773,274.081199999987,7.8479999999998835,3.405400000000038,67.19920000000101,0.0,0.0,0.0
512,25,71,0x1e5178133a8ecc360320e6f667241e03470d859c630a367681e3d2cedb759917,0x918cbf874c1abd9439bcc2a810321947c0ee89316578346b697e794a6aa96bf9,0x9a5ee73c5778fad62cdad300857ec41a784b402e2dde58f5db05bb71628578ec,0;1,0x3ce2492e586330040bf6f4b56f2afe0b01a0577dabdf9b4c8b404a8edbc9eabe;0xe424934f0bed4f868066c259afb6bebf6a21cdceb18cf381dee24c4b7c09d1e9;0x1feb617905026866f32713bb8f67244b4b044ba9679a7e6458111e8d48208a08;0x49412af40148d4070bfb1b540f35f3233a4aa663a4b80977c94260330cf0a444;0x12fbc47470b9b97f078b8d4dbb1093d77c0cbf5774bd303ca5cc78936957d6fb,5.174964,3.683194;4.182261;3.503333;3.064942;5.786415,512.0,9.0,0.0,0,0.0,0.0,0.0,0,2737217536,2737369088,2128.8799999999997,1578.9310000000612,7.791999999999522,4.065999999999619,52.78999999999701,109.0,681.0,1027.0,681.2049999999958,1852.7935999999913,8.354600000000032,3.973999999999991,34.884599999999985,109.0,681.0,1027.0,5.37853,2.169311;1.975549;2.421621;1.729328;1.808126,512.0,9.0,0.0,0,5.0,1.0,0.0,57896.0,2737991680,2738155520,2148.6509999999457,1563.4469999999956,7.280999999999607,2.974000000000206,70.4970000000027,109.0,681.0,1027.0,621.2065999999794,248.07199999998807,8.296600000000028,4.2021999999999196,42.01140000000131,0.0,0.0,0.0
512,25,72,0xa061b9e73b899b82432e8ece34a58c6d28a52d6afe2cc490dfc4efdc1dffed5b,0x960618a3e3a451a40900c848f8285572bcea1b2b7a22fb387ff58eca19ec55b9,0xa8aa444e039e7eb769978a6956491376f8bf25f02082aed18fbc19fa440ba52c,1;0,0x3a90762774eaf4120eb33021f80d99383fcfbd4800b5780925845a757eff1cc9;0xa9e56a375066ad96f1efd2ba7bcf7cd4fcecb7a50c38405d20bf5caee1d3b098;0xd54eed5d82885f33a039149f11442380498280488c702fb881ba1c478a5d2f43;0x4f7ee4fc7c7d5a5d0714950817dd7232bbed30c9c9804db0cae9a3faad9dbff3;0x1ba86ba4bc30fdd46842caed0ee6fe84ed4957c18ab5f4f04c90ef584dbd106a,4.76145,5.253191;3.499267;7.145865;3.55464;3.584846,512.0,9.0,0.0,0,0.0,0.0,0.0,0,2737381376,2737496064,1931.2219999999547,1534.7150000000197,6.120000000000084,2.082999999999946,43.8060000000004,109.0,682.0,1024.0,554.7101999999749,2095.794400000095,9.46620000000023,4.25219999999997,45.9130000000002,109.0,682.0,1024.0,5.063505,2.249051;1.881798;1.69765;2.407371;1.587604,512.0,9.0,0.0,0,5.0,1.0,0.0,57896.0,2738159616,2738180096,1978.1340000000203,1645.0609999999476,8.502999999999982,3.185000000000167,50.62699999999754,109.0,682.0,1024.0,493.4101999999995,241.63619999999497,8.654999999999774,5.107600000000233,39.2889999999993,0.0,0.0,0.0
512,25,73,0x08e8dee2e2e7220e837a00f1f8d1a9303b39877a79976c29aba7bb5786e549c8,0xe12636769923bf32da568332dcf284515bb3c00334a94eaaecfe4c6421022265,0x88a825bece8aac2df5ced5698172f7c357b231985095d7e35596fe442e77872e,0;1,0x7893cfaeb3f9369b040e6eda5b9137fbfe6f1ea45ceef293e2890223a473b224;0x3077e67959d0120049608788bdd5d053931704ffcaff41e3f82b8a1c529fd4ef;0xaaaeb2d054b1639474d214324dcb41328c2727e90ba08e6b80ec5e7d7f922b54;0x2d34b5bc89d6a8f7deec67c8f13b090978275b2806f0aca8eb2521f1a542e932;0x749fc77a7742ac554820823a1db64f19d8c395759a491cb907c77e2b96516636,5.673034,4.392202;3.301618;3.089839;3.107736;3.484609,512.0,9.0,0.0,0,0.0,0.0,0.0,0,2737975296,2738024448,2340.4540000000475,1630.548000000065,8.562999999999626,4.015999999999916,189.63599999999997,109.0,682.0,1024.0,554.7684000000164,1678.0402000001084,7.581600000000285,3.9842,37.59279999999976,109.0,682.0,1024.0,5.02078,3.474684;1.733695;3.180466;1.635827;1.838712,512.0,9.0,0.0,0,5.0,1.0,0.0,57896.0,2734325760,2738827264,1886.4539999999818,1642.9770000000453,7.662000000000294,2.38400000000024,39.740000000003384,109.0,682.0,1024.0,562.2420000000128,251.57540000002587,8.09000000000018,4.042000000000108,39.85600000000061,0.0,0.0,0.0
512,25,74,0x8b6629e64882682a47d9d3b27b570dd3c97ccb5236694115525def8c497f3efa,0x7c86c3370ebd8f5c1e63cb2c7c0647ae7770fcb00fe341c965a4317428d1b253,0x59f1209b1e9a6213f3db0807ca47191eec7eba4360c34b1c4a264181e70b4489,1;0,0x9d82fc5b4c49344e95b58f76a0cc6126afb2dfc15942a7afcea31699f70c0eb6;0xb835fac3885029555fdd9a5736178ff96830cfb73c8b0c2e1c6e227807708082;0x541c0c674fecd3308581dd86102f5894ebaa31372cc09f81316da5f56c47f9de;0x6b86f28539749c0960b60c31a63271f001b8c37f7d3b65c598cd22711c4b1f79;0x0dc103bf566b8dfec7cef904578419fd69742f7e5b70fa4d0f698f7392f78e97,4.864846,3.311664;2.90447;2.645719;2.509294;2.640101,512.0,9.0,0.0,0,0.0,0.0,0.0,0,2738626560,2738708480,2069.6799999999625,1530.8279999999286,4.998000000000849,3.154000000000004,41.10200000000119,109.0,683.0,1023.0,427.3364000000112,1592.0665999999528,5.542199999999942,2.4233999999999716,29.404400000000717,109.0,683.0,1023.0,4.813067,2.163993;1.572922;1.437317;1.545169;1.265007,512.0,9.0,0.0,0,5.0,1.0,0.0,57896.0,2734915584,2734936064,1973.2749999999965,1554.3139999999455,8.02199999999989,2.9849999999996197,49.88599999999899,109.0,683.0,1023.0,443.0378000000124,249.5844000000025,7.046799999999714,3.189000000000143,33.11420000000064,0.0,0.0,0.0
512,25,75,0x2e93698f9aa9e6619c74fe2d8d576346ebce88952788053d31051fa497a75817,0x84fbd5b21ade2e010453f61831731c0f6eba713471c62f6f2d2dc4c43eb2cfaa,0x3d28919ba4716b866937c31b3e98dd0c4bf7cca0e159022ceb2d8ca8afc0d225,0;1,0x0adde800bafea1db30d1718c0ef812acbddd074d032e8a07fb6d2d893ae72edd;0x675d590947a6993a860db3a1c03d5b326390924356b2d79cdfc7e652edcc1d38;0x10b5afce8658803d7912966d8dac9c64f52ea80f2acc91206b8797ebe3999717;0x386a779231af00845d1359dc18390e0a83cc59691baaff5cf45d61a4154b7239;0xf46d72bc3b8441da32cb1f0ccf944ae1dc13c1868630590bc3bb931e2f33d797,4.552004,3.346697;2.728665;2.656525;2.654192;2.576635,512.0,9.0,0.0,0,0.0,0.0,0.0,0,2739728384,2739834880,1616.0509999999517,1554.3039999998953,7.902000000000603,3.234000000000396,51.44700000000307,109.0,683.0,1022.0,423.37839999999625,1559.459600000057,5.932799999999738,2.1454000000002345,29.93319999999855,109.0,683.0,1022.0,4.104199,2.233778;1.614584;1.374602;1.264907;1.317546,512.0,9.0,0.0,0,5.0,1.0,0.0,57896.0,2741256192,2741329920,1506.2310000000246,1501.7539999999663,7.33099999999931,2.323999999999729,38.38800000000031,109.0,683.0,1022.0,429.58200000000613,239.861600000002,6.487999999999633,2.7501999999998694,54.18779999999956,0.0,0.0,0.0
512,25,76,0xa5f87f74583fb622d14351e48258839a60d2e327293514917de5becd21179634,0x9b21f7e5a5617b5333716bec3b557cf81cf7a703ce1b48619b2c2e56ef5b8062,0x0ffcf43e8af52bee5865f7c5d3a6e907db63ae73b0b6ebda327dc3a216fdfb50,0;1,0x51038104d333f1fa847ea91a074585263d29738f0b37ebed6a73c85138e321dd;0x720762ebdbcff56308eace9e02df2926855ae4c5050a4424dd8185927391298c;0x2b96e5b749439b1a847e792690de752c3a645ae2c6a0995101707e32c3653512;0xaaebdc07dfeb4d1f437f71d71526ef34187582bb4cd30d57146529f5dcd9fede;0xb3487612e9fbf2b29ec2974c1ce01c96e2f09ff70f449dcc8397678338392f38,4.779036,3.861163;2.931981;2.954495;2.671969;3.537185,512.0,9.0,0.0,0,0.0,0.0,0.0,0,2739847168,2739892224,1705.5419999999488,1727.6150000000712,7.721000000000464,3.455000000000298,52.55900000000063,109.0,685.0,1022.0,506.1752000000031,1753.0515999999886,7.078599999999629,3.050399999999891,33.82099999999916,109.0,685.0,1022.0,6.343676,1.696158;2.094208;1.52536;1.554164;1.577348,512.0,9.0,0.0,0,5.0,1.0,0.0,57896.0,2741329920,2741366784,2680.1810000000037,2308.1999999999825,6.799999999999515,3.1450000000004046,41.46199999999906,109.0,685.0,1022.0,477.72060000002006,272.14840000000515,6.6440000000004416,2.9626000000001347,43.02499999999931,0.0,0.0,0.0
512,25,77,0x622b115fab9c683b1742c9495f725dd5ee3b158b34bebea8d0e96f15c3636e8b,0x9dc826ae26523c96351175e69fc4ee2779b78de228af556315f742daac5d1623,0x44b750a1b2025df53f7b01e78729719a689285e469c9e207a722084c6432eb00,1;0,0xb49186c0b6adfcb4edee527a9d4f29e588e8b1023583c1c2858e4c3cf1903fd0;0x277817274eacefae0a1c417653191a47177d1eb58478950a944983b2fb0f9b06;0xa2abaa23c535ca2acdc682100d745a1d1d741e4f3e72816248fcb417ddbdcd03;0x25f40775fcc06637189385a7c601b525c68731b59dc7c610522f47280a4e3d09;0x45322f3e8b1b6f540e9daf7f80b062e8925910e5a9eae1f18087287ba84aa363,7.073346,4.670372;3.213726;2.857269;2.751529;3.640269,512.0,9.0,0.0,0,0.0,0.0,0.0,0,2739904512,2739933184,1806.8549999999962,3796.104000000078,6.10900000000067,2.8950000000001546,40.0300000000034,109.0,687.0,1023.0,498.5034000000166,1793.1561999999346,7.515599999999983,3.236800000000137,39.98620000000008,109.0,687.0,1023.0,5.599214,2.094368;1.509216;1.468774;1.437808;2.050802,512.0,9.0,0.0,0,5.0,1.0,0.0,57896.0,2736447488,2736472064,2214.8199999999506,1722.0169999999646,7.191000000000142,2.8639999999999914,51.73800000000256,109.0,687.0,1023.0,500.26039999999665,233.24379999998257,13.630400000000028,3.2768000000000725,43.22499999999951,0.0,0.0,0.0
512,25,78,0xcc217b09608144833173aa625a63473df00bef0fc525b8d8047d6f701a0fd84e,0x0be5c602e6cae6ac72bd5efed2c5e08977e0662aecde3f6fd2c8aac383346706,0xbf7a6da3bd87d93806e415a24d943a9c8260dece6a4ac33f8781de4deaed67f7,1;0,0x9cf7a1f3570b6c104c3b182d5e10acd04265ac4195a4f3ac57c5b4be0499fc37;0x3fe6d185745bba6f546c41ad86383ad4c4116e7766d41c58744fdfe628d9b550;0x98d4f3b460fb0bee7e9a34a7f8a6731c516063327bc21291658e3fdb97082049;0x36deec97a77cd21d1682341c7cf91fa90d1df6f353fe055caa1218db3dac97c9;0xcbc412926264180b8917206e49c4d8144b7c2809e7b59703fd2aff6d5864ce05,5.820817,3.197131;2.648203;3.066494;2.673502;2.680542,512.0,9.0,0.0,0,0.0,0.0,0.0,0,2739953664,2740006912,2927.7149999999974,1595.4659999999344,6.328999999999363,3.094999999999834,38.89900000000196,109.0,686.0,1020.0,440.566600000003,1619.940600000014,5.682599999999594,2.2075999999999345,29.30439999999923,109.0,686.0,1020.0,4.776943,2.090162;1.506892;1.341412;1.325729;1.378319,512.0,9.0,0.0,0,5.0,1.0,0.0,57896.0,2736472064,2736480256,1744.3600000000004,1601.4850000000135,7.6820000000001745,2.5440000000001572,51.1669999999978,109.0,686.0,1020.0,448.50419999997723,231.0021999999856,6.487800000000085,2.8781999999999766,33.14580000000067,0.0,0.0,0.0
512,25,79,0x9348dd3356d7947f17c2ee4c56de4c6f1823ff25549c376162cc5a8c48a183cd,0x4aa5404a310cb2ca43a3b92817b09c4f640690feb83b7a27177ec9e6e611cbe1,0xafc90b80575095403444e6b5712862e3c12bd77a0a316aa54a2c30e83409ac4a,0;1,0x5468f19ace1fd81cdfdddc2ff9be2aa2c7b514ae870642a455b63e25e47fd92d;0x71cbe7d104c259f034b506df1ae1b1550466ee038449e9742afba9ade8e6a448;0x65653114c76887679a8e9969e0f7835d93078646d2bb991f29ec318c6bfbb446;0x83928520e4972ee32979ebf3ce5116ed28df4920d69f1e28b0f0703e084d2000;0x29a6384e4179467998fd3c8b79a7e917272da2941b9e0e4e89848ef1e9be9350,5.387533,4.566656;3.561826;2.809977;2.724414;3.094155,512.0,9.0,0.0,0,0.0,0.0,0.0,0,2740023296,2740035584,1979.4549999999633,1846.2740000000367,6.769999999999693,3.836000000000117,74.60299999999947,109.0,684.0,1021.0,569.869199999995,1746.4713999999049,6.191399999999971,3.146599999999909,39.86019999999979,109.0,684.0,1021.0,4.628669,1.950892;1.420262;1.592191;1.504714;1.385729,512.0,9.0,0.0,0,5.0,1.0,0.0,57896.0,2742157312,2743050240,1779.792999999974,1710.87999999997,6.328999999999363,2.4939999999995868,40.12099999999713,109.0,684.0,1021.0,497.58799999999326,222.94619999998488,6.575999999999804,3.046599999999983,32.82959999999918,0.0,0.0,0.0
512,25,80,0xb2e478b53661d1b93d32e5216f07dc34856558a007328f124d3f1f35590d84d4,0x3d0eb9de432bec7ce315bcc1a4469ff6190472e24d01d83b9426e374c84646d6,0x91262aebd0f15f9e692936fdde1570f26e9e3c3335fba95c04c32881c380f2bd,1;0,0xe1fee83a52187165f67fafe0ff5b492b4ebc777ab43685139a69e1ae2d8c2f31;0x0122113dbc7a3ef35a08c2f8548aefd8168c00d7eff2ca81e4db95122a3dfa33;0xd99fea8ac8235999cb3108bf53c3f8c3f2275b31620dd21ec5ca42e079a15eff;0x227a3236e8aa79c26d19b0ce97fff2e370773c43d91b536062a9e46c2810aa56;0x89264db4856fae84a970857490639bc874920559fe51eaf4431c374f907e2d0e,4.880199,5.75621;2.890909;2.69203;2.738089;9.381,512.0,9.0,0.0,0,0.0,0.0,0.0,0,2740088832,2740195328,1982.0179999999743,1548.3249999999061,5.688000000000221,3.284999999999573,59.54999999999849,109.0,685.0,1018.0,456.54039999996064,2760.2842000000296,6.37539999999992,3.0788000000000344,33.12999999999927,109.0,685.0,1018.0,5.052339,1.814597;1.500612;1.857611;1.389205;1.496406,512.0,9.0,0.0,0,5.0,1.0,0.0,57896.0,2743050240,2743070720,1914.836999999947,1535.355000000016,6.990999999999595,2.3439999999996104,51.47700000000116,109.0,685.0,1018.0,522.818199999997,228.0193999999902,7.234799999999986,3.2969999999998487,35.818399999999755,0.0,0.0,0.0
512,25,81,0x5f8790e7884362f1492988def43874f360c4ba8abee05979030d3b23fce022dc,0x80b0ebd8a8bd87a0c12d073ba13ce41aaea709c9479163b7391c51770f4562b0,0xf8c571429a64b27154c8911d093340ed409ad0b4fd39074ad0e81ead8207b203,1;0,0xeb35d4aa32643759bbb201e2288bb97c8e0fa15b9a87a9a3376938140a04666d;0x8c4fa334c5d0478b7f91a21094bb290da71f932dd3fa6718a4b706b1d2eebf88;0x8359a692faea5e62ac4e8b5841297c03d30397ede923e447ced670becea6a4c4;0x7dc544723fb65e4fa787951ecc6725b955c60bee0bbf57ea7f3f1394f575fd34;0xa2a5ba2abcb81ff73842bb0a54059828c57d033ade5e4cbb2470dc9704b1fc62,4.817981,3.174857;2.889126;3.141256;2.741724;2.635404,512.0,9.0,0.0,0,0.0,0.0,0.0,0,2740613120,2740617216,1957.4420000000314,1594.2639999999565,7.121000000000557,4.055999999999678,41.10200000000119,109.0,685.0,1017.0,430.72520000000395,1584.7376000000859,6.477800000000145,2.7359999999998847,30.577800000000654,109.0,685.0,1017.0,6.10155,3.242299;1.582296;1.669047;1.393361;1.502706,512.0,9.0,0.0,0,5.0,1.0,0.0,57896.0,2737479680,2737496064,2531.7769999999573,1709.2779999999807,8.673000000000709,3.2349999999998698,53.14000000000013,109.0,685.0,1017.0,491.79560000001123,225.70820000000768,7.140599999999608,5.676400000000082,35.6395999999995,0.0,0.0,0.0
512,25,82,0x2448f6d8695a2a4bab4e5f12afeb949f0fa5b5117a19c6fb24d3e0a1070ac138,0xf6aa462cb915e786a62affdd89d02c1b0fa97e2ac5feacddc8f97a1fc58c03d9,0x1cef0d8b1bb93ce7841eafe0d91e0b6fbb6481aff8d6af232faa3fbef69946a3,1;0,0x479def0f45ae479f834cdf56d501b4b00e1e13d282775862e812558a7f223a11;0x4606fcde9846620acc21c3d74be1ff4193411afba26d609e825c1010147b1add;0x5e6bc96a292c242be4afa1a5b5d03f37f9f43bda00454a5e634e9cdf4e9e80b0;0x0a338d52183dd6259eb8a3ad71ea9569532b4d695502af62f3237b83d73e1b90;0x740deef28e955dce784026d00b0276b7af1e326ff0066343eddd06f8c2ab1822,4.586105,3.505366;2.927405;2.950008;2.619089;3.114387,512.0,9.0,0.0,0,0.0,0.0,0.0,0,2741284864,2741321728,1980.046000000013,1508.0740000001924,6.179000000000253,2.554000000000098,57.16599999999738,109.0,685.0,1015.0,406.41699999999224,1775.5755999999678,6.073399999999979,2.7759999999998204,29.96680000000168,109.0,685.0,1015.0,4.948381,2.141609;1.640323;1.508334;1.408133;1.420091,512.0,9.0,0.0,0,5.0,1.0,0.0,57896.0,2738176000,2738188288,1902.1480000001034,1546.1509999999955,6.990999999999595,2.714000000000015,51.4370000000014,109.0,685.0,1015.0,429.5976000000312,272.3065999999941,7.194800000000223,2.728399999999895,33.72680000000017,0.0,0.0,0.0
512,25,83,0x9a3ffb06783aa24a738b168ccca1f3d040dc3d880d7e6dda1d2fd2e89ff7ef92,0x9c3b612dc9de913bb7520a517c65c90ac509e54c828024ae6fb61a33da69cdd7,0x63064b4e77ba85f199b2dc1e188e9490a1f46f222016459a12728c9a5ee8ea77,1;0,0xa7ede76fd990f9029c760110231a3f5d111b2c10c58dcfe93ac18713b16372f9;0x42455c395b16a0252ff764812b53d6e99c229c897405ae507a006089bd9b7b3c;0xbf2de1dac8ebfe0115c0ae45cbccec3ec73a3466e2b7534a833f54ea0b3a84b8;0xa3d91268a958a755d6fc9bcb9a72348730a90db1bbc96ad4d7b6f1ee1018c178;0xc2911730311542f6ba84b248cd203c9150f9c3c82855193ef7507cec93109d3d,4.228105,3.595972;2.875527;2.696536;3.045902;2.810708,512.0,9.0,0.0,0,0.0,0.0,0.0,0,2743431168,2739470336,1667.3839999999939,1500.7429999998046,5.147999999999958,2.7040000000000743,39.03899999999766,109.0,685.0,1014.0,432.98279999999244,1546.0976000000846,6.13079999999995,2.8540000000000507,33.32419999999975,109.0,685.0,1014.0,4.631844,2.237935;1.535425;1.36575;1.586332;1.45898,512.0,9.0,0.0,0,5.0,1.0,0.0,57896.0,2744774656,2744815616,1607.7439999999665,1623.578999999986,7.350999999999192,2.554000000000098,72.38899999999909,109.0,685.0,1014.0,469.87659999997436,222.1008000000024,6.4837999999997615,2.7381999999999405,31.389600000000794,0.0,0.0,0.0
512,25,84,0x98969526e3643c7284b8b4818b1c21414952be6fddd5e69ec34997a548d022a6,0x37fdc40d82be3ec98a485a222cd62615343d9091d063f56e432e01b14fe570ff,0x2c19cfe25336a16b01e6f334c744d34ef05eae9184e9991921f1b262861f1445,1;0,0x174642ca7dca91b3d432110b4e3c8084d45558182a8d905da7e48adb9277c22e;0x9b5eeff960d4ea14cc017dc249b57f201b983ab530572a2f575017a663e8ec09;0x4d371365dde23ee3a32b58c95e9eb560c4aef0e6ab2331ea8e23d9b9d248b692;0x440130a652f1016500e3c6aa185318cfcd97db1db06ebf15c91e4f29c1d97ae2;0xbb76e6eb7081d9f86966c6d96ead05a709cf792f2bdb670bc40bf22f5d095930,4.334362,3.0573;2.651568;2.953783;2.5594;2.677948,512.0,9.0,0.0,0,0.0,0.0,0.0,0,2743328768,2743394304,1598.5699999999658,1525.8710000001229,6.02899999999941,2.714000000000015,39.73000000000171,109.0,687.0,1016.0,443.29439999999386,1502.2730000000095,5.738800000000197,35.058999999999955,29.524400000000004,109.0,687.0,1016.0,4.884555,2.110813;1.518149;2.258616;1.402715;1.363956,512.0,9.0,0.0,0,5.0,1.0,0.0,57896.0,2744815616,2744832000,1718.7919999999135,1562.986000000044,7.4410000000003915,2.4630000000002914,52.327999999997324,109.0,687.0,1016.0,600.9762000000584,236.6250000000347,6.736200000000136,2.7760000000001672,34.71399999999958,0.0,0.0,0.0
512,25,85,0x899a7d8dd2f3d11d206d7999590a8e692e376bc5563be3cc3516e91d4ec1cf39,0x0a2ebf2c3f57703ae765ab149db9c3946278a7e334606d31d6eaed5f2efd27a3,0x3d32d535cc3180a5caaf785871b3ac8f8bacb9f20d17b6f446cacabd7d960e0e,1;0,0xa21110c3089211fa37dc4d9e9f2b8b8f25fe16808c8be2f08ba75372aa7b42b1;0xd2732a05c6c924424c62ed18ac8675e6920a4ed5cc83227332ece24c0e8e802f;0x0a16a5c0930dad4d1604668a93a979fc90cb7e5ee0c611e2cd9506deeefcf5a2;0xc780bfbc708f6532a123ef625b005cf5959e3b9df08ea65406213a55e710ee9f;0x29f6cd7ec38a13580d9b1e15cc5e7eab984cdc6364eaec8d5ace6a35a164cba0,4.644774,3.725739;3.028697;3.560489;2.780743;2.900523,512.0,9.0,0.0,0,0.0,0.0,0.0,0,2743468032,2743459840,1823.380000000041,1547.5640000000012,5.7890000000008355,2.9339999999995756,40.14000000000101,109.0,688.0,1016.0,500.9092000000104,1694.8517999999524,7.448999999999998,13.488400000000004,35.26479999999971,109.0,688.0,1016.0,5.01358,2.005674;1.656688;1.565792;2.50697;1.435364,512.0,9.0,0.0,0,5.0,1.0,0.0,57896.0,2738671616,2745090048,1898.6430000000887,1661.8859999999459,8.341999999999725,3.6660000000002593,52.399000000001585,109.0,688.0,1016.0,663.2580000000221,238.66359999999975,7.363000000000161,2.944200000000105,34.52020000000028,0.0,0.0,0.0
512,25,86,0xa49764fdfa978f65b267235846dd607460cfcb81bcfd369ce6e3b04f15fd607c,0x6adc743a2b61cfbbf48916af7856f8750ce91f207aadfd7ddcfd4650fe2365c5,0x55dc6e9f06b3d7ec584d78dff963ea272ead501f898caed0348f320860aa9200,0;1,0x61cba62fc08d3f8fb04f65301616e34d3f9a64d6351b1e2f0c8ec112d6e39c7b;0x45e21d8f3ed4003f238f722b6f8e489d9ee95dee06b036637bebcf133a97e8fa;0x2e897c7737d0fae2bfa6734e7a1ff6721dc721c983a977aaeedae842bbbcc357;0x8ca58bdaa33c4cc2c5d9d5683ded8e53ccd2d7eb3548b23279724eddee7d7ae9;0xef97949aab36390692007e8d684a3da980d00c07409d6d82a0000ab54e4c88fb,5.189716,3.155978;2.812445;2.807604;5.475717;3.285555,512.0,9.0,0.0,0,0.0,0.0,0.0,0,2743746560,2743709696,2033.265999999978,1724.6700000002058,12.14800000000002,3.6059999999997485,52.018000000000896,109.0,689.0,1016.0,475.3930000000129,1604.2593999999965,6.477800000000145,2.9163999999999923,30.402000000001593,109.0,689.0,1016.0,4.87448,2.385888;1.571429;1.714796;1.497428;1.472571,512.0,9.0,0.0,0,5.0,1.0,0.0,57896.0,2745090048,2745110528,1884.5620000000895,1783.2490000000423,6.269999999999193,2.013000000000362,41.63299999999926,109.0,689.0,1016.0,485.4818000000094,235.94180000001685,8.354799999999926,3.741799999999913,38.51839999999967,0.0,0.0,0.0
512,25,87,0x37f31f702e8bb9ea1c0903839b80368a88372a44a3bf2bfd2c1a06920c7f2b28,0xfdd3c0ff3d42b87dbf6c28f8cb1899a121e0f54be62305478a0955db8be38e62,0xd0343c5e34531251a799387b71fef4e0be9c1a4d0978275af51a56a6a86fece7,1;0,0xb99ab4b52daba0b9e16a972135ba4b8ae1e3e895e2c8c000d97653f5bc830a1f;0x447cab2e4c474963c6f2ba66ccd019212b40e03810fe5884c2a0258c266ec126;0xce4f054f1ed4dd243fb723d23e7a4224c0de84a855c73be7dd8d00850d1e57fc;0x1c1937e1faf19ce6b47218dbe01211fdb084345c4bf74b748b13228d93395ca5;0x8d7aea5b8cd4921b91246d94c243ba649a5d94f8eb6460d7d8126d2ebb8b4c75,4.790293,3.374228;3.042148;2.638389;3.069488;3.173034,512.0,9.0,0.0,0,0.0,0.0,0.0,0,2739548160,2739585024,2091.513999999961,1532.6610000001572,4.867000000000413,2.5640000000000382,39.65999999999692,109.0,690.0,1015.0,459.67500000001496,1640.2395999999264,5.790400000000445,2.4676000000001252,48.232799999999024,109.0,690.0,1015.0,5.336557,2.240939;1.857882;1.463557;1.659532;1.486682,512.0,9.0,0.0,0,5.0,1.0,0.0,57896.0,2746023936,2746146816,2233.73799999993,1811.4420000000518,7.860999999999632,2.654000000000371,51.908000000003284,109.0,690.0,1015.0,509.22980000001064,239.91580000000124,8.244400000000097,3.7416000000000187,58.0133999999996,0.0,0.0,0.0
512,25,88,0x0324b80f2a9a2235cb6983cb2b7a56efa4b6d577f1340d477c3d3cc3871fa6ea,0x5f5007b422d506957f2751919b436001acecf187dd3096146a0aab18cf107d36,0xacf53270f0835cc3c98c7526042c41a658a3433bb1170cef57975acc4b247052,0;1,0xcd326f36115cd5ff98f0c678edcfd10722c3a538520af12cfa71ab8583d26741;0x72dca7da2d425ea288bb3f74cea64541a358d937df365d1051a93b24f748a504;0xa74295b912fac5a0ec568047abb6c51fd796f76dd3d05af25cb640c96a11b0e5;0xc75b5d177bc73dc26c592efdc90ce38e1be8a7ee1eaf67d5c659be1f3011ed4f;0x5c1811d7926523c50e26ed44d780a357657162ccfd12363d31af20f88b93b46a,5.903962,3.7938;2.886292;2.764909;2.627983;2.724278,512.0,9.0,0.0,0,0.0,0.0,0.0,0,2743918592,2740346880,2150.9029999999816,1978.5140000001534,8.192000000000615,3.645000000000037,73.0300000000017,109.0,691.0,1018.0,450.0744000000001,1571.9004000001037,5.848599999999995,2.7684000000001774,32.94560000000197,109.0,691.0,1018.0,4.890134,2.257614;1.608877;1.702166;1.450588;2.451076,512.0,9.0,0.0,0,5.0,1.0,0.0,57896.0,2746146816,2746167296,2106.9069999999356,1573.9439999999938,6.670000000000287,2.483999999999646,40.77200000000142,109.0,691.0,1018.0,699.5630000000031,246.085000000007,6.393799999999603,3.459000000000101,38.560199999999874,0.0,0.0,0.0
512,25,89,0xdfc40f2ec4cd737f4419ab4bb778abecfa9d722d67e15fb82ed33648a3267251,0x83f754c18d3082996c7e78a16a2ab6e3ba526f1e57e6494465e8ea9a55cd3a9e,0x3e7e505d9b8c372d4112ddea0c5e3d04d29991212336188f161e23015b51d692,1;0,0x23438a661a949f2287343a823949ad5c7d666e4edee5fcc6ce7dc08205d76e48;0x2bfc5f224e4e2be55422a87e04917198e632e2137acee441b3a6b0cb54668853;0x895ad3da14c49dfeb1d939e4ad353458a76763f86c1bef4a7b9c5a93c16fdb0d;0xd79a02b1ef8523e17af8c1f039ada125cbf927139df5a7d80b423951f14b0bbb;0xe4a937a8051f8c4fe43cc60e0389c8262365df2a0e13fdd73747a3ea2d8c4ad9,4.877054,3.34949;2.975597;2.55958;3.148688;2.771208,512.0,9.0,0.0,0,0.0,0.0,0.0,0,2744225792,2743943168,1902.398999999999,1902.8799999998291,5.7890000000008355,2.0630000000000646,41.38300000000594,109.0,692.0,1017.0,450.55320000004787,1609.0044000000246,6.022999999999792,3.134800000000222,34.97080000000319,109.0,692.0,1017.0,5.095824,2.053486;1.562546;1.472851;1.515625;3.312725,512.0,9.0,0.0,0,5.0,1.0,0.0,57896.0,2746609664,2746638336,1913.6159999999513,1724.6199999999544,6.880000000000774,2.7539999999997775,50.88699999999946,109.0,692.0,1017.0,449.0070000000124,248.27460000000914,6.1473999999998865,2.399600000000182,29.68459999999895,0.0,0.0,0.0
512,25,90,0x7f30f5b310be1fcc0eee5c8f118076a1f4a64f7ab68028fa5751333424af946e,0xaf8f2d67d8c90a34b277abe074a91f547a15a0e2affcf8194bfadb8f3bb995f9,0xbd7e017e1aafa798d858dfe7fea6c3ad0269f7e84a4f7224fdb70b3efdbc16f0,1;0,0x83b1a1f6a4755a1c92abc001fd004e865889fab3639564e0b9cae262123f51ea;0xa495b6b3bc880679f154f1973eb98fa7a22e03fefe37d6e673788bed275a449a;0x0b8f401218a19d21ef00805aa6881bc822274414c334d57fbc22690506cfccc3;0x6e12a1de969d3aa24df9026f96dd3d3bb7207854b4b28a7e080a42bba433d72e;0xb2994b285c0881bb02872b4c25b433266255457a752cb4d13eebda03a7bee5fa,5.106671,3.198113;2.71841;2.690226;2.785711;2.586861,512.0,9.0,0.0,0,0.0,0.0,0.0,0,2744725504,2744791040,2223.872999999932,1591.3200000001736,5.5679999999991985,2.44300000000041,40.32099999999594,109.0,692.0,1015.0,434.7877999999472,1549.7468000000401,5.6884000000000094,2.345600000000156,33.838999999999395,109.0,692.0,1015.0,5.471961,2.074468;1.499782;1.341262;2.18825;1.646994,512.0,9.0,0.0,0,5.0,1.0,0.0,57896.0,2747252736,2747273216,1957.5919999998969,1748.3259999999668,7.151000000000379,3.295000000000381,71.98799999999505,109.0,692.0,1015.0,430.9137999999546,243.11240000001177,6.408000000000108,2.9283999999999213,33.322200000002184,0.0,0.0,0.0
512,25,91,0x1a3680f646ba7a082662dbfacb26fb67ef5def75500f1cc4f50dba9747a034c0,0x6f7945df04c87139ac0901f67d41949b874f6a3c0d26dd88d213b87adba070cd,0x4449e7a6c4da5feb696a935f5257d7f5635fbe348f761bda18c4faba7d633dc9,1;0,0xbf31efada055b397a310e7209cadfeb51db939865a20c43ee8ee5ec9d9cd007f;0x1cdea0e4456da4cda8b30679ca273a24f79df0ea3a039e2aa2012185be0498e5;0xf5d1abf37648d53dfd0e501e71a9f723fdb180f5dc220a8f082e437e36474f55;0xa20c361fb57263e5b5a5378364f0a2d8d3a06a42bb7decfe6303811feaa83f0b;0x448208e175ed94bb5af682e1b1276764d5d36b3b3288ce09c3501b534bbaab15,4.19142,3.674121;3.385294;3.201488;2.898431;3.497424,512.0,9.0,0.0,0,0.0,0.0,0.0,0,2747207680,2747305984,1621.1839999999977,1512.8610000001431,5.058000000000493,2.3230000000002553,39.18899999999503,109.0,692.0,1013.0,506.1610000000272,1723.2884000000226,7.505400000000495,2.9984000000000264,35.024999999996865,109.0,692.0,1013.0,4.652546,2.560331;1.742347;1.567293;1.450507;2.4403,512.0,9.0,0.0,0,5.0,1.0,0.0,57896.0,2748420096,2748510208,1770.3399999999813,1610.1680000000229,7.992000000000068,3.0539999999997307,51.266999999993736,109.0,692.0,1013.0,551.5033999999641,354.1181999999976,6.7479999999998235,4.294400000000135,31.695600000000713,0.0,0.0,0.0
512,25,92,0x63d28e26538cd4c439e09658659d7b93867a672eceea42d5371c20e45c9381fd,0xc701d5e627a5811f14e456add81eb7dc270bb490f25014b2ba1b50688c72582f,0x6ba4bd85ce71003c37683b6c602c8af99d39bd5c9087f8a356be88a7b2f2a395,0;1,0xfb82dace836afc3ed4347517ac95472cedec360770e66ad49532d23630f512e3;0x7dfeb054c3d30a98919812169570a62c4dbd540f8e3cbeb74b072b782ddf5a0e;0xfbdcbd9891276c9693cac8eb2c73752a32905d62feeb5833e25d70fe3bf523a6;0xe8d37c6733f887e38ee460ce6a0335a7901bc1b75f36edd50cb248267d69f1de;0x759d424f085f1c717ff2123ecb556b4ba28946492a42d33368202be489e8e735,5.572072,3.746048;3.079938;3.117892;2.743497;2.797418,512.0,9.0,0.0,0,0.0,0.0,0.0,0,2747330560,2747506688,2034.3780000000588,2030.2409999999327,6.630000000000525,4.556999999999651,52.22800000000139,109.0,693.0,1018.0,533.418199999991,1606.3957999999268,6.079200000000395,3.3052000000000428,32.77340000000239,109.0,693.0,1018.0,4.1784,1.966104;1.582566;1.347582;1.355574;1.290376,512.0,9.0,0.0,0,5.0,1.0,0.0,57896.0,2748510208,2748522496,1539.2409999999136,1504.4290000000294,5.197999999999661,1.481999999999699,39.21899999999312,109.0,693.0,1018.0,433.5815999999326,225.69420000000395,6.515800000000265,2.504000000000048,29.895199999999125,0.0,0.0,0.0
512,25,93,0xe97da8806802075ae3017739ee49bf270d0f874612ede27ca7bdfaddbe79206f,0xa0862bb778813c62ea0df2dfce819a1cb75d97c262663352c5a6f0860c17c425,0x74186efd0fc7ef8581f9b72b65a211fc0c4d88421a11b8a390c6646cd2ee8e77,0;1,0xee6e2af3b63ac67c46adcd8af8205ae004fc5d7f44068bab304363ff9351f0e5;0x600300a41f8598f077897ed0ef4c3916fe7e98f97f1cc235070019dc24b7efbd;0xabaf0512b331c5530398997dba9af178343b4f97847bb3d84ea7361cee6ae7d6;0x1c9890cb40df31d379d3fc5dcfde0b761def2415364e3cf4b522344154ca8594;0xa73195daec7f83db781e1a3762597c8ed769e32e592d7f8d27a8492c73b2deee,5.120241,3.568255;2.875596;3.221748;2.793381;3.000465,512.0,9.0,0.0,0,0.0,0.0,0.0,0,2747523072,2747527168,2011.162999999927,1549.6669999999212,10.786000000000476,3.625000000000156,51.75799999999897,109.0,692.0,1014.0,446.364999999993,1632.4395999999908,6.7559999999997755,2.9444,40.75559999999756,109.0,692.0,1014.0,6.327571,1.831421;1.48571;1.360722;1.594273;1.405139,512.0,9.0,0.0,0,5.0,1.0,0.0,57896.0,2748674048,2748895232,2293.549000000006,2745.0390000000048,6.859999999999158,2.5939999999998604,38.19800000000318,109.0,692.0,1014.0,447.93319999998363,228.0599999999744,6.335600000000053,2.385199999999956,30.281800000001024,0.0,0.0,0.0
512,25,94,0x87e874bb5679d94ffcf84632aec02cb6408b0632b7bdd88fff3c045a0ebffa17,0x075f58262f327e41700261b6cec8b8fd036766f35cc2d8af2d9976b919a20ea9,0x753c0d8283709910f80f861ff36d3a3d9ae85eefa4b00ba4beb6f3f32160cee6,1;0,0x73238d6877c0c165610a27dc98239ce75f54b93ecb8bb13470906f75ad6eef4e;0x6e0838fab3985ada822fbef25ca9989cec157a79616c3aefe8e225de4c035a89;0x370db9951aa9614be20454138c5739af3bbe1df57e4362f5deafcad12de8db1e;0x80c7c885d2aaa37c89b97912a0fd92de9fbf8d299f471f8dbb201ff5a8c3e702;0x1bb6baf9f33d974730c336e573b7d5af374dabb27b9891b2242197fb90c0f5b8,4.656932,3.213205;3.093965;3.009537;2.886813;2.511697,512.0,9.0,0.0,0,0.0,0.0,0.0,0,2747539456,2747555840,1966.7260000000297,1571.149000000105,5.708000000000101,2.7739999999996585,40.32099999999594,109.0,692.0,1016.0,499.5653999999572,1610.6567999999654,6.18560000000025,2.5798000000000485,30.15540000000094,109.0,692.0,1016.0,4.867139,2.331285;1.470337;1.304807;1.370917;1.376516,512.0,9.0,0.0,0,5.0,1.0,0.0,57896.0,2748895232,2748928000,1802.738999999942,1636.2170000000508,7.371000000000808,2.4229999999996616,53.20000000000324,109.0,692.0,1016.0,451.73959999997845,236.72679999999778,6.28300000000033,3.006399999999805,33.21840000000132,0.0,0.0,0.0
512,25,95,0xae1085e7ddb1f8b5760b55a113af7d176f82c9c6934b36cdb677c213cdeb23be,0x9b0d45881dafa7fa58b7845e3409f56c59e124b67516aa837c9fdde0119f3c94,0x2ba0a4d1d9261da6ac4d58ca5cf344334bf4b3512122956625d888ffab125f83,0;1,0x131fe7936d8918dcee007ddd425bea7fd684d488e12507d03f47fad995fd6354;0x3ea842bc6b70ade40f7bea05c8c72f8189f3b26cb85a5a587ac1abfe013872db;0x16ac77b0841fc54374553fc3796bab667a692d31d9b1ef2138f0b9cfd3256a58;0x26bc4d79dd18fef5b276b1615408ee7a631e643bad4ea5d44d7f838cbc7b74b8;0x3c630ff383594c80d41009997b24facdc6614f00d930d5f12cb585e43087cd1f,5.582408,3.649552;3.028286;3.061146;2.72574;2.803287,512.0,9.0,0.0,0,0.0,0.0,0.0,0,2747576320,2747584512,2036.036000000019,1843.7900000001227,7.350999999999192,4.556999999999651,82.3650000000009,109.0,691.0,1012.0,480.14819999999685,1614.4682000000187,6.403800000000237,3.040200000000055,41.576600000001186,109.0,691.0,1012.0,4.865762,1.783469;1.466731;1.444288;1.447693;1.592932,512.0,9.0,0.0,0,5.0,1.0,0.0,57896.0,2749583360,2750038016,1819.8840000001048,1765.8230000000551,7.010999999999476,1.7619999999997706,40.610999999995954,109.0,691.0,1012.0,454.80379999998104,241.62640000000567,6.59800000000002,2.547799999999892,29.466199999997333,0.0,0.0,0.0
512,25,96,0x0913710073fe0ef408ebc3a4d0828a2208a35e1b20289b603fe496445ed6f45d,0x81beb13b9c6375d2e0b1a5d7a0a55bd9fb01aca12eae8519ba0a1e75bb4f3c86,0x38f1a7706932961e5c3d60d799b6cc467b70f29b97bb1207481ccacc03ec13e5,0;1,0x710d0e5ab9eba55b45618f9ea86dd140733dec5e0511fb2f01cdce9360ea3c03;0xe414fb1ea329eaf75887fa6852a31f5b67be6b67695c20e6a66f353df7865280;0xb0203342c71c59409aaae28feb671239e6ccb8ec3a593100a54120d5221026ab;0x460ccd70e64fce96b86865e3bff7740a4ae15ed21c681f0009d36bcd5fd6c3e0;0xf1a8c9b6567b6d912b467822ddaf1d9df4753bf9c70072a14e12b96cc4992503,6.428413,3.894963;4.124389;3.892509;3.094326;3.007425,512.0,9.0,0.0,0,0.0,0.0,0.0,0,2747600896,2747609088,2452.327999999948,1777.9610000001612,7.340999999999251,4.376999999999853,53.48099999999412,109.0,692.0,1013.0,482.5535999999353,2086.6284000000237,7.433199999999987,2.8423999999999117,33.294200000000274,109.0,692.0,1013.0,5.019328,2.89218;1.898313;1.827456;2.235781;1.656177,512.0,9.0,0.0,0,5.0,1.0,0.0,57896.0,2750038016,2750046208,2001.2780000000507,1623.4880000000062,6.630000000000525,2.2929999999995663,74.45200000000263,109.0,692.0,1013.0,590.5585999999907,240.64459999999508,8.196599999999583,4.060399999999791,50.844799999999466,0.0,0.0,0.0
512,25,97,0xc3a42d5626697391eefe888a4bc886e8036ce1b846d06c214ad402ad417e1bad,0x2567694374114f10af9eb9c8415fc1c40501162b59bc79506d244f0169fabb22,0x0ebebb44d4d61d4b316e9dd733fb8fc41b251803ee37d2925f0e9f17db2de699,1;0,0x9de4a47b9cba9e0654f6792aa43160f55224ceaf46e17262c34088d1d98811bf;0xed3920b1cced224b9917d4c38060e95cd4323313150b7b065c69739832534639;0x9cfbdc37f9481f3500b4a9dde43f42da05c4213be81e087f14756448df037e63;0x77ae2a3c5bf792de3ac3d644bb8e919dd0ab130b9193f47f5be0f4d0d45e3f28;0x9434d51cf5ba23387b7c13e957e2ea32fde695f4593243932a5006c4f0ef3301,4.920519,3.782434;3.682532;2.877329;2.81194;3.300136,512.0,9.0,0.0,0,0.0,0.0,0.0,0,2747826176,2747826176,1953.255000000098,1672.3519999999326,5.638000000000518,3.514999999999942,44.195999999996346,109.0,693.0,1012.0,520.4487999999951,1750.9949999999108,7.715599999999837,3.597200000000043,35.85619999999512,109.0,693.0,1012.0,5.636359,1.917722;1.603237;1.827435;1.632742;1.775838,512.0,9.0,0.0,0,5.0,1.0,0.0,57896.0,2750222336,2750676992,2385.187000000011,1553.9329999999518,9.514000000000397,3.4960000000004015,53.71099999999795,109.0,693.0,1012.0,493.7646000000128,248.0561999999908,8.709200000000042,3.8778000000001462,34.25779999999823,0.0,0.0,0.0
512,25,98,0xf1af77d6f4457e76a485d2e8c7924973b3936997e2caf64e4745625d90882e13,0x5315a9a75b4d05e73a9279d1348f3f78134eaab5734464ebcbdbf5bf0775efbd,0xf05a1ed86072938d9546d5aad2aa6ceb92f4e014522084be2ed975d082697835,0;1,0x7a89ac6257a91111a4af221cf449b4d59ffceb06e1a34e2c890ef7c41000977d;0xb85d63826b7bdd2e70ca511ec20fb249243809b9a912fe18072ad3a4a566613a;0x9263060af1fafaeb75f230940825c4293c81323d4dd61b3346767e9ce1709ab6;0xa46204882b6c6f81efc97db196d32f9c0830901af8c98823793bdbf6537ba5b3;0x3c3f9942cdfb72514b9c121e0ac964135b6627e06daa0eaa42af929db5633de3,5.810121,3.825558;2.852892;2.731288;2.621402;2.503775,512.0,9.0,0.0,0,0.0,0.0,0.0,0,2748436480,2748436480,2185.1450000001105,1656.2570000000499,7.141000000000439,3.264999999999692,52.43900000000134,109.0,695.0,1016.0,502.43979999997634,1554.5999999999615,6.297600000000278,2.792000000000072,32.50320000000029,109.0,695.0,1016.0,5.167161,1.927877;1.597844;1.483417;1.305158;1.277215,512.0,9.0,0.0,0,5.0,1.0,0.0,57896.0,2751320064,2751340544,2207.909000000008,1671.9010000000312,6.02899999999941,1.641999999999616,69.87499999999702,109.0,695.0,1016.0,455.6910000000247,240.0881999999882,6.315400000000277,2.57959999999998,31.04280000000015,0.0,0.0,0.0
512,25,99,0x433267beffdbe272f57d2e242cbdbc4cf2d2a26477fdb04e8226fe95ea94ade8,0x8e31c1bf5c96448cfc1bbba922f52ff78e04418962a7d360b0dce93894611e27,0xdb8542d17d3934c23e079a4af912b7ca93acca96d6e6d64eacf61e3b1ae897cc,1;0,0x30aca906cda0c2fc4f33f5176cea9e2620f86080d9c5dd34648e18ccf2b0b70a;0x9377bb4646a0f1abc9bff6a517dd566831d3f29848b89f96bd8b98423470f4aa;0x12a930152f2f1eb77ef4274fbbfd7a66d54fa453c7303c13d7d3a4eb99d7bbec;0x5f8e90ed8837d3354a3175f8fd397e41a84ce38aa4af8191cf2eb0b7a9a4d5d7;0x2e6b652b58330ae0b62c49b6becdcd2cc84732e4f8d126f6e6573bdb810bb9fd,5.088513,4.013522;3.168393;2.768505;2.839551;2.721193,512.0,9.0,0.0,0,0.0,0.0,0.0,0,2751057920,2751205376,2326.113000000074,1575.4760000001866,5.839000000000539,3.345000000000084,40.42099999999882,109.0,693.0,1015.0,533.4383999999748,1602.1158000000037,11.827799999999945,2.9386000000001036,34.91420000000245,109.0,693.0,1015.0,5.514965,2.063411;1.752983;1.507278;1.396255;1.4928,512.0,9.0,0.0,0,5.0,1.0,0.0,57896.0,2752122880,2752163840,1792.1020000000176,1720.3940000000139,8.512999999999924,2.873999999999932,51.08700000000521,109.0,693.0,1015.0,523.9577999999856,245.2219999999894,6.7160000000000135,2.764400000000028,32.5732000000023,0.0,0.0,0.0
512,100,0,0xfc308e290d21012ce24f2b8df88b0a2321333501d2d0e06c90be751a0615221c,0x3f00906c5a01abb530a6bacdb2c23d7e8f7256090b2b896d3a717878e9f6dc41,0xe304e050b7e13782df7a69b67f07c279ea21e23bbe6a8b14dc0f6d6ac81d786b,1;0,0x1ffce419339d589c7140e1b1ebb6b87dd6ed07e0921fcd0b233ad59d9d99b7da;0x3ee41396d5759ae7e431fcd7f73fa637d43bb98cecfcd8ae582228d42cbbdd27;0xccc46d0345ecc1932d95769f9c21529db3c6c998813965aa1f57f49444837f70;0x5a4ba816830f0e2b32d9456e1d09014d605f61fc58b1bb88dff7d3a5d9a5702c;0xb93fa2879bf9eb20c04961521bd51e71c72b917b3d3b2165d372e05554f69238,4.348607,3.701441;2.928776;2.770727;2.737879;2.676826,512.0,9.0,0.0,0,0.0,0.0,0.0,0,2751221760,2751234048,1626.2080000000178,1513.1419999998564,4.867000000000413,2.743999999999837,56.22499999999309,105.0,688.0,1013.0,550.5682000000345,1510.2712000000906,6.127400000000005,2.6459999999998987,29.965200000001133,105.0,688.0,1013.0,5.236755,2.14178;1.709277;1.780444;1.495935;1.474814,512.0,9.0,0.0,0,5.0,1.0,0.0,57896.0,2752163840,2752184320,1846.7639999999453,1831.8120000000438,6.940000000000418,3.185000000000167,51.218000000005645,105.0,688.0,1013.0,487.1426000000234,239.0601999999964,7.704199999999592,3.447400000000135,35.814000000000675,0.0,0.0,0.0
512,100,1,0x657ef30b065c08e1800945f21320c179c41857b4ddef0802c3c7974c3b6e2d63,0x2ac539d3208ab13d8f61df97f1605e30d6c6d964dca4b12eae19b538e9ca8b28,0x6b462d29c66827009a428c11ae3877d85e8a6adecef5ddf668754c7c9384eede,1;0,0xc5fe189b682d7040947f2ae99df5611a86d4b5c6fb2e3cf5abd9a6b0c31b8953;0x9e6d871519ef2020f30738614161fb38d72e9cb27901fd1b8c8d442a0d668a82;0x3bad27cb71520ce308edbdc2531760eb8c9f4ef3eeb90b12affd4f721bde7cc9;0xf2facaa1ddfd1dcf4a635b98f7bc494f12585a0854538202c208674bdc694f17;0x11c1b740840998a973bda8e2ff910802a0867987fd0b54411dfb7eb68e8d4962,4.437731,3.476713;2.930769;2.680212;2.704938;3.073204,512.0,9.0,0.0,0,0.0,0.0,0.0,0,2751250432,2751258624,1735.9470000000154,1581.455000000176,4.507000000000816,2.6940000000001336,41.39300000000068,105.0,688.0,1013.0,467.7089999999495,1628.5814000000619,6.866200000000058,2.7801999999998643,43.11320000000008,105.0,688.0,1013.0,5.033078,1.704149;1.617589;1.314081;1.359229;1.281682,512.0,9.0,0.0,0,5.0,1.0,0.0,57896.0,2752221184,2752348160,1720.3630000000026,1609.83800000003,8.242000000000319,2.7040000000000743,51.257999999998475,105.0,688.0,1013.0,448.29580000005365,237.59000000000975,6.107600000000018,2.846200000000167,29.56820000000193,0.0,0.0,0.0
512,100,2,0xb493cb233382a004eba1d0924da1a23c4d20bc2b4218cc0b1b33272399be48a2,0xd6bd6ef6f90041dafce5ccde4d28408d37de7e365923b901010909a101881840,0xaad61b299d12c759c60de0b96bb20f36b0a2d017072917482c0942c94473f197,0;1,0x3ea67b3af499afa68bc7a5bf2ab46041a2a893a089c794f1a400283578f145da;0x1eed011d531ade6ff8df4abe6c8418a3546f8f04b2e757b40f85338a2f018d23;0x1691d9a0d1e7d37daffbf5344c4b2d9747a5545373e9446bbaef9f00261a4192;0xf29c783f057103c53dbdc773476f5c64c89a01cfe742e5298de3c23faff71e18;0xf93f93234246c5cd559468de76b85d1472ace4506e1cf69d22dbed4a85e8c88a,4.900248,3.40224;2.812641;2.588212;2.690227;2.962176,512.0,9.0,0.0,0,0.0,0.0,0.0,0,2751283200,2751303680,1991.4720000000495,1551.7200000001453,6.610000000000643,3.5560000000000453,51.176999999999474,105.0,688.0,1010.0,459.9274000000264,1530.816200000018,6.596000000000032,2.4454000000001876,30.05739999999979,105.0,688.0,1010.0,4.520066,2.090642;1.531389;1.449616;1.440607;2.495713,512.0,9.0,0.0,0,5.0,1.0,0.0,57896.0,2752409600,2752413696,1829.848999999939,1666.0830000000403,6.12900000000055,2.9540000000003244,38.51800000000127,105.0,688.0,1010.0,679.122199999993,247.09679999999065,6.818599999999786,2.930200000000015,32.74560000000037,0.0,0.0,0.0
512,100,3,0xcd10b1c98df816ecd5c5c282a680a49bceb7ecfbaa6e0fcd096547d5fe6c88ce,0x37c51f6cdc3c3fd52ddb82fdbbf15ceb9e82be30f5814ff2b19d52e02015f115,0x84e97c63dcf6f4f9c75b429816196804fec2c4516fdba29892c75fec6032d640,1;0,0x704344a5dda61333550abe1c656f69b7d1524073059996191c9271ad2e7dea43;0x012e791793a3aec73fa33a39644b8972b4ec09608ebce7b7f730cee96a171ff1;0x3bd9a62b4439d45a1664c13186c515e49cb87580969917874653a449ef7b0cef;0x991672963a8a7643888dc102abdadc22c5a0c7d763d1842c522196e87432c41f;0x21ba45c6a7a08c4cc40a524735d064790e374fda2c847fffa46776f7e767e889,4.624623,3.189429;2.813211;2.620922;2.712571;2.654052,512.0,9.0,0.0,0,0.0,0.0,0.0,0,2751328256,2751328256,1925.4330000000318,1554.4639999998112,5.549000000000525,1.9829999999996726,41.85299999999448,105.0,689.0,1011.0,466.3254000000005,1545.4526000000078,6.193599999999854,2.3795999999999538,29.52680000000152,105.0,689.0,1011.0,5.762499,2.121689;1.536767;1.379079;1.450617;1.617539,512.0,9.0,0.0,0,5.0,1.0,0.0,57896.0,2752593920,2752606208,2154.7989999999295,1799.1529999999977,8.031999999999831,2.8650000000003324,52.528999999995605,105.0,689.0,1011.0,511.1483999999944,249.67679999998717,7.002600000000081,2.934399999999886,32.771199999998004,0.0,0.0,0.0
512,100,4,0x04ce9c4df1cbe7189107000ac38ba42061c7341e15e60e9c36be0d2bb506f94a,0x207faac442f288d7d724973f34054ee93079d9c7b4b17d6a6fa0080bffc79e17,0xebbf2c1a1683ac9414d40e7704cdcd585616c7297a3d60c9acec402e841a0d6b,0;1,0xb6443e616aac6101536ac1383d8092fca9e794a4a7424365699c6ac8f7bb7e7d;0xebb0047fdfffc6d8eaa357562dbb2c3c2f620d2af3b7aaba5f83838e698bdddc;0x6570a13f03eacab12957f1525efe7ce11a71b7fbc235c9fe0e9fe3c45477f405;0xa45c54bd0272b5fe27e61ae48cfd9b1e492265b7337e9f58b86edc1afe6837e5;0xfec25476f30a3afe05577903b83c457d9308260b13aa64395056c656fb692afb,5.008126,3.80035;2.910158;2.676886;2.542514;2.708915,512.0,9.0,0.0,0,0.0,0.0,0.0,0,2751344640,2751361024,2002.4990000000464,1600.3329999998427,6.71999999999999,3.5749999999995854,50.07599999999612,105.0,689.0,1014.0,470.1508000000132,1532.5547999999856,6.147199999999992,2.56200000000005,32.15039999999725,105.0,689.0,1014.0,4.862502,1.90372;1.972995;1.421313;1.546692;1.408294,512.0,9.0,0.0,0,5.0,1.0,0.0,57896.0,2752606208,2752606208,2114.6579999999913,1601.1240000000093,5.438999999999444,2.033000000000243,38.03700000000465,105.0,689.0,1014.0,477.8281999999301,277.8911999999911,6.472000000000074,2.629599999999857,30.33960000000113,0.0,0.0,0.0
512,100,5,0x1154955a23d7d38779b1007251290772854d0f45f297be164963ce3b163406dc,0x69789dd509f9d6d54cab174f7e184b907c944e8fd86ff5a5aca95951f1409064,0xa150760f85201990d0c3c5b401821d5adc8173f42eb89f0dc5b11be39f9d09e7,1;0,0x54a6f3008182060c943ac8215810b4a0dbdaa1ee79156093c03050b2c71bbc0a;0x7a03c0f0722609f749da1f1b1d8b8a03e52e3fb2c96a61ea0b6a5aed9cc8553f;0xaf666e701fcd308a69331db85d062012b95e677b4dfcf9a85ab1a154c6efa681;0x88a9c29abeded546f11cecb96202c06d55779ba9f7ee92ed28e116ae3c70909a;0xb1c20892ad75f3f1cecdc115b8ab40e575b7158f545fcb84596949dbacf2f854,6.191376,3.179534;3.03042;2.593971;2.826252;2.764528,512.0,9.0,0.0,0,0.0,0.0,0.0,0,2752057344,2752073728,3340.9380000000156,1577.7090000002047,5.978999999999707,2.8149999999997624,56.46500000000554,106.0,692.0,1012.0,503.8516000000382,1554.732399999903,6.874200000000358,2.503600000000085,29.682799999999897,106.0,692.0,1012.0,4.837294,2.135079;1.6119;1.568976;1.369996;1.457348,512.0,9.0,0.0,0,5.0,1.0,0.0,57896.0,2752778240,2753032192,1927.8369999999877,1550.6280000000538,7.350999999999192,2.5340000000002165,52.26899999999368,106.0,692.0,1012.0,458.31100000004454,232.3281999999871,10.454000000000018,2.870399999999919,32.405199999999134,0.0,0.0,0.0
512,100,6,0xd3d7dbedc5e955ecec34f94d60bb33508ad443a49c90088f9bdda46b10725ca4,0x26e97e6937126da23d99427c68495c14b0af7047ad2ef993c59b4528973cf5ef,0xe610a491fef02b827883f311a00f92d20659f9519b4412d364903d8601b2d2c3,1;0,0xd412b99bf2c736b87f238e59f5397c8c10edb6f9447f58d11baa06abe024bae5;0x5f8291a3f00ead48e6f3b8b65f0993526c06a3b428f926e9173678260faf590c;0x18cacfc693e02a7ed6a0cbc584c8277613c4e1a223200f41d9d4ab6cd78bc253;0x9bb9c6141d2cc66ed4fe4237ed3fb67d1fa839fa49b28ea257182f8829f3a797;0xe4cad67772d20c242e800086ed395429fe38a72b3f353973f672758be8bdde5e,4.692035,3.194867;2.931661;2.701664;2.83886;3.060545,512.0,9.0,0.0,0,0.0,0.0,0.0,0,2752729088,2752778240,2003.1110000000574,1486.7019999997844,4.465999999999845,2.984000000000146,39.589000000006536,105.0,689.0,1011.0,457.2453999999837,1585.4383999999832,5.656599999999748,2.1432000000000047,29.800799999998848,105.0,689.0,1011.0,5.560314,2.246688;1.619502;1.358358;1.462866;1.384106,512.0,9.0,0.0,0,5.0,1.0,0.0,57896.0,2753474560,2753507328,2525.5630000000638,1566.4930000000022,7.060999999999179,3.5249999999998822,49.66400000000482,105.0,689.0,1011.0,467.82159999998464,234.42320000002238,6.830199999999925,2.998799999999989,41.25660000000031,0.0,0.0,0.0
512,100,7,0xf8ecac083cd918cdc326595f69be46f94994ec4ce2695cc50929384703ca1b68,0x30d5c481e6edcbe5a9e54c4805818062a493d282aa1b2f833e409762164ee65b,0x443250452ab391f786b52529e7e1f70f546da960ff2c63f911012da43de71774,0;1,0xbf93eecf32a80a8a1a3d5cfeebc78b953485d41e7498ce8866208c98e5bec453;0x3e68499f29571e578dd8533226fda58c98d3afe91923fdfddae4f5a77498662e;0x0fe49c09ee8c38d2b937b775f9a4f659e87505e1e1a5a1a8472597198aa78cd1;0xbc006c398a086b66dd98647258fafd7d3d5a4ed35926734ec5836f7f2b13145f;0xc61123cebe1f3425817f7eb38297d0dae603bf4c913b8cb49ef5cbd2da772508,5.048162,3.153986;2.814544;2.771148;2.674201;2.852761,512.0,9.0,0.0,0,0.0,0.0,0.0,0,2753925120,2753925120,1849.0280000000857,1827.3949999998429,8.352999999999138,3.6660000000002593,51.52799999999513,105.0,689.0,1011.0,467.16019999997195,1520.7971999999793,5.999000000000282,2.393399999999976,37.92940000000023,105.0,689.0,1011.0,4.17183,2.151344;1.855163;3.939761;1.542055;1.873615,512.0,9.0,0.0,0,5.0,1.0,0.0,57896.0,2754453504,2754490368,1596.3880000000597,1469.516000000004,6.739999999999871,2.40299999999978,66.57000000000191,105.0,689.0,1011.0,502.92419999999896,257.502200000026,7.311200000000017,3.1368000000000364,34.021399999997755,0.0,0.0,0.0
512,100,8,0x76c190912120601ff8a713da1649186c242044bf9b8e4c4d6401a71653274fda,0xc0f263667a5c4ffefd6ffd45bf3b8fa0b5f69b783ebcfeeb0047ab1a68cd4951,0xf3f4dcae333b9ce39c1e06932b71ea0f950cef69f2a1c1226f1c5a397653a8ed,1;0,0x1bbcf29133d6ef7fbe7527008d39c6ef2fd7df5ca4e4879512f276e39609c9c6;0x3f9ab4a5ea5f0872bf6bf3a429c3680b32b64af98607b7940fc8616db47d0f3b;0x72b2760926b3cba2a6978872c7b7acec6bee002ff0873397b9b59fd7d786f98f;0xc69829b65331892850ad71d55a3c133e5357f5491c0c088de5ee043e1fe81e66;0x72ffed25f18f88e403704ee1a4bdd606a2c3d2d2d76984b8465d192c334be40c,4.410049,3.217672;3.218543;2.618228;2.726682;2.616656,512.0,9.0,0.0,0,0.0,0.0,0.0,0,2754445312,2754916352,1826.0539999999103,1482.3349999999457,5.938999999999944,4.106999999999722,39.06900000000269,105.0,689.0,1009.0,469.53400000000477,1568.248599999933,6.549599999999822,2.5114000000001426,30.49180000000151,105.0,689.0,1009.0,4.611773,2.062109;1.577559;1.315644;1.346019;1.503217,512.0,9.0,0.0,0,5.0,1.0,0.0,57896.0,2754490368,2754519040,1722.24700000001,1566.6519999999462,6.739999999999871,2.714000000000015,49.94599999999516,105.0,689.0,1009.0,455.85319999998933,224.7090000000007,6.918399999999991,3.209000000000024,37.68859999999929,0.0,0.0,0.0
512,100,9,0xa2af00af7a091e66e1dc1c59774088ccea4fc34193d89840a732ae9779b6e488,0xb9feb24bbec479d9ab5c24e41d30a5e4bbe37fcf27fcf1e64eaac8e905ac63b7,0xb4d5353e0573fc08c315d94097b929e2becfa94605e7c65af95aea04403e6570,1;0,0xdf5554a34db50986fe4d3c80a1be2cfc9c6b8e22f237f6badf4114f363d56332;0x929c0b5b47c2d639b7d37e53a390c93e0f4a024279aae8f959e9e1b13388ea48;0x12294b896f37d7a763de77261736ee8c0481a6fe6e961dd9b4b6bde0814c6278;0x6f1a94b5437c88e335018488ced19ae9dc083801fba8e364b645c856f878ca4e;0x85bb64aa8fa6f6633fb5cd078d581990b8e19a979dcb6e92b1bf04dfd2a3fc2d,7.427559,3.866009;2.760493;2.774153;2.857909;2.861594,512.0,9.0,0.0,0,0.0,0.0,0.0,0,2755878912,2755977216,3555.3310000000506,2420.519999999815,5.678999999999753,4.246999999999758,95.34399999999721,105.0,689.0,1010.0,511.8175999999863,1618.6504000000214,6.605999999999627,2.5775999999998187,29.919400000000262,105.0,689.0,1010.0,5.249115,3.447989;1.647303;1.593623;1.639653;1.438168,512.0,9.0,0.0,0,5.0,1.0,0.0,57896.0,2754519040,2754527232,1770.9400000001096,1825.994000000053,8.542999999999745,2.633999999999623,51.938000000001374,105.0,689.0,1010.0,460.83859999996866,281.30419999998765,7.363000000000161,3.1588000000000798,35.00659999999822,0.0,0.0,0.0
512,100,10,0xfd32a10ace3f475bf0c88b185ecff46b3bb0490954b19f86edefa3b828feced7,0x3ced3dbf1121545edff2f346d56e47e5ca48ae3f4282c073d59a0cf0c9dbd5a5,0x29cff711e57ef929557758d32cf35c3724d58a5391c99b8cd5e5bbb8d775719c,1;0,0x8f4f4cdb0c1e3d88bf0101216cb9f11e9e642c2e9e7193698b1e7a1479c3c1c4;0x65f615357da07a8b415b875b808abdc6683bb1f42e4569863eacc2787f11d30e;0xffbb2236cfdcba0f25ea4eaf7b814b01a0e9007d06151e9e5a1e10a008106933;0xa258a6fef3782c6905ba671f0fbca27dfeaa1ae85734608ccf27a2dc494b7fe6;0x56da8f64d35f0789b327ed4b66d6b0e035dcc226cd68d4cc2a056f03f9baf32f,4.558683,3.254076;3.324192;3.009998;2.563065;2.677207,512.0,9.0,0.0,0,0.0,0.0,0.0,0,2756145152,2751430656,1788.2069999999305,1595.1350000000807,6.1599999999998465,3.6860000000001407,41.60300000000117,105.0,689.0,1007.0,473.91640000000734,1614.35420000009,7.331000000000004,3.1207999999999583,29.691000000001132,105.0,689.0,1007.0,5.59056,2.347759;1.858021;1.652071;1.590489;1.661135,512.0,9.0,0.0,0,5.0,1.0,0.0,57896.0,2754531328,2754551808,2236.501999999918,1609.788000000001,7.510999999999976,3.0339999999998493,50.697000000002326,105.0,689.0,1007.0,451.2140000000553,286.4696000000055,6.89840000000011,3.2629999999998773,33.45660000000361,0.0,0.0,0.0
512,100,11,0x6a47891e5a085dbbbba7bc1c7b2416500808c51c0b105833f140853b49f2ad97,0x9f900f1ba5848781e40e41db750c72ea6edb513cc8a27e33384e8694d69e7322,0x99a10b157ed338be3fa072c2742df7d2b79e2960d5dff9377395f5e6e9be63a7,1;0,0xf5ce30250d3213378d0a0a250a2e4042c982fe7a9fd7c23c03257e3d835d5ac2;0x5ed1b7bc53860778daa2ea720b38fb33f08d296d0f14fdcdbe394065b46ff541;0x1af7ae905dd8a7a1285e2710ab91e6c026f8298f4ef1de2e61f05243791b332d;0x552bec01354bbe817c019c19b1fa17100b17b12aba7749477d1a3947ce163060;0x6fbbfe647f2dc53d2279b8bc3118965f932e5f0aeb879a69e2091c1d970ae6cf,4.866027,3.343055;3.613543;2.854764;6.808005;2.951902,512.0,9.0,0.0,0,0.0,0.0,0.0,0,2756280320,2756366336,2108.3189999999695,1560.854000000056,5.929000000000004,3.3350000000001434,68.14300000000661,105.0,689.0,1006.0,477.936599999973,2521.209400000046,7.701599999999919,2.888200000000091,31.90780000000282,105.0,689.0,1006.0,5.350377,4.48327;1.632221;1.609166;1.354352;1.867577,512.0,9.0,0.0,0,5.0,1.0,0.0,57896.0,2754551808,2754584576,2209.592000000038,1660.1630000000478,7.922000000000484,2.9950000000004278,51.49699999999757,105.0,689.0,1006.0,464.2040000000236,683.8855999999894,7.7376000000004,3.653600000000021,43.4474000000018,0.0,0.0,0.0
512,100,12,0x2ffe9662414ef45e82bef0849a725597143424b35b246be67e7509a3cafde9f8,0x0073a3cc6aa0221018d328ecd6c89089f9067ca8a81c768fde2ec795cf80eaf8,0x61190e6db120ec6e4cdc098aaeca9e7cfaadb6aa1e1f51eef27400480ac7a026,1;0,0x126f8dcd76314a79ab182f17511d592506fed0a5abb295d761c978c9b861f951;0x00eeaea9bf4cd50a8332e06462c626287c6a061f58ced98970ecbe8c76e34b88;0x13ddb9c82ca3a9405696dac988ab3972b7d2f5ec9ec3d0fa00097fa9ce9cdbdd;0x2cfc93068f96b7332925a70e93a7da652828e9063d3d0ccceec1db58601dac53;0x8f5bea3420222b17875f5964038b70f58dbd9a622bed4f3ee73a66c64b545012,4.437029,3.752212;3.042277;2.745029;2.564737;2.823107,512.0,9.0,0.0,0,0.0,0.0,0.0,0,2753372160,2756108288,1775.4569999999248,1582.356000000118,6.31000000000069,3.5649999999996447,39.19900000000365,105.0,690.0,1008.0,479.5668000000308,1548.809199999912,6.58800000000008,2.976399999999983,32.44480000000049,105.0,690.0,1008.0,5.015702,2.187849;1.696288;1.476215;1.86367;1.380281,512.0,9.0,0.0,0,5.0,1.0,0.0,57896.0,2754584576,2754600960,1870.3099999999306,1747.7249999999779,6.20999999999955,3.015000000000309,51.70799999999753,105.0,690.0,1008.0,428.13759999997814,269.480600000005,5.9952000000002,3.0726000000001754,70.24160000000111,0.0,0.0,0.0
512,100,13,0x8cd3b965f08976918c39ffc503ca855533a2d8af6fcd81b2b07f705007576264,0xa8214eeb543b25f3ac606d9852d34b9abbeb482b8c42986d63d15faef8040daa,0x0e69f44fcb2ef8c80915ea8a09f0baa38f03b8c7abc80c571e5baa24b4ffa562,0;1,0x1d0747784fef99d0e76ab563e32416f3ffa21d42d5774975a6a27f78505a2409;0xb2bc68ee5214fbed28880267361658ef15ea984db319df1b874ba7e6582606bd;0x4b1b4c29a04516313d7cf6b1b1fd0a61edfbd0def24a04b4be31cfc58c1245f3;0xbfe0dedca4516744f2b813b9f2a24c4b41dba7cecff4c0c328a28862a7e7b76a;0x04bcdd66d1e27886c837ab58ac699c10ed84c54140ad0a3b10505bcf6fc198fb,4.936283,4.011679;2.88188;2.761513;2.822205;2.847884,512.0,9.0,0.0,0,0.0,0.0,0.0,0,2757558272,2757722112,2043.8620000000628,1542.3459999999168,7.220999999999964,5.528000000000303,70.87699999999697,105.0,691.0,1011.0,493.0753999999648,1571.2807999999968,7.1228000000003036,3.0647999999997704,46.86039999999836,105.0,691.0,1011.0,4.591464,1.819122;1.49897;1.430437;1.684149;1.441253,512.0,9.0,0.0,0,5.0,1.0,0.0,57896.0,2754715648,2754736128,1821.0759999999216,1580.472999999971,6.569999999999146,2.3729999999999585,36.3149999999951,105.0,691.0,1011.0,482.0207999999937,241.18580000001,6.375600000000161,2.666200000000195,30.794400000003215,0.0,0.0,0.0
512,100,14,0x4b9fdc80e29d8266a7c5718d213b13de69225a081f056f9b0502ccee6b747fdc,0x736b3f87b55aafc800dbe3f3ed885b19f475b2c14b93575e70dae3a8b57a37fb,0xefd0e8838427432df8014adc840041da8491d9f7c543cc4e9359287dd18bd893,0;1,0x7e138eebdcbc4ee617f9edff5977d937265e29cee5a56071a002787724648a5f;0x651f9200c72ba006f2e243ec22ba7bc07b9bf51c5ff413b541234635b9545a0f;0x23a7066b415aa98dd60d7ee19a1dec8b1f5b2d773b0378e2be7fbce4ae9eb6ba;0x9a80e35c6189a9f0978cf10a97031b2ddff460bf8802eacef1c32e6dc946dd57;0xe1adc746559230ac262fd19bd4e4b730bfc51ce18d48f67ed4bc2b4fe558cfd7,4.908991,3.231442;2.827673;2.949397;2.880093;2.747042,512.0,9.0,0.0,0,0.0,0.0,0.0,0,2754334720,2754334720,1929.0979999999624,1593.7230000000468,7.902000000000603,5.1570000000004255,51.32800000000326,105.0,692.0,1012.0,490.7998000000191,1552.1300000000515,6.473999999999717,7.072800000000081,32.30680000000374,105.0,692.0,1012.0,5.163285,2.03658;1.814586;1.418599;1.594404;1.435725,512.0,9.0,0.0,0,5.0,1.0,0.0,57896.0,2755383296,2755424256,2361.229999999992,1734.8360000000173,6.4699999999997395,2.242999999999863,39.11900000000412,105.0,692.0,1012.0,456.0856000000335,237.80999999998275,6.603799999999744,3.036600000000042,32.882000000000744,0.0,0.0,0.0
512,100,15,0xa93692125b04a2b8abd97f48eecdf8f0ee6b90e71eca18c71c527093ce3ad7c4,0x229301c58cf3433582683baadc98b68f85529fd4ec9abbda8b3aca9381a8ff23,0x83360fb68e20a61e12996eaa8faddf76dfdeaa14f7fddb089c7cdd15da6c4a46,0;1,0xb457d5516b4a7a6d6c9a3bd2abbd207c394ba3e1242b003d55a7f15af81470a1;0x70b309941c1debac2fcc2223aff09c65691eaa51e0de7adac333b10b3a916648;0x9a9e39097282f3d849eb1417a66ea4c5799c43a0db3e8f26b417de1f68fa07f4;0x2b41f8d10e529f40510b7a192745b6b63eddea8724945dec09038048a9278e05;0x0e2dc220cbdeff2c76c1446d480fb958da7960cfe7aba0f096a82e5b370a2840,4.763358,3.560378;2.850468;2.702455;2.670397;2.949647,512.0,9.0,0.0,0,0.0,0.0,0.0,0,2762067968,2762059776,1672.1609999998943,1532.6010000000779,72.49900000000018,3.455000000000298,52.07799999999707,105.0,691.0,1009.0,547.3575999999537,1527.7775999999576,7.268800000000131,3.0426000000000064,34.29940000000131,105.0,691.0,1009.0,4.285942,1.835317;1.903029;1.381743;1.534503;1.385028,512.0,9.0,0.0,0,5.0,1.0,0.0,57896.0,2756030464,2756055040,1638.6799999998925,1521.8550000000164,6.519999999999443,2.0230000000003026,37.896999999995074,105.0,691.0,1009.0,520.8616000000443,260.2103999999938,6.0552000000005375,2.742000000000022,34.02299999999969,0.0,0.0,0.0
512,100,16,0x75aa04c0e62086370ea21c3f8f08bdf48a43a3eddd632084f4db0819034448a6,0x2b4eafcfd7254bfb17186cac707dfa9e73c60200bc34014e3b80c762cf680d5b,0xf5eda8145cee7aefa2ea4393b1048257e18372e4a4ccc33dd83c38584a0b08d5,1;0,0x938164e52995736a38b1af953541f177f6d63427ee1c3c133cf4e7936ed128bc;0xaf3e084075171a4fa72c2abbd3d6c5e996b4d4d79b58d0701481cd0990e40f87;0x0125a43000e471373df370ccadb62138d5ea482aefab084a21e9220cf68afda5;0xee6e8a056bdd0111813d74d8454587672e333a42b85757677152cb3afe7a2701;0xbaed74107a5eec4ea1eb0a30186432f56d2463484ce0dfb62cc4c5281abb5692,4.394646,3.94011;3.401272;5.073931;3.068462;2.885901,512.0,9.0,0.0,0,0.0,0.0,0.0,0,2762588160,2762702848,1711.9820000000009,1525.750999999964,5.988999999999647,4.276000000000106,38.658999999996446,105.0,693.0,1010.0,643.7885999999615,1709.086799999948,8.336399999999896,3.4991999999999317,50.141800000000345,105.0,693.0,1010.0,5.550709,1.773885;1.708646;2.278996;1.874266;1.344727,512.0,9.0,0.0,0,5.0,1.0,0.0,57896.0,2756091904,2756091904,1945.574000000061,1727.1039999999794,8.133000000000445,2.554000000000098,49.38499999999901,105.0,693.0,1010.0,541.69879999999,255.62319999998806,7.539400000000294,4.03199999999982,32.37300000000221,0.0,0.0,0.0
512,100,17,0xb71c68e152fae954acb9544f5e5ad835bb0f41419c8f7494f37543685a51fb63,0x15e2238cb254f06765efc95dec542e7d28cf5bef8c7aa23584a2b25d12afc0da,0x71d2ced77c7aaeef3c37cee390bba038bf7418d33a63af01cddc9cfb7b007da1,0;1,0xaf353ca92489b7c7646b9eeabeddb8c78caad44f93489a7c8da5a55180752e99;0x48596c552c6833c194a8813e47a1d59c5ac04219cc622cc04f05919561f18563;0x2985154f69afe674d188a6f1da1d53e2ab61624d46175a3e42c8c4e28f4cbf7f;0x9819a97c0542c8279441f22d1c3f1a8fadd736ec8fb5c2afe86618d9b3b915d8;0x1d302627e49cb814bcaefab3d2c4a4775ba4a376b9e615a09a3f74c51974cf99,5.466181,3.955263;3.705848;3.164721;2.900623;2.793522,512.0,9.0,0.0,0,0.0,0.0,0.0,0,2762838016,2763366400,2071.4829999999297,1740.4939999998703,8.592999999999448,7.130999999999631,111.79899999999576,105.0,693.0,1009.0,518.3518000000387,1719.4583999999402,19.6152000000005,11.186799999999934,34.393999999998705,105.0,693.0,1009.0,5.63761,1.929579;1.897611;1.522595;1.542045;1.924451,512.0,9.0,0.0,0,5.0,1.0,0.0,57896.0,2756091904,2756108288,2050.260999999942,2106.2560000000285,8.822999999999817,3.516000000000283,49.22400000000049,105.0,693.0,1009.0,495.92359999994784,326.92279999999573,7.112599999999775,3.1328000000000604,37.89299999999996,0.0,0.0,0.0
512,100,18,0x3e1cb701a6a8091ddd76f3617365dbc46eae5845e8c1174b6f9724479176d28d,0x246ca74f1c1717b11e472b6ed599ee427d54138a38acaa02303083e7bf8feb35,0xb3aeb0c6b79467af85977993f15d43316e189edc0c66b7a9a406b0c8a6d1d914,1;0,0x36cecfea7ac340934aa3355f9fb99d339b13111cff2bdd343f385294a042655c;0x8dd83be2dd9e7b53774ef8371a9e39d11ed9f03ff101e87f33907a8f1b8314a8;0xa0e65c1cfed28cb3faa514c2c09f8bf939f620d287a109ab28499c79606f2fe0;0xd86e66fbd2c952585e59a61a69044ce5f4497cb4a08e2852576da608e856c9f8;0xb8272313a43f67318eeb0574ecdeb8397f5ccf7fff963ce7d372db5ac429ea6a,4.506364,3.487398;2.951105;2.734363;3.073555;3.151692,512.0,9.0,0.0,0,0.0,0.0,0.0,0,2763374592,2763403264,1772.1420000000876,1590.1180000001957,6.149999999999905,4.066999999999959,41.513000000006905,105.0,694.0,1012.0,499.8953999999945,1674.4289999999219,7.57959999999995,2.9803999999999595,30.912599999999287,105.0,694.0,1012.0,4.757523,2.128189;1.937822;1.561033;1.712572;1.638109,512.0,9.0,0.0,0,5.0,1.0,0.0,57896.0,2756108288,2756120576,1736.4079999999672,1559.4220000000325,8.572999999999567,2.714000000000015,50.50600000000571,105.0,694.0,1012.0,517.1260000000455,261.0173999999743,8.470999999999826,3.9838000000000373,38.40999999999983,0.0,0.0,0.0
512,100,19,0x2818a4f8ea8afd10c5aa9be916c0f22210c4e1e430dbd2c4c2b668e52ae8dc4c,0x56f92e47e27f55fd3c70a5351a5f10c346bfb36ef4e75bc90d0f9bc33adb0a76,0xbc6fd446782cfb90722142245cc4983a04fd84d26b6e77f060b7300f267bc989,0;1,0x5eb65b02ce078fd696efd078768f1d28573b6053277097ef1dcd61ed32f5892b;0x4555a943354baf0dd59018fcea04f6735ddb8bf471af833af2bed1cac4f6e9c7;0xb084060846240dd17b010359444bec43c496a1108fe203df5ea64f065caa7e2d;0x374010a1401892e2e09809741d641ccf54be68bd6732f209dd167f6c6602e8b4;0x17f60cfccfa0ee0e1e8841e181db9efb06d54dd880338216f2900910a0ade591,5.271298,3.90712;3.040394;2.972162;2.871839;3.119323,512.0,9.0,0.0,0,0.0,0.0,0.0,0,2763620352,2763628544,2165.2240000000766,1566.5419999999485,7.672000000000234,6.349000000000111,51.427000000006664,105.0,693.0,1011.0,513.9552000000159,1592.5230000000568,21.08219999999994,4.0861999999999155,34.51600000000388,105.0,693.0,1011.0,5.13432,2.004622;1.560043;1.685591;1.434523;1.910971,512.0,9.0,0.0,0,5.0,1.0,0.0,57896.0,2756120576,2756157440,2062.891000000011,1662.8170000000387,6.910000000000596,2.4739999999997058,43.26500000000066,105.0,693.0,1011.0,477.447799999986,286.1434000000163,16.95940000000021,3.2245999999999664,32.58899999999676,0.0,0.0,0.0
512,100,20,0x74add9a149c335301901d3ce18928b88bfbcb4b389a95d128ecf6b5b620c9c37,0x353afa74d85820de2952cbb115cf18f7a757d1cf712fd6b1e08c9813b9d2c749,0x82b2eb0b3b7229d8c29383a275fd70ca30507c43f851f0ad66056dfe1a0b7d7a,0;1,0x7bf8c51e2303836ef73f1c29ad2e8d18868f26701e01f70afcfee8fd9c60d06d;0xba41b59ee17707199323a8c380298ca9b693d18bd021f9f3a356a28f0b5538ba;0x691e10f9882c56062d699ce2696251e2c02734f9cc74dc94e072579cae1c3d5d;0xbc23b6aaf824f4915c34fe81bc0407b787def0ee6b855b32dec151dd43b5d31c;0xd0d4baec0260c23fad7e0b00fe8538122ba026bc1ababa889c5f113e327af8d0,5.348975,3.78122;2.940633;2.857809;2.823197;2.819411,512.0,9.0,0.0,0,0.0,0.0,0.0,0,2763649024,2763649024,2083.2710000000534,1627.4439999999224,7.851999999999165,6.029000000000277,49.674999999999024,105.0,693.0,1012.0,494.7057999999504,1587.9218000000249,7.713599999999848,3.2911999999999524,34.11180000000014,105.0,693.0,1012.0,4.941981,1.767826;1.588845;1.427542;1.516157;1.486862,512.0,9.0,0.0,0,5.0,1.0,0.0,57896.0,2756157440,2756186112,1901.576999999932,1750.5890000000245,7.531999999999331,1.8830000000002665,42.744999999996814,105.0,693.0,1012.0,453.6738000000096,220.4662000000246,6.978400000000328,3.1445999999997474,32.98600000000152,0.0,0.0,0.0
512,100,21,0x33d3fda5bc901c20aaa8f4c3c628e838123a45841e565010f5559e22f0ca1d26,0x7003b43c216772f84d91f2f8b13708c930f33aca4d064b0059bb85be4d5fa7be,0xa7cf01dbafd445ba2e7d40adcb207fa77fbd715f121e5d93d02f1fd5a8f54009,0;1,0xc39d3f7c3d2747ee1b2ab64f0aed658aa6b2ead31242a76eb5bb68354060d44c;0x7023bcb939a2589509746f98793cb0819461b97fc45e29b880d8e2b788ab9d0c;0xb3298db503b47c75abd633f54317da21d5edddb1fcefd269e4a1702198d17099;0x5b50b1c9c2df7367e6d8cdd868abd1a26f139e5b2fff5d87bb8bb8eb4884be91;0xa04eb732b9ae6f6f8356a2d76db48d4e5eaefe68708f99c0ec5a6d598a062174,5.091457,3.878357;2.973884;3.815663;3.080575;4.067523,512.0,9.0,0.0,0,0.0,0.0,0.0,0,2763980800,2763988992,2018.5839999999898,1522.7960000001594,8.331999999999784,5.337999999999697,63.66600000000388,105.0,692.0,1012.0,480.0696000000215,1804.921000000004,7.212599999999875,3.1485999999998975,45.406400000000396,105.0,692.0,1012.0,5.100029,1.922069;1.624008;1.715447;1.419651;1.754426,512.0,9.0,0.0,0,5.0,1.0,0.0,57896.0,2756362240,2756374528,1984.97299999989,1852.7729999999742,6.739999999999871,1.8830000000002665,41.20200000000407,105.0,692.0,1012.0,479.1483999999624,227.69719999999884,6.824399999999855,3.1708000000000083,32.97359999999971,0.0,0.0,0.0
512,100,22,0xd44ed3d21a950af2578dd7fd4942ab04c07c0b670e6f84ba70d146cb136c4b02,0x6c7058f0f9fd9c1401d03f6ca8c479d681cfa80a06acb4848ae923abeb1f0ab3,0x6b9da2b537fde185f6c50e56d0f05ac422939a860b16f2057e6acf0e0c9e0961,1;0,0x8c7925795faccfbd53b85fe7063177e9d7ab3a66f20383a6341fa314892303d7;0x71b06c59607b241f2fbd806d9679390260d4dc96a9893c4a519a7220c181f3f0;0x96dd86094474cbcb1e4583cc2bb0ddb8fb5f2bb99856a68e178498863c6f4781;0xff264504ea9bfe091ce4f429ba74162d15628a76e8c6ad901e8c04ea622ba8e2;0x86f8abf561ebd31fb9ad4f0bdc68eac3cc2a6d29debee09f069eb85d2d96fbcb,8.730599,4.034362;3.364123;4.985447;3.014325;2.995716,512.0,9.0,0.0,0,0.0,0.0,0.0,0,2764853248,2765471744,2985.210999999932,1942.4240000001091,8.502999999999982,6.299000000000408,50.33599999999805,105.0,692.0,1010.0,661.3272000000059,1608.5531999999957,22.82039999999992,3.579399999999872,47.020999999997095,105.0,692.0,1010.0,6.375673,4.422532;1.857631;1.617339;2.469213;1.644619,512.0,9.0,0.0,0,5.0,1.0,0.0,57896.0,2757132288,2757189632,2600.3160000001026,2038.322999999953,9.023999999999837,3.48500000000012,52.89899999999514,105.0,692.0,1010.0,520.5651999999894,244.26019999999048,7.940000000000031,4.282400000000034,38.3695999999989,0.0,0.0,0.0
512,100,23,0xeccc573de831f99ac378bb803baf7fe92dd234e9cb09eb5266eb9710126fbf2b,0x468d9a5d2a16e1a6a4a07847dcc4624b3af6da7c79f3af4ccab4640966ce729f,0xa6800051ee53cf06322d4cdbc7ad1ccc9d5cb23880941b5713d1167c610f3dcd,1;0,0x935083ac4386a5da17e969f8df4a9055a29efc66c1ed98cc15225b5839a7c914;0x1eeb0bc51019e344e81f9240e85049c0ab6c1bf43ade876e5edb5876d2d42bbb;0xf8d9b82608fa984d1a22ce3a7e5a8d04d21ec5e26100053bcaa66905a2ce42d9;0x4de7c82168a93288ec538c2dabf528257e4d63e97f14653df1a55f5e987ebe8f;0x19bd2a9a0230b5acceaffff2ac3d13d49f86c069b946ca3b1095d152ae6dc431,4.937985,3.818477;3.103319;3.230661;2.80568;2.841374,512.0,9.0,0.0,0,0.0,0.0,0.0,0,2767273984,2767216640,2106.2160000000495,1533.671999999875,6.580000000000822,4.78700000000002,41.58299999999782,105.0,692.0,1008.0,528.0399999999742,1653.863599999994,7.733599999999729,3.2607999999999944,34.85840000000128,105.0,692.0,1008.0,5.383627,2.026786;1.648906;1.659362;2.992922;1.841086,512.0,9.0,0.0,0,5.0,1.0,0.0,57896.0,2757865472,2757890048,1990.4909999999277,1739.7230000000263,8.773999999999587,2.9440000000003836,51.48700000000284,105.0,692.0,1008.0,755.4027999999935,283.2210000000002,7.565400000000139,3.703599999999724,40.6692000000014,0.0,0.0,0.0
512,100,24,0xe6c71e312d4769c698a60c4f3907b6f1fa964726b194f387e096b6db607ce589,0xf19fdc96d9188652f85c92b68461d93d1fa4cceab3cfa2c23895b114d2f964cd,0x7b6367b64ac322b0bbab35f34e7ead6c2e358f857a46dcc501d28e3f0dcbb2f6,0;1,0xd1187e3590bfd77843a1d39dcdb691c6e6cb65064d249d1fb66f3f4f39928923;0x648de6edcf7bed355ef52d71f1f7689b0306e56c19b7f342ebb9a08f748e6dbe;0x6421357328642ce7264101102197c3b7c97dcb063e9861648e15aa4f7bac8dfb;0x873e42531509942fe0901e589cd0365ddb87bc053364cfee9113f3734b42c9e1;0xd4b27fd6c95f5ce7ce2aac824f3cce8789e59ba5dbeef8d3f6a02bd07606af98,5.130326,3.546287;3.518214;3.346866;3.139534;2.79888,512.0,9.0,0.0,0,0.0,0.0,0.0,0,2764152832,2767863808,1778.3709999998898,1661.5650000000314,7.310999999999429,5.41800000000009,51.176999999999474,105.0,693.0,1011.0,532.3567999999668,1693.8517999999015,8.14620000000009,3.4674000000001897,33.043600000001724,105.0,693.0,1011.0,6.948707,3.550433;1.853074;1.809589;1.832323;1.563978,512.0,9.0,0.0,0,5.0,1.0,0.0,57896.0,2757890048,2757914624,1890.5799999999751,1596.3060000000473,9.28400000000003,2.9239999999996353,42.48399999999541,105.0,693.0,1011.0,790.2016000000067,247.0664000000067,8.398600000000116,4.105999999999728,38.60599999999937,0.0,0.0,0.0
512,100,25,0x23ca49d4c6aa8625fa2a85ee3d841b81a909778bc147efe3d95fc14cd6f99b35,0xedcba774e6bf9bf55ff151a72e534c9114a1ea6cabc044c75fc28c420ea086f2,0xc011af0713b5ae88f649a2ea0f734b3876ef39dbc508c3617c051f6da864a689,0;1,0xe373a4f84ccdc3441ad47c82134e6181d979fca0234d80cd5309173be595dc53;0xafb705ce9cff5514543fdbb2fd9e87a468ae33a257c05a45ff989183550b2361;0x04e962a39fed770a327ce7d24d6fe2afb2897b88852f5a861ef550fab67bd758;0x904d605c322796be262d321ff3b326f5ba98e1ef37e74c07b078f8ff917ca1c8;0xdc11ce6c50c2a67c3dd5cfd1ca4235d72167ec60a55422c3271ed87c7b2a5958,5.282324,3.73382;2.939893;3.003078;3.083188;3.181647,512.0,9.0,0.0,0,0.0,0.0,0.0,0,2764169216,2768084992,1873.3550000000764,1543.5169999999944,9.593999999999921,6.019000000000337,51.74800000000423,105.0,691.0,1009.0,518.7201999999669,1646.9931999999687,7.731799999999982,3.591600000000042,42.029599999998666,105.0,691.0,1009.0,4.478022,1.886043;1.621244;1.764411;1.740865;1.659933,512.0,9.0,0.0,0,5.0,1.0,0.0,57896.0,2757914624,2757947392,1662.9870000000046,1578.1200000000163,7.371000000000808,2.313000000000315,41.05199999999976,105.0,691.0,1009.0,550.7686000000067,243.78559999997938,7.537399999999957,3.311000000000286,35.75200000000001,0.0,0.0,0.0
512,100,26,0xf91542e3ffa7bbdbe9250500fd600f04675cc22c5f09ad53c5141ccff01e9ade,0x1b8d534b9d0189daef08da746828494afa78f88e1efc4c979271944488b07471,0x277754750578f4ba92210f11e8e199455b0046a1e72f7599497405b942a2b5fe,0;1,0xb883fdfc7673f0d35dcaccb5bb6dcc97bfdabe8b2a1b576a27b2397d73286c8c;0xdb5627db87c881082808d3d7eddb73bb34be8f119c3a2cfe4ba1b453c9a19f46;0x8e53eedae2cb9fb662b03b0af459414509c235cd6b800520cdac67f664f9a151;0x98bb3690767403aca6cd85e742250f6b9ba393a63a964ab9e4b8deb460598630;0x43961af3fa2251edc550267d82e7e598ab95e520cc833392e80221a87d031a68,5.587414,3.419175;3.168077;2.820563;2.780412;2.971821,512.0,9.0,0.0,0,0.0,0.0,0.0,0,2768285696,2768285696,2314.970000000027,1566.2419999999954,8.212000000000497,5.988999999999647,53.289999999997505,105.0,690.0,1011.0,530.9361999999762,1579.8537999999417,6.7881999999998275,3.305000000000148,34.80040000000129,105.0,690.0,1011.0,5.970733,2.147888;1.746083;1.635866;1.482966;1.508374,512.0,9.0,0.0,0,5.0,1.0,0.0,57896.0,2757947392,2757967872,2368.686999999925,2141.438999999967,9.765000000000121,2.003000000000421,44.55700000000063,105.0,690.0,1011.0,525.7665999999882,239.1065999999942,6.8746000000001475,3.7979999999998224,40.6633999999989,0.0,0.0,0.0
512,100,27,0x5150180668725114c1d28eb4c72e60473a17b72f31a0f39f3446e7fbcd82bed6,0xa7da71098e92f7b9ba3366350e4d89fddd0b922a896b1410bb6a39dfd952ced4,0xf3600f0ae79c119634f50e575b7f8490516c1498139625a2cded5246c357af54,1;0,0xc0a01b877807f9b5b90a108afceb05d7ee8b032e3aad8a35d92fad24d7bff413;0x61018df551174393643d361b46053fcb3ba653628653bf657608eeddda8352c3;0x2ffd9ccab1a07d2c3883ca41a64d058347f3618e876818c6dc7e4f0c5c67fa26;0x6887c133cb706c223dea975f9dce3ec335931a64d7f949dfc3add9136c6868e5;0xf7f7316ebea2df03f07624d5b13b3a68c56bce6599118383029338634bea5643,4.99415,4.852656;4.018889;2.939842;3.186244;2.81886,512.0,9.0,0.0,0,0.0,0.0,0.0,0,2768306176,2768334848,1815.386999999946,1819.713000000167,6.068999999999172,4.266000000000165,45.16799999999821,105.0,690.0,1009.0,546.5120000000212,1783.0762,7.317199999999635,3.034400000000159,53.1159999999975,105.0,690.0,1009.0,5.119268,2.320369;1.831601;1.67131;1.647354;1.510437,512.0,9.0,0.0,0,5.0,1.0,0.0,57896.0,2757967872,2757988352,2029.9399999998968,1582.3759999999966,6.759999999999752,3.786000000000414,51.53800000000375,105.0,690.0,1009.0,494.89619999993903,255.4334000000047,6.643600000000305,3.0888000000001483,32.24699999999914,0.0,0.0,0.0
512,100,28,0x7a3d5de1b6ecb638081e9b368a41ced4322abaacb7ce353b83e0c3f757da394e,0x3ba25056a7718baa3a00e3bf41ac0ef9c3ba05d5c91ff7454bedde52880d8c22,0x731ad69191ca0c776b21cd53e2ccd79e0ac2a1aba41f24373cacc0ce3d94583a,1;0,0x353271768f32d1e689ee69dfcceec6bd37f192cb86309fa142f3b2ffe138f16f;0x4513ca902ac1d7d95c8dcff8708579afd38044784c77f616e2e72c5db758ebba;0x40b2611b0605e18acb9338548642a8a3238e4e5014671fe1335332544083c442;0x75670d7efe7ec60eceec5afb011d31a1417c387a704b795cf07f92a3472e394f;0xed37894b7d1074c72a936f64c51e7ef308c5ef132806fe73e8021bae9d25b0cf,4.944626,3.190591;3.113344;3.07052;2.94514;2.999232,512.0,9.0,0.0,0,0.0,0.0,0.0,0,2768355328,2768384000,1939.3940000000941,1592.0509999998167,7.000000000000062,5.528000000000303,46.329999999997206,105.0,689.0,1007.0,498.6119999999872,1561.051599999974,37.670599999999745,3.008600000000035,42.311999999997134,105.0,689.0,1007.0,5.331258,2.274058;1.823249;1.748827;1.853134;1.624399,512.0,9.0,0.0,0,5.0,1.0,0.0,57896.0,2757988352,2758041600,2108.929999999898,1690.9889999999762,8.86299999999958,2.8440000000001104,51.197000000002824,105.0,689.0,1007.0,549.1819999999592,246.61400000001163,8.035999999999808,3.7216000000001372,46.01740000000076,0.0,0.0,0.0
512,100,29,0x72eeec2e006d9d3278e0d13bbf3bae691d4c2e658f6570cebcd6604bc66f561d,0xc916f31c2098bcee084f0e88152a62dcb29be808ac84a8a16e90498763eefc2f,0xcc7c81d146284f073d3670583fe8c93bcc73ca24a11fa2b7981eff3899949961,0;1,0x6674fa02089f049150115a0725790ebdcef2f5521cdb47229061be80591dcbac;0x4499292320ef622639a95c92822e57f5ef20c61f4d5abe5b94d492da7ab0616f;0x683c72edfa7e8a49d460da7bfa47745b1761dedc236e24775acbea1db92aa2ce;0x1c8b9be6c8d0b248d9215438d0f7e8fb78942779af0d508771bafa2f6dfb8440;0xe0e6c38a55be4b9d7ef9d9a4b722eafbe33e911c4498be1a3704285b04be84b6,4.988651,3.934993;3.003349;3.014495;2.923177;2.961686,512.0,9.0,0.0,0,0.0,0.0,0.0,0,2768666624,2768740352,1929.6890000000121,1564.8299999999615,8.321999999999843,5.287999999999994,53.76099999999939,105.0,688.0,1010.0,512.6048000000161,1588.8293999999803,12.649199999999542,3.6395999999999304,36.428799999996265,105.0,688.0,1010.0,4.572484,2.000476;1.809428;1.801486;1.461234;1.780495,512.0,9.0,0.0,0,5.0,1.0,0.0,57896.0,2758217728,2758225920,1815.5879999999236,1555.996000000004,8.61299999999933,2.1830000000002197,41.89300000000118,105.0,688.0,1010.0,476.1279999999868,253.8771999999856,7.154800000000461,3.2072000000001046,33.32639999999998,0.0,0.0,0.0
512,100,30,0x76fc646f37fb97f44c886baeec0cce0c9c28316bfd115813291ac372f14b95c7,0x823b0b46f259c0d72498b5c08b7a51eb3ef10d8014a4ae47a4cfc7fc10b18b17,0x8557556a830d8d147b6677a5acd5aa9b9f7602333fd01c66729d6b47f64802ce,1;0,0xe044a9931eea7a5e5c8fa021a74b70805781126098c7e0b4e1ec0aa19b142d62;0x94eb04b924938746be53ccb30ade8151fcb30c9e93b2548f94f19e508c7e2bb0;0x9bd44d46bb9fe538ef1e0b4feb316f8346369bdacca8965968e2cb8e77b9dee8;0xf3d6b0e468029f86af86c31d096e491778a9719bf8aa39f9e0811edbd1958ebe;0xa6d3077752008d9d2f3509a17556e8c3726c1d706ea69645aa9f3e6f987b46f2,4.704563,3.141417;2.963248;2.960534;2.89215;2.670977,512.0,9.0,0.0,0,0.0,0.0,0.0,0,2769268736,2769440768,1950.6709999999039,1554.58399999997,7.091000000000736,4.037000000000138,43.514999999993975,105.0,690.0,1008.0,490.68420000000225,1570.1154000000272,6.956399999999765,2.7720000000001908,31.387199999999286,105.0,690.0,1008.0,5.337308,2.145925;1.732111;1.544819;1.69827;1.500482,512.0,9.0,0.0,0,5.0,1.0,0.0,57896.0,2758819840,2758840320,2100.3559999999143,1636.1670000000217,7.662000000000294,3.7659999999996656,51.106999999994684,105.0,690.0,1008.0,494.2491999999632,247.67760000001806,7.365200000000044,3.2788000000000608,35.13679999999908,0.0,0.0,0.0
512,100,31,0xbbe4a29cc2cf94ff72a6293cf21c32ffabe0c1c2812b47f0f64ee6471414b119,0x7418b7e918951bd86f7d334df63855a54a84e552e98d8b89f9be29141c792b57,0xc04d13c47d18e7e6f24bcb6cd66330c39d5f1f4cfcf8f7f4c639025382e24f9c,1;0,0xf7379eaeabf3753c307f260a14a248dcaadc7842bf842c93dcb2997801c1ee61;0xfb8f52148611361e9a59fbd91e48414de5c09d3357800be9797290b4b1ed407f;0x2ef46e05a89a2e6ca1e02f3fbf172204b63c9e5b59bd20b47ec85550131e1ceb;0x2f4ce5e1aacf41c51d891e8fc12eef75b2542b797b0ab10a69431123e666f2fb;0xfc30e6fa90c5c2a2723da2a7651977cf1c5ecb5b08d78aff118fbdd3aa13da52,4.368978,3.767641;3.288468;3.239925;2.906763;2.796677,512.0,9.0,0.0,0,0.0,0.0,0.0,0,2770300928,2770501632,1533.6530000000791,1558.5399999999972,5.388000000000267,3.6660000000002593,42.844000000000214,105.0,689.0,1008.0,535.7137999999928,1576.0883999999642,7.897999999999934,3.7775999999998047,38.9343999999986,105.0,689.0,1008.0,5.84931,2.014277;1.842218;3.129188;1.6782;1.777209,512.0,9.0,0.0,0,5.0,1.0,0.0,57896.0,2760339456,2760364032,2618.298000000019,1604.1180000000431,7.600999999999441,3.104000000000301,87.03200000000078,105.0,689.0,1008.0,570.8926000000059,269.4744000000026,7.512999999999617,3.279000000000129,34.77040000000042,0.0,0.0,0.0
512,100,32,0x3fce3bd4f18e7f04a7539b7a6e3de2ee95b8074fef18b7a5519e308a95b72f29,0x4608af4c6a464050c3e77bd1dbd00fee98ea1c6875f305f439ed75813fb644c1,0xd5174d24098db29c4545418622465617d799f73909070548df0e9d5e1ab2a5b3,1;0,0xcd4bb63d3b43ed0d29d707c0714b8b63cbf0259619448cd906580fd08e4bccf8;0xf74cc0c00d7c7ab8a13431eda21a5354fe3c060f169bb4c6c28798f6aba0055f;0xbac5015b85808fe8b7966033139fa282be9b5f5d81eadc0f650aa1425a5a02a6;0xc0381c6d882764074535a0fdd3f072b2e2749ab330e8ef570d7dc54df0ac7cf1;0x58de71a24111a1d900568cefcc2ea090bdba14fe0966452fa1feec60cdab57d2,4.633357,3.567459;3.98573;3.562672;3.130491;3.013193,512.0,9.0,0.0,0,0.0,0.0,0.0,0,2770579456,2770579456,1820.5989999999783,1574.7840000002177,5.9589999999998255,5.9589999999998255,46.53000000000296,105.0,689.0,1008.0,517.6426000000234,1778.5207999999386,7.6854000000001195,3.2965999999998856,37.318799999999655,105.0,689.0,1008.0,5.170446,2.452028;2.086707;1.998063;1.749919;1.71738,512.0,9.0,0.0,0,5.0,1.0,0.0,57896.0,2760364032,2760396800,1936.219999999933,1725.5320000000297,7.260999999999726,3.104000000000301,51.40700000000331,105.0,689.0,1008.0,505.7566000000069,262.6280000000092,7.8375999999998065,4.901400000000001,44.06240000000283,0.0,0.0,0.0
512,100,33,0xd85d0a9ed017cd8461764a56d2b95fd75e34b9556e683f4f905cff7088421c0f,0x3645f4bb2bde77f66b9446e5346625715d6a81f91417a0da30f1d129a5cbc801,0xdc946192ce0ef7d32feffb777a80bb9424efc8edf3a66fcc278ab6c2bc85c86a,1;0,0x6b945057b750a19c6ff9660018bc9d050373431fb0b5749e24fee0283532fc3f;0x9116201a4e80f6ba952cefbd9a9774da25ef5a8e084a7941bfe1870ae8e7f4a7;0x99c614cb741279e7cb0f3d33f4e54f40f7845018783896f025c39f5009433221;0x09241a221f0dd977788296242ffe8cfca71dcd82e595b0943307c18dd65f5464;0x66d40f262713b502086bfcac639bd968dcacfee893062bd070c80107981e857e,4.515699,3.256521;2.959257;2.936478;2.648333;2.706341,512.0,9.0,0.0,0,0.0,0.0,0.0,0,2770763776,2770780160,1747.3450000000666,1539.0009999998179,5.988999999999647,4.856999999999605,39.73999999999644,105.0,690.0,1007.0,484.98139999999523,1542.411800000032,7.194800000000223,3.066600000000037,33.274199999999695,105.0,690.0,1007.0,4.758055,2.157763;1.665882;1.920096;1.64437;1.620574,512.0,9.0,0.0,0,5.0,1.0,0.0,57896.0,2760396800,2760409088,1669.957999999916,1596.476999999985,6.370000000000334,2.4539999999998243,54.79299999999743,105.0,690.0,1007.0,467.4045999999876,246.5536000000101,7.491399999999884,3.6213999999999693,37.520399999999015,0.0,0.0,0.0
512,100,34,0xc2dedb8d2fd3e4afb875fc6dde7d4bf8e46345b3ac27b49936883cff66ecddfc,0xa5359e1e40a71912346d2a3e4bcc1f313e6ec8460cdde04d7374ea816008eb9c,0x1e29bb69df891e4ac8ac73ec016fb02154f720f234bdec86ad7f5b4d6b3f8f17,0;1,0x30d007fbe15dbd3c24a34118bdfb77a305c7d30620d5e2855ca9b5724b750a68;0x2a250b09ece9ac7a6f59b7c261cbd40f98fdff3d577474072cdd671a965bbf10;0x96e2a8c1007134eafd33ab624442e948c237668b0183407bef96d20cfb86e647;0xda1beff59c2246787fb3286c0be30deffd36bbecab41678a70de64c89ddfb416;0x05f2bbb3c0b15b8ec0b736bc5c59c18751c431a15c560ffc3068e85c52ab99de,5.224458,3.662923;3.112042;3.146475;2.920894;7.29499,512.0,9.0,0.0,0,0.0,0.0,0.0,0,2770935808,2770935808,1948.0769999999925,1603.728000000082,7.361000000000867,6.339999999999645,65.0779999999962,105.0,690.0,1006.0,746.1790000000245,1748.1182000000038,7.433600000000123,3.697400000000038,34.54419999999736,105.0,690.0,1006.0,5.908399,2.027497;1.506666;1.835027;1.934843;3.134776,512.0,9.0,0.0,0,5.0,1.0,0.0,57896.0,2760409088,2760429568,2241.0690000000955,2230.664000000049,10.214999999999183,3.104999999999775,43.88600000000687,105.0,690.0,1006.0,609.4229999999978,237.61019999999357,7.631599999999641,4.129999999999932,94.94120000000106,0.0,0.0,0.0
512,100,35,0x54ef6f82d7953ef7b9e52dddef897990abbe6b13e24ecf59fffd1107e99812a8,0x8f064d714dfd3490c86b80c99473badb43e2ee2efea4ca7e094c887740922419,0x9e87f5ea2db2fd351e06048d32ea5458aecddd0e3123fb8ac331e0364a30406b,0;1,0xaa0d9d0ead73fcbe55b18fcc509d547f030fa8eabe1e1398d800798db5192f88;0x4cf0dfcdaa99798788ec2a6e640049e6f83e462fdadb7c79239c089c1a5037f5;0x6781e2ec2104dc43f2a6376028e9731f739646dbdf784a4106d277b311b88a05;0x387900e7c657d4f3b9e7cd9e55f0dcbd61ca102138d71a050f605817a1ac0bb5;0xfa3b3c30bfa71d232f5375674e57c3d6dcef48d8b69cdd7883da66d782313511,4.856814,3.842684;3.39521;3.490213;3.271532;3.14363,512.0,9.0,0.0,0,0.0,0.0,0.0,0,2771009536,2771009536,1887.0849999998995,1549.046000000054,7.781999999999581,5.8080000000003755,50.436000000000924,105.0,689.0,1004.0,562.7785999999801,1789.3082000000504,7.397200000000548,3.6515999999998594,38.53399999999563,105.0,689.0,1004.0,4.471272,2.166447;1.73044;1.980597;1.668005;1.500512,512.0,9.0,0.0,0,5.0,1.0,0.0,57896.0,2760429568,2760462336,1765.6729999999677,1520.281999999984,5.348000000000505,1.8630000000003852,44.0359999999973,105.0,689.0,1004.0,532.2676000000471,228.9511999999938,7.451400000000121,4.096000000000134,36.460599999998955,0.0,0.0,0.0
512,100,36,0x13e06d17a682e61864f0cbe5fea80ccc853a215e53b1117ba3ee28495db53d73,0x38b5c633e540aefa21b5b9d8ab22a17aa4ef7fb225f651924095a2d3fac19e4c,0x585b10a842e16981c24e9a8c30afee82d61c4c593f05d6a26aa0f5c4c961b164,0;1,0x5379f0722e66c41ee023142c62e888dbdae1db1fe26e1c5dfe0530251f38986a;0x779355545dbd1b77d4b65842ffa5434f0aa513af9e2c5557340b3c768b568797;0x29a84705c947f8a657ae4930ad284d110a2ad4fc455d4493aacdb82481b6ca56;0xf4521c78c8e69b56c8d14b04199447d57edbf760053c2432d5475620561d1860;0x92bd61df8a077bc41cca6558b02f92d9c763814dfb3aad775ad20feb7b07af5d,6.5492,3.71353;2.99126;3.045222;2.81834;2.671038,512.0,9.0,0.0,0,0.0,0.0,0.0,0,2771025920,2771025920,1966.4759999999949,1756.5180000000958,10.435999999999085,5.838999999999671,52.23899999999559,105.0,688.0,1004.0,498.24920000003374,1604.5413999999703,7.0146000000000095,4.5627999999998945,34.80219999999756,105.0,688.0,1004.0,4.966328,2.081499;1.662207;1.550177;1.618661;1.356095,512.0,9.0,0.0,0,5.0,1.0,0.0,57896.0,2760462336,2760486912,1723.7990000000814,1884.6620000000369,8.763000000000174,1.893000000000207,41.653000000002606,105.0,688.0,1004.0,469.33580000003695,257.7127999999984,6.776200000000246,2.866200000000048,32.64139999999971,0.0,0.0,0.0
512,100,37,0xf6ed40ffa82126ee2016acd88c93fa28a3410efaf8a41c43c4c1b237a68ab386,0x5f1d72a39d0d4fda3e4e89b88fe1733e14223ea04b88399c8073b052b6908311,0x5ff60e43faf375dccb5bc2ba75ca63aa881f2b8c5c55206f58031eb86f7cb064,0;1,0xeb7451ae2ae9796681b32b6612b3fb5e1b6517ae5415c064e237570638c66316;0xa7e3ff813c4bc34b8d689b3eef6900dbac8cf948765603d07e9177ce642cf789;0x692dfec50d2fffac8cead3a07a841ddc8a215313e3a51ff4937b43571c7d4028;0xd3f091d88cc60ccffcfd4ea9d8c337d703e06822d8af7eae4aee3678aaa834cf;0x113dd93932361de37039e7b847162afc45d8bd24c29b37a7ffac7451242cbedc,5.598042,3.532717;3.144331;2.853753;2.519038;2.641393,512.0,9.0,0.0,0,0.0,0.0,0.0,0,2771324928,2771435520,2345.8769999999963,1601.1040000001308,7.701999999998321,6.06900000000004,66.30000000000524,105.0,690.0,1007.0,495.427000000026,1589.450599999953,6.457599999999674,2.9602000000001834,30.03759999999911,105.0,690.0,1007.0,4.663842,2.183823;1.656808;1.510527;1.573432;1.582777,512.0,9.0,0.0,0,5.0,1.0,0.0,57896.0,2760683520,2760712192,1972.4240000000837,1528.2450000000392,6.940000000000418,1.9629999999997914,36.84599999999316,105.0,690.0,1007.0,482.4893999999524,246.614200000006,6.914400000000015,4.054199999999931,49.19819999999742,0.0,0.0,0.0
512,100,38,0x02125fd2ef5059b01d61d03e60f22f80c107f09687fc6a3ea5cfdfab422190b8,0xcb6ee1f219954eb22a635a14e8ce4a5db1099d4a469b5deadc3be32bcefb055a,0xbbd9e1038a8de9b6f7c28892b606beca7179864e6f0c6b2cf651d75838dfe084,1;0,0x10067cf4e3cf3b3946fd8e686126be3e40b1b1a59848372bb741ef47c8f7d175;0x7641d41328e3bc60cbd060a77e2824226298a4e7fef3573b895100e371f34393;0x58f2a976cb682d2695966b697ca2551c5c718a213b54a087865bb829339c5587;0x82c9b2c10d5f91b9df2b5e002bfa8836710ecb0f1abcc93ca7885b0a59d24bbd;0x73ca19a63fe0bdd16a60a4cde120ccf1f76cd8dbf0665e1bcd6c2c857f2275ae,5.15992,3.947773;2.886001;3.137461;3.100165;2.962095,512.0,9.0,0.0,0,0.0,0.0,0.0,0,2771955712,2771955712,2033.7960000000876,1646.4730000000927,5.668999999999813,5.027999999999803,43.78600000000399,105.0,690.0,1006.0,547.3292000000018,1601.7369999999255,8.187999999999251,4.008199999999857,39.91220000000295,105.0,690.0,1006.0,4.94735,1.874125;1.541073;2.062841;1.742046;1.635576,512.0,9.0,0.0,0,5.0,1.0,0.0,57896.0,2761228288,2761269248,1878.481999999959,1658.9909999999986,9.945000000000787,2.5939999999998604,49.344000000006716,105.0,690.0,1006.0,472.3138000000571,224.15220000000514,7.8416000000001285,3.503399999999976,47.90599999999756,0.0,0.0,0.0
512,100,39,0x3ab2d03d1bb90c318a8a6af2e30e958074a427d956f4e62950a7d036645f41d5,0x0c2a2d9fad749f5be241b30050b07caf5dae5e829a3b2cba37443f0c0bfae5d8,0x01b541ce218806056bf6ba9fb8be5d2f3736f8cc5a002a89457b9eaf2534a809,1;0,0x9171d226e896c8d8317118a272a12dbc59da23d92196913b7155ce8ad32209b9;0xd9de010c87a1f0c942febce95de9c67d43ae46e3089c278178225ade37bf0f07;0xadac083ea21468513dd50357fb42fe9d9b184f0633a1bd2323e4710b6c56a4e0;0xf16e20ca479cd1f7063761bf5f712f24fcbd6eb132f08222630a8cc8811ad867;0xfd7ff838e8fdc054f84c100f25290445640da5057d05142a8e69fa064c855d14,4.393204,3.169198;2.960384;3.073254;3.195468;2.927334,512.0,9.0,0.0,0,0.0,0.0,0.0,0,2773852160,2774020096,1530.3680000000597,1687.4740000001332,6.809999999999455,3.8260000000001764,43.33500000000545,105.0,689.0,1004.0,487.4828000000164,1590.0012000000352,7.715600000000184,3.95400000000011,32.36280000000202,105.0,689.0,1004.0,6.42639,2.034317;1.801787;1.920586;1.534954;1.407062,512.0,9.0,0.0,0,5.0,1.0,0.0,57896.0,2763382784,2763395072,2827.463999999891,1911.8630000000137,7.791000000000048,60.0599999999998,53.20000000000324,105.0,689.0,1004.0,479.69160000000954,259.7895999999933,14.8961999999999,3.7158000000000677,36.26260000000325,0.0,0.0,0.0
512,100,40,0xdb58b46f829a31729e795f5c0c77ae6164b2c7b78ee767dc517f3d630c2e9667,0x68ceac0bf1048abba8febf6fb885cf22d934790e65a2732f48e77d915dd78532,0xc967852ff10deccdbf772b4e053d4944e1922c09beeb364f2ea43a1551fc45f5,0;1,0x73af573956de4d7bf55f14fcef1fd10a00fe4404759a2e8eb447615a4b2d7b65;0xbcc700dd4b4952df2caf70234d9145b196bd50a5dd441c3c1c929ce556b70a3c;0x39714ae03a525e61c031b5cbe62001307d930e8d8508094308532cd208f7c352;0xc29342fe1348e9a78d2e9be09788c844a8ec0104088c9b71576259bb28f121af;0xa81c8d5724161bdbb8af36b139fa4271588b4ec45648d5d3214b4992717912fc,5.294494,5.65764;3.524895;5.135733;3.086894;3.068878,512.0,9.0,0.0,0,0.0,0.0,0.0,0,2774036480,2774040576,2135.6100000000656,1594.8950000002071,6.9099999999988615,5.61900000000011,52.84899999999371,105.0,688.0,1005.0,494.8821999999798,1647.7474000000213,7.939800000000135,4.256199999999946,43.42339999999778,105.0,688.0,1005.0,4.661389,2.273618;4.429959;1.858913;1.67786;1.691651,512.0,9.0,0.0,0,5.0,1.0,0.0,57896.0,2763395072,2763436032,1745.8120000000133,1705.551999999999,7.841999999999224,1.5520000000001506,44.23600000000305,105.0,688.0,1005.0,555.3072000000548,246.91039999999995,8.5008000000001,4.534999999999956,44.14280000000215,0.0,0.0,0.0
512,100,41,0x7b1359e78c8f799fd0bceafe385a6133c8cc7d698eb8190accc6373fef1fecab,0x84189950cfb8693550ef7cb54ccc4119374fe95b5b4345bc2e7e2b4149e08c4d,0xeb12a05919abba9c54c66f6ea685082638d234aa52697776628e54e3399730be,0;1,0x284db457050175803dd608d8c5f43fb27c44a0e2f599fe297077def66ee568e4;0xec62b73c621bbb6f3b5ed33128f5bd8b4241158817c04e1eecac5c01bde02559;0xf692aa6a2333fefa526f2d07a6804c2329c821e795762c1fb076344ee87b364a;0x57e7a971c4b667d92900d83161473abe1187c66328df027a590eb47393781017;0x82724aacf9331f734d72b21c6da5aff187bfc064d13feb5af33eea028aa88df3,5.619573,3.23362;3.258759;3.227662;2.735354;3.118783,512.0,9.0,0.0,0,0.0,0.0,0.0,0,2774167552,2774167552,2466.9100000001,1599.9419999999097,6.439999999999918,4.917999999999589,50.77700000000185,105.0,687.0,1002.0,531.633800000053,1649.3231999999302,6.872399999999917,3.0948000000001126,32.56300000000212,105.0,687.0,1002.0,5.017656,2.296613;1.745743;1.869359;1.562711;1.681576,512.0,9.0,0.0,0,5.0,1.0,0.0,57896.0,2763436032,2763485184,1721.9059999999952,1874.7169999999703,6.118999999998875,2.222999999999982,44.08699999999821,105.0,687.0,1002.0,541.8067999999997,273.8572000000161,7.8375999999998065,4.598799999999854,37.34040000000216,0.0,0.0,0.0
512,100,42,0x75067d3a6cf12a04dfa039e005b07c75a780c7d7629c105acc8e9cc4487ba86b,0xb9268faebdd5177535296ff1654fea50b51f6d8a35dc0252cbd2be4d67b0fac6,0xf3359fe2a4ee689b6b210e8aa01aa243084c31939c6f15e028ba4d71f394dfe0,1;0,0x49d02b977638209200e8c9d85597c9d2f011ab8b180b7dd81b9a52bfabcbf86c;0x28bd8567638b0ebc81cec79e1cb4d387a6347e6afd7d01c006dd5bb9c817405c;0x58515fd14190d71fbb81a360769f8f73db3dff149a53b0f17afaa9e1514e5c1b;0x56c5e216c689400f6aa00e536ced4540288adde21ca6f05b919c14e3425a8302;0x774458c5cc354220c92a272b3de2b5c8b5972a920325b043d12d5c4702554e91,4.64876,3.885744;2.973293;2.863458;2.890267;2.955,512.0,9.0,0.0,0,0.0,0.0,0.0,0,2774188032,2774188032,1711.7810000000234,1846.2839999999758,4.928000000001265,3.8060000000002954,37.26699999999361,105.0,689.0,1005.0,476.5404000000029,1545.6763999998734,6.894400000000133,3.417399999999966,33.3941999999976,105.0,689.0,1005.0,4.916273,1.993626;1.681645;1.511689;1.712182;1.69109,512.0,9.0,0.0,0,5.0,1.0,0.0,57896.0,2763485184,2763501568,1770.0490000001068,1654.4349999999542,10.326000000001473,3.045000000000131,81.07200000000148,105.0,689.0,1005.0,477.2217999999828,256.3763999999802,6.357400000000374,2.898200000000031,33.03379999999856,0.0,0.0,0.0
512,100,43,0xd57e585f6c19d90896fc8c4e8f052e6a237846deb3172640d6a1d3781cfd8d29,0xd81d860bca4ae7093455ce9a9913b3ad37e70d0c41754a97744a838dd2d5e7c3,0xb08bea8a25e5a62fc9f7d052d9b41106465e5964c0124004714e88700c13e5e9,1;0,0xff2acfe2b31e7fad10595350e1ec3894a50152ead730dfee54fed9b51ab08d35;0xc40adfafb6dfea9d527a6fda795a6c19ea6a788ccf92745ff3a136971f68f8e5;0x939ed22dc26f75c01573fdca1a6df047c5cc75bdcba81d2c385d44300a35671e;0x199865edaee49b9c47ed3aaa3f23552adddc110004367306b730a6a27b7bb048;0x466d68e54918f725515428e8ff59d4cdcdbda7e35526c730ee646683f266ad78,4.438533,3.21687;2.839371;2.610987;2.820433;3.345915,512.0,9.0,0.0,0,0.0,0.0,0.0,0,2774204416,2774204416,1726.1630000000582,1525.9410000001417,4.936999999999997,3.7060000000000217,41.673000000005956,105.0,689.0,1001.0,473.63599999998837,1592.288599999936,7.501600000000414,3.2567999999998443,31.44960000000252,105.0,689.0,1001.0,5.245149,2.266427;1.780815;1.683654;1.77737;1.415825,512.0,9.0,0.0,0,5.0,1.0,0.0,57896.0,2763501568,2763509760,2052.509999999952,1598.7299999999927,9.274000000000088,3.1650000000002856,51.55799999999322,105.0,689.0,1001.0,526.4922000000727,238.68779999998148,6.7046000000001165,3.890200000000038,35.083200000002314,0.0,0.0,0.0
512,100,44,0x68acec8cb9d81f8484f0d1211cefa1e59c63d5754c681e631ebdc2535cdd89c3,0xd1a1b57b440bba5bc2d3fc50f65c8466622832488008e10c97fd22e4760d9a4f,0xd0ed94e410b47898874315f5517158c098edace7b8af5e3331896b401d97458b,0;1,0x18c821706c52d93a00520d07f1335ddbf5167c24b83a5d7c0dac7268defa86dc;0xafeef843a03b878b2a3fd7ea5208f66c2f8e31c39c810a4230d0daa8b1231d40;0xd39e6824180287345a41bee04ff11c9f6234be3a288ef27f82dcdda28354686f;0x363ea8598f62b0f60909be4a311e9c63423bb0249d1ab86f207f198bb588592a;0xfbe449b2c509d54e10b108716e5649546f74283c1ade7c950a7d47669f65e062,5.129303,3.640359;3.066224;3.12983;2.852671;2.871649,512.0,9.0,0.0,0,0.0,0.0,0.0,0,2774216704,2774220800,2009.2490000001017,1622.4259999999547,6.029000000001145,5.116999999999796,52.94999999999605,105.0,689.0,999.0,489.2533999999671,1627.265799999833,7.262999999999714,3.4751999999999006,35.82619999999981,105.0,689.0,999.0,4.805576,1.889139;1.837772;1.920516;1.444227;1.759603,512.0,9.0,0.0,0,5.0,1.0,0.0,57896.0,2763509760,2763534336,1751.040000000037,1828.8170000000382,8.172000000000734,2.033000000000243,39.14900000000221,105.0,689.0,999.0,536.0504000000433,245.96279999999916,6.840400000000107,3.683400000000295,39.417399999999716,0.0,0.0,0.0
512,100,45,0xd828376db1c8ba4d58ebe2ab7b54f3b389dac028c03681f4350d5933d537a758,0x0c653ca3b1dcba04535d35339e2e6ca7b9934a6d30823daffe9d781935441dd9,0xe2023cf6533d178273c173f80816bbc2ce47d1ad693a3d590ffb5698772eb4b8,1;0,0xebd95e241a31a8d259435b20fc73d1f9a450a7856bc2a89497d66b21dcd646d7;0xa8c638b2ec48a3c6bf89c0d901fe99ba2e11c5d7b0eb88c376158b7176f2567e;0x6e571571a53161300c0d76a38acdb75d7d74e6c18a0453cd1cd1fa315a9822e3;0x935c6010231192f9494bd3ebb2b4f2ef5e3886e4a7c333b81d9cd52aeea2f4ca;0xe91bd2811d757b114885d96a043260c309dac9391631d80300b05ac899009dd0,4.906328,3.723313;3.084562;3.087074;2.886102;2.869607,512.0,9.0,0.0,0,0.0,0.0,0.0,0,2774523904,2774687744,2205.1750000000593,1472.1400000001772,4.4160000000001425,4.806999999999902,39.849999999994054,105.0,689.0,998.0,508.84120000000974,1528.1243999999638,7.149200000000633,3.8395999999999573,35.822199999996364,105.0,689.0,998.0,5.271799,1.941698;1.646213;1.62489;1.378959;1.53879,512.0,9.0,0.0,0,5.0,1.0,0.0,57896.0,2763608064,2763628544,2090.8829999999325,1626.1819999999761,7.552000000000946,2.8639999999999914,52.729000000001356,105.0,689.0,998.0,496.1999999999911,242.2713999999937,6.574000000000162,3.054599999999935,42.624600000001905,0.0,0.0,0.0
512,100,46,0x188fd6950c96a9f11f2daca907e6b2746a5fa3a995294b58db8260df2bac9cf1,0x8002495ec516939af593c6553aee4f403b51ed4ae1ca52d433260584a47811af,0xdb5949d0f7dc01e606fe7796c3dd8ff0e4d983a49985592f68f20006b1a4c914,0;1,0xaf108c9b8b756ea75cca9067bb19e57f759082486baa063cb2f0f4b8b61c08b3;0xb175dffe223a5e656a4afc9272897cc210096335d2701b0c7e5822febe0b678b;0x27b1721bbef75fb442889ade015fba5265b533849f325877cf98fd37b0233cad;0xfecf512c1bdcbfbba41f5d5be9120e5e5715971e146957c296a482be7af06be8;0x2e18780f7f40d96e6bd46df598457e1ad5f974577b959ac456a2996a8d4b4291,5.350033,4.53602;2.903108;2.671799;2.873322;4.928531,512.0,9.0,0.0,0,0.0,0.0,0.0,0,2775248896,2775248896,1987.6270000001027,1606.6829999998865,7.200999999998348,5.378000000000327,54.653000000001725,105.0,689.0,1001.0,717.3198000000269,1924.5884000000935,6.958400000000448,3.3849999999998466,31.066600000001497,105.0,689.0,1001.0,4.870498,2.237624;1.662687;1.732292;1.649717;3.278584,512.0,9.0,0.0,0,5.0,1.0,0.0,57896.0,2764189696,2764214272,1990.4660000000795,1747.2240000000472,8.012000000001684,2.644000000000431,39.330000000004084,105.0,689.0,1001.0,855.4056000000364,265.9887999999722,7.179200000000107,3.6994000000001996,35.37959999999896,0.0,0.0,0.0
512,100,47,0x11648d821295e34f62e82d78a69f8eaf80efdcd5681f0d4d628c36d4a5b43537,0xd565267cb61cece81171c5dcb58a5ac85ef0dc4a3fe11cdec715f00c6fa56b23,0x7f1686a79c7b9b92a69d8cbcab81425bd6c1916f487e3dd9f8a9a45f61b09717,1;0,0xb7c4f24b673faf8b3faf983e614acee6948ad9097fd3bbb2f14da1b6790232b6;0xeabaa52fa743bc0245a775a2240932657c882755aba2e46078313e4f8b728143;0x898ea97b4c1a728c0ce687dfc5ebdf1f0572fc540a3b015331fc76d4be6cad5d;0x8b583d3555195a9e8d16d6e173fb23652bebfaf6ab9c3340e6bd0a2df3838c82;0x96e6a25d9ca4036d90ac85e180bb3eccdd123a9239c5d7584e0bd14af5147b42,5.229004,3.403021;2.747303;2.69247;2.890408;3.060745,512.0,9.0,0.0,0,0.0,0.0,0.0,0,2777366528,2777141248,2101.299000000001,1859.8339999997827,5.057999999998758,4.416999999999616,41.33200000000503,105.0,690.0,1002.0,500.6067999999697,1559.828200000002,6.888399999999822,3.014599999999999,39.15120000000105,105.0,690.0,1002.0,7.245165,2.5064;1.685962;1.511719;1.787825;1.877451,512.0,9.0,0.0,0,5.0,1.0,0.0,57896.0,2765795328,2765819904,1903.945000000018,1704.7310000000148,9.974999999998873,2.804000000000348,128.09299999999578,105.0,690.0,1002.0,508.8531999999813,297.13200000001103,8.616799999999758,4.236600000000029,37.23840000000034,0.0,0.0,0.0
512,100,48,0x901aa941b57bf4131ad6f336960ce9729943708ba6ecbf7bf7ce3fc84e8c93eb,0xa0ffbfcdc4b8176603cde95d2ad2a123a47b4299286f715f2923d394a4f355e8,0x47a50dea569d215406eeb1c8e25c18321876451dd5cb43e05123602d176127f7,1;0,0x3bec76605c6e98303b62f3d11f7cd2f7071dcb0dfeb607d6686dc19a4701b646;0xff8ce329ce4027a74dc110635717f0447ece2eef208d34cf61897622290c1db3;0x2cf151e8380d89c0897be1123c2023923e35a50f6586434e163de9c6c47fc18a;0x4f2a68806cbbe6c2876c06b521ae48963aa292a1b241ec648fe87053010536df;0x15cb4312bc5b24e90f225451e4350a6a42dddc1f9d905bf029db8046e4a56fd0,5.604901,4.345498;3.310252;3.195298;4.22178;4.155056,512.0,9.0,0.0,0,0.0,0.0,0.0,0,2777346048,2777141248,2123.963000000062,1606.8329999998632,4.4160000000001425,6.019000000000337,43.1349999999997,106.0,693.0,1003.0,530.1132000000042,1984.2098000000694,8.080200000000483,3.792000000000032,48.116199999997946,106.0,693.0,1003.0,5.379872,3.536342;2.237254;1.779192;2.715735;2.080827,512.0,9.0,0.0,0,5.0,1.0,0.0,57896.0,2765819904,2765848576,1936.5590000000043,1664.1990000000328,10.00500000000043,2.603999999999801,53.77099999999413,106.0,693.0,1003.0,646.7109999999998,304.4592000000179,9.278199999999957,4.542999999999908,51.8042000000024,0.0,0.0,0.0
512,100,49,0x3a464a56e1921b6853033721ebd5dca829c98fa2148607c0ee64bc3b193aa410,0xee9ce176d7eab9a92cd118e3e1ddd36e547af92db223925725e4a90f7dab8158,0xad3df2ab3df3823976d7fcfeecdfa0275ac45ff977bc4eb854cf65069dcb023d,0;1,0x8ad15a7a96a1b078bf934ae525a69494bca0605dcd062cf1cb804b18349a1a53;0xf48f2a5a40a8f5ae1ea6228286f315818eb8aca3d2eb633f41f2a72e8d7674d1;0x74adc3db9dd326043a89398477ea865f70ab8ef675ee5aa53310faa6182b8862;0xc7a96f266c31e8314480c3bcb534aa20f2d29dbce3ba496abe2ec9c170301373;0xde4357e84c357f340a32c7033a5300a02d7db77a1f335fb64f5a3b00655cf43f,5.695699,5.085628;3.224902;2.99776;2.882737;3.241677,512.0,9.0,0.0,0,0.0,0.0,0.0,0,2772934656,2777403392,2217.8639999999027,1645.6019999999683,7.341000000000985,4.516000000000416,52.73999999999557,105.0,689.0,999.0,602.9732000000454,1667.622800000057,7.64160000000097,3.6151999999999367,36.280799999999225,105.0,689.0,999.0,4.755821,2.105945;2.001999;1.360521;2.045404;1.691781,512.0,9.0,0.0,0,5.0,1.0,0.0,57896.0,2765848576,2765869056,1738.7019999999254,1524.8089999999604,6.599999999998968,1.923000000000029,47.38199999999859,105.0,689.0,999.0,503.13860000001927,227.56319999999164,50.421800000000076,3.2888000000000015,33.536800000003026,0.0,0.0,0.0
512,100,50,0x5bf3023f4221fb7803f1fc652c0d91269622f28851438df42df0749589dfb4c5,0x71d2879df82f0da79d82ca44416214e0f12e01e4363f972a90d2f6d69048af85,0x4ff847db389492610adae48ee65b8d78c010fa0079e6afb400e04fa788caaa92,1;0,0x5e5bd52dd9d302e93632e0ab77267626361054ef2e81c1d277a9767f89f5d844;0xf593db474d1514761cf06657203f0f7d2c18b46b376141245b67914d97777bd3;0xc267ec5376b6dfd15026dbfcbeef26ba74e3b24b84ab63ba473f14b0b5165574;0xddd7f4d0245928e3ec95c0343b31ce791c9264bd567cf0aa75f6f89d19911854;0x0eeac5058d1f1bfaf239fd025a7c7f72cecd994323d0b6568fcffbba1f662e6d,8.899039,4.308196;3.044731;2.9582;3.397583;3.034796,512.0,9.0,0.0,0,0.0,0.0,0.0,0,2772963328,2772963328,3828.1229999999055,1892.8740000001553,6.269999999999193,9.77500000000006,49.935000000000954,105.0,688.0,1000.0,571.0792000000354,1793.5479999999336,7.238600000000761,3.5995999999999944,37.11779999999443,105.0,688.0,1000.0,8.770775,2.527411;2.131504;1.566602;2.32156;1.53184,512.0,9.0,0.0,0,5.0,1.0,0.0,57896.0,2765873152,2765897728,4408.026999999981,2292.285999999977,9.365000000000762,5.207999999999602,52.94000000000132,105.0,688.0,1000.0,476.3001999999794,273.7786000000187,11.427199999999166,3.7758000000000584,41.74299999999965,0.0,0.0,0.0
512,100,51,0x9e37d171fdec8162c345e8a9538ad4a54c66e078a94205a80ebb502ee87ad8ec,0x52b1fb0e85e2a347f3e4159f4c5200adeb813205273c4f1157ed725dac2c51ea,0x3e517204242bd45bb8e6dfe925300facce40d2426e70aab64eca6e1816c381e4,0;1,0x9df2b3f34fc2578105763817008fd1dcd7ece821c03017d498676bd5e2a7aa06;0x71b5c8c084f03b03beb8130e03cd92e0fad3db7b5500d44ee0483719cd476a87;0xc452b7e041a287f981f43d60b68064df213afb249c68eb2e478dc5b115930ddf;0x94e538570f0e85fe237b2589d770a01caa0d5e53eaec85bfe783545694bc6f9f;0xb67822b82aba8ed8fac455a3dc701699cc92320a0f5f387c894cf5a1386f3383,6.167275,4.146692;4.311441;2.769757;3.340406;5.103796,512.0,9.0,0.0,0,0.0,0.0,0.0,0,2777436160,2777223168,2506.1589999999524,1819.332999999812,6.5700000000008805,7.852000000000032,52.679999999999396,105.0,688.0,1002.0,505.40000000003363,2345.1981999999202,7.000399999999157,3.264599999999902,71.65819999999934,105.0,688.0,1002.0,5.606073,2.056181;1.577159;1.475875;1.377307;1.807306,512.0,9.0,0.0,0,5.0,1.0,0.0,57896.0,2765897728,2765918208,2400.80999999992,1707.1939999999674,7.450999999998597,2.303999999999848,48.30200000000006,105.0,688.0,1002.0,468.8849999999967,231.77160000000808,7.106800000000052,4.084000000000205,35.84239999999961,0.0,0.0,0.0
512,100,52,0x760292317dbd62b89c451f97d34e99b56935498d01a69f105471f006cfe5c802,0xe5dea5c1e3243d29bfbd372820e7b73ed55ebd8c61a2107332588406e8ac8794,0xc1af6c6c4b0d04bf85aa95f20c0e7c24a82c1ab94b8de8928d7e420ef382f0bb,0;1,0x3a1236d0c511bf798ae424af7c39df5621fc9e33d60cf6a402d756ab86e5121f;0x1d9dbec133c8f3fc9ecdf21ff3c9dd1a6d63793168a11e1cc2ae0191cf2328a1;0x00866078ea6e5dd81595dbf8e8f45aa1fb2c0b885fa9f4c5a5c3f68432d26746;0x72640bbede2d4b7bf39fbff5fd7e57951b36e1d26eaf301be1f014e58d654537;0x43eb352e6821d7f2447098911d42ab879ce684b4b9fa003d4738d27b25e6eed7,5.243286,4.101004;3.307097;3.5082;3.027485;3.114065,512.0,9.0,0.0,0,0.0,0.0,0.0,0,2772996096,2772996096,1799.7139999998967,1666.0320000001504,6.760000000001487,4.436000000000023,51.54699999999901,105.0,688.0,1001.0,530.9363999999484,1775.1785999999825,7.459200000000527,3.639199999999794,42.530000000001735,105.0,688.0,1001.0,4.742857,1.769188;1.842378;1.554374;1.569807;1.475405,512.0,9.0,0.0,0,5.0,1.0,0.0,57896.0,2765918208,2765926400,1780.7359999999494,1648.6159999999916,8.061999999999653,2.9239999999996353,42.62400000000499,105.0,688.0,1001.0,458.58359999999544,230.8737999999977,6.960600000000677,3.032200000000103,32.97980000000201,0.0,0.0,0.0
512,100,53,0xb3a076f79f596683b1f175b7a918711d9705e6c0ae83478c5e1bc486eaa175a1,0xf8ee97f3869747e9b55bae3bfdd4336dfbcce5faaf2d915f3382d00c9bf8829c,0x5d9eb312fc6eae48592c319b726888f06e65f6ed1cac4ffbbd168864111c3d37,1;0,0xdf3bece1dfc0a0a2c09ff72f438b2dccdaff7ecdc052e45a2f3137fd732ec2d9;0x5fbca00d7aff2ce2d63264fb3800e54d46071763159534c08d7ed607c5b9fc9e;0xf5a6450d53b89e410444690a0747fed786217cc96e4e9839cba84c9cf48845d0;0xea63c81a32d74f587e2179bdc6413e8579484f74f7a7f353644a4815a089cc6c;0xaca64e8e506475a42271bea42483663a47d6aa1c1ee6f869cc3d33a4c1d455a1,4.747699,6.466631;4.096276;3.025322;3.358023;3.033214,512.0,9.0,0.0,0,0.0,0.0,0.0,0,2778005504,2777931776,1920.1950000000688,1560.6240000001214,4.646999999999984,4.356999999999972,39.46900000000031,105.0,688.0,1006.0,568.2447999999952,2353.346399999978,7.525600000000271,3.3853999999998092,36.04620000000058,105.0,688.0,1006.0,5.192199,2.099054;1.555275;1.605251;1.805362;1.420211,512.0,9.0,0.0,0,5.0,1.0,0.0,57896.0,2766020608,2766073856,2102.309999999941,1618.189999999964,7.791000000000048,2.8939999999998136,51.917999999998024,105.0,688.0,1006.0,477.7859999999912,230.8439999999967,7.028400000000379,3.7918000000001366,37.352400000001396,0.0,0.0,0.0
512,100,54,0x767e349c6d68abd293dc4c3f0afaa733fd003f46e8176849ff51b1cbc50f78db,0x25a070bc2b83d63c3ab39c8eb4d90acdab7d2fa317b1c080882a07f7366722f2,0x2ad90f5be6c3d6aace9298b34b98a0a3ddceedad5a0a42ddfbf7bd682550be51,0;1,0x85dcbc4dd1324929d4472321242c2f2f6ccbd94757847596c37e7c6c6e29b4ca;0xc09afe59bec7c37f1a297b111d503606697176cab13136201dff6ce5f62b4f3c;0x9d19dee21afc56d2d0e113f728c70b42117659de851e1ff882c047a83181f186;0x8b27b09bfb46be9660bc10f24a731731dc663fb1fb58c5d66d794ce0131555a9;0x7ae7aff2fe7029f7a1a1484ba24a92a6f86937f97766f5dc9693d02824569201,5.097216,3.824427;3.512567;2.973614;3.412896;2.737358,512.0,9.0,0.0,0,0.0,0.0,0.0,0,2773925888,2778537984,1927.3959999999147,1619.2820000000552,25.44800000000083,3.755999999999725,53.54100000000417,105.0,688.0,1002.0,550.464199999956,1711.1862000000144,7.4031999999994715,3.6336000000001394,39.28319999999819,105.0,688.0,1002.0,5.860827,1.675506;1.502766;1.759153;1.548405;1.575947,512.0,9.0,0.0,0,5.0,1.0,0.0,57896.0,2766716928,2766757888,2508.772999999964,1873.9960000000444,7.301000000001223,2.6740000000002526,40.92199999999879,105.0,688.0,1002.0,476.53639999993834,236.06199999999245,7.032399999999661,3.6213999999997957,31.886400000002983,0.0,0.0,0.0
512,100,55,0xccdd532dcdab8bc4e5b0e1e599c05471788cd9a97cc1f10262f0f9e4d60d5807,0xa9fddf5536d13a756170ca478c050152eea6dfbdccc3f4bbaaaf27635e7173d7,0x5edbbd0fbe85f3cf5c425225efd02211e93dac9b31fccd4b476db7891c8ad7a4,1;0,0x1d09eae6ec99590244223d055ae62397954ab50f4f53fd19a09ce5d87f24b9d6;0x31560da147c244b93f65dcb245bf0479f63ef69f10cb5578bafdb07a113eb525;0x1b85004faa43d2a5ead66e5cfab986365a2cef99538e1195f75e59857dc1d7fb;0x1b2c5b2ee89699d0781721acc67c51bfe4febb8156e7c17d155379bfc141c556;0x70da37c265ac4026297b5e926ce45def267c599b1309a64b84ad5e1a4f2fc8e1,4.866037,4.053092;3.035833;3.14374;3.80641;2.902887,512.0,9.0,0.0,0,0.0,0.0,0.0,0,2780356608,2780368896,1634.635000000051,1872.333000000115,3.855999999999998,4.297000000000328,40.029999999996456,105.0,688.0,1003.0,510.4278000000129,1866.1637999999314,8.002199999999904,3.078999999999929,39.12900000000164,105.0,688.0,1003.0,5.84938,1.748267;1.577934;1.531734;1.567734;2.623657,512.0,9.0,0.0,0,5.0,1.0,0.0,57896.0,2767421440,2767454208,2136.898000000054,1576.306999999999,7.661999999998558,2.824000000000229,53.942000000001265,105.0,688.0,1003.0,658.92759999997,231.08239999998227,6.6157999999996715,3.2769999999999677,32.48299999999982,0.0,0.0,0.0
512,100,56,0x1071a06109f197ef78f2b2b432a894276233c9c071ac4da7ecde9a7eafb2f86e,0x7cdbb8a910be7edfb1027dc834af375d58a08569c0aa794fabfbc3961cae5da4,0x022a6393a45fcf2e16f1b77c2eaff0b8f87fefc3a1f57531d83327cbb693bce3,1;0,0xd694d4309e092b85579895987cd71cf279ad6d7b51c42fd5d78ac7de2d1e5635;0x688c806328964f37b4692db33a10418d8c397570154ccaa4468453008864bdc2;0xc54140bb7b100ce6229a0f371e41c307e5466acb366946693c62116602e5473e;0x6e7ed947d8af69a6a57195f5191e6487459e8c06ec2928f0f7da632ef721c757;0xa134614df758964fcbbb31c5e0b1edb7ddb927441b57ade3d3134ef6997335dc,5.032679,3.796133;3.188288;3.078522;3.132784;3.076458,512.0,9.0,0.0,0,0.0,0.0,0.0,0,2781384704,2781589504,1919.6390000000285,1610.5990000001568,5.919000000000063,3.9059999999997013,49.153999999995705,105.0,688.0,1001.0,513.7321999999945,1576.1423999999913,8.25659999999992,12.56679999999989,36.95960000000276,105.0,688.0,1001.0,7.270613,1.994727;1.682958;2.005383;1.879284;1.871722,512.0,9.0,0.0,0,5.0,1.0,0.0,57896.0,2767466496,2767482880,1798.302000000085,3654.009999999985,8.662999999999032,3.4960000000004015,50.646000000001415,105.0,688.0,1001.0,557.0779999999776,314.2898000000116,6.720200000000232,3.5036000000000445,33.77499999999978,0.0,0.0,0.0
512,100,57,0xc5a61ecda8a0f283159ac552bb02897e2bb062bc3e30534ba5c7a3b6f781994a,0xf5e8335fd8e9a5164cae7420972cba2222e54adcd29ddb0b78cb463810dd43ff,0x92227720759fb147169b55ab3dc4fb5d7abe615e83a725ac08e7e950bf73c9f4,1;0,0x0a8cf435c8f0943212ed048792f41e3d7e75b99451b399491a12149f2998603d;0x66d1b60b776b1ef0729e742574f3090c6cb5900e6ca3b55da90cc67aebfbe17a;0xd67dcb5f7cfb132c05185723dfa5922ff2c5f2ebf1f1eae2ecfd0cfc352165a7;0x25f9c3589adbae49d899b5229789675f41c828b2a436a8bc50feaa3c87e4bc77;0x327490e6aec19e428b29e656ca385716e7fc951da71392e29c9976a618d822be,5.032108,3.704672;3.172639;3.169979;2.926423;2.710377,512.0,9.0,0.0,0,0.0,0.0,0.0,0,2781626368,2781667328,1785.6419999999762,1575.2949999998655,5.307999999999008,3.1349999999995966,47.30099999999959,105.0,688.0,1000.0,521.9190000000484,1582.8587999999754,8.196399999999686,3.591600000000042,36.080400000002015,105.0,688.0,1000.0,6.338297,1.953791;1.799834;1.690148;1.612241;1.610338,512.0,9.0,0.0,0,5.0,1.0,0.0,57896.0,2767511552,2767540224,2948.4600000000414,1649.3770000000075,8.924000000000431,3.185000000000167,70.79599999999797,105.0,688.0,1000.0,504.37240000000827,251.63740000002656,7.0146000000000095,3.5091999999998724,39.3694,0.0,0.0,0.0
512,100,58,0xe9cd2194944c5ec9bdc9426b50c3fba0101edcf096e03832b094e1e64597ab0c,0xcbbd415ea510e40f33193ff6ae94836a54160779840631e5886a2d5c877a4c0c,0xe16595e7b4264016410ff8e8a2c331873167145ea7a8519fb9795c53f399796f,1;0,0x9d67dcf565c87605321b0f31baddf6fe362bf161881458c13330ff009349bd52;0x0933355cc70a8e311b5a4f51fa65724693dacda8711716a03e818410a74ca859;0x6070dccde2d69a48742a390eb0715af55a3cffce37b117a263fe00f95eac981b;0xbfbd89af43da219c77016d23074334a1bab6280c2173cab11a33428166fd62c2;0x32b9190edec029ec032c1862b74681cfc00a9d84a5c2dfe77128d24c081dc9e1,4.997946,3.707681;3.480748;3.358183;2.750077;2.810128,512.0,9.0,0.0,0,0.0,0.0,0.0,0,2781683712,2781700096,1813.625000000041,1845.6630000001085,4.566000000000986,2.3640000000003587,75.07299999999495,105.0,688.0,1001.0,477.0616000000061,1635.3298000000293,16.797400000000128,2.575600000000004,36.07800000000328,105.0,688.0,1001.0,5.207072,2.286929;2.219857;1.739232;1.711991;1.650478,512.0,9.0,0.0,0,5.0,1.0,0.0,57896.0,2767540224,2767572992,1798.9130000000132,1907.9060000000147,9.023999999999837,2.9239999999996353,52.10799999999516,105.0,688.0,1001.0,598.4344000000252,256.08259999998495,8.32239999999998,3.6451999999999316,41.72520000000068,0.0,0.0,0.0
512,100,59,0xef0380b1faa00cf6e6113e2ee75eefdced90bc21e2e02c820c8c460ce287ca56,0x81144b4672003ded664202fffc2754501da538c779993ba152b70022287b50b3,0x4f4d89e380e946d5cc6772465ca4078b6c07d417dc3ed58e0bfb6a775bac9087,0;1,0xbea9e9a443f285e7a7605046af082a202717c5f0dd3a26536f6c60dd97321a9c;0x38cd438f20b13908217728c48da864392d2c0c687aef08b07289e8edd8fc94d0;0x1efc93ffc9b772b0ee138b48c4b1ebd7f06a045c3f5827670730c0430fed835f;0x34d80bedd26b656428e44d1a8f264052308e1cd17af4d1032a57f7b1b334138b;0x770a1f09e4f41f113c39943efa4595ce6f7b0497489fb80f954b91cb2a7f4de2,5.221373,3.714726;3.026443;3.027946;2.97081;2.801625,512.0,9.0,0.0,0,0.0,0.0,0.0,0,2781716480,2781741056,2010.9219999999705,1632.360999999971,6.158999999998638,3.864999999999598,54.74299999999599,105.0,689.0,999.0,502.4515999999757,1608.9242000000502,7.026799999999834,3.1348000000000487,35.27720000000289,105.0,689.0,999.0,4.596481,1.97273;1.629527;1.477503;1.650779;1.530628,512.0,9.0,0.0,0,5.0,1.0,0.0,57896.0,2767572992,2767605760,1775.9369999998942,1559.4410000000503,7.531000000001592,1.8020000000004006,41.17200000000598,105.0,689.0,999.0,505.65839999991977,239.68340000000143,6.47540000000002,3.2667999999999586,32.476999999997425,0.0,0.0,0.0
512,100,60,0xdd6c2147f2bdf7e072cc4f44056caff1f9c527a619702d75f95c916260022fb0,0x5e409cebd9eacf08ce95f44f178eeed6cba7b0bfa5e4ba7e9e9e357e95497ea6,0x1660e9d5c6dbfa1f048e6bb837dce7b71efc7f90879e790b7a575651b3e3e50d,0;1,0xdbe435383a73ffed637cafbd215ec839adbc8ae67e5553bb3944154e2e743cd8;0xbc3e98e2b251b0d98889bb632e50f1a27dfa3267a234a745b191b5ec9bd80b1f;0x5e7c2cdbf050025d633524417c4dea69e0cb6c2768d431418fc0dc007e5e9e64;0x8d2ca4de3d60d4409ec4e973b13b75f3d8ba243ac363ca3a1307748a4a91a497;0xf8a21c1ce61d3c2c6805f9271ebad2e2ef415d9376265d82b4c758f3dc765d92,5.265114,4.213073;3.844547;3.785037;3.229099;3.600809,512.0,9.0,0.0,0,0.0,0.0,0.0,0,2782158848,2778963968,1905.8940000000746,1767.8459999999063,7.221000000001698,3.8260000000001764,53.25000000000468,105.0,688.0,1000.0,580.4529999999808,1981.445599999976,35.2392,6.098600000000072,49.688999999999986,105.0,688.0,1000.0,5.18323,2.086636;1.59214;1.758081;1.828317;1.573783,512.0,9.0,0.0,0,5.0,1.0,0.0,57896.0,2767609856,2767704064,2067.9180000000574,1646.8830000000435,8.09200000000121,2.504000000000395,43.98599999999586,105.0,688.0,1000.0,518.2895999999548,254.63580000000263,7.701599999999919,3.4591999999999956,43.12080000000162,0.0,0.0,0.0
512,100,61,0x88796bf7e8e7af20486e769595c89f8c7b1568858fa18e7265a3d7bf46f2d194,0xdbc30a524edbb57ae090c30a87e190df76d2e33727c73ff34d4012e455d5bf02,0x91d8c157fa73a4a59923f55226732176030fa19874e6af23eacbcbbd6b6c1c97,1;0,0x8b660d9ca0ca5555fac8cf31f3b63d710f7e876d8db5954b5916bd1040543495;0xa1a30c9644d0f68eda077071fd5840c79f762841ee0ea5ec545891dbebcede13;0xc620ae550a64c787853d46ee0adbe1d40330259279f99082f55634effbec2d57;0x03f4d08c05e64055828cc82cafec6af0eb8f4bd24595774e9df56675f0a343f1;0x600b3f7bc0e933478479f37e083c831a33d72c68ee9eb99213e5015748152509,6.299679,3.513668;3.199635;5.098698;2.993675;2.901716,512.0,9.0,0.0,0,0.0,0.0,0.0,0,2783105024,2783285248,1888.577999999974,2978.34099999994,5.057999999998758,3.0940000000003605,44.32699999999679,105.0,688.0,997.0,524.2706000000207,2031.492999999962,7.246800000000608,3.1849999999999934,33.32400000000124,105.0,688.0,997.0,5.628838,3.907842;2.082541;1.752913;1.755527;1.569812,512.0,9.0,0.0,0,5.0,1.0,0.0,57896.0,2768060416,2768150528,2270.5380000000996,1573.1719999999561,7.552000000000946,2.9139999999996946,51.65799999999609,105.0,688.0,997.0,543.4933999999726,248.54279999999565,11.502999999999513,3.4187999999999232,36.15240000000019,0.0,0.0,0.0
512,100,62,0x635ea60a19b11fa94791883079d6efbc5c37403ea50d035cb0adf0cf583b7e97,0x9e8a6b47de083e11192afb10b30dc1aa9c4deacf47921b46ef8396b529bc73e2,0xceeee5343983289b33829ce33c6d95baa38aaf003991067a1d7da9585bdee83d,1;0,0x515e9910037b75ea62d92a82bdb860bcc05b548e17bec4321f8b2448ead24c21;0xa2c40013c3433598d359115f86dbeb5cc18d05c7cc816081be4c1664ab6a199c;0xdead23d3f0adeed279c6339254b027d3723e791d5550b1f897e002ddaf812625;0xea25c7b4fc3a7f8f5c5d4b929cd6513172da0974bf5eb8e5938a3b60d970a7ab;0xbc6e98ba007cf00675c84f8e43816c8f263f4577a357c69e3c626dc30bfde443,6.794034,4.126071;3.18385;5.508656;2.945812;2.808084,512.0,9.0,0.0,0,0.0,0.0,0.0,0,2785185792,2785202176,3593.257999999988,1598.058999999985,5.668000000000339,4.046000000000605,46.370000000003905,105.0,689.0,996.0,531.4271999999676,2110.27219999993,7.709599999999873,3.7956000000002184,37.09939999999856,105.0,689.0,996.0,7.508923,2.017512;1.766564;1.762057;1.678501;1.673614,512.0,9.0,0.0,0,5.0,1.0,0.0,57896.0,2768592896,2768609280,2543.3349999999245,1671.1000000000365,10.104999999999837,2.633999999999623,53.62100000000369,105.0,689.0,996.0,496.83700000002773,254.17520000001744,8.57240000000023,3.733399999999998,35.27920000000184,0.0,0.0,0.0
512,100,63,0xb889e899ef77a3b047f5948e1f9e35a98697ed4320b36f829f13cbd17f3fc263,0x5a064ea6f451707eb7f2015e1dc97e5a316b27f7a3733626e27141b95455b06e,0x3f30764d96edb883784a30d44397ed2aea5798af64b048a4e66f2fcceca72ea6,0;1,0x16cd92adb0b7ca235610f2f1c0a985291fd4e6be99faade3d790a5c52ad320e4;0xad4bc4ae4c67802566f444ca411cadf7c98739629e4d25fd2597c5db86bdf6c6;0xa08346a4c31c1429db68ba02787c1021dd1e9be9f1db2e0ef915e8ac7bd348cf;0x317920c1dee6f0195c2ad76f3c33b0477af6349e1162130341eb737bee7af5cb;0xd488f55460c1afe828e00bd81c1112ebe30cf30c8bd996c6577a76135f477ff0,5.867908,4.402208;3.922685;3.005141;3.544354;3.404374,512.0,9.0,0.0,0,0.0,0.0,0.0,0,2788618240,2788597760,1898.782999999904,1810.55100000016,7.039999999999824,3.9459999999994637,54.74299999999599,105.0,689.0,999.0,648.7644000000347,1723.7671999999372,8.985400000000032,3.787600000000266,36.37680000000143,105.0,689.0,999.0,4.758575,2.058874;1.698351;1.776408;1.968247;2.601928,512.0,9.0,0.0,0,5.0,1.0,0.0,57896.0,2769260544,2769301504,1718.7519999999345,1529.6360000000009,6.699999999998374,3.065000000000012,40.46100000000552,105.0,689.0,999.0,533.4162000000031,270.7923999999862,6.59780000000082,4.450599999999971,35.38940000000213,0.0,0.0,0.0
512,100,64,0x35d1380d8c5a8f083aa253b072f2eac99c6e4a7fe02132a4f4be879fd1326bf6,0x56d7a52ae072cf788f3f311d2daa609ce0b904bc93c2071c270d299d853a92e1,0xcf53e8a424728477a940c5efc51c8720b774033f54d9e29b50d4d07481f17ccf,0;1,0x99e7c2f19e443ccf3e2f10f431c8c533f6d8c0016e745e69661e1bdfd72211cb;0x702582271f225f4db480984fa8fe891de13e30846f9b300394fcf4e46703314c;0x3edc245d1c79975fa437057f51c942c09b15775b0c81e2f6b1c5fc3c9d556333;0x267459f964799a5f697e417a1dc4054d2abf38670a69b43975b4c564965262fc;0x88121068eebf77e414ef132209fc43922380dfbf1deca56b2a3e732c3baac678,11.458292,4.048905;4.638063;3.59371;4.951536;5.555678,512.0,9.0,0.0,0,0.0,0.0,0.0,0,2788610048,2789634048,3254.287000000078,2868.7459999998664,6.5700000000008805,4.808000000000242,56.89500000000125,106.0,693.0,998.0,714.2789999999621,2264.518600000098,8.372799999999819,4.756999999999678,35.97799999999762,106.0,693.0,998.0,10.00365,2.321591;5.705623;2.099816;1.726153;1.935869,512.0,9.0,0.0,0,5.0,1.0,0.0,57896.0,2769301504,2769362944,3634.0699999999338,4759.197000000048,7.691000000000642,2.664000000000312,44.62700000000541,106.0,693.0,998.0,535.4755999999571,260.4628000000053,8.701399999999637,4.943599999999993,43.33139999999902,0.0,0.0,0.0
512,100,65,0x39ad1ac52cb9de010bf645de0d8fce8607ae6546de66ff929106c96860ac67ad,0xdfc863847b17e48f5b3de187bb5d6f67dcd1a8cab8c7b81547da2f041d66c033,0x2fb311c6e4c59178e98f6d4f792eb2616b74f97f851b846c2675e63c392a5579,1;0,0x2776357855934c7cf8e87351c207dedf1d998bf0952ebfa4e5b1aba0023ed94a;0x1ece074a88f30fb70a3469ce9992811f9df44fe336a7ec1653e5653b9647b7df;0x255b83408c7a8dd63a74283d5ed0e9242879b41418f889a82569b79cf69761a5;0x44d069c9b1870794de51cd88b74b1cfb13be99a9376884249c375e414ab296d7;0x17f422ff5aa588d85d559594d37ca071988cbbe00d6ca53bc6b6f2b4eb9eeb6c,5.137056,3.105332;3.367608;2.799882;2.620731;2.640922,512.0,9.0,0.0,0,0.0,0.0,0.0,0,2790825984,2791071744,1882.6590000000642,1542.9070000001489,6.049000000001026,3.424999999999609,253.2620000000041,105.0,689.0,999.0,481.4799999999675,1558.5921999999641,6.489800000000073,2.487999999999796,49.831399999997195,105.0,689.0,999.0,5.109504,2.144003;2.00983;1.621655;1.465019;1.319044,512.0,9.0,0.0,0,5.0,1.0,0.0,57896.0,2769403904,2769432576,1751.9710000000189,1602.4059999999452,7.791999999999522,2.654000000000371,54.022000000000794,105.0,689.0,999.0,493.0895999999852,306.5420000000207,6.235400000000752,3.8233999999999835,40.97180000000311,0.0,0.0,0.0
512,100,66,0x42454425c3d8ff29a105220e4289429b65e35e3aca9065a0aab0d1ab1e26dfec,0x0d679ebac4ff8c5b40b01ed58031baa85a704067c09fbda815b722401310a0b9,0xdede69cfe546998c1a02fbb368fab8e9f2ea3459b39ba0d63012eb52bf62c9ae,0;1,0x19c930b90e4a581c1411e6d42e63abb6c6da00bb732fb4fd50f7f18d77c32960;0xb900d96c504ec19f8fb46a7775a65655f1792f88303d261c039205f1865fe3d0;0x6e2ac3d87a846401bb48d14d8a1be891feea0d8e0b4e9e007662d51febbb35b2;0x5a299802c4d4a93dfca070e3e4a4fe0d92cfd07a04d00c4f3383509c0f702c75;0x43d824e97ac37951de7269a0507481176e0edf2b704423627003b0be7ca510e9,4.639506,3.99932;3.095158;3.265894;3.252934;2.771329,512.0,9.0,0.0,0,0.0,0.0,0.0,0,2791321600,2791473152,1747.916000000016,1534.0820000000476,8.243000000001526,3.44499999999949,51.40700000000331,105.0,688.0,995.0,519.7256000000206,1719.6010000000151,7.2470000000005035,3.713600000000011,35.50139999999868,105.0,688.0,995.0,4.50258,2.066807;1.836259;1.55855;1.622426;2.036421,512.0,9.0,0.0,0,5.0,1.0,0.0,57896.0,2769432576,2769453056,1709.1570000000722,1569.4659999999637,7.211000000000023,1.9629999999997914,38.767999999994586,105.0,688.0,995.0,467.6110000000122,346.1699999999901,6.533999999999707,3.080800000000022,32.60739999999818,0.0,0.0,0.0
512,100,67,0x2832fab5f8fbbc42b6a5a40ae34af473559766bc5dcf131848383315bcf1fcb4,0x5c34e1bc5ce11b3d3cdc151354564dcb45becae330dee66cae8b056d5a21a63b,0x9a6353fa61312a867c6ef71ba00965573136908a71578635ba862d17d50ffb71,1;0,0xb1296750bca82d0590254eb6b1854f2e4fbd55d50be8c48b0f089a4e224495c8;0x3adbf67fa5005aecd4f2e53fc828621e915af7fc2c90e9dfeca7307a317e469c;0xc3404e7934a49c860ba699850d88d793561d0fbcd9ea6e4dbfc706f612aad00d;0x0a066ad38ed6a19b24fb002fae9998595ba70aa64f8d867fafa956c4b6fef70c;0x6a7b604c3acdc0477803f6a480820886721a9a3c721a218972de24a20593791a,7.520119,3.194677;2.953884;3.483843;2.955576;2.925211,512.0,9.0,0.0,0,0.0,0.0,0.0,0,2788741120,2791751680,2138.6549999999893,1602.9070000000977,5.919000000000063,3.174999999999359,61.041999999997266,106.0,691.0,995.0,517.11959999996,1634.5802000000022,6.950399999999801,3.096799999999927,32.37299999999943,106.0,691.0,995.0,5.620235,2.340118;4.102305;2.477986;1.661545;1.624289,512.0,9.0,0.0,0,5.0,1.0,0.0,57896.0,2769514496,2769514496,2216.892999999942,1671.94100000001,8.923000000000957,3.3050000000003217,52.608999999995135,106.0,691.0,995.0,484.8168000000097,227.7856000000078,7.721599999999801,3.365200000000207,35.72020000000009,0.0,0.0,0.0
512,100,68,0x1fc0eede3e44a6b2562ff47cd5ad5b51cdd33ab702c9830ba0f53453bd3597c8,0x0036ef0498fd211c16c589fc5988984699eaf749674eb3adb7ea64762be5f694,0x75e8d224270d92d9d1abe93d2dc3e3888ee7d405fd2c0a2b89754531b3572919,1;0,0x3e133fda97a12a2405276d8b1f1c7f62004b4ff7fa9736043e3b59d0db0df74b;0x8a8b2b531bff35a46ab068b8b030a8c2ec14a50dbea91d5635816c4f84c5b856;0x9cf2e931f4a5283d31e8bd0cef6964aee842abb1f3fdb8801c98b9d3fc0bb4ca;0x7042b4bcff147847ccca90a43b44bcd827a6104d936d100f3bc6fe0664524d27;0x468ff784ee2fbb7d959859589c08d6f92358a8785f2abb41b948be2b3e87b2f4,4.806427,3.590024;2.908705;2.630527;2.696836;2.652629,512.0,9.0,0.0,0,0.0,0.0,0.0,0,2791993344,2791821312,1763.5590000000257,1835.7679999998488,5.859000000000419,2.504000000000395,39.20899999999838,105.0,689.0,994.0,469.42759999999413,1503.2607999999393,6.708400000000197,2.6662000000003685,34.18799999999889,105.0,689.0,994.0,4.935292,2.038143;1.597198;1.30017;1.340852;1.598471,512.0,9.0,0.0,0,5.0,1.0,0.0,57896.0,2769514496,2769522688,1857.1000000000558,1642.8670000000477,8.133000000000445,2.573999999999979,52.84999999999318,105.0,689.0,994.0,465.18760000000543,225.95480000002775,6.081199999999343,3.292800000000151,31.673800000001087,0.0,0.0,0.0
512,100,69,0xdbfa264de7beefa03e84f8b9223ec9295fe2dfe17afaeebe5d984de0f00b8a0e,0x460beb97d465e4477e8b99b50b6e9cb185895c548ca0a945c17fc7dff9038bbf,0x56c5d7be602fda2869819511442c2a4a75eb1886c261e335df731c76cf5ac110,1;0,0x48b196bf46638a15f1d8dae407bda2f08af41e41990de2df9f4a4ec401a06b03;0xe424bd03b20f7aee8e60a634c8f92fee8f61dd7a334c69439bc8a0237d477806;0xf8530cd2d0002ccdb67275568cf9d2e71ee0c62e05f5fcde78ea04f9a1524483;0x9bb4a2f0f0bebb1f91d6b0e0b086dc077df8607d6797bc12c5fb2b9d44779ae3;0x1e95326e7400e6b8fa7bb62172948f21c266ea6437df727d6a338f55d376254b,4.715961,3.252594;3.242705;2.923017;2.892121;3.032027,512.0,9.0,0.0,0,0.0,0.0,0.0,0,2793025536,2793132032,1815.7670000000792,1523.886999999835,7.230999999999904,2.903999999999754,46.21000000000486,105.0,688.0,997.0,480.8312000000203,1702.517199999942,6.5617999999996455,2.9285999999999897,44.63719999999727,105.0,688.0,997.0,5.368956,2.131975;1.64491;1.8304;1.519702;1.35245,512.0,9.0,0.0,0,5.0,1.0,0.0,57896.0,2769620992,2769653760,2065.2240000000875,1628.8970000000181,6.519999999999443,3.1450000000004046,51.70799999999753,105.0,688.0,997.0,486.3653999999773,249.56059999998726,7.098999999999994,3.8960000000001083,35.651600000000116,0.0,0.0,0.0
512,100,70,0x559b2eab8c50a0505bc2936a0d1584fa43d449e3c8b18f87c4b386da217d1608,0x77501d112958052d6f7d2c75f3bcecbe0204069b7dc3cefe00342d26088effc0,0xd94b82b5e3b495a647b580c4d3975981cc1e3e7a927e300ac68a772b94a9b12f,1;0,0x811afa3917746119d496d909bd58e3db50df3817fa06454483df00c97c96171b;0xa28d51b89023e9bce927d67b57e5d4aff0a718016c0345842372d550092b77dd;0x5ae81967ab1c16a3f6fced28d4bc19a0bf43f5b3b05e8d182e14bee7b4b13065;0xdd905d0c9b3e24d74fca028fb15084b14a050387712cf380c7c2511daf0c20fd;0xff8668d8ee0ce26f487a5a7302d0015d9af3b90905394bcecf4944d4b62a0060,5.06703,3.398775;2.915997;2.954455;2.867894;3.539192,512.0,9.0,0.0,0,0.0,0.0,0.0,0,2794586112,2794594304,2031.3929999999925,1717.3090000000002,4.15700000000116,4.026000000000724,80.81199999999956,105.0,688.0,997.0,527.5036000000455,1668.5480000000475,6.579799999999886,2.7446000000000415,41.5865999999987,105.0,688.0,997.0,5.632604,3.246055;1.643949;1.720003;1.769919;1.948178,512.0,9.0,0.0,0,5.0,1.0,0.0,57896.0,2770317312,2770345984,2336.8340000000653,1694.1839999999875,8.192000000000615,3.3350000000001434,112.63000000000245,105.0,688.0,997.0,510.3333999999738,322.6326000000057,7.086599999999582,4.21839999999972,37.14019999999929,0.0,0.0,0.0
512,100,71,0x90fe7abc4f5247305068d9472551a59fdfee3987bcf3770d0f7145f47f75ee6b,0x268429526d8095d888fa032afe5bbaa8962ecd0df6520600f0aa8038d350b06c,0x3d4a21a16aa14dd489b9a53988ed7d7a7d629131651aae5afb933cc1734dc46f,1;0,0x6818cf18bd88f05f51395e5a23816350d15a445d13a8a8e481ac1e38e0a52740;0xa6bbeb2c4f1dcda19061881c007d5f24b351d1beb616bbc2cb2b12ebec92e410;0x528ddd538378e893dde788ed5a0846cf80b5de271eb2c11512ee7073f383a2ba;0x68fa304f8169b2795197bbe70e6509ba9201cbd4c03df81f23b86cdbcf173834;0x86f52a7928230ba7fa6034927ef50c1ff73fd5d0146843549c5b442d80ca1643,4.743122,3.352655;3.015016;2.648743;3.114336;9.832446,512.0,9.0,0.0,0,0.0,0.0,0.0,0,2795819008,2796003328,1886.5850000000517,1604.4090000000288,5.878000000000827,2.9939999999992195,39.440000000001696,105.0,688.0,995.0,514.557800000004,2426.083800000001,7.360800000000278,3.476999999999994,33.95319999999757,105.0,688.0,995.0,6.343625,2.528342;1.688145;1.633584;2.087808;1.855838,512.0,9.0,0.0,0,5.0,1.0,0.0,57896.0,2770743296,2770759680,1852.1240000000105,1824.0600000000163,7.962000000000247,3.045000000000131,53.951999999996005,105.0,688.0,995.0,566.071800000012,233.51779999998269,7.947999999999982,3.723599999999952,38.414000000003284,0.0,0.0,0.0
512,100,72,0x338569d88687e39b81080e3d22f57d51616287b57d92b463320de8abba6e24d4,0xa278df63a3c4af639e624ca7f3c108693011a2956b5a4c30e18025e580d296d1,0x1180cc74d9faac6c159880b399a93ca5b70b172c9d5029d0856f51c856f35f0e,0;1,0xb374a551b33a96875c532b58e692af46b7525cb59d2ea8bea7c28975eb1a1d3c;0xb388f4fc872a221c5e8974d48b528dbce7ce2850ced0fbdf4ed2353888cfcbbb;0x21788fea17ea188c3328263520f2760835bbe85ef4e0f935383522b86322511d;0xe82fa59a41165b0ab929557724a22dd7232c87318691090056696aa750b0c5a6;0xa52dd51f8bb6707e4e2104ef3045d5d1ae0b9d457a6fd43a4fd206162c16bed0,4.888812,3.305524;3.041026;2.990409;3.250441;2.626881,512.0,9.0,0.0,0,0.0,0.0,0.0,0,2796154880,2796118016,1664.8900000000299,1540.8730000001647,6.829999999999337,3.915999999999642,51.80800000000041,105.0,689.0,992.0,482.65400000002677,1630.1419999999566,7.032599999999555,2.7619999999999036,32.15820000000147,105.0,689.0,992.0,4.607377,2.328731;1.554434;1.592421;1.632451;1.473732,512.0,9.0,0.0,0,5.0,1.0,0.0,57896.0,2770759680,2770780160,1679.3520000000228,1570.5580000000552,7.301000000001223,2.382999999999899,41.60300000000117,105.0,689.0,992.0,484.78480000002656,237.74859999998733,6.532000000000759,3.8600000000003214,35.87200000000068,0.0,0.0,0.0
512,100,73,0xe5283957cf8d76bc5714d1ceb16c651447d0179fe2a4d19b3e559baeb59a5e85,0x2abc4f4c9b796ab3fe41117c45d3b3bed9e124fd163dd01743076f01052b707e,0x666f3468c6c753648b5e66eabd1ec3306d4cbcdac397a15fdadcf9cc474d02b8,0;1,0x9d2375c97ddaf9b8c8adb2c1497c17117f858d5e2862b9bbb50cfd367ee25e85;0x23a630d33943f01af8955ff92fd64d21ea81345fca20e14a19a35d7a29a6d0a9;0x3d96881f0e61f1524275c0216e674e72be6cbabe09ea8ca00f9c67145f34151f;0xfba30849d77f45b6a6b68d59ac7462413d121e58a048263d8fb05a38ecfb0c18;0xdf91ac5c7391b726bb1cc94ada6b14fc3ad6eb6f2a9cc658b7681b5651fd96bf,4.805505,4.816087;4.056566;3.219845;2.934976;4.386133,512.0,9.0,0.0,0,0.0,0.0,0.0,0,2796204032,2796240896,1691.992000000031,1649.7480000001729,7.52199999999939,3.5850000000003934,51.99899999999702,105.0,688.0,992.0,539.5554000000135,2111.922599999971,8.535000000000487,3.8657999999996973,35.20499999999649,105.0,688.0,992.0,4.968182,2.595298;2.955727;1.661556;1.461954;1.690579,512.0,9.0,0.0,0,5.0,1.0,0.0,57896.0,2770911232,2770915328,1907.3759999999052,1646.6929999999768,8.022999999999364,2.0230000000003026,45.72899999999436,105.0,688.0,992.0,503.02600000002855,401.34300000000957,8.923599999999947,3.920200000000207,38.09739999999784,0.0,0.0,0.0
512,100,74,0xe91f1777d24cbcfca9d64510532e6830a28bd45f90c74bd48a1f9c467c8a5cf6,0xe3aafc8832713e9a328ad9191d23e9d7ed189dc27ef8403b6b946b149a3ed47d,0x10f1d9a2680d53c29a49854fb27f6cb1faec6f52654098cac3676db0ccb815f3,1;0,0xc340a77ad33d207ebd1cee37ddde906dc303647c0fcc01a310da12e9075ca82a;0x17d6587ee4403702fa1d1bb97db6590564fcd657319b0ac21edf23ba4c798a76;0xca5d8da89eb6f3be066d298113a7908a831298733c0920b4da3a5b0b1f4df5a9;0xf62def5ca6a2464078ae5005bd07f655145f260ffbc0aefa7cf36000f7678e90;0x44e012ed1e3e3388ecc2c7d1161c69a12f77359efa61cdf80e735bfe720d039c,4.401007,4.248917;3.262549;2.793903;2.820132;2.645168,512.0,9.0,0.0,0,0.0,0.0,0.0,0,2796302336,2796318720,1764.3400000000308,1598.1599999999041,5.207999999999602,2.1729999999994116,37.866999999996985,105.0,688.0,990.0,508.69319999997657,1593.27859999987,7.517199999999836,6.233199999999828,34.75839999999564,105.0,688.0,990.0,5.155665,1.954477;1.585771;1.683418;1.539441;1.586342,512.0,9.0,0.0,0,5.0,1.0,0.0,57896.0,2770915328,2770944000,1767.915999999925,1790.9900000000478,8.602999999999389,3.0550000000000717,52.570000000001784,105.0,688.0,990.0,461.52780000001667,250.3855999999915,6.748400000000654,3.75979999999998,41.58079999999898,0.0,0.0,0.0
512,100,75,0x52224cc24381e8b9a3f646fa4503a4ee8dfe44ab7d49f1ddc91fc29fd112d28b,0x0801b85b73f1213efb672afa05def7817c0773390c448969ab9ef76984fc26e9,0xa4a82f77187ad35e0de4d2321ad06bdbf7fd4781dcfbfe552c551e309dbc210c,0;1,0xf6549497e55cf73c747a69f25f62f2cfe6884d55c429789c3f4add4d1f974efa;0x7aac8f6e26ca2a18f772d17cb95f2d850586257c76b5f99073881f524a4d4fae;0xbb42ddf7402bd7010c1c4d4da049da50fdfb0ad2faacf37a3637893a72efb963;0x70c59c31b2ae709246778080946c81432dc231f2ebdf8ec4e820f9509c463ab4;0x0a39743c5aa61119ec8c8f89cf1dc95103d514595ba0496d975cb290d34da06c,5.055592,3.657045;2.870939;3.129038;4.78841;3.243821,512.0,9.0,0.0,0,0.0,0.0,0.0,0,2796703744,2796711936,2000.556000000042,1589.5170000002067,6.119999999998349,3.5150000000008093,68.85399999999319,105.0,689.0,991.0,513.31440000002,2056.9638000001332,7.417199999999735,3.106599999999973,37.009799999998535,105.0,689.0,991.0,6.006147,2.159816;1.888327;1.715366;1.566282;1.406541,512.0,9.0,0.0,0,5.0,1.0,0.0,57896.0,2770944000,2770948096,1725.642000000027,1560.6339999999498,8.153000000000327,2.1229999999997085,63.846000000006285,105.0,689.0,991.0,478.3972000000247,252.1059999999853,6.249199999999733,3.7394000000003094,35.3169999999986,0.0,0.0,0.0
512,100,76,0x33475f8eaee3615471fdfa25df98e9a958b3a741a4e6a01b8a175b0cbab77877,0xd05a8e84b0fa00a6ea5b7f4335169240464e8aba8bdcd4235b52e327eedf1915,0xb05586545adea6f2299238a7fba8d2976219b4eeeb3ee3003cdf344136ccaff8,1;0,0x42ad313d320a59b8cf0936a6663c62bf664619172a96506c474a2569d76bb193;0xb7107f481f65912eba0a6c3ea461c07d2734cfacf3f2e533c49b6cc22ebdff85;0x2602f68b569c7da55c4d5b25df6fc90836ffba6407db04aeff7f858a6f7844e1;0xf89ff4b23cd48d97640010f1f816ab34c96e2fae2fa4efef66ce82fa1cf76bf0;0x694c6faaa0565547fef1b19727770f3611259cc0d18441dbccd77fdfa314aaef,4.807148,3.471424;2.774093;2.861074;3.34938;2.798119,512.0,9.0,0.0,0,0.0,0.0,0.0,0,2796740608,2796769280,1840.0739999999694,1664.6100000001773,5.838000000001065,2.3030000000003743,44.59699999999345,105.0,689.0,989.0,488.28840000001424,1597.3066000000813,6.940400000000207,2.770399999999645,31.38520000000034,105.0,689.0,989.0,5.035874,2.478817;1.554474;1.548925;1.805913;1.626152,512.0,9.0,0.0,0,5.0,1.0,0.0,57896.0,2770952192,2770952192,1908.9489999999375,1557.849,7.652000000000353,3.094999999999834,51.056999999993245,105.0,689.0,989.0,498.9259999999884,244.01360000001483,6.934399999999896,3.7760000000001264,37.410399999998624,0.0,0.0,0.0
512,100,77,0xef5b6706638532462df8de796ad423e9e76ab095aae1fe6fab88eb1c2306056b,0x32ccca24fddaa91f866a9a0cf427c8ce0e94355026d34035714a1d23151b89c8,0x269f3e64bd38c0febe027499c810d4583992aa3acd1bdd1300c025f554ab8001,1;0,0xfc4d9ad64b18d027594331dd776734d3bb8aa3d70e1649580b97e595ffb811e6;0x6f41cacfae648a882067cdb4867da00fe3f807857132a2155c4a1565bef967be;0x40280d7dbd46252ca899ff47a03b259af75a61be9a9fdbddfd19cd2eb26d2fe9;0x9aedd0e421f2ee4145a1ccdcb765185218770c77b26e72ad27fa615b88f86ee1;0xbc8ee56151fc21d91c30e9e6efeb74d77772d40f8d97738d1ff0bede070f1ac9,4.718075,3.616242;2.861335;2.714022;3.049067;2.920854,512.0,9.0,0.0,0,0.0,0.0,0.0,0,2797051904,2797060096,1883.5200000000275,1507.8530000001144,6.240000000001106,2.703999999999207,44.978000000001074,106.0,691.0,989.0,511.886199999978,1559.316799999966,7.407000000000247,3.3211999999997746,34.6484000000008,106.0,691.0,989.0,6.437026,1.788176;1.673313;1.52518;1.417567;1.700524,512.0,9.0,0.0,0,5.0,1.0,0.0,57896.0,2771222528,2771222528,2351.2850000000362,2522.212999999995,8.11200000000109,3.6459999999995105,53.27099999999363,106.0,691.0,989.0,482.9539999999799,232.71100000001877,6.601800000000102,3.2147999999999204,33.32640000000275,0.0,0.0,0.0
512,100,78,0x19c56913a105fc3b36c0416fb11bd4cc57eea8c976430228b14962df92833d4f,0x44826170eb8f714dd84dd1e724e2f0e881c18ba1a5b02f91a7a0036fa0f4178c,0x36b7c3130a3290a260b1d94ebbb3810daefa3ff356f7bd7adef0ac9b468b4fca,0;1,0x1a78d424cd1d7147e3b3dd177f4ffd1efa55e6b3e334966dacbc11cd5f556345;0xb44a0a6d5b1fda683a3a4ae9402919abf039abf8d03317ab6f7a914bb690c429;0xc60facf5bf3e1141882a62f774e1b52c44b168934589ac0f045a20d3c7219241;0x76114cfa2bd9de67ecd6d8dca62065071acd5fe4a61bd4f602ac5debae6f6fe9;0xbd77f728824aade9667d444999bfdaaf6b72dd2249af36e87fd6a604de26d442,4.959848,3.538996;3.098512;3.008516;2.789346;2.753743,512.0,9.0,0.0,0,0.0,0.0,0.0,0,2797518848,2797535232,2013.1859999998892,1586.4820000000002,6.029000000001145,3.545000000000631,50.22600000000044,105.0,690.0,990.0,492.43080000000987,1547.0908000000172,7.72959999999906,3.8819999999998434,35.63179999999944,105.0,690.0,990.0,4.984521,1.882668;1.490237;1.771171;1.543568;1.461464,512.0,9.0,0.0,0,5.0,1.0,0.0,57896.0,2771722240,2771722240,2021.873999999979,1642.7270000000105,5.598999999998494,2.273000000000552,40.31100000000121,105.0,690.0,990.0,464.29000000003384,250.3796000000058,6.07319999999939,3.2689999999998416,34.76640000000253,0.0,0.0,0.0
512,100,79,0xd47fb033c2d0436917e25995612576b66412ab4b39596cdfe2ff239ca286a9f7,0x590f0ef4672f6f9680e89d00447a49a71e2ba65e03445e2cb3cece812f2cd39e,0x34d4de959e78bc4b18941f439825b7c6d2a5fcb235b97a620eb1f21097aefba8,0;1,0x960e90299e9ab4181850fb2e38b3be1144477241aadc6569c9c4e1612dc7ca10;0x3ff141c96e23f4bac128174675e63007b5ba63d21b82e0e3450bba539981f1f7;0x483d0e092370ed160601b11b4d268a23cbe09bfa61e3b53dab8ad7ae3afe1809;0xfcab11dae9303e019c079279901f6b565b489d6164d6642fab50ad6f7ee51c35;0x0f7a6e5ecef910de93f6c743c626b5eab1a0e2aa2e4aee3d80ffd5c9426c3e99,6.155902,3.413957;2.826191;2.738498;2.552118;2.525689,512.0,9.0,0.0,0,0.0,0.0,0.0,0,2798813184,2798837760,1672.6819999999254,3067.05400000018,7.410999999998835,3.665999999999392,50.34600000000666,105.0,689.0,994.0,446.7520000000391,1488.161800000043,6.465600000000322,3.2709999999998294,32.616999999998676,105.0,689.0,994.0,4.146703,1.707755;1.649918;1.327472;1.381107;1.33274,512.0,9.0,0.0,0,5.0,1.0,0.0,57896.0,2772238336,2772312064,1556.4070000000374,1509.7059999999994,5.0569999999992845,2.2230000000008494,40.3409999999993,105.0,689.0,994.0,450.19299999995434,244.07600000002637,5.48839999999981,2.984400000000109,30.527599999999325,0.0,0.0,0.0
512,100,80,0xb63b85ba870d76b905540fe7c974842e334f496e848aee97f619b70b0f3d23cf,0x7f2275244490ab56ec59f4dc74f9fb6d9a3504788762a9437e3d9d82a149ec5f,0xfb60636d6e2e6f13bafca6a5855d43544139168c6911f822b526f1f88b3692fe,0;1,0xe6b41de01554bd87988d65c3d95f1fd5811e0febd88f538850eb300f8b1e4a79;0xdce254888ab3a30511c5758fb13c04471f6bbe34c19717a4b53babe97aa17ead;0x74cc9ef63c0fe1715bea110bbeb8a256c6908dc25a0fb9df57ca0e510f71539b;0x5c17c182e05c767bae97bde46bf7575606f1bc185e6417638ce7a2293da944c3;0x4ae9d667fc15daa9820596b058ab7967105cef63424cfc02dfabfa9d12d89a62,4.74896,3.612146;2.898891;2.820293;2.58599;2.510505,512.0,9.0,0.0,0,0.0,0.0,0.0,0,2798882816,2798899200,1696.5879999999433,1602.7670000000605,6.710000000000049,3.9559999999994044,52.098000000000425,105.0,689.0,989.0,446.1407999999612,1528.2341999999892,6.289800000000567,2.9203999999997956,32.88340000000278,105.0,689.0,989.0,4.517441,1.789378;1.587183;1.506341;1.334492;1.381393,512.0,9.0,0.0,0,5.0,1.0,0.0,57896.0,2772312064,2772312064,1881.8169999998968,1566.1319999999978,5.919000000000063,1.9930000000004804,37.265999999994136,105.0,689.0,989.0,446.67779999998385,228.0778000000261,5.325999999999942,2.886600000000239,30.72880000000444,0.0,0.0,0.0
512,100,81,0x0e0927780ae1667edaa018bb5d1ad2b808b8d2b7fa0e0df600b31ef5d953f442,0xb21bdb473c5fa7b9d2ceffa455d39ee484a89f40ba35600b25cc9433c6f4e89e,0xfcf62fdf0b438e2be73cce836400e884f70e5cd5695f3c97bec33aea77f67585,1;0,0x26e3d0cd1a533be4f975feb7003feaf3e69eb6214199dc149a428bcc81560a7d;0xdf3e01d79dbce53e325ac9002c93aea018f8b2c7aed5f72253b122adb6fef21c;0x245c70277e0f1631d80342cb369a021d62a9e439aa9d35d8591bb3cc713bbd27;0x65ca92f6aa7b2e8f1c2c29347a4c0e1749f1619d5d935b1def6cf5b8e77e15ec;0xddbd80dea071b71545378ecdfcf8f631e95009c8c8b23807290ebd5f2c53657f,4.182547,3.161006;2.750107;2.655153;2.647822;2.523935,512.0,9.0,0.0,0,0.0,0.0,0.0,0,2798915584,2798915584,1615.7260000000394,1473.4210000000303,4.8669999999986775,2.1840000000005606,38.837999999999376,105.0,689.0,992.0,442.41939999998255,1489.25980000012,5.981200000000631,2.2732000000001,32.60300000000049,105.0,689.0,992.0,4.658665,2.103992;1.52565;1.331107;1.481103;1.521214,512.0,9.0,0.0,0,5.0,1.0,0.0,57896.0,2772312064,2772312064,1634.684999999969,1565.5300000000373,6.8000000000012495,2.2939999999999072,52.00800000000616,105.0,689.0,992.0,438.74359999995784,232.6185999999897,5.5645999999992535,3.0404000000001234,36.90959999999855,0.0,0.0,0.0
512,100,82,0x0135d9da011d0a5e24ab8426f5b40898b80177a221c44bf3a19b5b25156f5ca8,0x2dc286458dea126f59a1c1b355aa1ea74daa8771f8e5c99db4e6ce392bbc8133,0xac8fd70afb6d8ec4e004e0b3cb74f3a12aaf8d93a7fdde1a7cfbc1ff9a7ba9f3,0;1,0xe97d8f680a69e28e37958dfc0096494ff35d88b99fe7aae58daa49f6ed2c5dfe;0x59707b032503c6bf80b88c3d590dcdc3495c0a0364db1f4a0c9368df901ccc0b;0x1af60803aa75fe70e5a70efeb0130063d86ef5f7a10da9d3e3571dbb4a203230;0xc1300522322bc908d19e2c0a95f1da55bdd926d8c8dafa48d68134df69d30f5c;0x36647c721c4471b2039b6ec5143de7aa24f189e72ca168da27f4e9111d35896c,5.409007,3.271072;2.795916;2.780132;4.379915;2.91796,512.0,9.0,0.0,0,0.0,0.0,0.0,0,2799034368,2799063040,2247.32900000002,1626.1110000002077,6.459999999999799,3.7260000000007705,49.24400000000384,105.0,689.0,994.0,480.30240000001,1602.7043999999435,6.626200000000443,2.5215999999998044,30.93279999999976,105.0,689.0,994.0,4.748039,2.070361;1.872293;1.456185;1.674134;1.665852,512.0,9.0,0.0,0,5.0,1.0,0.0,57896.0,2772312064,2772348928,1773.8149999999564,1633.1120000000476,6.319000000001157,2.824000000000229,41.06199999999449,105.0,689.0,994.0,475.5590000000254,244.70300000001276,11.27660000000072,3.4712000000002714,40.657399999996514,0.0,0.0,0.0
512,100,83,0xc6a7b54b7fbbc0e0665dae942cb92482539be447c9c3c63bcd2c9ffcdadb13db,0xa97bfe85e1f4a19c4023b1152a0e3b4127399b228461e230ec276fc70d1cbec9,0x2696076f53d0d61fed1b7ac0bdfd0fc6ddf8e04fa61f4a114ab2698957d45d42,1;0,0x84767896fcbc966e9f5215c169c15fd2ecd60443b273495a50e9733c45dd0525;0x804250021cfcba6d0f81a0080022c4f506bdd33f85911107d8327dccf009363a;0x706b630f3e58fe61e0acfa6ea2b54188a51cb20966da6073b9646ff04abb58e5;0x60509c15d60b06be649dcff07c70fecde13fe04b72652bf9c221905b2bf0a936;0xfbf8989680ea7c3889fff78abe4bef9d2b8319c7198c60a5abd5a8f4e88629df,4.822922,4.264244;3.289651;3.763394;2.872732;2.703386,512.0,9.0,0.0,0,0.0,0.0,0.0,0,2799091712,2799300608,1919.6939999999163,1583.478000000138,4.917000000000115,2.5939999999998604,37.1160000000037,105.0,689.0,993.0,527.9741999999922,1817.8972000000292,11.62960000000088,3.4112000000002807,40.998199999997546,105.0,689.0,993.0,4.845957,1.874637;1.800314;1.455664;1.842588;1.613152,512.0,9.0,0.0,0,5.0,1.0,0.0,57896.0,2772348928,2772353024,1817.6700000001044,1719.6029999999585,6.770999999999167,2.653999999999504,51.38699999999996,105.0,689.0,993.0,492.3643999999783,267.58960000001775,6.165199999999538,3.1968000000000276,36.05060000000104,0.0,0.0,0.0
512,100,84,0x4200b1b45996d7478c63da58075af132a6822b78c0a2118ace1580536d0a5230,0x9bd7e546dde46069422e224d9a6c1c50755819517d9ad08a16849520802fefc6,0xff91c2f0e0ff57e31431868bab91df87101f4cfd0b24f6b92496cddd25fb7dad,1;0,0x7fd3d9dac76daf4431318435286758844f20d20bbace0b417199320295322b9c;0xd5d60ec6ada5a584a769d6ce1fc3b9f6224cb8b24772e69473e17c9d105676ff;0x258027c3f87f3226716f4774e82f8289abf4d3a6c16fcbeaa12393d85f96a36e;0xbd6fb7c896a225b3a863837690eae654bb30f06b76700ad4921ba304a343069b;0xc65ce358315f2b814cdfe9073ac6d2737e93acef2ac0e77734366670efdc6174,4.315266,4.295807;2.780973;2.706511;2.633811;2.555854,512.0,9.0,0.0,0,0.0,0.0,0.0,0,2799349760,2799353856,1703.3779999999776,1599.8929999998522,4.65700000000166,2.9739999999993385,37.937000000001774,105.0,689.0,991.0,560.4892000000028,1504.9893999999676,6.594000000000044,2.9585999999998114,32.55919999999857,105.0,689.0,991.0,5.328224,1.772072;1.696147;1.2697;1.428374;1.646563,512.0,9.0,0.0,0,5.0,1.0,0.0,57896.0,2772353024,2772393984,2253.287999999909,1626.2519999999947,7.501000000000035,2.653999999999504,51.236999999995646,105.0,689.0,991.0,423.91499999996364,254.7843999999966,5.92719999999991,2.467799999999673,29.338199999998093,0.0,0.0,0.0
512,100,85,0xb41e37a10ad7346e75000be13975f050df370efefb466a666b0180f296009517,0x6a9d9ee9c6ade3eafb945a761620780ff37a338f3af3522c5b97b28ed5a43701,0x11cb346a03c4d52a04e1055d9b48d7b4c27b186b1efd28dfa51f7946374f6a77,0;1,0xa770d66a3513e0798f32ebc6c2d7df19661ed2afc93f8b22d45e29774633a4d1;0x9ff68c4f103c296dccd2d0b3f8c7d5bc36a2212a3d726127f82f3eb68265284f;0xda8c3063d242487d08ae19a1f680069456b3ab1856c6e38e355ad53dda23ccac;0xe989003642b9d648f6650aa104a498eb40044a3e879201fcba26e9717ab3491b;0xb180a165f2712eeffd63faa65de717d825dc907562bd318de635c33779b20671,4.917314,3.389135;2.95134;2.641032;2.759451;2.625669,512.0,9.0,0.0,0,0.0,0.0,0.0,0,2800054272,2800087040,1767.7250000001088,1803.1590000000542,6.029000000001145,3.065000000000012,50.24600000000379,105.0,690.0,991.0,442.902200000006,1609.4710000000846,6.5518000000000525,2.6440000000006045,30.880600000002254,105.0,690.0,991.0,4.460596,2.300119;2.322432;1.449846;1.290396;1.371538,512.0,9.0,0.0,0,5.0,1.0,0.0,57896.0,2772668416,2772688896,1779.6779999998957,1502.3250000000266,56.86599999999917,2.4540000000006916,59.518999999993994,105.0,690.0,991.0,526.4500000000006,223.35240000002088,5.922800000000839,3.118599999999555,34.267799999998516,0.0,0.0,0.0
512,100,86,0x3fdc326c4124eddc080b08b0cbda5c4841a22c7a736ac52acb697ff067386e7c,0xc4a40f5826104b4720f903492c55478f005b905c7a85727fadbc948959de3c8f,0xaa64cdfdbff549bb0d98241b347de47b2d7b4bb7f37ac1ed82423390eb7d0499,1;0,0xd042b7c95f12df385158a68cc3d144960e4f85aa1e860087418b3165507e003e;0xdb192c235c243615f1a54036e77f129690d46ae4d76485154af800ab2a6064a9;0xbf55b12b2fdc5c005f4eb88cd8daca2646d44d2a7d55cc40b8f16d67be82686d;0x7687a1ac2b27e649d33830dd3112f6396372b0ce8264027ab27a1daadf377a20;0x5832c8190d0cdd16bbe5243760e72398c8b8773d02fb3baf227c84677b541d7d,5.08046,3.559016;2.902587;2.785811;2.974956;2.946793,512.0,9.0,0.0,0,0.0,0.0,0.0,0,2800726016,2800750592,2301.2899999999004,1567.7840000001274,5.677999999998545,3.615000000000215,42.724999999993464,105.0,691.0,990.0,472.4943999999898,1585.3946000000008,6.984399999999946,3.1287999999997376,37.29800000000227,105.0,691.0,990.0,5.392832,1.796659;1.655437;1.568485;1.727045;1.420311,512.0,9.0,0.0,0,5.0,1.0,0.0,57896.0,2773102592,2773127168,1986.1450000000502,2000.255999999978,8.04199999999977,2.513000000000862,52.28899999999703,105.0,691.0,990.0,468.33619999997467,240.8010000000127,17.311999999999884,3.068799999999747,31.137000000003304,0.0,0.0,0.0
512,100,87,0xcc8d2eb6ae7bc3de1843b717f8a012f0d50ee59de7e14fdee7aa86ca8f30b56e,0x3a324b04cf956f7ff4c5f66eb89fee539a1fb34bafe4b100af1f93a9c86453a3,0x3083aee6ecf4e1fddcd9b8f600c4754927b2a184eac119a15feffca2d543e906,0;1,0xf1ba361299544987a7c1214232d1b90944c6bd45f68ac7584cd6c4b93f052fa7;0xc0b31726c70d24321114e7c410e345593346e0de8c6b8301228ac1454c43d4dd;0x9f4bd2bf0001f37130f700d29cb48d84a632a3c3fb95fc84404bd21ad755c149;0x2e64dd3e9cb89a121a7547b4659bdfdb64ce0ca62a1b3b1f804fbcd7146a2d25;0xbd1ccdea0f49f48a30f688beb8fa7cfecd87b911cdd57e8f47e2b6f76bde633a,5.217548,3.174798;2.791399;2.525468;2.899913;2.627883,512.0,9.0,0.0,0,0.0,0.0,0.0,0,2803662848,2803892224,1878.9329999999716,1821.6369999999315,7.611000000001117,3.3350000000001434,52.19900000000277,105.0,691.0,991.0,443.88959999999145,1520.5828000000033,6.305599999999884,2.4056000000001463,32.448999999998286,105.0,691.0,991.0,4.715239,2.109061;1.726804;1.494403;1.384562;1.291968,512.0,9.0,0.0,0,5.0,1.0,0.0,57896.0,2775404544,2775433216,1826.8340000000549,1541.0340000000522,7.361000000000867,1.8029999999998743,41.89300000000118,105.0,691.0,991.0,445.32739999998404,245.08960000002577,5.6625999999997125,2.7300000000000932,33.81700000000265,0.0,0.0,0.0
512,100,88,0x756aa0abe7683ebd2db88dda4ec13f563062e415d34aa8cc6c006b4f886400a9,0xebc7e604bf66ce6f0e8e499dde739fede36f765afe0a6651875048c26012bc9f,0x5bf56ccd3061e863e0778ffd171dd093a0b2f4f9007c9a73a58eeeda1495f1cc,0;1,0xf74ec2d34a2aef93359d842cd5d41b7b9d0f6a14181481af7376a4d562cd5b94;0xfb0eda6386171d18c16d646672db82c7702a450d1c828b632d2a3413bd5d301a;0x5b5eda2493f1162d63c038cafcc0d20ddcaa187655a9d79f50f25e47292eac90;0x2678551689f6b865f7823cc05af3a4018b7abdea6db0473e82ab15239e0e04d5;0x320be7e63ee9b271ab8f6f10c957c51dd682aaec24a9d7c31e145cd82f1d5a94,4.503431,3.165564;2.826371;2.570456;2.508673;2.517607,512.0,9.0,0.0,0,0.0,0.0,0.0,0,2803912704,2803920896,1599.050999999907,1562.0950000001521,7.040999999999298,3.7849999999992057,51.59799999999992,105.0,691.0,989.0,420.1893999999484,1482.1106000000307,5.760400000000276,2.3895999999998945,29.4541999999981,105.0,691.0,989.0,5.028642,3.170701;1.500672;1.481223;1.427993;1.305889,512.0,9.0,0.0,0,5.0,1.0,0.0,57896.0,2775433216,2775465984,1730.0579999999234,2130.2220000000148,5.6979999999984265,3.045000000000131,37.98700000000321,105.0,691.0,989.0,460.9868000000184,231.49300000000483,5.722799999999251,3.0363999999998006,33.12800000000171,0.0,0.0,0.0
512,100,89,0xb1b218c0d80ff517c3196f601105371f801d5523de5cec1c4af9f59538ead93a,0xd864f222ab80d1985f862c45af6eede09bae8776658f1fbe56607bb96874541c,0x7de92bc559cea7086a9bd104bc86082cbb66bcee2dc9fbe48371150314fe1470,0;1,0x2e07dd9c9b4a4db1142fe7f40603a3f41cfb8c831c4c320638915c73c3af6441;0x7dda8eb222970bf5ca4eb84eccbaf6552ca19b7b4d94fd9574246288a0a6eb3e;0x9c5183b379555bc7d48d0ace322d3b035874b0149201d1ac9f97c11b061b920a;0xc5f8d131360d5b978fef97b2d48bad3d3dcac4b144842eb54cf24039a5133639;0xe9de4860106d11d84470046d2ddf34013088d0741be4030797ded814c6319460,4.906448,3.928404;2.89784;2.714463;2.66552;2.579549,512.0,9.0,0.0,0,0.0,0.0,0.0,0,2803941376,2803957760,1952.393999999913,1556.7569999999087,7.310999999999429,3.506000000000342,51.938000000001374,105.0,690.0,990.0,511.3313999999924,1539.8339999999955,6.517600000000707,3.13099999999962,33.45059999999567,105.0,690.0,990.0,4.697843,1.811912;1.587644;1.449135;1.395534;1.437958,512.0,9.0,0.0,0,5.0,1.0,0.0,57896.0,2775465984,2775486464,1887.7070000000717,1626.1509999999646,5.036999999999403,2.303999999999848,41.16199999999737,105.0,690.0,990.0,438.8978000000154,230.2030000000066,5.713000000000246,2.549599999999985,31.329399999999172,0.0,0.0,0.0
512,100,90,0x0d7e11ac7e7089c33637676ea4d9b8940fe6141ad2c7babb51fda3af5e25ea20,0x2a6177354a66964e4744b48da37fb4f01a85ec26456b892af40e88f732babb77,0x2cb2fab6ebb622ac6717b1741220e5a165a34a53f613dcc9ae76c85611f4da42,1;0,0x889ad8a98c396e980e72b99dceabf3b1834216ee9cc31b3294d070b456435760;0xbc2855be62926a709084954bcb3a1e5d59ae87914013051b1e08c1d6f7e72cfb;0x34d42001ba400c096ea18baa13b43d24b42fb487654b4c29de767c7a74808b11;0x3fb9d5266d0bf1f065f33495ddfe72ebdc7033e0f6f6e8203045bdf9d7d91ebd;0x0b1984942307c87c79dfcb9f9a5d409f923fe322d27c92dbd49a7d480df1adbc,4.366014,3.299505;4.232752;3.090209;2.67251;2.541412,512.0,9.0,0.0,0,0.0,0.0,0.0,0,2804064256,2804248576,1670.8889999998978,1519.7019999999561,4.666999999999866,2.1429999999995895,38.94899999999646,105.0,690.0,991.0,474.2209999999858,1801.8969999999968,6.051199999999174,2.3356000000002153,30.01560000000236,105.0,690.0,991.0,5.977403,2.233287;1.819744;1.603427;1.351007;1.428824,512.0,9.0,0.0,0,5.0,1.0,0.0,57896.0,2775486464,2775519232,2862.6060000001007,1613.9640000000234,7.211000000000023,3.225000000000797,49.46499999999854,105.0,690.0,991.0,461.171199999999,238.82399999999305,5.972999999999395,2.7222000000003828,34.60220000000014,0.0,0.0,0.0
512,100,91,0x02eb95ad299bcec10b278900ce5192d843495b22611812955785ef3f9fb96b3f,0xc91c712e1288ec0f776b19ab48e313975f8d42a0652a7b42dc4b58f36e3d96e8,0x6669e3ee02d693ad03c845cd6555e8d44429a869486cf3ab8536107e66cd3344,1;0,0x01ea4ac968bba3bdef87c134da82165cd02a7e20ec92f4c8e17705d8f0c5c484;0x89575c4cb6c655e5db1f6cfcea4cf4199de963972d6f62f14aebfa933c52446d;0x05f0f6b390e6c5f4c1c7e745677839504ad330095c76890d840d5b75915ec02e;0x31fc414a58413c8066e5b6109d463b24427380682a7e8987bf16e978145b3141;0xbda45943c664c19e33c3025e1e0388dbef11410bbb66718aa617298c3de785e4,4.735771,3.423172;2.926072;2.643106;2.639591;2.697908,512.0,9.0,0.0,0,0.0,0.0,0.0,0,2804264960,2804281344,1790.6000000000865,1583.2869999998777,4.877000000000353,3.6559999999994512,37.216000000006574,105.0,690.0,988.0,456.06359999998955,1541.9690000000764,5.93899999999925,2.794199999999955,30.777999999997977,105.0,690.0,988.0,4.880409,2.214209;1.688225;1.547333;1.47236;1.400041,512.0,9.0,0.0,0,5.0,1.0,0.0,57896.0,2775519232,2775543808,1740.744999999988,1643.7879999999793,6.339000000001038,2.554000000000098,70.29599999999748,105.0,690.0,988.0,473.80600000006547,225.6542000000028,5.806600000000246,3.2169999999998034,34.065199999999685,0.0,0.0,0.0
512,100,92,0x0d3ada35d273ba99a5b7f8e85430f0b43d7f3a7fbc48037922474ffe74772d28,0xa709eea975f9d941cad731d6e05df298d29a84c6b03026dd1ec1d30eacee7277,0xd99aefca185f69e8399d0ff60a49b13ae62fdab874fd57de0048bc4dece875e7,0;1,0x353baa4c2e54a321bea6d46d2d484e78d9f27d8a48d5866840126d9b93efa712;0x07a3874016bad52a58837af558d378e3da387a5f5cfa4894e62d34c80d8ee67e;0x4479c4e4202234671e1944907016f937068bf33d4da1f09494063bc291c5f80a;0xbac7da2fa8302f5b6d1a25f32be5b96ebe1be3b8d8d238cde5be1bf75da38346;0x3433ec6e5a55b6e7a89be1bb36269ece7cc025e25042c1b592d944378ba608ab,5.255054,3.438185;3.032443;2.937289;2.822356;2.653701,512.0,9.0,0.0,0,0.0,0.0,0.0,0,2804436992,2804482048,2200.1279999999124,1509.636000000203,7.020999999999416,3.045000000000131,55.444000000001715,105.0,688.0,991.0,456.89679999996184,1593.9254000000958,6.9022000000001915,3.297000000000369,42.624399999999234,105.0,688.0,991.0,4.411452,1.702858;1.67791;1.522766;1.366971;1.383766,512.0,9.0,0.0,0,5.0,1.0,0.0,57896.0,2775543808,2775576576,1741.4060000000563,1581.4140000000032,5.888999999998506,2.063999999999538,39.42899999999361,105.0,688.0,991.0,433.465799999988,245.03940000002444,5.139599999999522,2.667799999999873,30.509999999997483,0.0,0.0,0.0
512,100,93,0xc0993e8d62f62521d3fa4598f16ac0d60f4b62ad448e4a40fed224aeb7940cfd,0x77d210852815a42bc75f5285c7ab95dca44a8d747f7b8c2637d65b1c77da18c0,0x21f69f7d82f49aa4f2da00cf9524d1565c90f5927325de9f53c0e3cdeba71af2,0;1,0x5aa3f1f53a820c0cbaf2f7577e7f9013edbe5c151855547295bd3c2fafff1fe5;0x4da3ac6ba6f7e2152c7f46b373001baf120bcd87a8592b48f91d4aa13f01d616;0xc8c2aca64fef03d694fad8b8cca5b83ecf9cf101a8c7c5847dfc04bce170534b;0x3464ddaae542e9679c5da473e209fdc8e093a82e158c9dcd7607d0e6bfc14323;0xb5fb3f98ed366453dea708c09300a14f53520466b5175a14aa212bfce365ca5f,5.327509,3.863616;4.023276;3.186525;3.788342;3.187677,512.0,9.0,0.0,0,0.0,0.0,0.0,0,2804506624,2804682752,2076.7070000000663,1681.6159999999413,7.560999999999679,4.156999999999425,51.97899999999367,105.0,689.0,992.0,536.3427999999892,1688.291399999997,9.075200000000645,5.303799999999484,54.42579999999919,105.0,689.0,992.0,4.849542,2.06239;2.27531;1.724921;1.79725;1.535636,512.0,9.0,0.0,0,5.0,1.0,0.0,57896.0,2775736320,2775744512,1856.3279999999072,1559.4610000000398,7.131000000000498,2.5640000000000382,48.332999999997625,105.0,689.0,992.0,479.11819999999494,248.9653999999897,7.813599999999949,4.71520000000017,47.20739999999612,0.0,0.0,0.0
512,100,94,0x5399fe2b07ed103e53b413d9f4171a4ceda8ae10a71d02c7a096ba6476affc0f,0xd0107cf0da546fe0708e4de987cdb9ae0e88399f80b8a306209c2475daea28a9,0xd968b4338e1164aa0796b6ebb397c788e4b1ed38d08792cb1adb719cbb373957,0;1,0x856746b29eca35f2a90be7b6d6840fa507819d61a6bf8ea1b546706b3873ff35;0x8c111034a3797f07d338f117b8832a429a0439ce75da2b99744f3bed3fe58a63;0x2e52ff2901e399b2fb6486157e5a9658e243bcab8f2c9d578125aa247055a22a;0x26f18e065718de5ce6bcbd65bed5ab0205eb5a2ee5c717f6f22392a9fb2f273c;0xbf47bb695ee0aeda9521be35dc8658f41e2845d662a2cc2d0eb060f5b8246b8c,5.621065,3.564104;2.972062;2.724068;2.911981;2.654914,512.0,9.0,0.0,0,0.0,0.0,0.0,0,2804711424,2804711424,2007.9079999999472,1796.5890000000152,7.762000000001434,3.2850000000004402,51.99899999999702,105.0,690.0,992.0,476.15599999999426,1594.9811999999674,6.175199999999825,2.8584000000001635,33.71080000000026,105.0,690.0,992.0,4.989875,1.794536;1.695326;1.549366;1.420351;1.499031,512.0,9.0,0.0,0,5.0,1.0,0.0,57896.0,2776297472,2776309760,1960.5160000000233,1612.311000000033,8.382000000001222,1.8729999999994584,42.34399999999972,105.0,690.0,992.0,450.1990000000067,251.2528000000014,5.815199999999881,2.7319999999997346,30.712399999999196,0.0,0.0,0.0
512,100,95,0xbf4e7cffca89ffb5d06c53cf98b7abd4ea3d5cd9c3b926bf931d8b6b344476ee,0xb91e56ab8c83c61bf6c7359a91d925dbe3d62c08daa5a70395a6dc6ff6b54187,0xbdadd8f061f2b7c5331f5bdeaab0ee29ea4444c6eca8e7cf8b47fbda8de49542,0;1,0xa89bd761b4345ec2704b48083d3057168e390dd3b6e8afd408bead8a6dd3a033;0x6a8995f8e6e0cd1e77d3f53d41ff5c330b6ab52cd3984c4e54a4fbc3f7173104;0x650f5e46dc9a6b6ead50fe7921a8557735fa9b564fc8ec9c4e4b38c2e6b88cf2;0x5b349dedc28470b49fa303df97a577381b4ee98ac1689c0a88e3ab692dfc1738;0x83fef3ff8a81b4b17ff72e62d6d3a0b0362835c6b3d25d5501d049915f10241b,4.810553,3.22375;2.893723;2.874134;2.667122;2.672289,512.0,9.0,0.0,0,0.0,0.0,0.0,0,2806439936,2806243328,1807.0750000001024,1611.3789999998573,7.611000000001117,3.345000000000084,52.57999999999652,105.0,690.0,992.0,474.6694000000051,1526.5939999999923,6.549599999999129,2.505799999999794,30.123399999998355,105.0,690.0,992.0,4.824294,2.133507;1.767415;1.47207;1.506712;1.487283,512.0,9.0,0.0,0,5.0,1.0,0.0,57896.0,2778198016,2778198016,1654.8750000000557,1640.1529999999775,6.1989999999984,1.8729999999994584,41.602000000001695,105.0,690.0,992.0,445.4436000000506,236.0939999999978,11.223199999999682,12.34059999999995,38.772399999997816,0.0,0.0,0.0
512,100,96,0xdd7989e4dd773ebe5d1f702dfdaf7ba166e2906e328230ba583f12a9bdd7a6d3,0xc531841316d30de45b97f2e3b777751c183cd2b9278b08317b569d53e79ffd3f,0x66278671bf183fd04de3dcc264719bfac4f755c87160e264c05cdc0e36813faa,1;0,0x3abfed4d4e6dd3b2c577dfb9f62dbd1deb796cabd4a84897215b747887b50950;0x0512e006446b54df1ca3c1c354fe287414741e8ddb341802fbbc8c95186b72bd;0xd9e9b7bbe0eb7ed1a6e58d355f4a2b596d26218e22b8356581f9a4b179d3e3e3;0x846a6a6d73f01b309c2221bc16783ead0a39c2d9b8e61df93f17ff11f3780d0e;0x4829dc20199cc26e3abe759b3dfdcc40d16cca76148cb504dc5000627c0e17b3,4.598994,3.793721;2.859281;2.77253;2.825651;2.633822,512.0,9.0,0.0,0,0.0,0.0,0.0,0,2806525952,2806595584,1617.938999999957,1747.6649999998983,5.338000000000564,5.368000000000387,40.740999999996916,105.0,691.0,991.0,454.56359999995755,1527.275000000028,7.55159999999977,3.559600000000232,34.551999999998806,105.0,691.0,991.0,5.435156,1.752312;1.469816;1.378548;1.597579;1.841487,512.0,9.0,0.0,0,5.0,1.0,0.0,57896.0,2778198016,2778218496,1727.7950000000874,2195.249999999982,7.461000000000273,3.424999999999609,52.75999999999892,105.0,691.0,991.0,458.687400000013,228.6105999999899,6.197200000000736,2.9925999999999564,30.970600000002072,0.0,0.0,0.0
512,100,97,0x215f878c85f21ff30eb0ca2760b166f39b3baad67c3c019c00fcd0608986c348,0xea212549119e314c6f4905bf0b540711dd967d7d80062dc38b9d0579a70feccd,0xa910b0ee7470fbdf846b2c96fa5839c9709753fd7c13eab250cf6c2cd5f2e315,1;0,0x5781536ae703600437e0b34c1f718ed56d3317877ff5e42b4f37b1f4492c7867;0x3e0281ac8586d13c20e35fd7d63ae9955c100020d9889bb0dfdbd67c75182e0e;0xd13d4b25d15f77977ea668e655d0b87d92072aa7b3cb180b892856134c59dff4;0x1d7025d4b0b699abe93effc51d981d9004af2c53785152aa09a4deae8e1b4db2;0x76fe16e7a525b898085cb64dcd93d2cf625dd22a9d8bcf76809420001ed90f3d,5.104406,3.459246;3.556703;3.255689;3.156779;2.555844,512.0,9.0,0.0,0,0.0,0.0,0.0,0,2806648832,2806530048,1880.0240000000913,1702.4769999998134,6.12900000000055,2.554000000000098,45.709000000004885,105.0,690.0,992.0,503.5851999999341,1607.6060000000502,5.7887999999999,2.9403999999996766,54.80279999999782,105.0,690.0,992.0,7.26889,1.702617;1.486612;1.633162;1.666352;1.44606,512.0,9.0,0.0,0,5.0,1.0,0.0,57896.0,2778218496,2778247168,1652.9430000000734,3097.9409999999375,6.009000000001263,3.595999999999808,51.917999999998024,105.0,690.0,992.0,495.73140000003235,233.31199999998552,17.023799999998925,2.8139999999995946,30.543799999999123,0.0,0.0,0.0
512,100,98,0xa9607f4f493b18709c0cc7447e71c757b90f56ff20f98d3e13046dd0ecdce76e,0x81b0c80fc6fc6d58420562758024272eb964f98f7ba64ec7d78cb989ef6fbab4,0x44bcc2c4b28fc0290e0fc61fec46581af02fd682e2abec56875826465e4628f8,1;0,0x9dfc4533c93b8f2c231ebe4533134e2b2fa8cacb1dd776f42ad0e5719c30e950;0x4c70a276c1baf65796095eb25ff071737588a7e952bd368084c2a36b023f6208;0x8b46766b19bcec93f5c87d5f15297e4540d894d74d00e61a04211a3b6046dace;0x5df7b889fc72d08a821da9f638ea7f9a267a2205bad7bf7d769e523d394d7ed3;0xa860c7e3b9283d0728822e59ed8ebc175bb82c7c0b89e4c7492a7b8858f8dde5,4.510666,4.191786;3.206729;2.975092;4.419614;2.913913,512.0,9.0,0.0,0,0.0,0.0,0.0,0,2803466240,2803470336,1762.182000000001,1539.4620000002135,5.327999999998889,3.19499999999924,42.02300000000214,105.0,689.0,991.0,509.3940000000074,1945.4534000000301,7.4674000000003735,3.9598000000001803,46.27739999999991,105.0,689.0,991.0,5.064265,3.864287;1.747725;1.52552;1.665121;1.63826,512.0,9.0,0.0,0,5.0,1.0,0.0,57896.0,2778247168,2778259456,1975.6790000000635,1607.294000000037,8.673000000000709,2.5440000000001572,51.57799999999657,105.0,689.0,991.0,530.6981999999572,259.90580000003763,6.774400000000153,3.449200000000055,33.66059999999893,0.0,0.0,0.0
512,100,99,0x9faca72d16c775e07d157a57f577bb1cfeec0f2dcdbac7254b9e068d9563b0f3,0xfb85aeea79eece12376d9b92664aec2428e356c747c66b74159da180b29e5c24,0x46c111d7b0c426f311061a3c0ebd227a6203766be42da6fa4fe2b444b72b9a2a,1;0,0x1221e9f3c3aba9650ad3db173de6d142ab308548000e801ab534fd91276c1744;0xaf32c425728d09d94da866b769a89924f463f90efa30f6ba161dd28ac852aec7;0x43a59e5225750b3e167e68019a10a07c0511ec0a06239313e488950577119baa;0x6bbe1f0f1450f434402bae7891c7343acbac56d47f3083a93abfb510f8c4b3ae;0xd0e6b94d5cb5f5d2213d55e2da433522ded90ed8941b1e68b5083460efd54f5b,5.563098,4.362597;3.836034;3.814902;3.376771;5.936661,512.0,9.0,0.0,0,0.0,0.0,0.0,0,2806644736,2806603776,2354.474999999967,1550.1370000001734,5.549000000000525,3.1649999999994183,47.061000000001016,106.0,694.0,990.0,949.2009999999773,1844.2348000000663,8.957399999999506,6.12720000000011,41.7732000000004,106.0,694.0,990.0,5.579898,2.421556;1.720264;2.944159;2.942447;2.078634,512.0,9.0,0.0,0,5.0,1.0,0.0,57896.0,2778259456,2778284032,2036.91100000003,1887.9069999999665,8.101999999999416,3.3250000000002027,51.357000000001875,106.0,694.0,990.0,597.7489999999808,319.77799999998166,18.491999999999816,5.412400000000262,41.06399999999622,0.0,0.0,0.0
