slots,overlap,sample,parent_hash,block_hash,state_root,first_order,repeat_block_hashes,repeat_state_roots,off_first_ms,off_repeat_ms,off_first_provider_slots,off_first_provider_accounts,off_bal_load_us,off_bal_loads,off_root_cache_hits,off_root_cache_misses,off_repeat_root_cache_misses,off_root_cache_retained_payload_bytes,off_rss_before,off_rss_after,off_first_execution_us,off_first_state_root_us,off_first_cache_read_us,off_first_cache_update_us,off_first_recovery_us,off_first_trie_branch_nodes_seeked_total,off_first_trie_leaf_nodes_seeked_total,off_first_trie_leaf_nodes_advanced_total,off_repeat_execution_us,off_repeat_state_root_us,off_repeat_cache_read_us,off_repeat_cache_update_us,off_repeat_recovery_us,off_repeat_trie_branch_nodes_seeked_total,off_repeat_trie_leaf_nodes_seeked_total,off_repeat_trie_leaf_nodes_advanced_total,on_first_ms,on_repeat_ms,on_first_provider_slots,on_first_provider_accounts,on_bal_load_us,on_bal_loads,on_root_cache_hits,on_root_cache_misses,on_repeat_root_cache_misses,on_root_cache_retained_payload_bytes,on_rss_before,on_rss_after,on_first_execution_us,on_first_state_root_us,on_first_cache_read_us,on_first_cache_update_us,on_first_recovery_us,on_first_trie_branch_nodes_seeked_total,on_first_trie_leaf_nodes_seeked_total,on_first_trie_leaf_nodes_advanced_total,on_repeat_execution_us,on_repeat_state_root_us,on_repeat_cache_read_us,on_repeat_cache_update_us,on_repeat_recovery_us,on_repeat_trie_branch_nodes_seeked_total,on_repeat_trie_leaf_nodes_seeked_total,on_repeat_trie_leaf_nodes_advanced_total
64,100,0,0xdbe33470d101d38ada2a3dbe26f83f1826f42d7cc1c92ac8d26a5d4f6709cc55,0x266eb4e2c942993a4a536899598a439d018ab036d96bc2201d8a74d86d04d91e,0xfc433963147b2cf209becb60bc685ca2e453f20cacd78d659ddf6aedf3ccfb41,1;0,0xb5e302280a2f0e38a76b38a428e42feb62571e0d7a7b88a9cc65289751822742;0xf8ed0d360875e32bab7d65ac6d1b0c75e8abf19336da74ad2b917e6c24b3f9e2;0xe0217d667fb6cbc4945066134cdad85a68e7fb5953e93d13bd7bab708afe91f6;0x1e2fba37334e2586fe26486110979e58162be4defefce23c3571b8656d8fdf23;0x6876ae846cee9118be9ec0fcd2e1fe51708595c786c207a6301c358a2cda9e3a,0xd6e5ef797676a006ec36141ed0d3e6c725fe11738191a1b24e255cc0e1a62dec;0x4d6f36deae0482261db16fc4deb67d24e51261aa76c5a28f920f722437f5e974;0xd77e6e75993d0aa510b5e7bb0968919b8fe6fdb47d7c8435520c5e0fd831f087;0x584e5e01babf0e6349bea38d9bd90623bb953031e09159b3f0e4a3b3c16491f5;0x5ed9dd99e5a614ff7b29ba464505b91e2cacb124b42ad7ca3c6e602e77d5bfe1,2.195791,1.720725;1.433812;1.097484;1.05457;0.950714,64.0,9.0,0.0,0,0.0,0.0,0.0,0,2540408832,2543169536,421.32500000000005,443.15900000000005,3.1750000000000003,1.5820000000000003,28.283,18.0,85.0,121.0,113.46119999999996,318.4122,2.6559999999999997,1.7205999999999997,84.193,18.0,85.0,121.0,2.66581,1.475094;1.117575;1.101812;1.156574;0.847037,64.0,9.0,0.0,0,0.0,1.0,5.0,7720.0,2543538176,2546270208,774.1020000000001,677.772,6.31,2.4339999999999997,42.614999999999995,18.0,85.0,121.0,152.42779999999996,235.8638,2.1794000000000002,1.7766,66.9948,18.0,85.0,121.0
64,100,1,0x1713681f086255ef70d0f9f341c8aeae2082fa3ca60206d06017fb2160f25324,0x2a64295202ecb313ffbc98b2eeda6d9bc53a674dbf3a9c5b2a69b1d318bdbb1a,0xa1850b2d310c62809d98bd0a2f83cb055289e42a5a328fa6f7498784cf53ff3d,1;0,0x9d6f30cf6ec552f77329e009cc60de0739b6ef025648002d852a2d8dbd945f19;0xc7bce399bb6c9fd5863ce7ac10034cdceec183fac095c7e1e577481637604366;0xdda53c91c3b19f405ac804e853e2a25ee2d58a4e07fe24b5d91108700efd6b19;0x1a57a2472c9775ff025fc543192e152b2fb302172df623d6bdd41748d8f46dd0;0x123e58c68c137b6afe70ea18fc9a93adb70108992c9b142ac65c11fff8239e07,0x58065c2d75f5dbdd46a360f7856054cade318155a1d7ad649dec92f6617cb703;0xc9cb2756cdaad06bc400e4b1e061a151944b8286f0babb737587f0f1daf70089;0x722db950d103ff8010717e71a4938824a22cc192e5113f8768853f2f8bab56be;0xa8886f3332c319a17f4946969c8b27dc52cab1a107af9959163a33bec95ba772;0x8cd40e7d4290f124332a4972eb8cc0a1965e6160795c6d8eabc6e33cb0e9ad47,1.702788,1.731411;1.314192;0.977845;1.221592;1.375895,64.0,9.0,0.0,0,0.0,0.0,0.0,0,2552377344,2552791040,411.8310000000001,418.4610000000002,4.687000000000001,1.6830000000000007,27.76199999999997,18.0,85.0,123.0,115.19779999999996,342.94300000000004,2.9783999999999997,1.9989999999999999,79.63039999999998,18.0,85.0,123.0,2.169101,1.32631;1.144576;0.959917;0.952256;0.917614,64.0,9.0,0.0,0,0.0,1.0,5.0,7720.0,2547761152,2548260864,472.7529999999998,508.02599999999995,6.950999999999999,2.253,57.077,18.0,85.0,123.0,98.4464,253.43020000000004,2.2713999999999985,1.2677999999999996,66.46820000000001,18.0,85.0,123.0
64,100,2,0x2afeebad3b139f3eadc42ede2b455cb28bff56df241e29c30ff5245832411564,0x2a0f441b5d899b841ab173951420a43d217c80218f462698ecc9258f2d9f0e7f,0x1f32d1c91e0181ba850df003e1ac81a2e6aab3d111f9c8135a9fab0d96b930f8,1;0,0x98629a69e8fe998b217c4babb11f45148a9b18ab05d3dda7f0e829d0353c887c;0xa242c6d073354038fea6a76009c75b38eeea543b4e03a19767d5b0f04fa60980;0x65c42f2044fcd5bf4c75ad98eefec9a367e317e11184dbdf4c5c24a52ab4606e;0xc1249008232108ce9bfad0b0d9c4798700193b6f032e65bcf6915e0bac9ae6ba;0x3080a1e835bc698ff73ac34c08e97014008834d0a6ab2676b7d13defffbbe862,0x16587a104c747bff815a37a54a6be450de04d4ac9fa9cc72cbc7e9a2320b1d5b;0xfe60f067aaa48a43ca5a85d56f0a788009f4ce020f06d955bb906cdcf5bfd84e;0x62bc3724f65eaadb6f5af58dd0ed4fca0f4595196395f3a2c5100fd4d740b592;0x21c84a0b7ca1408c1dde41a3d08f03a88b653d67f888b5c710be3d95914847ac;0xe08c5adc34d09641a198574d6ed7543f40188f52c5d28216a6bd15e2ff5474fb,1.640995,1.361012;1.14709;1.106679;1.164616;0.959958,64.0,9.0,0.0,0,0.0,0.0,0.0,0,2554982400,2555412480,361.11400000000003,416.00700000000035,5.808999999999998,1.422000000000001,26.430000000000028,18.0,85.0,125.0,111.4678000000001,311.70080000000024,2.293400000000001,1.5219999999999994,66.75479999999995,18.0,85.0,125.0,1.969129,1.865543;1.559171;1.0545;1.105127;1.026919,64.0,9.0,0.0,0,0.0,1.0,5.0,7720.0,2549776384,2549989376,586.113,363.398,4.986999999999998,2.3040000000000003,41.90399999999994,18.0,85.0,125.0,143.45640000000012,256.5066,2.3856000000000037,1.7024000000000004,73.48280000000007,18.0,85.0,125.0
64,100,3,0x87201b987866c616f0fbc24a7a7bff7f312c13094438e8b3ffcdbbe6106224bf,0x4ee8e35bff5f2901be52c015d433f3ee834dab3e68e29804011d754892106710,0x023d63ecc3c1ea82a2a66f6e0a4b9e86bfe65eae39995acd2e747a4c429217e2,0;1,0x588bbe16022d8f276bbb4809785b6f26b0ef24ea5cd59a8183625327949996bf;0x419bd81d9b25711ae1af95a9d811f342b3de4273c4de24e116946c639c7bdf8d;0x8babfe0688c33fab120305952949506b625d5dcd5ff6c76063cdf613f437377b;0xc93b2b003f4f2c9f58bad8e0b03aab359814b5e21655bb8ea17d7dae5b5b23cf;0x61e1061c8a4726ed04ff7131ed9c1899654135a14a0ca6c7c51a67e7ac3bc7da,0x94565f1c56ffab6926874ca1a87634f5e4cff5ff3234e806f8d2d624c70371b7;0xd8721c3660929a00414853f4f75110d273ca53ade6409e39d6802513995dd4e9;0x96bf40194ba0e7acdaf4feb672601d4be103a8db2be46c1bfe1073266c36caae;0xcefc53e161ba2d668ef2b1baf271a086b3a46f5375a0ab8b07cce420d89c7716;0xa877a6c3b1f89135a67fcdc57fbb912459c5ebe759ca586f4e34f6130db9b821,2.130412,1.758582;1.210886;1.158947;0.966658;0.960289,64.0,9.0,0.0,0,0.0,0.0,0.0,0,2556080128,2556383232,394.61500000000007,434.2549999999997,7.220000000000002,2.0430000000000006,75.03299999999996,18.0,85.0,127.0,108.03700000000006,303.5498000000001,2.856000000000001,1.7950000000000002,73.58080000000001,18.0,85.0,127.0,1.579992,1.698341;1.270536;1.092056;0.934549;1.016673,64.0,9.0,0.0,0,0.0,1.0,5.0,7720.0,2551697408,2551750656,376.548,404.4299999999999,3.6350000000000016,1.5520000000000014,25.918999999999897,18.0,85.0,127.0,119.48619999999995,297.0878000000003,2.3600000000000003,1.5246000000000024,73.35479999999997,18.0,85.0,127.0
64,100,4,0xc33bb9580fd26ff3220c1f67773abf31a4cb273f59456993f80a648c4760de50,0xa8776e548755c942a41e664cd44a1e2f98e33da4370115853561226d5155ae35,0xda896983528103b998db32edd265f5edede55eb36b8e2722eb148c39174e4cdf,1;0,0x0ee2eb25e0cb7a2327811d6c3cd2046294280b0627b5b814e816f27bc1d19870;0xb16ec5f85668b6ebe6125687388d2f7718147c73782a69608bb5156e2fabb391;0xe04760be15b766bde0f341c8014f7bbf766fe434e19a8a0f1b11e6a3d93dddc0;0x4d01fe38207bfc1ec560115d9159ef641f6bf5000729e407c0226b08bac612a6;0xf26dad3104132e0f8175cbc05983490e230319e58d5d9d2b2e9ff1de1cab4d85,0x20c387ccb1918dafe6bb77dadc89dfca3c5bcb320c46dd5b5174f3bac0ebffc3;0x548154cbe262c4838ad44ff9bdb96899241d29a689ca02eb547950cdc032637c;0x34b9e2fbf567f24dd02e0f759d06c5c398fc44af9337bfccad2045808ee0c95a;0xf75d5465b56c786b6068b0c089b27c64fdaa4858532761ebeb9d9c6e5ad26835;0x5c1c1ba033f483e2d5fd3dd86833a34aebeb549073ff01040b164299df93198a,1.9034,1.311428;1.115853;0.928971;0.987139;0.853567,64.0,9.0,0.0,0,0.0,0.0,0.0,0,2557214720,2557214720,511.10099999999994,519.5129999999992,5.567999999999998,1.6129999999999995,26.550000000000185,18.0,85.0,129.0,102.81300000000022,250.67419999999996,2.3493999999999993,1.4562000000000002,74.02560000000008,18.0,85.0,129.0,2.363359,1.847295;1.007149;1.241923;0.930553;0.972927,64.0,9.0,0.0,0,0.0,1.0,5.0,7720.0,2552401920,2552455168,560.1749999999996,577.3010000000005,5.097999999999997,2.5140000000000033,40.441,18.0,85.0,129.0,100.85000000000024,287.39560000000006,2.5237999999999965,1.5124000000000013,79.44780000000004,18.0,85.0,129.0
64,100,5,0x9855b5480be53c9e5d9df6d98a8e16582a5e4f8567e17c0572314f978b205503,0xf3fcfe66d1220e4e7e47b071cb37d75684504cce70f6938600421c3b33eb2278,0x50048714af0a960d3637741d968f3d062b08a8e712a5b59b78582eefefaf5228,0;1,0x445268cee3a3b28a4490c72e18dd875005c3f8f25284b6b5de67eb983d3166c3;0x4db8f36e0831e4a6cb33c37e049b20c22849b82963afacc203fbb7b779bb5a03;0x6b768cbee0521fbee33e386e29eaa19739009d02b7f58b8e092736956225be44;0x3fd7de0f39f79828880f3146cdbd7e7e3be5dc6aeeb4c20be50b1e22e395df0f;0x8273aed7bc915f9af368a5f477954db516774f6cc496091b015e90ad0898085a,0xc45d8749ebfa923197a98a7ec23cb7a8ef7ceab44b552962bc3632fa7b51bd35;0x051725fa15ca81e7211e772d9667c6313c37c434fbb79ad7ad623a4531180590;0x8e45a85b86674edd9b3f4b090ca6dd9fbc24d2e41d8502b203b89552f142e0c0;0x501eeb1022bd2670ca16c2a20ed506203c9a3d9b50f8a6d60d270624fd79a02e;0x60468d891945126a7a98e77b42009619f263eb2cfc2989bc206180703c913f64,2.170453,2.29487;1.122092;0.926547;1.045366;0.965275,64.0,9.0,0.0,0,0.0,0.0,0.0,0,2557665280,2557919232,425.18100000000015,472.3320000000007,6.139000000000004,2.203000000000006,42.61500000000019,18.0,85.0,131.0,158.0439999999997,284.0846000000001,2.7499999999999964,1.8950000000000027,75.53819999999997,18.0,85.0,131.0,1.62472,1.316315;1.04834;1.017955;0.939817;0.882521,64.0,9.0,0.0,0,0.0,1.0,5.0,7720.0,2552942592,2552979456,423.04799999999966,437.2290000000008,3.4760000000000053,1.5830000000000015,26.25899999999983,18.0,85.0,131.0,102.91699999999993,275.3731999999998,2.2935999999999988,1.2979999999999974,67.49599999999997,18.0,85.0,131.0
64,100,6,0x3ab681a3dd45da8b1d2629659a2392c6c9b66826406f80b6e88626498e7820b7,0xae6ab12969848e1c54ed6b28334522a0f6858acc26c0abf07e2e4f887ff73a49,0x9d5969e1b89419be395615b4b2b3de07e90cc3bce171ce564297aef3253cbab7,1;0,0x065413da664c01aece6a91359b56acf710dba544ee6ef27504dafe3ddc62e717;0x36f3e47119c8f2e99bb9d8b60aa031a955e353406468337749391a8618540d94;0x5c98b9dbcd7ec6bbbe211f8e356c099fb2a84d3c172ef61091fa69ee11551a04;0x33a19d17000b4c801d3e1c8c07d3a158a19bbb6d20c09d40d326d91225480313;0x7217ab1e5141db95658a1ed13b4f3893f25abe2e393e1ee11ae71426bd231f9d,0x7c2f8ca5c3540d9427fce63e8ff9299640611ee915893e5e3eeabdc3f100620a;0xad3a1122383b5619f1e0fb64c4e8add2e1713fc41c7101a9a741c391438e98dc;0xeab892311f7678756699f90c61b5e76ef1b178a84a715a9b5b068660248eecf7;0x20f36ee046b297389f8176e0b45564bfb6d9ce60f5bb508bce600bdc207a818a;0x3063a3645af27d07aef2b30a3e9c28c6c4556a7871494e062f48243832a1349d,1.860235,1.424438;1.361773;1.263425;0.976953;1.120119,64.0,9.0,0.0,0,0.0,0.0,0.0,0,2555244544,2559229952,436.81899999999973,478.1809999999994,5.638999999999991,1.5919999999999943,25.648999999999983,18.0,85.0,133.0,100.97419999999975,287.57780000000025,2.6999999999999953,1.3259999999999992,68.52519999999998,18.0,85.0,133.0,2.126487,2.073967;1.085087;0.985696;1.06054;1.224877,64.0,9.0,0.0,0,0.0,1.0,5.0,7720.0,2553356288,2553389056,421.3159999999997,450.42999999999995,5.709000000000009,2.3229999999999977,39.940000000000026,18.0,85.0,133.0,161.3614000000003,344.39360000000016,2.6298000000000012,1.7267999999999997,109.41699999999993,18.0,85.0,133.0
64,100,7,0xa91d590092ae0855acfe0c9e493f321dbad41c5a5d6e075e682b6134ee9f422e,0x97878bf661cb0d386c25f621e65956dcf7ef9091c8d7fd59b1ec5b93d4df5b72,0xe99d97d1e82683cc6777c2ee091f6ce21b6d2b46d680965755fa7009b9f628d0,0;1,0x35b1ac58fba949b55f165894a60139df3c99a497a0d4ae933f67e906d8372c59;0x05d6a4585cc015ca42a90ca46d1697080c9a18aba292627b44b399a47233f6f0;0x38ca22e6f9887bd57601a94841d083f1395b946a17fdac0a8cf10e92f4990611;0x771046df9326f497db91aa58ac90b1796463fe1ca43720afaa0a57cc1a715760;0x72086bf075567396dc9908ee361ebb50836f92e47eb890732df1d77ca6c44c7c,0xd944137c0862a80e4386f5c07ae0acc35bfc71a9175331861016474f78dbe69f;0xac4492eafecc24088165a601bce7cd44799370af6488f3be2813d411a73f757e;0x5c68f65b88595d3455b26a12a05ad84ca1dd984eab668305de9d503e0f359a6b;0x9352c11ff59704581fea4f41425f14e2849882624d732ae705c01bd561e916f0;0x6f942e5ca0a82423a01475720754f24347102f5c160e118910d7931568fe456a,2.864089,1.914607;1.211167;1.022742;0.968621;1.051575,64.0,9.0,0.0,0,0.0,0.0,0.0,0,2559844352,2556035072,735.4279999999998,473.1440000000017,23.865999999999993,2.3940000000000046,45.758999999999816,18.0,85.0,135.0,106.41640000000064,291.10720000000003,2.7501999999999995,1.544400000000001,84.73180000000005,18.0,85.0,135.0,1.644811,1.478029;1.052557;1.06105;1.053468;0.959898,64.0,9.0,0.0,0,0.0,1.0,5.0,7720.0,2553716736,2553815040,436.56800000000004,420.48399999999873,4.306000000000009,1.5819999999999994,25.128000000000128,18.0,85.0,135.0,93.60299999999975,285.5648000000003,2.0828000000000024,1.261999999999997,68.83360000000003,18.0,85.0,135.0
64,100,8,0x1e867bf46726c662f897556ff318ede14ac6fcf2d0d06520a804149c602cb372,0x3ac68487d37c946a3b437670dc73e9adefb686aa2a4b07cb79bdd6be67062d90,0x7f9ece596571fb743e0151c5d14fd05f7d00acc73e6da8244fc3d46d6d9ed4fb,1;0,0xb76ea3d7b0895e0d3944876abf3253b08bc455b7d51edef76c706bc9f7a1961b;0x7600417a7870379329348059882404de7f7dcaea781fb0bcca6faaa7726be164;0xb9c22d0905629d47eb346d3c14f72e4935b24c84250f938ffbb9387b0d6f040b;0xe13b326e8534bed72f3a12a8cedae599b20245121c3d064454d56ce650a3e141;0xdbee04874591a55b281c36d034a300556e9ead8a9bfb8207fa7abecbc8c26731,0x88279059a14f21e713dce2f4d0df993faccfa07c2992c3fe7d542772fece0075;0x9f2b10ef6b6bb02c705c880acdfff8af73c688ba6b685cf5fadc2dae3693c7f5;0x832adcf45564469c3ec874b116be879f022eaf396d78e0c3da96d2d7ee1c22fa;0xf553488468eb693887090345592cf4c72b3e1f55f3cf764b3551aecda57124f5;0x40051d6874e13a7935a0b5914fcb73161dabd5a416325cfecfe8180b1ba69046,1.987046,1.858091;1.111146;1.003533;0.932486;1.025557,64.0,9.0,0.0,0,0.0,0.0,0.0,0,2560385024,2557263872,496.0480000000007,406.55300000000045,6.649999999999999,1.633000000000003,96.34499999999986,18.0,85.0,137.0,102.91920000000017,298.7988000000004,2.493800000000001,1.6564000000000028,72.16700000000007,18.0,85.0,137.0,2.516314,1.29981;1.097084;0.983423;0.945445;0.986748,64.0,9.0,0.0,0,0.0,1.0,5.0,7720.0,2554134528,2554183680,512.2019999999998,618.192,6.129999999999997,2.3029999999999946,42.17399999999986,18.0,85.0,137.0,102.3384000000002,261.88719999999944,2.4018,1.5099999999999987,67.55560000000008,18.0,85.0,137.0
64,100,9,0x7c712cec10f3a58f3a78813389dafe32d032e9edd785a9b1ca5ecc85fdb0b6a4,0xec8192e1eae53905cdacdb3a94314d5d7375fcadfe28c6cadb46f2e0eee1c10e,0x93cc89101871726e998facb5b9ad048bfc28291288c53532b8439258c3606f2a,0;1,0x3927a9810a6944c22947cd754fb1cd088254b7afb9d63fa88716e9d504aa3767;0x3c7da7bcf45cf81960f36f4760ff65c56f38fe51d476bc29429a14018519135a;0xf6d9f2bc37b48692220891ae410f8e7ff08b4e2c4f2f47d53f12e42c98828a50;0x0b5fd3c7d0b85ad7375a3000316a3bb81ee435c429188bc032fca29524234177;0x5a2663b5e593fd5ddac32957f4c120f2b3e55805f6a590bef7dd71d488135409,0xa409fef976840567f167bf252c40d74bf0830beb3f41b6be2a99da02a3cc4ff3;0xf7d69f0bc61f93f0dbc08f599f7ff092b7a92eaad99572db5e3d0983cb734130;0xf8f00b6656a8b6d3062285471ee6a3d009dc64d1dfcc4818ac1fa7e0b6a8918a;0x8c009d6e9d2682279c5a4cf75cb057f61643c72120c01df638000118666e5486;0x47c71d62699af984b1463f8632b118721b8f2b487ba38afa5a95b567c310d167,2.394931,1.440302;1.099227;0.960418;0.975731;1.025716,64.0,9.0,0.0,0,0.0,0.0,0.0,0,2557587456,2557628416,509.18800000000067,501.175999999999,6.880000000000016,2.5629999999999957,44.256999999999806,18.0,85.0,139.0,96.31099999999996,300.25480000000005,2.2875999999999905,1.4082000000000006,66.25399999999979,18.0,85.0,139.0,1.643878,1.947116;0.997465;0.969963;1.099128;0.953878,64.0,9.0,0.0,0,0.0,1.0,5.0,7720.0,2554380288,2554466304,447.7100000000005,409.13600000000093,4.0759999999999925,1.9029999999999985,28.893999999999796,18.0,85.0,139.0,107.88459999999978,304.93399999999974,2.4119999999999924,1.5683999999999994,97.1302000000002,18.0,85.0,139.0
64,100,10,0xecae5f905678500f02b5c78fd090b1ebb3fb9406de8e66ba7613ef67588ec600,0xee0b41939fd3eb03207f4840958d1c7ebdf4b5eac58f0c7ddad397d5be675699,0xc2887f4c4e64269b5183462c1aab608ab4fecf08e86c4ab0051eef8f02f15536,0;1,0xcb91c846269c7e07941af8841517f91a0bf4e7e58302e639217247236c1154c5;0xcc514fa479fa9c06f8da35c8a805df5a59d00d523c59decd162d098d656dab5a;0xc5ef3d0eb638045a87c358c9451780bd417444f1dec7ecaaa3f05687650ecd8c;0x543d705af79a2c4bde130d31e773db3dc7bd89164694b1b074ccdf5badd71d6b;0x807292c921b7ef9c16c20cf196210e1a0543a73c636e04f27fcc0f72b06bfa92,0xb15a38911339bd60247505628d71388ee96e7f3f924dceef83b4adcf6fef44ab;0xb6137d2f450b8cc4cec7dc271886553cc6a1e5b40c872ba0d235da2c030a1aaf;0xf311c48585b28f9efd9d021b33ff636cb5b6348444b597d5fad501b92338fa22;0x3e6b82c3470b3873f66aa3dbe25b4f637bf579f3224499cb0166107ab48a8faa;0x2ff78a2a70f2378e61e0e2310f3d03336e3959758a25d3fe81608342ef7830f3,2.215331,2.096611;1.229524;1.496756;1.024124;1.027209,64.0,9.0,0.0,0,0.0,0.0,0.0,0,2557747200,2561519616,534.3259999999999,523.3889999999991,6.96099999999999,2.0630000000000104,68.48399999999974,18.0,85.0,141.0,132.51779999999965,344.8437999999998,2.91680000000001,1.9089999999999927,87.67639999999986,18.0,85.0,141.0,2.067037,1.388764;1.090124;1.272929;1.361563;1.203024,64.0,9.0,0.0,0,0.0,1.0,5.0,7720.0,2554638336,2554941440,472.3620000000005,742.9099999999994,4.376999999999989,1.3719999999999997,25.278000000000105,18.0,85.0,141.0,137.32740000000007,342.95340000000044,2.3154000000000003,1.536399999999997,72.35900000000014,18.0,85.0,141.0
64,100,11,0xfc1ca53e45b969f93cba5032065c8fc1e0f3b38fea086375309d2f7bd6753649,0xfe4b208e41f1f50ac61185fbc85a9fe32ce164216ad76260c18993cc3c429781,0xd91033b3b06ce63a953b5c398b019a6480914d3e24b15c0c352556c80fa4fb55,1;0,0x730c24985eb51de798ea897cab525fa0431361beebaed31f9708cd916cfc9c7b;0xc5999a00c254bf3d956ba1493daa64c33ad45c2694004ee05d5911f35e12b77c;0xe84339029d83ef4e98c134d13ffd42bd1e8cca1cd37dfba50fffc9adbc1986d8;0x377529bf33c39cfd8f92f98f6e9e025e582a0f9db3bc84b9162d767b4318fe70;0x62433d854110b55ae05ec1c37e5ac3c108e8b582f884d7f4c0521440e198ddda,0x7230040eb78b24279354147eb4fb7bb1ad63028a6c3efd0b584b75fd8df69a4f;0xf9bcc872227ad08fe176272fa2dde77e7e14c15eccb1c272c5e891cc77fe8ed8;0x25ceb703746beaac83777071292e90647e0f257480b4733627fc33d98b9f53b2;0x1a1cb0c8b077ec5e99b5917a7576c13ce9ec2560ae34b27e0e550047ffd69c2b;0xa8b62b8a2a8752c2a4843b28783ebf62f73fb26ac0fa3e52b0ead9bee044dea9,2.287349,1.785482;1.212839;1.147651;1.02791;0.942131,64.0,9.0,0.0,0,0.0,0.0,0.0,0,2561650688,2561748992,480.2939999999992,538.2620000000012,27.752000000000027,1.522999999999992,28.453000000000333,18.0,85.0,143.0,142.1484000000004,292.1386000000012,2.7102000000000093,1.688200000000002,120.28359999999988,18.0,85.0,143.0,2.553316,1.373191;1.038196;1.292499;1.003453;0.886517,64.0,9.0,0.0,0,0.0,1.0,5.0,7720.0,2555056128,2555215872,656.2799999999987,529.0979999999987,5.948999999999994,2.643999999999997,42.74399999999994,18.0,85.0,143.0,96.88019999999977,306.7203999999997,2.3016000000000054,1.626599999999997,66.31420000000003,18.0,85.0,143.0
64,100,12,0x02da01f6344dd6859f4102ad072ed5400adc1704d8613c21c1ca46b35c1e82b3,0x33cd8bb68d03afd2cbb514aee6761a8d15a11558b40e1fec5c4b30223262ce51,0x80a012f273c7ee9ecb09faf98a55fc955d15ddc6d1fa3014f6929ceafb774ba6,0;1,0x9aa76d15f81c3107be0b1667cbf14ca851259d5dc431abf128e0c7440d27a261;0x8d85dfe438f9c4a02b9a416e1d56f0ca3cfb3e5518a02fe2b79f25a5c7e47ff6;0x01359dfcc03e2d6e671f7b2240f202c745f824d5709965b0caf510fa9acc29e0;0x3c8e58c4a4dfed7a894b9ab87700e5e17a2c219ee149348dbcc163bb44685756;0x7a36a42ae78e9fa86cdb9608d4c78e2f4e4379bbdd4437eb8b2c367f6ae9b755,0xae4c17eba249b028e9b745712700e2e76f255947ab361aa3fd8cd08340d33319;0x9f757fc0c363cd473d1b7967e43e5f586943ab405373116d9844eb41f2814732;0x598b837b062a71ba4a81f66c626bde9b2655ceb78712013b976968d5537ebf13;0xaebb5b9eacde34b82c841bad3dc24b1b585e6bba9ae4177e6cc9bed65c76a605;0xe4a51f2ba496ea2bd735facc209aab5bda3bdb6f43a178fddfbf6d093ecbeab5,2.268401,2.165686;1.364087;1.051285;1.190465;0.962621,64.0,9.0,0.0,0,0.0,0.0,0.0,0,2562072576,2562138112,553.7650000000012,453.10299999999984,7.720999999999976,2.173000000000008,42.084000000000394,18.0,85.0,145.0,135.53639999999976,329.75739999999837,3.0590000000000046,2.0030000000000037,86.54040000000002,18.0,85.0,145.0,2.495078,1.373611;1.109043;1.076473;0.989377;1.081961,64.0,9.0,0.0,0,0.0,1.0,5.0,7720.0,2555514880,2555781120,1079.1570000000008,488.3660000000005,4.326000000000026,1.4020000000000112,29.954999999999913,18.0,85.0,145.0,107.8405999999997,277.15780000000035,2.3073999999999883,1.3801999999999988,69.62080000000003,18.0,85.0,145.0
64,100,13,0x2e945a4cb64b29b01a13c99a2506744031ae0940a618d255ee00f80dfff542a6,0x9ee99d1e430cfec405e5a7864405ba78f4764406a5841d2b921aded6c32f340b,0x6d8181d5ee360faff06b966945b51afa906ee42130daefea193f6cfcc2b2eb88,0;1,0xf0ae665244e4ab141d3eefb6226dc9120f50c1f01d190d5bf5e7d4f09d969bc9;0xcee3d600d4e4a85d752eddb936bdb390747eec0e12fe6c702af05f77fe0782b4;0x7c73289c858498c5ae07810763ddb72f6c8f19c7d6a592054a3ee038194e7c6e;0xed3ede6f263f4de9eacf36b521758c2ebbd6030a37275f43354f0c819a9539ef;0xa5afde4efdf91d78731579035a0c32102381a2289dd8b6dedd0835642dad5f37,0xd4b3ea35a3ec06dd69977bf8c7710dfc7467354db41f09c43220e9088a9fc6ee;0xa265deb17cf890ba575aa5dbb84052179cc75512c5bae0ab28f99df6702d2f2a;0xffc0813f9583b8b0d8ab10c85bba991bd7b56766622e7e11e157fc6e73cf752d;0xe20d4d1da365b1ab90eaf3986daaa264115559b84f8bd33f02bc0765c0352425;0xe53c4c8b458780871263c7386ffec9c40eef514c2735ec1728802fce4791c61d,4.732781,1.55182;1.228978;1.272505;1.080819;1.004705,64.0,9.0,0.0,0,0.0,0.0,0.0,0,2562355200,2562547712,621.3070000000015,2392.5980000000027,6.891000000000026,2.5539999999999896,43.93599999999963,18.0,85.0,147.0,157.0869999999995,295.313400000001,2.738000000000002,1.450200000000006,83.57399999999997,18.0,85.0,147.0,2.717237,1.967807;1.42527;1.395985;1.345789;1.131767,64.0,9.0,0.0,0,0.0,1.0,5.0,7720.0,2556420096,2553344000,510.8410000000015,783.1709999999991,6.099000000000024,1.6220000000000059,30.36600000000042,18.0,85.0,147.0,135.64280000000068,352.6559999999998,2.822399999999998,6.804200000000003,92.37559999999996,18.0,85.0,147.0
64,100,14,0x294703438449ad043960abbb5265a203ae594978662ac28c4e504be0c67c3fff,0xbcb0a8be52b2419e3c33c2d65d23a8e364a03aea0e9e7df80f3f7ed67f164bf4,0xfbb96ae3ea9514ef8647955c6f405ac2a459d46a687bb89c293c0400533c44ba,0;1,0x6a2ed299a4fa5f9b5684c01c194ba53b8eaee7ef61356d4261bed1e681c2a994;0x2dc67505d2c9bf5e5259f0d5206ade152ef64886654b8f6795e66a3933cc48e9;0x88e83f78a0dcede5307ac494c6e7f8bc0901d52fb40531717ad69d37ceb26d0c;0xfe868f9766ab0f64381ce6ea942ba3de1d55318293175e1df6e20817e2aa8355;0x7e12587bf30017741e9eda349e9078463b93714c760f8c64b0434ac6e0b74673,0x90c534c5c54b92c0ef66ac82bc1b3501e72015673f39b512bae37862c3d3e4fe;0x4278ba74dbc83e7ac0e4b1b3dcc5d623e4294750b9c8bf2d8a47a6a9d581a72c;0xf04fa9b528e98aef0d598a75d02f64847fd8a73b39195a27c010fdbdb67194d4;0xa7ac3934787e4a8c7d62a39781873e649235d6a95cfb4781954816f9c90363fa;0xcdb3b5eb2774f4e60510510757d0c82fd59e2ef230a7782033bfd29860f29e4e,2.726431,1.327652;1.18043;1.020058;1.316055;1.24072,64.0,9.0,0.0,0,0.0,0.0,0.0,0,2563080192,2563211264,565.5029999999985,794.2670000000013,7.280999999999986,2.032999999999999,61.49300000000014,19.0,88.0,147.0,146.13260000000056,337.2706000000003,2.607999999999983,1.650400000000003,69.83519999999976,19.0,88.0,147.0,2.176111,1.818968;1.444458;1.035672;1.145026;1.004835,64.0,9.0,0.0,0,0.0,1.0,5.0,7720.0,2553110528,2553163776,600.2449999999992,652.172999999999,3.746000000000001,1.6419999999999955,26.479999999999734,19.0,88.0,147.0,104.57780000000042,331.2434000000017,2.4277999999999973,1.7746000000000015,76.4374,19.0,88.0,147.0
64,100,15,0xfc8fbc1539f575574ac6883fbef715985469350ad79933c1fa0a4634517faf94,0x88bda4a7aa9dc92068e10382f206d6e11085206554d29e4c272d5f96b8aafc89,0x715693f01781882d528504223f4d7d1fe4bfdcd40d9f70e5c01b97eaaa3b30d8,0;1,0xf9ca5b39b2d096613a9ab50ce931a32295698a7636573cc2814c8096182127dd;0x03bb7fb342533fc28aafc94f57d79958ed113085f61432d8bf275fd39c742a1d;0x7153a760d9e97c68ede586616ef47260ac047ae34aa36f1ecc877f36a421c7aa;0xd9ea1b08fac1b101e5cfc88418e9b1de6618c9b806d0199c397bdd94ae6c4bf1;0x63cb5359c7251920dd6dd71c05854a443fefc1b9806c85b39fef458e0632e69a,0xf6c0140f040f69649401fa302c4ec5b089333eed6c50eb2663a44c84cc273c06;0xf415562e82ac315a1cb46590d18a82df3398a52d2a5fe1d19fc23492b7607b79;0x42c05442ee6c8512a645914385a74a331b41601e63c85c8ec7528c9414c71ed7;0xae68623134727aa9aaeb33b9b3b6565669bfdf234824f3278ad655812d40af42;0xa4beaa87a665a69e9bbf435e667efaaf60a4b54b689d3e8d0f651c7d92a6d4f5,2.845451,2.080347;1.149413;1.207931;1.400703;1.078567,64.0,9.0,0.0,0,0.0,0.0,0.0,0,2563457024,2563543040,637.4710000000006,724.8330000000011,7.702000000000002,2.2339999999999924,41.903999999999726,19.0,88.0,149.0,122.43459999999943,338.0177999999984,3.060599999999997,1.7667999999999981,74.68879999999976,19.0,88.0,149.0,2.649145,1.598791;1.058987;1.252299;0.982591;1.191477,64.0,9.0,0.0,0,0.0,1.0,5.0,7720.0,2565857280,2566127616,733.8360000000016,686.7960000000035,4.65699999999998,1.5720000000000045,30.096000000000288,19.0,88.0,149.0,110.01800000000061,355.8969999999994,2.684200000000012,1.3562000000000003,68.92580000000017,19.0,88.0,149.0
64,100,16,0x24039e91abb6fe1692a3ebe3025c068f94dbcf5b715deb052d9fccde007dbdb5,0x8c1487c4c566df1b3a64739042c3f3ccbd241a6cd6e071ca5a750958428e494e,0xec153a056c4ae343e4a8d3135437d4d53dda450006569934344a2ac2b410ecd0,1;0,0x0bbbd75337941afc3820b10179922851c5d7dfed1b7fe0641c2a59b964967b4e;0x5f4388ca8aa2b30b9486ddf3e7cdcdf0db4b1a1cbf1d47e70835f8ac0587e497;0xc07c51a152a0c0ca96baf7be87bc988c9246bbef8eca34d77448e1f1b439a9f7;0xdd6380aebaa4758f4b1aeec7b30dedd09935c0547cfa5eeb32656b8bf2998fb3;0x92774ffb096ea68de9e6d9f0fa9e06b8b98a4b60033975f7d33e243332f06f09,0x699b026cf11b74234b72c592e8774ebcd6e56a7d2261f38aaf3d129d6e339508;0xd5a5ed195e3953a997a456ed0308243de3a2017d6135053499b675159884f14c;0x37e275c5c03cc7b851952bfbfe560a1715174e8fa1946f9b272d018cc39f7e0f;0xa31bb7b0e355f729c199dbd091cc1964b00d37497c4b409e244ce6ef4e135328;0xd88beb02bae3c66a3947c44da89732eef0c2ad3b0321fe2aecf740969837363e,2.254089,1.389455;1.169663;1.040088;0.971945;0.961871,64.0,9.0,0.0,0,0.0,0.0,0.0,0,2563751936,2563895296,529.779000000001,754.0269999999974,6.280000000000001,1.5019999999999867,26.73000000000085,19.0,89.0,151.0,100.04880000000007,313.7987999999994,2.329599999999991,1.4702000000000173,67.15499999999965,19.0,89.0,151.0,2.830097,1.803419;1.32671;1.106358;1.077695;1.009743,64.0,9.0,0.0,0,0.0,1.0,5.0,7720.0,2566246400,2566377472,641.3169999999989,766.5560000000015,5.558000000000017,2.154000000000007,41.733000000000395,19.0,89.0,151.0,114.2521999999993,323.89439999999934,2.8940000000000086,1.616399999999999,80.52139999999969,19.0,89.0,151.0
64,100,17,0xc8ceec464845e57ad2d1b3e6001022e1ea144782a939e95ab38b793bd14c0cca,0xe3a394da6d7814863895fc62a8073f5ee3cf88b955bf88440148da498ba84abc,0x7eb7bb18fc2791b4f33cffe492f864c223ec1209b050bb3aa9e03fe3fab5117b,0;1,0xb8457e0924d3e14c895d0eec26bf2eb2f6102df48e5fd761f392f0a32694a7cf;0xb46c0275ae9b4d80ca50c441d107e8ec132405792ddf4c49718c4191d9998dc5;0x35b94959f4d6a1fc846be24e5774c394fd6384671d6c6ec845fe2d26f730088b;0x4e6d736a51a517d4efa0dc5588e0db28fc50109e09bbfdf296ccba773680a0e0;0x2f2f6cb2a50f412b519587251a05862180f9e1392d96ec319dac7f50b7fe7fa5,0xb64acdefde67d23d508a4976ed5909ac4911997d37a45ac798d2dab0393440b6;0x5165388bae86521fd28269fc35af9d2f9110fb7bfbf0a121faffe9ef984176a6;0xa72f7208857207d5f2ca1ccc2e24d3d3c50c56ee46545aefa023b492a8cb94c3;0xe904a5925e51d2ccedc690bc59f4fc4f367eb1d0606807e015993f0dceafab0d;0xa8155675cb935d4f58ddd466e588255aff3a7b8fd2c1c04193937b6da92de223,2.972412,2.47371;1.168472;1.239239;1.244706;0.988931,64.0,9.0,0.0,0,0.0,0.0,0.0,0,2564124672,2564280320,794.7379999999997,782.2300000000018,7.141000000000005,2.0730000000000053,44.84800000000011,20.0,92.0,151.0,117.59519999999941,319.60580000000016,2.998200000000023,1.7825999999999975,166.0043999999996,20.0,92.0,151.0,2.1622,1.347061;0.99503;1.278237;1.008325;1.023944,64.0,9.0,0.0,0,0.0,1.0,5.0,7720.0,2566586368,2566610944,606.8249999999983,690.6910000000003,3.946000000000006,1.723000000000024,26.62999999999971,20.0,92.0,151.0,102.21399999999909,343.90639999999917,2.3795999999999977,1.2276000000000085,67.37360000000011,20.0,92.0,151.0
64,100,18,0x65d4ec2ce25b2634690460e6a8869deca768b2596309ac2fdb682a44161901f3,0x66b131c028ca63996a3b6c69cabbba66c13bbbcd2348515f03b860e561605406,0xbd2a6096c80d165895dace833bc3e67a23a88428a20e4206ce09fd8c9d831b7c,0;1,0x8884483d442384c742b9eee66f13862bd61e48e622941985c2b1ab207bb6ce1e;0xea5594111fc1a733154f8d27a4e65ea06b93466043b7b98a5ea0c8cc70df752b;0x5634469c27b160d156eda078a2be481b4a4b9bc0b9a36e7e279c65ee3ad82c96;0x3aa63a009e33ef5cc2cc46d9ae0c997efafaeba81ebf612803c8cf4d9f33e274;0x310810ed22fc2dfd0a2e1c276201a2665c3d81ccff04f98c75a51637539c3a1e,0x779cc224d19fd65b11d439665ab46bc7039a5512dcd0201d548485588d8118f8;0x6675d26c6dd35c0f05d0f2888f18135f1fae61c03896d8706942f46325e06527;0x2182703b23297d9a57633a9327521056526d1089c5f72463893df9fe0162b6e4;0x40ad777e4c58163ad99b04b8746ed8e5cb6325279d9bb5a14b1c0d490e0731da;0x4778a9de02cb805ed1e2608f42358478c965e84c48df055790216a8b019eb25e,2.607191,1.449786;1.218928;1.040179;0.969852;2.249041,64.0,9.0,0.0,0,0.0,0.0,0.0,0,2565206016,2565222400,620.3149999999997,683.8909999999989,6.991000000000028,2.653999999999992,40.7020000000001,21.0,96.0,151.0,112.42740000000015,351.62200000000007,2.660200000000035,1.6645999999999936,102.11000000000006,21.0,96.0,151.0,2.679581,2.11543;1.664951;1.245278;1.269474;1.415575,64.0,9.0,0.0,0,0.0,1.0,5.0,7720.0,2566750208,2566762496,605.2029999999986,851.0430000000027,3.8460000000000036,1.6130000000000266,47.290999999999656,21.0,96.0,151.0,139.16419999999914,391.63059999999945,3.319,1.8985999999999916,87.56180000000016,21.0,96.0,151.0
64,100,19,0x5e422b0a68122c146d4ccfed1528da392670010e537300fd4f660932f72535c0,0xe6ca0b1569dc2bfb3079eeeb8fd52e855eaaa8f6e8feac847aa5bd57fe6b4f20,0xb496cf9ff647ef320df425859a86b4e3460645d9cc494aaa419824a459c7dfbe,0;1,0x2c36b124ef46fa5303e46d9ccb4036befa0df636070d6fbf05ab481c92b87b42;0x1e307ebbeb1929cd9a076eda40326514666044f1e1f09b332e0de8277ab95c73;0xfff13c4fa167b56f263c4083127cf59ce3489111c4ad0d445e159c24782cef18;0x8c4103ac84eefbc9d682b57ccfa80fc8c6b915953ba53ef914b39a174da852bf;0xa0ad22c481d9959445dd58b00005da351103ac0994613bd3a5b61228432f1226,0xca3b858d8ffe52fc6b350bf2a40f0b8058a4e0af3f17af0b8a29b839db98deab;0x44c49a103574009100605c6e6987964ab843a72bbd6a0a5dd9e6757386a615a1;0x9a836e1315cb2e9339ed5b3e728aa0ab6fc3204b920b7e65799269b7a2c1e4b9;0x8694bcd6e1230c622c1ca3ce7234d753073032a11200992deb0fe152cb97ce36;0xe3e1d4f34111d9c919b8f2d1d623c4c690b1cde773cc86ec82030882d45fde03,4.01924,3.092362;1.899034;1.171687;1.195553;1.310326,64.0,9.0,0.0,0,0.0,0.0,0.0,0,2565603328,2565791744,1084.436000000001,1140.178999999998,7.600999999999984,2.3029999999999946,43.52600000000033,21.0,96.0,153.0,200.12360000000032,387.02559999999886,3.072199999999974,2.1551999999999985,134.77939999999992,21.0,96.0,153.0,2.538899,5.249335;2.603706;1.170305;1.161652;2.733672,64.0,9.0,0.0,0,0.0,1.0,5.0,7720.0,2566971392,2567917568,561.0259999999992,785.5439999999992,4.215999999999974,2.2929999999999997,29.783999999999715,21.0,96.0,153.0,423.0480000000002,676.2936000000011,2.9283999999999972,1.8728000000000082,86.4104000000001,21.0,96.0,153.0
64,100,20,0x067c8693e76c65646f119c9861dfbc8a87dc4b84852f27bd24477f2dbad6813d,0xf23f811d19d5283ad7f4dca774a109e571f68c31d7aa7ce7d6f6096f4e452053,0x01ba83d235a8039644bfbc977eec3420e5e295370920141ddf61a9459fe1a3e3,0;1,0x4aebee79f62e3d998d1b6c13e1dc78267372534f43f6ce5aa3b94bbdb7defca1;0xdc4ea2c1ac194d0810acef81b977182086753032a144aa03564bf227b3fa2f5d;0x356ae680eafc9bb5f995e661cd8a89174486b07f5f3a277c3266eee3f819b948;0x26181c45a227a3206e9772b47d21da1b07a919d28497382c84f7b5051e4d085c;0x585af636253d01433096d3afeb4498cdc283439ce49025d8ea3ffeb332a8562c,0xba5e519f17695f84fae25bfc27c4ca50c11c30fb6e13dac583543919598f57df;0x115a939651b3255ed8b2d1d79501b41275ad932312cb913b73035ecc046edf3b;0x023a7aacb54117e9a1b1a96bb4e49245b2818b2523cf97ea5e5d2f8407e4d225;0x3307c5d608b466c724259c7cacb03823758fa7bbcf5fb33024dbf9bc444a22e9;0xabcb66c680185b369bd592ca28c004bcce2d8d0b8c5343a0daef58db46366f61,3.194968,1.433241;1.277626;1.10101;1.509681;3.212995,64.0,9.0,0.0,0,0.0,0.0,0.0,0,2566045696,2566217728,679.6049999999998,1135.747999999999,7.031000000000008,2.4840000000000257,54.78299999999922,21.0,96.0,155.0,136.04719999999946,365.4011999999998,2.515599999999992,1.792600000000003,332.6636000000001,21.0,96.0,155.0,2.573645,4.778035;1.377737;1.093329;1.314171;1.097395,64.0,9.0,0.0,0,0.0,1.0,5.0,7720.0,2572730368,2568028160,511.4010000000016,837.352999999999,4.766999999999976,1.4120000000000061,26.669999999999472,21.0,96.0,155.0,127.93479999999995,901.5492,3.034199999999993,2.006999999999996,84.2309999999999,21.0,96.0,155.0
64,100,21,0x2872b6a0b9837031f6619cfb3e73eb7ed397eb4be20129e7a0e575f87d69180c,0xdc2eebc33f3b29c67879e3d9b51ff6812d4c07cba34bd24f4cec32b600791c37,0xe60f8ee12f433e5e01ecb325460a6fa244803dea8c77f8eed83dae24c53c29e5,0;1,0x780a22faa1a935c14e0144d76dbb639327acd826b8ef9cf4a24d972cbcdc9638;0x8fe432428c1dc25da77f81bd33bc5e9412116e55e0bfb774350ffc963e18b606;0x3e7177d2a0fc915698243f20427d03640ca84ae558a977882e48c1320fb80e71;0x7a48040bdb7379527e83015bb1f4dffeb652985abc6b71ae195d3dd3b470a0a6;0xde75a2803bf862c9bf601053f9452f57a57cac34e099f78799ec814e91d231d0,0x8d08fe3c179c95158c471506ebe28352acf0900f90409db7047ab4512b787b45;0x3b937c5bc925e34e8a2d0b9def5b3a1afb4837e75fc1f56f0fa0683e2b361d30;0x810b1d6c9d8d3bacdf4dbe42fae52b2bad5a395799dbb959287d1f389228d89f;0x0166964dbd4c6de4abf4e9ed6dcbaafa2e3d0d0fe3224fe350f9a24439dfb3ee;0x89a996ef833125977168f3515bf2c05e3011e2ad5b3cd6bdf2d5796f1885ad8d,3.431935,4.139182;1.207721;1.116404;1.11441;1.30641,64.0,9.0,0.0,0,0.0,0.0,0.0,0,2566344704,2566389760,592.0430000000005,1286.159000000002,7.040999999999948,1.9330000000000236,43.7159999999992,21.0,96.0,157.0,124.36360000000064,342.6343999999998,2.6621999999999804,1.794600000000002,74.10579999999993,21.0,96.0,157.0,3.078452,2.792141;1.606332;1.05461;1.27294;1.301112,64.0,9.0,0.0,0,0.0,1.0,5.0,7720.0,2573033472,2568110080,931.315000000002,1079.5280000000032,3.866000000000047,1.6920000000000237,26.63999999999965,21.0,96.0,157.0,145.30519999999964,412.83259999999876,2.7000000000000113,1.3939999999999937,70.10160000000022,21.0,96.0,157.0
64,100,22,0x558c85e913bf1c989e04874762c28a56e4debfc6c3650588648cc352b24a1d1c,0xa3708ba1260dcdfd43e0e131f361e47b5c49702298b094696f1b6f3a1385a783,0x3bb03ad2d102ce7b94b5887d4a0ca441a24b00a6b5fa06a33e2b543f187776dd,1;0,0xb2b1e253ecfc564e74b5f4aaf92e7c48a6c6a874f125c5efdca072352122d892;0x3c0d0c1d4f4f740c277c5181f54dbf0acfc46ac32d00e75a5c295adb4bd5d2ec;0xc556bbf4c126d9039c25d16467d94c2524e181c75f36a6e6aec452eadd21f867;0x4ef8997708e25b695e5fe5f1c96cf901526ee1822c9f5d78e741e29f1f03966d;0x886f3c61c8db79f0c2b1682c5237881027e091d44790f40dd29d1388a980535e,0xcdb9860eafb61bad5660fb4aa84ca5830ed86cab94e6c0ab7fbd8a8977a2adbb;0xa47ecf98ce7cba8482deadfce310c518667ec7e96543de5e9b469653b505a3fe;0x756b89dda74069647439cfb7ba9ad6c1ea250df833302135fa88db63b89e305c;0x999c80710da62ae373bcdcdbd64a69af5f8ff722553ab1b7d69ebbd54376edea;0xd056c1f2e7ba5c2733324d3ca3e6dbef92f7d10dc038813ae7bb04742dc3d995,3.175589,4.157149;1.19366;1.157154;1.633634;1.02068,64.0,9.0,0.0,0,0.0,0.0,0.0,0,2566561792,2566668288,676.2390000000021,1154.5710000000001,5.608999999999953,1.8029999999999826,29.825000000000685,21.0,97.0,159.0,407.86079999999976,398.26680000000226,2.4374000000000184,1.5482000000000147,67.95840000000004,21.0,97.0,159.0,5.093812,2.106306;1.162403;1.019587;1.172778;1.2002,64.0,9.0,0.0,0,0.0,1.0,5.0,7720.0,2568171520,2568220672,1000.8889999999978,2594.572999999996,7.94200000000004,2.745000000000015,46.66000000000045,21.0,97.0,159.0,123.23360000000007,346.03200000000163,2.8420000000000134,1.6584000000000043,86.06380000000003,21.0,97.0,159.0
64,100,23,0xdb10a39709711079c4cfd73e323085163f732445b3aaece76a91bd5898394e80,0xc4a11df614b96575a240e833e4f8d7d21a47e30f6858a6e17a674d357baa071b,0xdd8c8ae011fae72555426bb38e57a4d9f505d16257df4b9bc818d1cdccb23f3d,0;1,0xfa3b3d95a94e90827ea4445920d2c186b98e40f782f59c552917421998aff5c9;0xe7cbb053ecb563845929eb6e81d7f59f210d7f45cf9f63ad3bc8999563c801a0;0xe54cc0a563d27b1565d1a09d7ea3d9b0c5fd666998d8672bdf04043b0a53bc34;0xc880017ba6e1309d76a4879c831c453b6830687539f1aa0e6b7d3dee983bebda;0xbab45f89b53cd4b1271a38742d0f32d054cf0f4c40773e8756a25d6d31da6ea9,0xa582910aa9833d7b75e4fba78d2be0699127d3e4c87c442a1352083fc35a6c2a;0x8c430e2b2d0d5c8b566a6e2d8af7ba9b3ef5b1e90acbc3b214445a36ffd95885;0xe181924e273995f807d8ecdd2eed33328a3e6a00aefb378e611f2c1078bd163b;0x5bb08954094c2d291488514087802a47ef4a3eaeab126bc3f04009fa0284e707;0xc52fb2553db893b4b20cc58b124154de19f9301da627cf30b67c9a0e6bc934eb,2.581864,2.199547;1.214291;0.986748;0.993168;1.011315,64.0,9.0,0.0,0,0.0,0.0,0.0,0,2572910592,2573172736,622.9989999999991,757.252,6.159999999999955,2.6940000000000253,43.695999999999316,21.0,97.0,161.0,134.15020000000084,406.2066000000003,2.5742000000000043,1.6728000000000032,72.25700000000023,21.0,97.0,161.0,2.849046,1.748226;1.115182;0.996633;1.08082;0.992277,64.0,9.0,0.0,0,0.0,1.0,5.0,7720.0,2574921728,2574938112,544.8919999999982,1205.7580000000012,3.7359999999999522,4.467000000000024,27.981999999999314,21.0,97.0,161.0,112.50159999999926,313.9769999999986,2.277600000000018,1.5322000000000013,68.74959999999959,21.0,97.0,161.0
64,100,24,0x95c72caac716b0478b313d90dd3ed8f4a3cde5f2f5bdf67528bf981021241491,0xaaaf684cc7b3a24aac1aa318d5db01fd7c2548c763df4fe935246d057422e3b9,0xe598e76e6e9d1c32f6ec62c73ebe1483e0b0512f75323f8196b40d651753ce26,1;0,0x6ae2eab2d019701e8dc70b7fff305a70913426a18aed2d967c95a5f789d59deb;0xf8646ac04d8934626cf5a6fee24c6def60c73da3843ec7735bf1c3acee0459fe;0x0043bd71d652249f398c51acfce7c49acc1f53ccfa00743c91e0f1f35049a6f2;0x6bf17629d8564a1ef26837d9b45064f2147692df4115b7197d7f6b9f6ccd88ee;0xa385e85d93c1bc69d9e04fcb34f4f917153940b87432f74f6b0b2ce4eac39a63,0x34c3cc55ae195e43f7be963fe3eefc30b266fd081acdf8a688d6c5054e6f114c;0x2276673ae5c4a0f3f81e048cd33a1d35fc06a5a2dae9ee1ca263ab559c89ed5e;0xd880d0f914a8b42dc33ae8f93de96010db8998af4af0014c1252d3d821ca3c15;0xd2fd8bfe9d1f4056b4f5d7d14873c3cca536e0363db1825ee81367f2cb5eac93;0x1a4ff1854c4220c904cb5fb0ffa7269a98adb0796471dccb280def19c39db273,2.059386,1.348744;1.224196;1.012667;1.302965;1.059428,64.0,9.0,0.0,0,0.0,0.0,0.0,0,2572312576,2580135936,482.55800000000096,609.0190000000023,6.13899999999995,1.5619999999999827,29.424999999999592,21.0,97.0,163.0,100.3734000000006,362.7307999999996,2.5938000000000088,1.5723999999999947,66.32400000000024,21.0,97.0,163.0,2.875476,1.802168;1.077074;1.109593;1.22019;1.120349,64.0,9.0,0.0,0,0.0,1.0,5.0,7720.0,2574942208,2574950400,697.5320000000007,911.0090000000043,6.640000000000032,3.345999999999991,42.12299999999981,21.0,97.0,163.0,105.19259999999946,323.6500000000031,2.6617999999999737,1.6807999999999885,73.68920000000028,21.0,97.0,163.0
64,100,25,0xa31be9d028766c3d6da0b700fc74b19c5dd11b364656cbd2173c4a0de5ea90fe,0x3ac3924c8945f23f7e4728d54ef681adb9719402aab90c417fd34535dfaba694,0xc811b653695ebda5b915a8c60b90cd1dec9e3e84f191ffa81d5a78ffc90fda5d,0;1,0x74097ac88fd64174804d7ece0e2e02a5a12c31cb9174f3e3583e55b80d735035;0x8da1474e9fef2423a794cbc42888565ee1e1e7c0a5b7ba3022aea3ab97513cee;0x3d4581d6e9e039cab5a64046e9b5020eca16a7a0a8ff249bfecbc87aa6f76f8c;0x8b7196dbacb23d897b40d5631f1685bf93638a2d690c19ec73d19a909abe9661;0x0b8d94a8a65c287b820d8f6ccc7136b4d8a22d615877e534ffc44bf32f3f6096,0xf4343300370d204fc64c66a8f5bf813930e2f53956d42bd43d9faddda3cc0bcd;0xec8ea5603c84d3d422735ea7a52e188efbaba6e35250bd676ada520f1d528eaf;0x5745e2bc18dffb5f833dd7a1a7c981251a948d1a56173c09b0adf947c5d4bf15;0xeac17c30a7c39dc1403d66c83279c8e6c8e74c0a2e0a980246212df9c372b367;0x272bb6766bb193fc2a2965dfa2002b887f61ba79e3fb7a4eea60b2f9cb275dbb,2.920254,2.20844;1.171537;1.03423;1.086809;1.284597,64.0,9.0,0.0,0,0.0,0.0,0.0,0,2580246528,2580275200,840.8180000000001,755.4790000000033,6.019000000000012,2.4439999999999924,42.17299999999952,21.0,99.0,165.0,171.9814,342.0317999999978,2.906399999999987,1.939200000000002,74.5326000000001,21.0,99.0,165.0,2.775356,1.328924;1.103965;1.077665;1.18076;1.065938,64.0,9.0,0.0,0,0.0,1.0,5.0,7720.0,2575093760,2575192064,544.751000000003,1203.3449999999946,3.946000000000006,1.6230000000000215,27.271000000000587,21.0,99.0,165.0,117.3526000000008,306.05360000000024,2.5639999999999734,1.5102000000000018,73.05239999999998,21.0,99.0,165.0
64,100,26,0xc96b038c3a362f4c23a28edeaee442a6d62bcf98530f923643ab5ea5f00af309,0xac9d9756da77bcd7ba9622450ecdecade78f69c6cbb6d80f5dea1ee8f4ae1a0f,0xe267017b02a47dd1b067bd4cfbf772aa85d4918e69ceebc96a3067a906f916e1,0;1,0x51377b93946a6b6c90d5d653f8a933187e39ed42c334dba53429c44d2c29ff2f;0xb24912e41cbf315863351bf31db767fc1b5856c8e7b5ff66287cdd56baee1026;0x4899d10563f41896c019eebbf44623952ae27bc70be17753136a2139f2efa682;0x3ab88abb10621001d200ea7e29f3cc7e2f7115caac7504d611c5ba74833f11c3;0x5efd7c37675ff3087084e2286828bfadf94afb75fe7d9ef1a6db393751e6ed8f,0x7a7f3c3f8d39b907697f8541d5b044ddd06fd6fcbf83a88e89a58ff983b97d55;0x8731d9573d65241ee0ff63cf617c1b62a27a32da8d52dee3df687f16c785a407;0xf66c2b190b0d255c4535de11a027d9f06f24a71394cb536f7530c7335113fdce;0x9e6e2c2cd1dbde81567e12dcd6444931789fb1956ceafb79df53a6ccd77ad79f;0xd711e5d40ba5fcd56b8e84219ecd48aef8426f7bf506c4991b85101cdcbc5c5a,2.601874,2.013787;1.355183;1.026928;1.029332;1.198848,64.0,9.0,0.0,0,0.0,0.0,0.0,0,2580590592,2571206656,561.1560000000002,832.3949999999996,28.14199999999999,2.3739999999999744,40.08100000000084,21.0,99.0,167.0,121.15480000000068,331.2592000000003,6.499800000000014,1.5344000000000035,77.00999999999993,21.0,99.0,167.0,2.642295,1.337597;1.054059;0.935862;1.003463;0.940328,64.0,9.0,0.0,0,0.0,1.0,5.0,7720.0,2575208448,2575253504,792.9659999999991,997.1790000000008,4.066000000000052,1.8929999999999902,25.007999999999974,21.0,99.0,167.0,98.70879999999971,318.29379999999685,2.479799999999992,1.4283999999999935,67.96660000000024,21.0,99.0,167.0
64,100,27,0xf995ddf941316e71f945eb6f070a4541d4068c6bfff46695d924bdaabd300561,0x7501021d4f8480607f14895920f433d9cb9652208b9f0612380a5fe71e08f020,0x00108f38846232bd611e1add0e8ad294030fcbf53b808514a756641889d2017c,0;1,0x79d14a1a105e02097218438fd0dd6ca7286cfc75dc614b638712dc471f90e83b;0x6edb0a45b4c118981bad39c4229ad3dec55a9d5ba0c5e1e4942d3a4fab991d18;0xe180692b84f26ecace574b90058ee25e21d08d54dcff4ae76e7ea1627dd7af9b;0x64a5188126bcf6adf913d09e6765a05a2a4098d0ebb91dd9ad92ace55541c97a;0x1abbb99bc29b1aae98e4b56f813199ad6608aa093702d1e1924993ef2e73edcc,0x653d9aea599b4105e64e6de953a89512ba15d495ee0451addc6d2c6042ffbcb5;0xd5ea7aee9928f2855596be63f8018673ddfc61e2e8ca02e9eb9a21a226d44e00;0x4127f812a2d013aa8406c51592403d87abc58adf0368c5e55d9a75e11333503b;0x9caba29dda622c8fd39c0c5e85a33baf9e88814bc2d3922b0917a18d1755b2e8;0x409a870a1f73fbdf4c1a6447e1fae20ab5b1bf2ec087bcfb4f3b4a26eff65b39,2.559619,1.951132;1.567123;1.181362;1.217396;0.95486,64.0,9.0,0.0,0,0.0,0.0,0.0,0,2571317248,2571399168,616.6199999999983,741.2269999999971,7.580999999999994,1.9929999999999926,40.30099999999953,22.0,104.0,167.0,139.64499999999936,387.2618000000022,2.9683999999999875,1.8983999999999992,75.96040000000005,22.0,104.0,167.0,2.239026,1.376886;1.082292;1.094821;1.059838;1.036242,64.0,9.0,0.0,0,0.0,1.0,5.0,7720.0,2575302656,2575310848,617.131,801.859000000002,21.281999999999965,1.5719999999999774,25.397999999999392,22.0,104.0,167.0,96.80979999999867,315.9724000000003,2.677800000000009,1.5263999999999966,67.2434000000003,22.0,104.0,167.0
64,100,28,0xb993f2e5bab9c4b6c4fa53e55d5ee83b92433da3c496b7ace250368ac67c3164,0xe96ded223bd532662f1d148c34664a4b564619a5d4a59a1436085d1c0a491a25,0x64111cf3ea216d0b756055d2ad6f2ee7634608ea6d2aac5de7cd46725ab9c8d3,0;1,0x21a8e9d39be84440fc1540861ecfd38eaa54c50d31a2a3cb4eaad25b5987ed64;0xf0ca2949172b677f722aff97392667a9fcfc34ff9bdb1b844beef8bf04b3688f;0x5b43853de75c6a2e71c8464860adffca06c82def18608d6afa60a8e1923f2c33;0xa6400cbdad0da7cbd3e037fc850ca94004cab2bc361de2304011096b9f9fa74e;0x0857fd6ee6e1bb67d13a570d62b3deed0f30171b528c2a3fad1e513ca36c17ea,0x4f81145105fc632dc860f3cd5b9d97ee90907539c51f7ccf1dc63aba9f8ea687;0x8dbe0ac1a2a26c0da98548064bfcfa8cece4fceed5c236dbdc774f5b11a06e1e;0x292367bf2a6cd33a895c149ce0fea1fa4dc7f4c3e3c72572eb89c4edc5c6228b;0x8db611c95160079c12c236e8f397b52d92a957d8da6d79e6b3d576b479a4fe9e;0xe12aa482290a20219536e9e4d0f8982364357737065391032f36a36e4c8bd2c4,2.640151,3.837086;1.304126;1.070174;1.196974;1.556988,64.0,9.0,0.0,0,0.0,0.0,0.0,0,2571444224,2571493376,595.0870000000011,877.0820000000012,7.0100000000000025,2.274000000000026,39.720000000000034,22.0,104.0,169.0,111.8869999999994,844.3776000000014,3.0103999999999984,1.6627999999999976,89.06659999999982,22.0,104.0,169.0,2.432598,1.943371;1.118016;1.047229;1.071315;1.189874,64.0,9.0,0.0,0,0.0,1.0,5.0,7720.0,2575327232,2576187392,567.2950000000023,792.2749999999951,3.746000000000001,1.5619999999999827,26.790000000000493,22.0,104.0,169.0,152.40960000000027,368.9925999999982,2.5596000000000125,1.5844000000000102,77.70120000000004,22.0,104.0,169.0
64,100,29,0x9e3289e06195f0fff1f14fa7d14acb7db7a3a63f68f59927b6c20da046f4fc9f,0xd3beed56a5e07d614213b511992dcf7f5d07dda461d0bbb8f9dced6088b1007d,0x3f1269152b616c417cf09b5a6b8cbc06ecdbab0599facfa237d3a6d86b385a10,0;1,0x3a09f85a65f71758d252dfcc2363d8471feb948522e117de20a413141df504a8;0x41f61f231a35403a7fff3646e7a899fa529abc424b4a64e7d54a93c099c72322;0x894d84814f5789700ff98fdc78e9c9ce018b958b8615f4afded9407ebaced246;0x0c6fc6ceba9948d925c2fb9eefbe83c28acbe2465ee657dbb5405df1f80d9e1c;0x3ada8db40d05d36cb49459f1a5a3f5e9b2fa81461d34f1b1031bf8f89671bd04,0x25919394c8676c9ff5fe741b2e42bf6afe475907a978d2acf3ca3b6b992248de;0xbc57a381ea93d86726c43387b56e3036a66fe6f5c90d3147cd4e2da774583f1c;0xd3fc860eabcd541417e5c9d6b37ea39d830dc6a567acfb2cdd1a3e129e4a7c7a;0x07a259c9c551dcfec837a7454660f69e7ecc60808a5e42cdd507d54178b60eae;0xb66fe5f40b01d9312827e759240d716cbc716670c73769b2c736b21f0bc0e8e4,3.276732,2.038193;1.113249;1.221311;1.017275;1.184696,64.0,9.0,0.0,0,0.0,0.0,0.0,0,2571636736,2571653120,781.9989999999985,871.5539999999966,7.882000000000072,2.404000000000013,42.99500000000053,22.0,104.0,170.0,129.43700000000032,354.48879999999957,2.7502000000000426,1.842800000000002,83.99259999999978,22.0,104.0,170.0,2.800934,1.430988;1.230235;0.972867;1.042212;1.051406,64.0,9.0,0.0,0,0.0,1.0,5.0,7720.0,2576203776,2576211968,698.213000000003,1072.1659999999995,3.6460000000000528,1.5629999999999984,30.28599999999916,22.0,104.0,170.0,102.88099999999912,323.54599999999954,2.5597999999999943,1.3983999999999979,74.07579999999976,22.0,104.0,170.0
64,100,30,0x92f3bca999f8f120095674a738260c2dd9c4ddf25e181417cc4b84411ce9854d,0xbf20949c04c731d667da074d85befea77f373c046ed4defde62a90c2bccc9d3b,0x2f223223235bb78135dc64032ee681a139b4c447c72e1a65a702a0f45243845c,0;1,0x392f126607bc8275226f2811a6c527111a9822ef02f59621e12d819f2a147270;0xb57a121906979033561be36d49deb59e2c93512a5721bc722e063ef1fb3c7abe;0x1d67ad6b51e2f1a0b2b093f21f3a88201e2ea00c8cd442f76ebf6cadbd1fefa2;0x7e7417fa923aef6f308025ec22b9307b899438e1f21bdbb22cfe0388494fd811;0x9db1cafbae36586f6a9d59f28b77336d258bdeb439070cd99d23c902ecc3c236,0xdcef55233f8bbbbeb0f3839afbfc21bf16ecfbe12a0ce65fcbdbecc3493b3228;0x7ff1863f48935979b8ccad0ae30a9e8bf5fc140bfdaeeda7f2ed2ed0e1135b3b;0x22c811d006c9983aeec1d946e60f2d86d494ff9b39188379d38cdbe572a554d3;0x46a495665ddb2efe57f25f3a4e22c8c37f473ce595b211fb87aa85d7fa3db1fb;0x7c11bff3ed4378e2a9b5d410f5e01ae708fc8722e2b2ff8ec1b3a7955d57126b,3.410773,1.997713;1.958493;1.124045;0.986307;0.945175,64.0,9.0,0.0,0,0.0,0.0,0.0,0,2573086720,2573090816,805.5750000000028,930.6830000000016,7.340999999999902,2.4639999999999818,40.590999999999546,22.0,104.0,172.0,126.75899999999989,452.0300000000005,2.818399999999967,1.7927999999999953,80.63559999999943,22.0,104.0,172.0,2.42424,1.646372;1.043844;1.130835;1.110575;1.173589,64.0,9.0,0.0,0,0.0,1.0,5.0,7720.0,2576216064,2576318464,643.9410000000021,780.2969999999992,4.20599999999998,1.843000000000016,33.3,22.0,104.0,172.0,114.1162000000001,382.76700000000056,2.3415999999999846,1.4203999999999974,69.20840000000025,22.0,104.0,172.0
64,100,31,0x5dfabff6e85d768512155887299975c8270860d00f8db497563ae55bfa0f63c0,0x0117755cffdd0a09a222d0173883c110e5ab27ad3288515c173ea37ad4e740c0,0xa7235f761dd4a2cfd494d85bc7b091f44d3f2ce280adcff43b6dc087306a1094,0;1,0xb76ecbb37060a89e5e7382c2acea3e3479bce5b9b0c8176f72f50636c23acafe;0x6532483ea7d212b9aa2e36881bf50e048b6f0fe7391f2d3194cd16ff28043dbd;0xcf6875177db5cb9045a6508eafc35eab460ff4f214d6a2d2c330f5f8330f8dae;0xf218f2089b129502e738d60ad21cb395e6a6244f9a0a2b06b1094147ff4cda36;0x61c806b3c32ed8578692ae01ee7a0a536e002eaaaed88274adb36be42a403bd5,0xa9c505c065ed152109fcc17e6941ef4eeec3f22ccdd3d2023a27d5d70b53f323;0x4d93690b68ec1293d51728851c4b6dfc5eb546c7263087733f9a168aa7ada31b;0xfecbe8575e0760944e081733a4127cf5394650afa27a0aef7d3a50d262fc8051;0x737d1571b40eb9e0de4aaa46cf7f87d634e7dda485eb9d37a0d90f28d2693bc7;0x45837d032eb65ef12faafd67d78d7a9ad83438ca8e965dfa0a39aca058ad623d,2.388772,1.491178;1.162673;1.222314;1.134861;1.543818,64.0,9.0,0.0,0,0.0,0.0,0.0,0,2575388672,2575392768,588.8979999999974,632.1529999999964,8.472999999999944,2.1230000000000335,44.71699999999967,22.0,104.0,174.0,124.15160000000121,379.5101999999995,2.852400000000026,1.6084000000000194,94.45860000000042,22.0,104.0,174.0,2.831469,2.199327;1.456787;1.199158;1.300061;1.324978,64.0,9.0,0.0,0,0.0,1.0,5.0,7720.0,2578509824,2578509824,749.0789999999997,1163.4539999999943,3.906000000000027,1.732000000000003,27.66199999999948,22.0,104.0,174.0,118.83699999999803,375.5481999999976,3.2006,1.6786000000000079,78.10360000000023,22.0,104.0,174.0
64,100,32,0x23897b3860560269f8020f1cd0eead0b00ddf29eb886967272cb2f0c3dbcf261,0x7e943d553eaee87428ab29de7593d49236ac2715c7bebf2a1232d9e3bfe81259,0xd2a425104112ed41b8b37a19e3966ec81361e788e22de2b1b0be271e551be400,1;0,0x80d0ab1c74cbc46b0fc680cda29eca7cef739c9439ab17fba0cff7dcdc6b8ca2;0xfa4f22647e35a10f6cd608e8bab36b038a738d3b513ca7792e6d5de4af48e2f7;0xafb05b99530504d2e197a50e08055ee405cdd5f9613f9e4fee0c648d64f1b6d0;0x9cea4c4a6f1ea9b46c1ce8add82362925a23728f017598c5c660a22e232d7c55;0x0d888d143a1bc365cedba3f0b50038e0aba0c225b57e1538f08ec6819fe5b449,0xdf5bad87122e54d9dce1a4c7752adc70f9305328db76a368c1384e8325b94f13;0x29f39d15b8213f903a086d17d64004a249107c219c8ed292b4ad76975ccea0e3;0xd950a7fd89dc1c1f645bd73e5152a2560de5ee4282e41a4d4819e4363dc91e6d;0xc3c92a8fed98d6eece9043b823df7888315793663fd36627d4544b98d0e0400b;0xdbbe1c286567b58190a077a52448f46854edaddc5460d15472f443880115e373,1.993857,2.225286;1.639152;1.169934;1.447683;1.276635,64.0,9.0,0.0,0,0.0,0.0,0.0,0,2586345472,2586652672,565.7329999999988,615.9889999999973,5.157999999999899,1.7730000000000523,24.956999999999063,22.0,104.0,176.0,143.8707999999997,392.02900000000204,2.992400000000018,2.049000000000018,94.1919999999999,22.0,104.0,176.0,3.071341,1.761056;1.183935;0.934258;1.155803;1.34634,64.0,9.0,0.0,0,0.0,1.0,5.0,7720.0,2578530304,2578530304,584.5810000000007,932.897000000002,5.287999999999994,2.3029999999999946,41.95300000000082,22.0,104.0,176.0,111.02719999999954,385.71760000000177,2.6217999999999946,1.390400000000002,77.62540000000006,22.0,104.0,176.0
64,100,33,0x1818330b1bc6b209ade5bd2f933f639dd8030e34f26d134c9d02fc31eaee4a04,0x1b083584f99dab5e9d2b5c7610c8c408e79bc254b7fc2e10e2ee07cd8bc50351,0x2d6c85eaf02a27b04c41d18acd00baf4b8c72aec3c4e88fb1b7ab633fafbbdcf,1;0,0x26f6cdcfbc56d7e72190fcd2fe04d895f0b883030cf3052eeab87b90c8afb62b;0x343a1b0610cd96bf48520293cff62c108de633809219af6fc698b25b63356da5;0x306dc2ce033854326f4ac79eed8f7a88f4c056aea6d473d389058cb97b22af74;0xa14311539ba55db06ac4312064195aa90dc8f1cf8e0701309aaaf5f903b1558c;0x58430b78e06328a152f6c9b885a0823676dbb7c06868efdc9926a7067843c4dc,0x52c296848cbe92a2eebe8abd50ecb60fa25bb9f905b457b7ac1780e5d2adc3ee;0xab638d3254732f52124c1133f77d858fef9f24709d4ae9cf28458bf2da0df69b;0xb504e9c5cd173bb33c7122d9376b5420c095d750f15c69db8a875d67f5e6b1ae;0xb51feb6a35ede7043f2066b526fa69c28aff106e7cb951cc5792a006d5717cbf;0x69e317de70c491acf3d80ec3410a36375f267321ff51c3bc72ff3579e95de136,2.383293,1.383346;1.04828;1.063424;1.141231;1.033899,64.0,9.0,0.0,0,0.0,0.0,0.0,0,2586804224,2586808320,558.1310000000034,609.1490000000033,5.046999999999994,1.903000000000039,28.844000000000094,23.0,109.0,176.0,114.8294000000008,335.5838,2.4497999999999966,1.4039999999999886,64.76540000000044,23.0,109.0,176.0,2.863899,2.087488;1.159629;1.211116;1.02822;1.026108,64.0,9.0,0.0,0,0.0,1.0,5.0,7720.0,2578550784,2578550784,755.3989999999969,930.443000000003,4.977999999999992,2.4739999999999767,40.60099999999949,23.0,109.0,176.0,121.58139999999956,342.92699999999843,2.870200000000024,1.6807999999999885,74.11579999999918,23.0,109.0,176.0
64,100,34,0xafe2b92ccb22be0d75be3ab1efb49a4cb2825721ba51e09cdb4c9a8ae4390e69,0x75dc12797f237d58bbdd3b6c8c1792b0769080c9b21d10027320599e6a42d3a4,0x096b2d9cb2bffe4aaede6d1ba5ce103c388d92d1fb12a2b84a3008f0c72494e6,1;0,0x30ca7a2309b5ae8d6bde4e696c31f59f39ea102d0ae4ecfa6ee6d50dff10e9a8;0x61a8d797e41514e99e90982285b3d1902506857bd18582c90ff1d26bae6acf57;0xf10f452d5f29c0e3b7840837f9e31f4199aab2f4595a0cec61a48bde4b9ef1af;0x9980006de9656aa0b1691f52297fd7c85cfb3d407be84ec56ef831a87e3d9185;0x0eca64623234c22ae27e7dc04f6d1029e85b93887d87dd697a416fd94e6cd3be,0x90127da0207eae3cc6408f81f59c559fabc9d909e41b721597a2baef4b13d750;0x3eae459f3e048d94f9d9bae0971f50b697512f07435fd46e374706b6741b084b;0xedfdd9549fa038944ae479a1c509c287a1e67d16a5139ae02d3b7494472c0dd8;0xe081c98bec41fc6fd7d667d79676f62c1e6115b8219651e0b9501413497988a9;0x9cc17f05b66b088c4c4c02e06d3a37cc5f3ec4c03419c2eaa07c797b5e622821,2.452989,2.286728;1.381153;1.159388;1.070705;1.006748,64.0,9.0,0.0,0,0.0,0.0,0.0,0,2574458880,2574475264,580.6949999999991,804.8529999999943,5.858999999999986,2.092999999999995,28.343000000000117,23.0,109.0,178.0,137.5035999999996,403.3982000000019,2.8081999999999585,1.7061999999999764,81.72939999999892,23.0,109.0,178.0,2.763707,1.8035;1.264357;1.126098;1.16069;1.026648,64.0,9.0,0.0,0,0.0,1.0,5.0,7720.0,2578735104,2578735104,696.9009999999997,814.8490000000064,5.037000000000053,2.604000000000018,39.63900000000103,23.0,109.0,178.0,110.2383999999998,353.3910000000029,2.4776000000000225,1.2360000000000104,67.82059999999937,23.0,109.0,178.0
64,100,35,0x73f7f06ff22476a15e763a449e46e040adc2aef44b1aaab4c083a3656f6ea319,0xf2b7fda532e359b1a9680035d5def970b0b6dff902dfee921af5d74a5c390a19,0xcc8513c08ed358b1fce6284adf04442758d9c222d911eacf7cd39fe54c7b0d09,0;1,0x337536894fea3d45828ca370be6c0309868139a40e8a1a47cd3a4ef7368b6d06;0x9dc4083e8020e12c6d3690dfd1e111664c295dde3d4b2d43d79a4275cadd0704;0x7678bf8ddc6f96723bcf9e995b8f2a968d8aaa063435c96c915ae762093a1bb0;0x0758682f9d8925c1964480a24dd615ad2020df64ddb148a7c1981e78e15236bb;0xf4d4a49465ff411e59412158e8bbbcce0817b653e54a28534095c8ecb87e6769,0xf096ec2aeb158ffad271930b0a17fabe9815edb899f66ca5a61f2a151384b84b;0x8ba07161d41375a8654c2d13a67e051a497cadaacf22e57de3b72e3fd174467b;0xa068909282622ad2070fd3524827819f7c4d443cf0e51e60ed6d0cf1f13171b9;0xab9f738f48da07685c9044628c1d06244c4c92e162a39e98ceac1319189abff2;0x4621baeee7346a8bc5fe9afdb948838f3187cd6a72954516766a7b208a1577cf,3.386106,1.462725;1.159138;1.283546;1.118877;1.066548,64.0,9.0,0.0,0,0.0,0.0,0.0,0,2574479360,2574487552,988.0700000000006,822.5550000000026,6.469000000000049,2.573999999999979,42.383999999999475,23.0,109.0,180.0,99.1016000000025,367.67860000000155,2.608199999999975,1.4099999999999961,78.6225999999994,23.0,109.0,180.0,2.972662,1.922218;1.469967;1.413232;1.089022;1.169183,64.0,9.0,0.0,0,0.0,1.0,5.0,7720.0,2578739200,2578825216,717.0109999999966,925.8459999999941,3.8459999999999495,2.023999999999993,29.92500000000009,23.0,109.0,180.0,105.87759999999835,442.465000000003,2.906399999999987,1.642599999999994,76.30919999999999,23.0,109.0,180.0
64,100,36,0x014a0de635e22cc088c70d3c8d2a069366fcbf792f403c81274b4bc18b7e20ef,0x38abdfc0fb02d97e96aa832d0e2f399d55a592094b92a9f6313b941346bd385a,0xa2d59c0a72504fd2e06aca2f8a5b74df2b4368b7795ad762f0fe522606ed717d,1;0,0x797ecaba7422383a0dcc6670276435dbf432377e39c78745a925bf239c640ff6;0x551012acc52c26c5d1852de70ca40b711af0c8427bd924b1e0bbeae6a4355dfe;0xf5e3a408684dbe9a1aff0e6f6379bdb05d33591e4409aada287b61e9c24b85f9;0x515d7cbc2d06212c3249d48e251091bfee56d3a2f16e98bda329f7c8d75c4a7b;0xa6bc0199dbbbc7e4c7def7a4401ad5fb6da35e6db67d9e55f40dfd21354f3d29,0x2c7ca48db552de4868447711deca4ded18997ca592ce88dc4464f2aa56009c35;0x7f0c5f198dd281cbdcad5fe00f6449f10f10ef9ba20911c937c79a38f0d3ae57;0x84afdc1e0d2c8faed5c28f072bff8948ac556524f4a38b7250013595bf48e558;0xaece59bc881b256a739851628ab3cbca290d0d160d1de6bad5becf00b3fcf82e;0x493d32bd21a3a46fd747bab3994badc84d035cf44a2cb1b4230f9d2c5d0e519e,2.483895,2.227559;1.371458;1.029553;1.172869;1.280231,64.0,9.0,0.0,0,0.0,0.0,0.0,0,2586980352,2574508032,614.1860000000027,852.2650000000049,5.168000000000056,2.0029999999999872,41.171999999999045,24.0,114.0,180.0,117.56740000000016,385.7258000000002,3.0483999999999893,1.870600000000006,90.42039999999987,24.0,114.0,180.0,3.053655,1.625301;1.318729;1.122573;1.182944;1.062792,64.0,9.0,0.0,0,0.0,1.0,5.0,7720.0,2578931712,2578935808,773.3259999999977,1019.537000000001,5.147999999999958,2.544000000000049,41.63299999999926,24.0,114.0,180.0,111.39180000000194,394.32599999999763,3.100399999999984,1.4221999999999932,70.08559999999997,24.0,114.0,180.0
64,100,37,0xd9976d0126a6d0ed066d42caa33940cbad4ed2c7a38eb75bdc01ee90f0a1706b,0xf5757cfc53b491921986594c747ef3b075c451d8c2390bafedae1f506c6a3f64,0x05f71ecd79b723cd4753a095d440c184a4948dc9a95b6e70e52776aad94b9375,0;1,0x00308f2d93c855f182e871ce5b5a44365ee65273c829f6f52a2d11dbd9e41ea9;0x4c5805ff895d0d9aeb4edddfeadd4dfe767ae78313f5edb19f292df8bf77ae47;0xd08f72ea246b9835d65704520c2811bd337de054ecc4361e02bc62ee2f17eb4a;0x1f3c4e5662dc4fdea735b156b6c9a930d75828985435392b24e514dc8b6fe492;0xc74a01e7c0a35eb1563511f2c3f957c18b4a36a0ad9012dbcc09d96a26961463,0x514543224a79c076ed8b9bd649b7057bd3eddc73f9c4a176dc60f5372792de59;0x477176af2d570bb2417db46194184cfd1b0bf67fdefe498cd344454f81c209dd;0x98a4a477ff359ebb8433d2261f625bed4618772387e3d39554dccd1fae64ee55;0xc928d7a020a263c32e16c70f4de33ab23f1497774031f7f428481bb00acf2f30;0xe103ea623a4b538a4e0ae0c6457ed585aebe2b2fc908ae9f4d1b8e555df62c73,2.89734,2.12237;1.484809;1.185768;1.201922;1.152838,64.0,9.0,0.0,0,0.0,0.0,0.0,0,2587193344,2587205632,638.7230000000008,1042.1609999999998,6.048999999999942,2.3840000000000234,40.27100000000144,25.0,117.0,180.0,106.34459999999956,413.14920000000143,2.9886000000000235,1.7907999999999857,110.16599999999904,25.0,117.0,180.0,2.596656,1.888838;1.38558;1.038747;1.050093;1.143864,64.0,9.0,0.0,0,0.0,1.0,5.0,7720.0,2578976768,2578976768,655.8889999999998,804.5730000000028,3.364999999999965,1.642999999999957,25.0879999999995,25.0,117.0,180.0,108.38339999999918,316.9337999999994,2.692199999999997,1.532599999999975,90.56860000000027,25.0,117.0,180.0
64,100,38,0x7592cb22ea969ed10f006649d6268b747482100f4503ee6c6bd8d8d025c14098,0x4486fe7d70bef430d734525763e1fe98ab19ac4db0899582674c402aa34ad5d8,0xbe21522126fbfada5ebbe35f4a790eb10eda6ab93e64662c637b62b2c3cff6b8,0;1,0x936d1aa4ce01211cfeacb0359b8e015d9eb04a23d1057d5824c5c5aa42904584;0xad1b4d87e14e9957f4243713e24b8a23c1f82a362d45f8d581b9dab49f1d0920;0x3bff76131371463276744b34eb159a9f95a73b967e737dddf72504b5b123e21b;0xfd95295f8115f97f7121612f512b4654193311efb491d3fa5912afbeba64fb23;0xbbeac63b61a73898537fe877bf6490b1033a8d8b58d1e09ccf347e881de2cf18,0xa1597c6033d459c63efcaa8304a84263912fa868d4c615f9196af662a416c428;0x8dfb4590e8a3149985d4c5d48e223273d27dae7247b85ff9b1fc8679e32de16f;0x5f814005a72517c97bacb9442b43be1c3c762191c0491d53cdc9c2d7bc231970;0x1a61aeb798f41c2ee7b1cbd8fac4213b9a73c60bda41dd0e4ee0b2e0b899dcd8;0x7aae499b6727d8f483eaf417a6b1632b49fd60a777bd328f554cee0f2cbd0235,2.696236,1.678681;1.179579;1.309295;1.163434;1.328944,64.0,9.0,0.0,0,0.0,0.0,0.0,0,2587414528,2587430912,648.9679999999997,828.0179999999998,6.600000000000052,2.062999999999956,41.16200000000084,25.0,118.0,182.0,105.79939999999927,411.1141999999984,2.9045999999999585,1.4260000000000097,73.94980000000051,25.0,118.0,182.0,2.534322,2.112055;1.369085;1.225448;1.232338;1.069062,64.0,9.0,0.0,0,0.0,1.0,5.0,7720.0,2579025920,2579034112,675.8389999999976,989.4419999999932,3.6549999999999776,1.8730000000000004,25.397999999999392,25.0,118.0,182.0,135.0195999999998,426.51340000000033,3.1912000000000043,1.9532000000000058,86.82920000000065,25.0,118.0,182.0
64,100,39,0x07bec181d90797ee47e4c3b32cc2e777c81c5a8a99d366210114308383690fcb,0x6cf719e644e5290b6015f3d29c92deb34ee7fb9e8fcf58e5dc0e8f251d10146b,0x5a783e7575a7158cdf52a13b65d4c3ffeeff04b4f57c5d3e657a94fa1068e9a8,1;0,0x750afd8c63f62a814bc4197a95dff973e4778cf956657b6a6f77069bb0ead62b;0xdfb11d6d1c65eb2ef5b02435c25d9974851a8ea1caa0f7bbc73fe360d365cfe8;0x7bf7904948bc6396880b74e6743b362290c83e653a574c0c8ec28f2c5c0b5f44;0x01e0c1d5ef9db75de60783f3905d3e0150daabee54c7fe5c4a5e2b55e4810523;0x7d8719c6545afbc137fd088b3a5fae4315bdf7b6c5b42ee6d7066c6ca8e22f2b,0xca8e05a981174e9279e45eb8cd35f548967d7735319a71a608f6b1eec6e42ed3;0xc427fa315178256cebb7751079333ed5d4bec38d9a7adc9a144b71c88c294565;0xf6d0d607f6d23c0ae880f1829e49175381debc06c572b32b723989be17c405d2;0x38db600f68694984dbac06a98313b5c9d345a60e25e22de77781be2740ebf2fd;0x9eeb94fe9d695b466a22d9e9dd9edafc1c7339b45398922d40644b577b04dd61,2.194879,1.454934;1.268683;1.032617;1.435315;1.006598,64.0,9.0,0.0,0,0.0,0.0,0.0,0,2575310848,2575327232,569.418000000002,704.9630000000029,5.177000000000089,1.552000000000042,28.914000000001412,25.0,118.0,182.0,189.98839999999907,342.115799999998,2.5882000000000076,1.4983999999999786,75.02939999999916,25.0,118.0,182.0,2.684227,1.892093;1.24661;1.064114;1.013629;1.050393,64.0,9.0,0.0,0,0.0,1.0,5.0,7720.0,2580627456,2580725760,633.1749999999997,855.0590000000052,5.948999999999994,2.4429999999999765,42.463999999999004,25.0,118.0,182.0,103.57019999999994,386.65499999999685,3.088799999999975,1.7183999999999948,84.24920000000003,25.0,118.0,182.0
64,100,40,0x77a770132b0025a55e651693b4276929da26bd74f443895dcfdfe99aa88124c0,0xc1e361c71922628fa5d689ee122b33016fc71563a3a3e6f0e9bce582181b1fff,0x723ce6ce7ef093bb45fcc944b40e0624c7cfb688430d3c3eb57264202ccf2fe6,1;0,0xedd2a97a61ccf6c0d62f2c81cc90419c5110d6d351a48cbf9061ee033d268a77;0xb919d597245d03f495fda3a36d31618e7899f9fbe5ff409282dd5a68cefb894f;0x2d4b5e3f8da44811d29be2dec8cb1836e0ce971450af002757b574c1e1399010;0xfa8beb72a30561962f3a033235ac93d02ef81754e50e80a79a4e463bffb65d1d;0xde1be3efc15269bf18ce3e2b701a0bda55d0ddebba50bca0e6d873c2a367df24,0x8f7e53a9ce80687da134527cbd81d9bb07bbd77b0855a842435dd880c4f7ae94;0x2a24af711a5915f46bd7e453d76d75e4a3e33a3f1f70f10e36107fbb45698359;0x773c371e38de9e256ff4fede048d033a4bee37529e47fadfd2acd83608ada509;0xc83ec17a4f57d241263099704a9526aaa874462a474eea40511e6825cca8f727;0xabf08f961d768c9f03b1064520b778c5502b8b6debf470fffc6262ba2edc0b93,2.151454,2.299397;1.217265;1.096354;0.978576;1.347291,64.0,9.0,0.0,0,0.0,0.0,0.0,0,2575597568,2575638528,516.7499999999964,727.1469999999974,4.986999999999917,1.4820000000000242,25.638000000001437,25.0,119.0,182.0,110.05000000000042,348.6937999999995,3.0144000000000175,1.7725999999999809,79.62999999999928,25.0,119.0,182.0,2.688083,1.466551;1.539751;1.140339;1.046518;1.025827,64.0,9.0,0.0,0,0.0,1.0,5.0,7720.0,2580738048,2580750336,645.864000000003,855.6299999999961,5.528000000000087,2.4839999999999716,80.41199999999846,25.0,119.0,182.0,119.78679999999909,411.94719999999853,2.573799999999954,1.430199999999989,77.44080000000042,25.0,119.0,182.0
64,100,41,0x52c55a869c72af8d2331671b5671b4bc416cbda5c43557a2aca0b4fdbf6373bb,0x3905824a3ec3a634c9e5afe9b23cb130ff17d1c58bf7359a98b3cfd1c4540b1c,0x2024946fa100fb15a216841e2c588b1ec1b239748cf4ae05f53e3f0910e51f58,1;0,0x0a7160d233433567410df6f63ad3ec004e308583c8788325994f360a3e0cb8e0;0x1a7aa0d6f1279ae5dfddb06c690aacf24a657f1f2a5fd8dd898817340f0426b7;0x8e4822cec1c563da1ffc55ac661aecf126ee0fcd7578547df2395be238d456a8;0xa3ff165d3b246f7b4e712dfb75aff3ac4d00a3989d749bfe0ab2b552114eb2a8;0x73bc80f118600c584e1616d1c8133bd5b8728610e6580b9d7ef7e11df6b77a6b,0xfe74be450d6fc27c43befd884a16440f0de650e3362c70b5f86483da1ef2654c;0x26a37dc37a70cdfb7269c15f9c0948420125b3a5fd59f43b2922eb70fa35c5d0;0xa2f49d3776f1e9e85cfebe0e33bc88af1952a6a14b9ed4fe4e5d4ce31b1d3cbc;0xbc623b66b3ac1a89fe67c54be47cf7c05c225adde39307e11d6312c3ea0883e9;0x349bcf7f8cb3a6b9557cc8e83e0161bfcfeae67640a901c3bb326e027bc38d0f,2.390855,2.071073;1.489796;1.045667;1.151126;1.068431,64.0,9.0,0.0,0,0.0,0.0,0.0,0,2575708160,2575724544,519.5729999999954,747.1169999999915,5.3880000000000505,1.601999999999962,27.15000000000009,25.0,119.0,184.0,120.42179999999792,508.53660000000355,3.1088000000000293,1.5664000000000087,82.80079999999982,25.0,119.0,184.0,3.270567,2.113006;1.688426;1.123233;1.181281;1.043033,64.0,9.0,0.0,0,0.0,1.0,5.0,7720.0,2580774912,2580783104,1020.3479999999973,995.1009999999983,5.999000000000022,2.9239999999999604,41.59299999999949,25.0,119.0,184.0,123.6222000000009,384.0634000000009,3.870000000000002,1.7126000000000339,86.92099999999952,25.0,119.0,184.0
64,100,42,0x11da220a7be130814ea02a46e2f686194138ab29e39961e71dedc4592df7dbc4,0x5d7cfaba81032cf31b3d2cfce8e2c3129a0cfba672a8e52174ddcf08f0501938,0xbfb7c97ff3757347a4dfce4203b5bdb731161447dda8aa21d1e9a366b6b28644,0;1,0x7acf69f254d9b858f120f719e1ecf43df1a9f85ff5de6238b4afa6077fca637a;0x8127b30085ce53010db92bb61f32ff784d351d0a61c2ee31d418a0a119d316e3;0x1ff5d44c7b6b00385f8aba0cd035064e004af5a849ee48f2bfebc8de6cbaca03;0xef1aa911eceda771e55fa16302b47220c27d22a028ac11785569401583a9869c;0x485ea62ff7605a3a5c3d777be3551a2f8e5708d500e5f6c2c7f1d2be031016a9,0x08244a1882a186a8ef29907c5bf0e8d8abe98b3dda9428d5669bf3940b1b33c3;0xccb45d74c335b02d7cc2455acaa0e003fb7ebc594820d91a2933e22742808a57;0x774f82e3f0a96e07a058b94815fb2ca8bf27ff88b3cfe31a3de21eda43e87aa9;0x4c70d40b597d1881e7497196c4adf00f41527de8a8ba28d7ae39961d98735603;0xef7703575a551c0a91a447e347f51b8b74cb122d5645c6e3a8375cb76356f2fe,2.640381,1.566923;1.117856;0.988571;1.016193;1.196164,64.0,9.0,0.0,0,0.0,0.0,0.0,0,2575921152,2575941632,607.5460000000005,813.7370000000088,7.571999999999961,2.2130000000000414,40.25100000000156,25.0,120.0,186.0,101.00659999999762,370.06379999999785,2.541599999999989,1.5683999999999751,70.64040000000007,25.0,120.0,186.0,2.410115,2.014749;1.12069;1.396315;1.049242;1.002442,64.0,9.0,0.0,0,0.0,1.0,5.0,7720.0,2580787200,2580942848,618.8929999999954,809.8410000000056,2.714000000000015,1.7520000000000469,26.260000000000172,25.0,120.0,186.0,111.8770000000019,356.5372000000011,3.1007999999999902,1.8308000000000084,72.45519999999964,25.0,120.0,186.0
64,100,43,0x98be5e145b5de891a5246cc9f11154de29431cddb94ab467beef71251fdb2b3e,0xf3f3aca76bd7c955a89e60a2c52f63d0a4a7320b409e8ebfa195708ce0e3db29,0x8f30af55aed7f10e49c8e11c3399b014494c831c2f1084b95e4a30889fcb6e91,1;0,0x098b24a6fc0555f1b07ea8c468b80a130551459bf80e8d59337a6ad08bd0bff5;0xd58f606d32740f338417254459bb9b2e6c2cfe6e0a8e2bda19a6aee419b92098;0xa60384f7090784cec68a8145e42322fadbdd8a503d0d38413cc84328b35ed014;0xebf20b65b971babe18633699245f51d8cac71b6d477a51d386d1e9c4c25d6cb7;0x3e49bc3a63e4aeef1a5245b391a3afda48a4594a73c68cb9a1ad546a174bc455,0x09802ed337664617778012baa10ce66b010d39aa4617cf6219efed5142dbd014;0x58d340a8253cb1ac0250b290d0cd5afce1597b8e4ee7e86fc16ce39503484b1b;0x5fc294f4951d3623647993b788074c8d9f8ffb98e1be5e9707687055c3ae29f2;0xc57eb7306783156208c4c090ebd69e7f26e7933d83e3e927b98b00a808075e79;0xb2e27285c201d8051766e35eb00b83931e0528d6920935292d1b93a84ebad218,2.542314,1.977772;1.14713;1.043404;1.080159;1.019227,64.0,9.0,0.0,0,0.0,0.0,0.0,0,2575945728,2575962112,718.3030000000035,967.8790000000048,5.138000000000018,1.8029999999999826,26.82099999999979,25.0,120.0,188.0,104.18719999999993,354.1257999999936,2.9764000000000266,1.8709999999999691,72.64140000000086,25.0,120.0,188.0,3.000264,1.455625;1.241102;1.101881;1.087911;1.109714,64.0,9.0,0.0,0,0.0,1.0,5.0,7720.0,2581004288,2581037056,757.6329999999937,855.0800000000081,5.107000000000071,3.265000000000017,42.28400000000007,25.0,120.0,188.0,100.81980000000158,380.71220000000517,2.6277999999999806,1.472400000000003,67.70180000000015,25.0,120.0,188.0
64,100,44,0xae2240b523bd1af34ec4db1bda0ebe213d1e2730ceb7da94c8be75187eab7240,0x716bf38d072f88e2d96676682a16d0cbe4da983ac7cd9949bfae559b8ef23991,0xc7d8987403536320a8aa73aa3d76a0755447cf3ae807e0d48a605c07a19bbc40,1;0,0xffff3d594750e27a3f9fed41ed5586e7d3bcde4ba1860d422a69f0548a46c210;0x192bd7b1f4b30c7f21939cc4756042e98f4abc97116f112fb04a14b86e6664a9;0xce6693407ef4a9d916c936942f9ba74b947bd10fa6f98e74a81b79e90b7ea921;0xe7345fc1a30728ec31000a8b6aca6d828711ad14bf9d3fce462f8f8b0007ddbe;0x28648c45ee9800e854326116b069708293bba7ac900f83fa4102fbbeef64d7bd,0x4842624d723b459ac779a38e48bbe5f8d8d92986f81ba4e626c05b55d4b47e79;0x62e33c1daef35e8f6d6bf29b5aa16a7922f6a48869bef1fd2ede1e5d9e347959;0xeb6023f65499298c630abde860721a38170e0bc94f2d8619bb1a4da2f88d520a;0x49014f2fd0f3c40437b88e527189b2510075fe8f1d3e33d2f0667425f71d1691;0x661b2860fe2925ff6594414d85f40c6747ad52acd5cb22e33991a267f3fea70f,2.505028,2.309633;1.309835;1.133029;1.039242;1.028761,64.0,9.0,0.0,0,0.0,0.0,0.0,0,2576003072,2576109568,683.3900000000059,953.4670000000134,5.107999999999979,1.723000000000024,27.842000000000144,26.0,124.0,188.0,129.22280000000342,400.8603999999971,6.7939999999999845,1.7606000000000088,81.28680000000013,26.0,124.0,188.0,2.829937,1.374262;1.166759;1.096404;1.081861;1.080063,64.0,9.0,0.0,0,0.0,1.0,5.0,7720.0,2581061632,2581078016,629.8400000000065,992.7670000000055,5.828999999999947,2.3140000000000054,41.26200000000024,26.0,124.0,188.0,104.83579999999994,359.2437999999975,2.527999999999992,1.4364000000000217,67.42159999999913,26.0,124.0,188.0
64,100,45,0x479d6437819d1f7c752ab9a3c5fab5a5e86a31e7092ec262502f88dbde17270b,0x104164b61e610a80f1960a6deb02843b23f5fca653e6a791254a1d2ce8804998,0x4bf3ca5df699f921e1f7a298b3f6cb4a6c41f6b63884e3a3a6fba08c88d2ef43,0;1,0xf00109a67332e7fbb744cb85c1346b332b0dd6eb6ba64c7be6feda1935b9c07a;0x9856177655dbb308c8ec66668910b4343c16acbe4702762c3d446230772f6bcc;0x32e72307bb61a4fd1c60491d10e65301ca22f7caf1332bd123d5e05ff20e7696;0xfc658527731eeab7bd69e1b623b9d2d4550f178199f626e6d1ece4a7a6648495;0x64cca4ddb0aed4565f5ecbf3cba4aa71ec8cfa5a16cd767a06f39552d1ed2cba,0xb90b2dda1204e66b7e572416f63d794232ecfb32cd32e03376d6d02f6bcf9a1a;0x8b8339b7098906edb5b230b8dcd4bd43201990e6fcf9f027bd4e5c81202eb61a;0xb88dbe815e31c31691ebd7155c86d3ebdd69f79a6d1507680b39cbee79a9e988;0xdd9e124148716c5f1caf6e4c75049fda84c6ccb83b0ff813b2e428ac297048d9;0x9a53f0dc6cd2c69365824bef23ecdc684f5d8f3cdaa3227aac94fda4b5431892,3.401179,2.109591;1.366701;1.083955;0.984604;1.375214,64.0,9.0,0.0,0,0.0,0.0,0.0,0,2576183296,2590392320,740.936999999997,1320.3410000000026,7.300999999999922,2.103000000000044,41.10200000000119,27.0,127.0,188.0,127.76059999999868,430.89000000000044,2.9986000000000077,1.8910000000000238,73.25060000000009,27.0,127.0,188.0,2.844649,1.428665;1.250506;1.191957;2.75897;1.238738,64.0,9.0,0.0,0,0.0,1.0,5.0,7720.0,2581151744,2582269952,710.0500000000037,828.4799999999925,4.555999999999961,1.6830000000000447,26.219000000000936,27.0,127.0,188.0,126.2964000000033,706.7258000000021,2.820399999999999,1.369800000000014,108.21760000000042,27.0,127.0,188.0
64,100,46,0x23ca77e953b1c0229955c1030f350445bfc13ffc54896bafb7bf74084cf6e231,0xd112fa9f771363b197175bc8c14259619cb927366c2d45b4b62e83e93772b125,0xf4fb83f4e4af25e300be2d5c5d20241420e18c13b0ffa3d87a6294d6daee5bee,0;1,0x3c38561ee90555c467b6d5408e3d093baf56d45c5e5ed07c91e6823fc7851161;0xa85ea1947e414faff84e1ff3d2cd6719ef1de774d616a87be209e53b84e6cec1;0x217a99368f586e4df9801e2bf7f1e25adab2f670ae56b0bdaba1d42922a8f7ab;0x4c07e7ebf36f7a0c7c68625f183643f951ee6c935e89259e4d8ff5b6b4076fd9;0x1bc9e12e92300944afd9144af1aa4d040df48757b27c9fbeca8ce696b6267ea1,0xd6e5cbec4c8653061a20abc0254f95466479b2b996d0b63db5cac41d4b8bb531;0x372932e8bc2b5620e84b3b293b7397b1e5485a02e81130e17630c5aa8abd31c8;0x6b4f273544422b850aa5c22a332c99781b662d3d833b58cc602864fe45042e62;0x05726ccc7445662485ac808e339853ea10987420e8230b7dc471b56bfcd2173a;0x9e88b4a71767efd7edcfc2e088c601b0bd0bdd644e5631e39ce1b4f9790b67cf,3.012363,2.034598;1.2636;1.077084;1.224006;1.046378,64.0,9.0,0.0,0,0.0,0.0,0.0,0,2590658560,2590720000,808.5290000000023,916.9729999999876,6.780000000000067,2.103000000000044,42.273999999998395,27.0,126.0,188.0,108.53799999999968,369.1407999999952,2.7662000000000346,1.6726000000000112,85.35299999999982,27.0,126.0,188.0,2.242782,1.529356;1.585356;1.35941;1.076603;1.032898,64.0,9.0,0.0,0,0.0,1.0,5.0,7720.0,2583506944,2583527424,559.6739999999961,851.3940000000053,4.015999999999916,1.5720000000000316,27.130999999999684,27.0,126.0,188.0,122.05200000000028,365.6492000000011,3.0429999999999695,1.5023999999999984,67.8966000000003,27.0,126.0,188.0
64,100,47,0xb03579d8b2769db23745d1e81a0736fa1cd84d7b539c6acf26bf3f9863cc687e,0xd5c4d517deb5257b631985a8753d8547a3242d2423eb5baa021ab6bc447da5c2,0xe0d31a5b8e50c42877f6b42677259a29a56bc9f8975a0b073c3ed6882585a7f3,0;1,0xbb31cf1172cf84eafaf3dc79db5097ab2ad8418069f9df4b32bb5d4248bfda7d;0x0928cf17f1a7e9ff6d20f33661467893bd9c39236ca4df0ad0b33e38f90be80e;0xd7f233c5ef51304732623812eb5f3dc0f872a02c3d294bccc9f1dd95a3760051;0xbfa794068841b63cf9e6bc04134adb443d40bbb50e21453da33c723761bcc87e;0xcf7e0b0a41d131e3bebcb25516bf1b524e0e22429357efc3ec6c548a1ab38988,0x8abd21497e388b0494ec0eb1bc9dbad7e4fcd3d1502c8d7e1f447e32f9597007;0xf55b2ecbecf0110ed5359d82e976c146893b0bd36887ca83834ac4aa4859aa44;0xc59c75606e521cee491471d5c4b65d8e76fd92904edea31f85da3847c8e739dc;0x9e8cb78731b8d2ce6a42f41a80d3844a67b8170f1420166f687e20b789464845;0x90d91b5fab9c0108dcdb95e02dc476458696b2da8b7d41aa76c3f25a6cd9af86,2.781835,2.115099;1.187301;1.196884;1.007269;1.019237,64.0,9.0,0.0,0,0.0,0.0,0.0,0,2591055872,2596089856,603.590000000001,979.8570000000007,7.351000000000059,2.1430000000000233,41.672999999999014,28.0,135.0,188.0,112.5357999999993,387.8850000000045,2.7782000000000067,1.6363999999999832,76.38940000000011,28.0,135.0,188.0,2.025434,1.376817;1.29334;1.010654;0.970043;0.995431,64.0,9.0,0.0,0,0.0,1.0,5.0,7720.0,2589196288,2589196288,562.0870000000028,647.1249999999984,3.3850000000000633,1.4420000000000448,28.263000000000595,28.0,135.0,188.0,117.55099999999908,361.4791999999922,2.5453999999999843,1.3681999999999888,70.1358000000006,28.0,135.0,188.0
64,100,48,0xfee88288de1bdc082d62b4fecf98660b4a924fba473b706b3c1aa52b3d90495f,0x8c8177a3b284596e712c0efa258949b5becd431e603a98705910517d5909a1f6,0x80d6c5fd9f7e51a5d9c0d6401de311f44284eb1a83ef25ba2261efc059c926fa,1;0,0x3550e21aba409c5dd0dae0c5ef7be3188e8a2179fda57b0d9a454284600c8c53;0xc17b9161a804c52c0c8d65be8beeda60c0e51080b61c832c32fcbd68ad07c12e;0xc311979d6cc77d7fcbd2295eb3305e52de90f1cb2b8cf0bf5db9cb23d813e4b7;0x18b43bcd38271a20509f6414a78db8f9e6c63e52e7c8f06fbc4de0c190907cc9;0x88bc6e0328d4ef5773d7b4f7c6b23900137029ebd836982643a1b6256c956fe1,0xfe6d39b3d45d051a0e73ff0eab73dd783d413514b07014a997ef490619b6d384;0x09f0d523db714f6856875d8aff993de4a6a95d19a157495e4c7b1b4c031e0dba;0x39c9bb7c918740239659743006f8ebfea560cec41a2a2a20e5fe4b6fca5ffd34;0x4d492aecf2802652c8f599e3f2fc4af2759406a1b91837279f57f515dec41d16;0xf94ed66720100f225de03ecf0c9bcf4e9ab427d19bf5e88b581a68e75d78fbe3,2.179566,2.637978;1.470797;1.072657;1.112988;1.080509,64.0,9.0,0.0,0,0.0,0.0,0.0,0,2594828288,2594848768,593.8149999999976,659.5550000000061,5.578999999999914,1.5230000000000192,28.202000000001476,28.0,134.0,188.0,129.55739999999938,393.5576000000052,3.174600000000003,1.6384000000000147,79.82639999999999,28.0,134.0,188.0,2.667151,1.467684;1.32658;1.044174;0.985326;1.284998,64.0,9.0,0.0,0,0.0,1.0,5.0,7720.0,2589614080,2589724672,645.7930000000056,708.5679999999927,5.587999999999947,2.2940000000000156,39.70999999999836,28.0,134.0,188.0,112.73580000000227,384.0167999999977,2.6299999999999937,1.5381999999999982,64.44520000000037,28.0,134.0,188.0
64,100,49,0xbf27a2e8045f5f76a5c8885894e6896a08761e9be1e86569bc17e20dbb289837,0xd7481270afce6f23d2a5b8d4c3cc62da0155fa5a4dcc8da0413b5e83c9232014,0xa20c744e2b5f5e9b611f2afd9e638952b631fa4f64c1022f74eadd086491dff0,0;1,0xd2023fb0ee6f48fdf6723bd564c86800fc0d420655ab7c8479f118bdc40be072;0x048c86447feadec4e92153d0917d852becb0fcb4afc09b910f23017f809e271d;0x6b8070f7cc0abf5933b6a85f8dab99df67836a26cb754e0732ddb77dc96a27ac;0xcd05b3d4b1b4a53f833b1f8e51dc5b411c0e38c15e7f340801822cad51e09cf6;0x49193a8940dcac1d984659eb82e1231667260f20fec6afe673c4b398044759f0,0x3e5e33d90df07c92f8dbfd8cb2c6972c2084f4fdcb2d84d807fb2fb33d3ed9d9;0xa04970b2328c3b652aa5683bb08cb226a5010220cfc9402594c72c0e80de0b7d;0x70670134a3abbb9af8331d385c6163440ef8ea6bb9c671706890d283f97b61ee;0xd49aa86cf5cdf3362859af374b84d9b36c59de34c03c3b612333b6f0965f4a08;0x0c48a07f0c56714ae36846b619847e49917fdfed1029b5adbe34f5a1aac317d8,2.695094,2.293499;1.289975;1.171366;1.198713;1.145698,64.0,9.0,0.0,0,0.0,0.0,0.0,0,2595405824,2595516416,742.1390000000027,730.9920000000136,8.332999999999908,2.2130000000000414,42.77499999999837,28.0,136.0,190.0,170.57099999999713,377.2427999999994,2.8246,1.9130000000000014,78.51460000000004,28.0,136.0,190.0,2.040077,1.416686;1.229374;1.182513;1.038245;1.194391,64.0,9.0,0.0,0,0.0,1.0,5.0,7720.0,2590412800,2590412800,518.873000000003,743.9810000000047,3.645000000000037,1.3520000000000372,26.991000000000515,28.0,136.0,190.0,111.11140000000242,353.6634000000039,2.7723999999999807,1.4824000000000086,81.17000000000056,28.0,136.0,190.0
64,100,50,0x6b8919eb578944aa37df379226f2667a1c2991c9c99d85c6cfe4f6338fdc9bdf,0x40378f9e77c899593304621091c6cf98204056ed390c4553d3a7458052873e68,0xb31b4a04be1f7d987e8eec4652ea84477c62ad9f389c4abf6d51fec59f3d0267,0;1,0x9a957d6e842cfafde9dd5c83873a5b5655a16e37638dc020058aa4d01dc656eb;0x3b11a2815fb9f5ee746ff174e24ada884fdc16e160655c76c0502fa2331b9719;0x59978c005bb43e9afbea6a94587b396467b5f1b868f075d5df7fc2181c9373a2;0xf45d81b26516b1e4017874024b974afdede2b0caf1b07e930991982e1ac170cd;0x88802e29e29e9ee819abf83ed1dc3346eb63f2040213e2277c6ab10608a05e2e,0x82970f60f938266289221b12482984b2b4729eccb07945f0fab0240606748c66;0xc3000e1b3b206ada3c728eede3df6816496f7e44b75798f6919891d77fc67087;0x48cdd276614f83957b9d708f3d3c0b279fe3e98691acdbf8769589a28f419fc7;0x4cebae22fbfc19b5ddb6951d85f2e57ea4392cfcb2a7ad30cf628b692544c583;0x63e7c5930570bb7f9640d3415abf351a67ec6617dc813f8f78d04aa62f0a171a,3.495962,1.563327;1.139057;1.799924;1.46548;1.031675,64.0,9.0,0.0,0,0.0,0.0,0.0,0,2599161856,2581217280,743.4219999999935,1198.4879999999976,6.008999999999962,3.5150000000000503,42.17399999999899,28.0,136.0,190.0,221.33599999999976,459.78299999999695,2.654400000000031,1.5706000000000095,74.89460000000004,28.0,136.0,190.0,2.678068,1.910181;1.29996;1.31977;1.132778;1.069343,64.0,9.0,0.0,0,0.0,1.0,5.0,7720.0,2592423936,2592423936,754.2370000000049,1091.7259999999874,4.115999999999972,1.5119999999999543,28.283000000000474,28.0,136.0,190.0,114.25219999999791,420.0633999999981,2.8103999999999716,1.8147999999999949,73.10599999999987,28.0,136.0,190.0
64,100,51,0x105d3b4671f7fd02ec2de15647b0d4a882cb802da837f07e10ad010ea5b346ec,0x4243fd9e12c565453eb09f40befe31035dd775256049cbfd90bb6e682bb900c0,0x98d81948034dbb85f23438f2b810203102837729392a913bb227a1f5de4b8648,0;1,0x835926653558edea9bc72cf6798aa64ff87b936e01f84f7f606fb435fb24de1e;0x68a2a18124bb4479fd7ede65f1c98b1893117f1f802f1e617b8b0bf443daf44c;0xe9efd1dc03f9ebfff09e9ee1f570aa60e07179443dfe2dde32ebe28076131a50;0x3395dc3f836c12cc0fe2edc1b51634c33ab5f493a19db33dc514109378ca2dcb;0x8e221f9997bd17df9770177c145d968c8564875354597dbbb309578842adef14,0xa7d3c9171ebd9a92d84aaa78222d26ed22a5a9a066b0501e610dfcf357faea1b;0xeaa3dbdd6cea6b8a6dbb69b6d6040a549239beff6a7b6c2243869921d32a5cc5;0x61b4d2ef0fbc2a931c8f9349dfddbd690708722f2876a9a6f205d5b7bc82c320;0x76ec206e12cdbf050ca12ec437d50e1560e97c6a39fde23dc36be49e9aa13876;0x68a5a208d7e083b35dbbe1cf252d59ea894a9ebea7843c8ff8bee6a69b32d8aa,2.657067,2.436744;1.548685;1.067019;1.387201;1.39919,64.0,9.0,0.0,0,0.0,0.0,0.0,0,2599702528,2599743488,605.2829999999981,800.376999999991,11.09700000000006,2.604000000000018,39.58999999999907,28.0,137.0,192.0,136.85420000000005,457.15540000000334,3.0207999999999884,1.8310000000000113,114.54080000000005,28.0,137.0,192.0,2.385087,1.679923;1.234542;1.166339;1.359089;1.919585,64.0,9.0,0.0,0,0.0,1.0,5.0,7720.0,2589532160,2593140736,544.401,979.0259999999939,3.0250000000000328,1.3920000000000166,31.377999999998572,28.0,137.0,192.0,123.67460000000106,483.046199999998,2.856199999999977,1.4563999999999895,72.53079999999939,28.0,137.0,192.0
64,100,52,0x51141f64265575c262f68923c4d3b028296e5729081ac1080c120c001b4931f0,0x7bfdd51cf4fc1e4291d9f002e8f7e34b0a6700982faf485aa0aa0b8ea1bda95f,0xe4c6f6574caaca1aff9d6fe847cd240f07834edc65293ab5aec050f2fc1e0bc8,1;0,0x4ae7166c2a9cd96b547a00296788313a9087ce5e5f01325e1791e609d2922352;0xf7327b954f92f6eb739023d2e30f49aa275b613cf90c6f2f626a0f3e673bd9a8;0x05753a1b1eb8a2b8788db1e4ffa831cc5590559f3baec65eaf54f065dd3d2b26;0xcfbc32db1d0b2631bb55174ad230427c065a9f94f27de5827b46986949f46eca;0x4fbe29715f945c3ca44e8efac15be102cc88c17a68248ffd0d833a2109329121,0xb47c072bc00edb636a8b8cbf6338d32d7c64b54337887b3eb3e29b75030f8adc;0x491d83542ad0bb65082b0ad637c2fa3cb28acb1537a5d6b883b459c6b42d22b5;0xdc3e0f4abc08db262febb3a74101c24dd4d6b82d51fb4993400d8e0656af8ac4;0x1d5939671cdd66eb6f3ba0b504f8c47003dafb0a14135ce4bec4e424d404624a;0xb2da387e1b0eead16f0183fd66b8d48c10e5859a793a460d91e0d2d1ad631fe8,2.602049,2.329653;1.660574;1.24714;1.179138;1.06782,64.0,9.0,0.0,0,0.0,0.0,0.0,0,2601734144,2602487808,625.0220000000029,967.2490000000033,5.369000000000077,1.903000000000039,52.03900000000025,29.0,143.0,192.0,146.08820000000244,511.63980000000214,3.0268000000000392,1.8305999999999834,75.95660000000032,29.0,143.0,192.0,3.845433,1.340632;1.116304;1.103965;1.172108;1.040409,64.0,9.0,0.0,0,0.0,1.0,5.0,7720.0,2593976320,2594762752,797.6729999999988,1026.276999999992,4.967999999999943,3.0040000000000275,41.362999999999126,29.0,143.0,192.0,131.94480000000007,352.49580000000225,2.8717999999999626,1.3779999999999912,71.58999999999985,29.0,143.0,192.0
64,100,53,0x79197aee84cf965d5e0b8a5a69b0362b1cfc354c080d1ca179ac62f031773fdf,0xa7ed10d01ac6f567deb232aae2fba7e7ef8dc181ffc8c3277fb6c0fbf6b0629d,0xe1eb3b843e193645112619731d437dafba85fcedd43820c7456b9b48e3d599b6,0;1,0xe06f0eb789c64073b82b2d4b7694a1752aa3363b5a7c6f6e942f67ce4fd5e22f;0xea592a0f6d041ff63373ff11f2345b89df1b0a67346ccf22199230084f2674d1;0x0e4afebcdc6faf787c7cbc2682b8010774f9cdd93271ac8d7ecc373c3b27732c;0x10f5c8a1d8dd5c2a3c84b45a9319455a8d6f5eca98431f2b1e58e3ef0bf5dfc2;0x2fae6ac2883591d0471e63ec85d4bb53db015af8a4732bc96284996f77ae9cd6,0xf4257de5a5bba3301cfbc2099858876f8d3be0892361f4c504deb1865669f872;0x63a5eb3fefb2b4429040fe8e829168f5f2c7891ea77974118de50eba978601fd;0xf87c4cbb163abcc9ad8e02b254500cc1fdffaf4401a08fda0e53904bfa3ed835;0x770957df20b4c307e450abca0eba1e65a04f1adc6f9a2ab181d03130b0307c5e;0xc6b7feea20f8ef702dd0cf0bc90c56ebf10d3e370599fd16de96fce93c591a8e,2.856246,2.628143;1.596177;1.335905;1.108632;1.152858,64.0,9.0,0.0,0,0.0,0.0,0.0,0,2604982272,2604998656,788.4080000000043,924.9440000000109,8.343000000000066,2.082999999999946,43.40499999999983,29.0,144.0,192.0,131.55800000000107,488.9692000000056,3.1128000000000062,1.966800000000003,91.39779999999959,29.0,144.0,192.0,2.569555,1.583848;1.318668;1.4186;1.171647;1.350151,64.0,9.0,0.0,0,0.0,1.0,5.0,7720.0,2595528704,2595594240,514.6560000000022,877.2830000000065,4.096000000000091,1.2319999999999909,26.640000000001386,29.0,144.0,192.0,100.76579999999946,423.38439999999866,2.5699999999999594,1.3622000000000025,68.33099999999995,29.0,144.0,192.0
64,100,54,0xa80f76fe942f6a4ea3d68da485a207d80010419236a11c0d48bddec42d7be5a9,0x4800dc4306c566518fac4d2551bd6fca34a17bc9c1b23c00f264f488f7b8f8e2,0xc67f21b008c7ddd48fe18d1fdf131fd66a53b7ad3d0c9281cc89b0dcd1a90cfc,1;0,0x7c74abe1a1067787f989ef9458da02920f402ba1d2b5620aa6da7e10d389b4e5;0xd81d636f9c73cb8a3b0452f13910e4727bbd56763f2b5d9b02e237bf2a7fc0e2;0x5a24c02b59d6b438f31fbc191aa92247e55e42c6a1e893c49a988c64a4c2e1c7;0x5ec4e94fc248ebdc90ee14182151ee9787eacd487d52e0da0312ade194c5d67c;0x6e42b290652e3a3240ce84eb5cafd98e68e07f4119709b9967902e4438d68bfa,0x66d90d69973c5f8e1704884890577f6d444059f2ee48a0cbea4a2eeb81133bc1;0xc0f7885b4b82d0e4f7454c5b30ce56ce08db66e84be9baf7d4c7fd1b7f4f5738;0x0ae5c31f19c91dc749e940f4d564a6d3f4d4396e5695e1b7ee2f442db30e0bca;0x3b2fa6c0e7065f7009963a72fb1bf08d59a7e77f1669ba28211afa32acdb8570;0x23d3f9ab7811a1d509e312a66bdb0eb5df72376863457e514f84479c0ecbfe22,2.712711,1.457077;1.145287;1.162723;1.156534;1.145126,64.0,9.0,0.0,0,0.0,0.0,0.0,0,2607423488,2607497216,759.2250000000023,990.8740000000028,5.608000000000045,1.963000000000008,27.380999999999933,29.0,145.0,194.0,103.16740000000101,367.1338000000024,2.373600000000033,1.378000000000013,93.98000000000046,29.0,145.0,194.0,2.776602,1.849799;1.139468;1.671976;1.171066;1.231758,64.0,9.0,0.0,0,0.0,1.0,5.0,7720.0,2596265984,2596507648,681.0369999999955,960.036999999997,5.498000000000048,2.51400000000001,41.502999999998295,29.0,145.0,194.0,112.45959999999776,410.27479999999895,2.800399999999988,1.9192000000000125,80.4390000000002,29.0,145.0,194.0
64,100,55,0x5ba02494c1005f638ed380d061e3bacc5a05dcb0b1397338a203dfa501463e10,0xb66aea37952b79fc15e0bee553d937b7276fe06271ce52ca00f14e764cd814e2,0xbfc3cd974b560ec9b31525bfbd789d35d986e249111a54d80917682cbfc3a7a7,1;0,0xf2b9ccc21f8931a8df04c7bdb4b7f410ff32234a292a078db8062c8d8f278239;0xa36c1269e4542d8f394ca302a8d47b083e20bb479d11f00fa4c3fee82007511e;0x26df7368a2e15c73cc7d98128108a48ce43a21dbcd45bf2d9ee7cdf2b7b5f83f;0x28006ca2076c2ddae17695d8cfd23d24cb80bc989990f72b4d0426af947e753e;0xecfded70d23a41918fb92d490598d4538cf73215f8358f9cd4b4ac26f47546df,0x4338cf1cc3c0ed301e6233fc8f10a5017218ffec2ceb40c720d2230d1eee0465;0xd771136aba9af73fe8f6ca15eda34574179a2ca847a739b309187743524102c6;0x61e857b059d59ae335f7e0b586b0174a748e7fd139e996183e148cd529802404;0x795911e9fb3a4c3fb11125bc3404b5dace0f1d55f1c689fbf6517d8a34605937;0x5825ceb3ef34128dc2ee5dd3659a5abee76fe4cb973b4486ba79bf0a654e641d,2.441342,2.08272;1.451244;1.055892;1.267131;1.010213,64.0,9.0,0.0,0,0.0,0.0,0.0,0,2609221632,2609348608,668.6679999999973,839.4760000000057,6.099999999999985,1.6830000000000447,28.001999999999192,29.0,146.0,196.0,111.07939999999982,420.8403999999999,3.315000000000002,1.7445999999999737,83.46179999999953,29.0,146.0,196.0,2.63964,1.522265;1.248072;1.206209;1.000339;1.00828,64.0,9.0,0.0,0,0.0,1.0,5.0,7720.0,2599333888,2599342080,492.05200000000673,806.6369999999989,5.096999999999914,1.8730000000000004,41.98299999999891,29.0,146.0,196.0,100.80980000000406,371.71060000000256,2.5597999999999943,1.395999999999971,67.57000000000012,29.0,146.0,196.0
64,100,56,0xb0f80318f34c4b3733443fb01644e2b0fb20053aa4cc3bb0ce0fb02d586d3bdd,0x0277fd0e47986d2d4b8c600d6451dae054120598b238c27ab0dee63b25f53b39,0xca640d2a31879f838732c273660b4570355bdf4a4144741c6173702da4db63dd,0;1,0xed253ffbd887f72055ecb9aff758481de50e9f8644f1537ec80831f3ef06264a;0x1196075e4a2dcdff1ca84365059fee3843cea017b71c12dff589182c7d821eac;0x14f24edafa03dd45ee2b5563532cc9d7d103e1417396a98a5748786a780f6f62;0x19fb10ebf38440b6f9ed9c31da60dbeed1dbc2b2fba55c19a37466ed2aea9650;0xa60154b800857b165235d62bad0577f539a78a3f58ff675af4e5cb5c363fd887,0xaa15981222291b8f00ede379260905095392ef368ac9549ae4e6773e44e99a80;0x93b227b6357ea956e716ef63efb96aedba96604e4e93d66079245e32d8bf7dc7;0x2722c14a739ade42a19e4151c24177b5e06af86baa3ae7a6cd6b929d1678ad0d;0x4c7ee369a39089597f637cfa4af7c4844ed6884222834b597a01b0780730c69d;0x8994a6dccfd06fb5641c951dff954da5a31574e54b33d6c6b7deb7ea2a87d703,4.140574,1.945444;1.249073;1.140019;1.1072;1.332028,64.0,9.0,0.0,0,0.0,0.0,0.0,0,2610909184,2610921472,658.012999999999,1116.402999999988,7.391000000000038,2.784000000000033,41.1119999999994,29.0,147.0,196.0,163.46039999999837,396.2058000000046,2.7182000000000164,1.8005999999999882,77.8194000000003,29.0,147.0,196.0,2.331386,1.534008;1.138817;1.17423;1.229234;1.332319,64.0,9.0,0.0,0,0.0,1.0,5.0,7720.0,2600243200,2600366080,691.1720000000038,651.8630000000026,3.064000000000105,1.593000000000037,28.59399999999984,29.0,147.0,196.0,107.5982000000003,396.02120000000184,2.513599999999982,1.4459999999999993,66.12580000000048,29.0,147.0,196.0
64,100,57,0x3543e53e3174da2f11f12d392d2ae483d6ebc145ab5efd1c744da4efbc1a497a,0xc45566e916fb3b7762e7f38eb787e762a3ee997a808888b6200534d07b19675b,0x8dbe5305c89c8db782985ee1e0804bd7d16c31ce95a2f4a8de7210d837bb342f,0;1,0x65af5911b54a8125d42c00d86efa5e8ca60afec11182905d10fd7d47f735b250;0xd574f80f1916c4500972dac1962e584409daf16ee6c3f0644fa7f02fb3137775;0xd35dc42d695b92a750a431911aeb94eabb7de7e4a1a90b13f7aad5024f59208f;0x19f81e785851ff8742836b714e86eb426d1a3678b357bcf68127fa7f7240305d;0x28a3093198c17a0b7b941d705773c368961ce6882c20b1a84a3d966abff90b72,0xf4e1bb022492be7276b98292c5e466f98b5a7062dc1f76afec8312a7f27f55b5;0x7b0c2c27e171bc5c0c203217d6780297d471721bdecb254ae97cb624e3e41d29;0x19cdb6af8516a067a39e5c3fdb7fea54ac7182f1344f1ce2cb99da596080313e;0xfa9100e44a90d8f4219e2a23d62dd283fab7db82aa98af8fc2ee18c274701236;0xa464cd8430848fd7e80ec898cf7f4ec7470695dcd43fb42dc5dc2bd5d0d93ec2,3.040675,1.913585;1.176043;1.052818;1.150816;0.99423,64.0,9.0,0.0,0,0.0,0.0,0.0,0,2611040256,2613010432,661.9890000000017,928.8909999999872,7.541000000000015,2.2429999999999715,41.22199999999701,29.0,148.0,198.0,111.50219999999932,376.4453999999973,2.744399999999973,1.5479999999999792,82.47039999999956,29.0,148.0,198.0,2.302702,1.357817;1.088771;1.115722;1.027169;0.958766,64.0,9.0,0.0,0,0.0,1.0,5.0,7720.0,2596745216,2602455040,661.0269999999946,778.4439999999893,3.3150000000000452,1.601999999999962,29.20400000000142,29.0,148.0,198.0,103.99259999999965,355.0594000000018,2.7003999999999744,1.461999999999991,69.33639999999949,29.0,148.0,198.0
64,100,58,0xc67e25542f7c7dd5552d64d3c4e5417501e6157faa902d6fd457c5b9f3f1ba0e,0x25b93eb020cb41e19651789c7b9b0ea7fe39b36adce15b77f99c9d4bd241da63,0x91706ada59d992ed723e39c53a24802105aaa5766ae04b8f839d69a24e8b0209,0;1,0xb4c5db42f4b010a921672030b9fbdfc82a9d08bc3dd3086e85eb70407e9e5a15;0x436d3d11c5906229cf9826dc0a0f77936eb9008919ec1a033bae641c0602a4f2;0xf6db1cff6fbc3a95246d8e217bf3f1a1d3dc15fe6b4ad34df53408a2d5387b76;0xf418ba7bc85f5af22686801ad1c1e7444c56ee2c4281bcb5203d2eff8bcf663d;0x240699052de23b6ebc323610395905967953eaa589765f60b2643f3861e665bf,0xd7332cdbb70b90d69ab901e91da72c9db412bf770c74a708e6951f924f980efa;0xb463a9791c3d299eabb0afdeb610b9dbdaed5a9c0344526dea755941cb72819e;0x771739931562077e12c290f0c0e4a1000c3e0202a8ae68860065da94efa7e721;0x2f185f11ca158ec1e2a07a3e4fc55356313b3936b40bc9192cba0cbe06118fca;0xc302faa31b668130991bc6959dd07a71662403c3200d0bdf25276985fcc36d77,2.920363,1.55895;1.453532;1.540834;1.137745;1.078557,64.0,9.0,0.0,0,0.0,0.0,0.0,0,2614468608,2614706176,664.8219999999955,1038.0749999999994,5.949000000000102,35.35399999999992,42.99499999999706,29.0,148.0,198.0,147.98759999999632,428.4120000000058,2.968599999999969,1.7167999999999697,73.63900000000173,29.0,148.0,198.0,2.093557,1.800155;1.660523;1.030884;1.031826;0.971545,64.0,9.0,0.0,0,0.0,1.0,5.0,7720.0,2603601920,2603909120,461.01499999999515,727.6370000000032,3.4950000000000605,1.4420000000000448,26.71099999999871,29.0,148.0,198.0,119.83680000000052,437.8323999999989,2.745999999999998,1.676600000000009,72.05259999999991,29.0,148.0,198.0
64,100,59,0xb2961137414167d68fcb49fb610b129df719685d5ad354894ed4a6a9c5c4e309,0x5ca7c3def0623c697899ec205c5680786026513152d7b31947bcdd32df9193ae,0x68729cc88510ee6a1922cc2a903ed9ce0cf89421ae9e5734adf944a99336a991,1;0,0x42a0ccdb4049af37eba23d8351306674b86a1503ba0974500afe07d25d340581;0x6ceba62690339c2fc5768bf183ebaa4fac898a3ee5b28885d0c22691db884294;0x55ed9cc3492774470bd557eaa56a5813e1083e7658eaad55e634270e1de269db;0xed6bcbe990107ce4cdeeda6c88d5b86fb24b7703ae0d35c211e08b0ecb0ddc36;0xf577694ce88d47546c03ccd71bda85d0c883624618a9a344d89f7a4ea7ac5d45,0x2ceea60460af393bd0bf5192a2aaf6d368317ca6ae9749eb7ab7795c814bbe15;0x23aed77f82f17d61363be7730f0d3a4efdcd03cc405cb155825cafb462c276e8;0x8e59e4af97dfb41f975f6e4f9941bb59eeaf053861d416553406bcc21b2a48d7;0x98dab61cc6cb5f5869cb5bd18f6e848d0a9ea86b30dd6c3c2e7a4d37270ad777;0x43d3f0617cccdc05a53a7af4636034f1dfb021f8e3a728ec5848ca94329b4867,2.388491,1.494814;1.242323;0.979256;1.131867;1.135563,64.0,9.0,0.0,0,0.0,0.0,0.0,0,2616049664,2616291328,649.1190000000036,912.9770000000093,5.478000000000167,1.7220000000000082,28.393000000001557,30.0,154.0,196.0,114.14620000000097,373.4828000000023,2.631999999999982,1.3840000000000205,76.51720000000084,30.0,154.0,196.0,2.79851,2.298316;1.335634;1.001811;1.008531;0.96779,64.0,9.0,0.0,0,0.0,1.0,5.0,7720.0,2604331008,2604457984,592.2839999999985,812.655999999995,6.8900000000000645,2.5239999999999507,55.37300000000092,30.0,154.0,196.0,132.84620000000027,392.532000000001,2.7964000000000113,1.594399999999994,77.64159999999951,30.0,154.0,196.0
64,100,60,0x8cba9a0123bfb9e73cd0fcb32928c9772e181606279e167237169ccc5373254e,0x173fb8a8d824c3e86012d3785725b86ef179e8b48b3c91912fa041fa9fae3b3c,0xb94f60ac2a6eb42425dff672d43ee0378827097dcc8b6903037e0b78d68d52d7,1;0,0xf2cd29115cdbb1e4a14eea5dadf4e6039b695e123ee66025792e6ff2420d739f;0xbf226fd5717683ccd083263e7d6bd3e73743c8d75859cb53d189f981a4dfa81d;0xcccdaa7ee25217b0da722eea7a6663a40927f5290b88a07c181a63f09415472b;0x043ac77b1591bac55ff40f0b83b0b6555f2722a38cfb75fec6eb63d01db76f3c;0x5ab3fab44dad283701a0888b839b52ea9432ee195aba2a02a8c0152aa3cfe284,0x8917699cb51dbe2be02f11d26a67caf00f312dcd894ed5bbc3b002712c39c661;0x5599b24b19035df5e6685b024218af64a0a76c0a26aa8020b2c26976275909fe;0x4cea71bb379effa4f0996200e07dd6f298b48f7d64e8364de4bd2348afca0b72;0xea848c206243bec4b19526ad5a4a516ca5e5c55bed1f2b1bc753aad3c18dd26e;0x9796b245f6cae08ffbe962a6e4660bfcca1960368a587463518e8d49ef5442ec,2.741974,2.006225;1.456716;1.264557;1.154441;1.121401,64.0,9.0,0.0,0,0.0,0.0,0.0,0,2616754176,2616864768,573.665000000001,1301.9029999999932,5.568000000000066,1.731999999999949,25.03799999999806,30.0,154.0,198.0,142.2848000000032,428.96899999999573,3.2468000000000776,16.394599999999986,78.22399999999895,30.0,154.0,198.0,2.722786,1.371378;1.131647;1.730119;1.108;1.141411,64.0,9.0,0.0,0,0.0,1.0,5.0,7720.0,2604773376,2604920832,585.1820000000035,842.5009999999955,5.3880000000000505,2.3739999999999744,41.5630000000014,30.0,154.0,198.0,106.17800000000122,386.38680000000477,2.7722000000000424,1.2419999999999964,74.52660000000013,30.0,154.0,198.0
64,100,61,0x4969fe48c194e374b7709179455d2b36303008497ea96e58db95e218026fa7f8,0xcdfe42aed6e54ae01c266098c2a11be031219f02e12942b7b3b21138722b4689,0xd2ebb63d844baaf310ca4689fcc72eca84552c8cd46d1015920427033dd001ca,0;1,0x3f48f3b4cd957be48f984a559b659316653c23a896d06be8197f2d057e80913c;0x1f4501927ab4e151bce6336bef6dbc87ed1b864e7a93d0d1f949f52f039742a6;0xc175d702ab6e709edfa7e48008c41ba855fc33694394707eafd37cffa578d5f1;0x32c71c5cd8feed198170beae2c0c3ff1d2810f4affd5f8e13ffa4a1e19d5042e;0xb74c2f56cee2322ce221ba5ee8b71570fdef01b54e5b23510b25a15c540a6fe3,0x084dc0c145e347a2f18b77f41129b8724bee0d11fd4894b6c4af05a828e30080;0xd9aec1fb9728db5e686dbd795121a156690284a13566bb7a1602f667c9afc8df;0x0fd0a4f305e0b70855c05c30afca39fdbe709cea12dae5826255c2262d025bf0;0xe293ad9fe43c14d53254d856efbb6ed75af8b18fcdbf1755d2668a28eccd940d;0x69563e7918b893c5b3bd841f10d211f4df62afa60f0cb96ca3f1c404aba22948,3.347328,1.461784;1.219358;1.05456;1.369305;1.251117,64.0,9.0,0.0,0,0.0,0.0,0.0,0,2617393152,2617511936,780.738000000003,1227.7519999999986,7.5919999999998415,2.7440000000000535,43.3960000000011,30.0,155.0,198.0,98.0696000000003,422.7494000000054,2.745800000000017,1.4759999999999511,68.03640000000027,30.0,155.0,198.0,2.680547,2.259523;1.317927;1.14702;1.20725;1.597018,64.0,9.0,0.0,0,0.0,1.0,5.0,7720.0,2605002752,2605002752,577.9119999999999,927.5280000000108,3.264000000000001,1.6620000000000392,29.023999999999024,30.0,155.0,198.0,131.85900000000362,435.4726000000087,3.038599999999987,1.7408000000000008,90.13039999999985,30.0,155.0,198.0
64,100,62,0x54187e316b6e6d2acdc1a0f00eb63f781fb0b8da8efd4f44eceed1f789d7e595,0x9fe8548f79bf546df05e22b6f3c20031c90d85aa069f11425c322e7669df0b20,0x5eb789e71c594a83f34fca794bd95096f5edaa2f6e78f508c8552e405ee193f4,0;1,0x4da8516049b8780250bef3491ad80a79389e8cf7b7ebbaf650171c1f38eaf197;0xffa359af42ff419a025d43d034107f20200c88137b31b16e4f7cc2d240d56846;0x92c2790f6cc57b63d0fedfdd52280719cc6b2512c2262c11ac0f47e72a62fc4d;0x00971e7f6eb5e7e388b023b04eb9d4419ea5b942f23834131cb9882019c88bbc;0x2207afffb4d6c139d929aa8dcac715dbc0de542eb03b073e25edf443c7fa2ed2,0xdd65b956edefc6177255cd62692d1016f2e8e461049cb1dbebf82c1c6fea1478;0xf78dd1e7b436d76f25b3ca6fe37562e8bac6f3bec8d1a55690cb837cea5dabb1;0xbff8d8b4f91df88cbe51bc59d3da20a43b8a5deb867f9b517b0a083dfc98f931;0x54d90951e8b94033833a4d7aeaf77afa41dcc0541015919e62d8dfb14ee96972;0x6c786f655e86457cc0d05997fe3e74deaaedbd7a3174f156c308b54597af3c7a,3.105644,1.512801;1.196254;1.313841;1.102342;1.06768,64.0,9.0,0.0,0,0.0,0.0,0.0,0,2617634816,2617851904,828.059000000006,1058.6760000000083,7.220999999999964,2.1739999999999693,42.543999999998526,30.0,156.0,200.0,116.31719999999902,383.5807999999996,2.6160000000000765,1.5921999999999812,72.66739999999966,30.0,156.0,200.0,2.351496,2.600191;1.235002;1.050754;1.197767;1.207481,64.0,9.0,0.0,0,0.0,1.0,5.0,7720.0,2605486080,2605649920,587.4560000000001,962.7309999999944,3.465000000000022,1.4929999999999803,28.943000000000023,30.0,156.0,200.0,200.0418000000004,421.8358000000033,2.9280000000000017,1.9170000000000211,73.33259999999994,30.0,156.0,200.0
64,100,63,0x80cd4f3eefdd80e4834ccafa4a47da63b3d8ac46841f9128b392204ca10a800a,0x8ea58fb658c1c6828411db6f3d30d44c703403995a994ff3b0da01357cfb4637,0x97525f8b8bc55d7597f2b7c1d060bddb37eb4413d257a190986fe8469581ce2b,1;0,0xff4edadc4808cfb08ab5b5b816ea252ab5a10badf899cd064653945e9eb7cebf;0x05e1c62e51cd3d3424382705543b6e487db4ca16cd5dbab94ef6225387d3db76;0x96e678fd5ff372a5223ccaec864206bba4f3fb180bbcbbbdc749122ee9987d56;0x1ac8fa79f794c03c1c8aadbc901eda953d9f58a7351bf60288bf33a897b16cb0;0x5c5a9e477e489d321ba53b43ca01b90bdb9e7bae57555515f57dc272c89b9578,0x0058cb97840e752603601d633a51efc65ddd88cc7f76d883e9b2d8d5c45d1c38;0xbf30e86654ae13c01562542f6e17758061acbef78755db4ebc168059d02f639b;0xe786c6402cbe023c3474239918a6f1b7aa94051d7b9e949732af409bee0a0cd1;0xc55a0897b9f76442d9278091e95d7c79aae51b71348e8fde54f964b4065bfd37;0x6510150b37bc1bc107d5c9d8c44b586394805b2b4c077a74079cccbc57d0dc8e,2.828315,1.43953;1.340181;1.025817;1.264616;0.98791,64.0,9.0,0.0,0,0.0,0.0,0.0,0,2619207680,2616098816,743.8220000000051,1145.0369999999878,5.808999999999849,1.6420000000000496,29.28399999999748,30.0,157.0,201.0,96.83220000000213,399.1199999999973,2.3915999999999698,1.4521999999999886,71.33539999999994,30.0,157.0,201.0,5.532202,2.028208;1.171637;1.079518;1.005306;1.051636,64.0,9.0,0.0,0,0.0,1.0,5.0,7720.0,2606583808,2606956544,1010.7339999999992,822.299999999998,5.1870000000000305,2.8450000000000175,42.132999999999754,30.0,157.0,201.0,111.07339999999743,381.52719999999806,2.9925999999999564,1.654200000000025,74.64880000000035,30.0,157.0,201.0
64,100,64,0xbb7045a3658a5fda102039f4adf840e9cbca9a09803477cc91c21acf475b22fd,0x4a8b3d9a93f068b23586a58bad5d213968eb40b6cbe921629a5c84d02e930d64,0xa27ae587204e7a95f0f61ded57bc0a7647be45196ee42a75ee3382844594bd64,0;1,0x5d14c3c2ed4e692cb3150d0e60d29e90d1e7cfc21dfdb49a595f9978c4ed325d;0xebfd76ee107ca625d6f248e563e77a863db3ab9cfdd49436684f88f2b124bffe;0x0d2f05a09405914a7a0700c903805b4c745422f2247aabf5b63e3e05e5b64f07;0xc5b8883740cd959d288bc4d69b238d9fb62bcafb2fb64b98f2f354577e51ac5f;0x5d52e098873ff89f55cad56da24c06b170a77089025baf75002a80df7aff79a0,0x073b4ed999dc0cee64fbbb1d74f6c350fbdcc1ca458aba6238ec7a586f70d4ac;0x117523743ba51b5e0d73e6b76bdcf6c35496ff2babda14a4423d1ada24af9bd8;0x55d74c30058ec04c1c09d1c4ebcba48408748731e12a23bee126bdbbd12fd5f6;0x08ac6e3e14e266e0923ef5715a8b917a05262aa7ec7c7421ea66bf7a68463407;0x1402f0c7fec21e14598a76e8a70d913e823f6a5ea93314a5e508080bef6cb589,3.034766,2.134649;1.317577;1.143544;1.088832;1.232478,64.0,9.0,0.0,0,0.0,0.0,0.0,0,2617200640,2617208832,778.8739999999989,861.4889999999931,7.83099999999981,2.152999999999964,68.11300000000159,30.0,158.0,203.0,122.83560000000138,417.9721999999997,3.0945999999998715,1.7665999999999948,76.92419999999895,30.0,158.0,203.0,2.36081,1.61194;1.241431;1.119558;1.12086;1.327281,64.0,9.0,0.0,0,0.0,1.0,5.0,7720.0,2607071232,2607075328,531.3210000000013,838.4840000000005,3.6649999999999183,1.8029999999999826,28.96399999999938,30.0,158.0,203.0,153.14480000000188,394.92780000000556,2.7619999999999902,1.4022000000000037,72.5854000000005,30.0,158.0,203.0
64,100,65,0x5654f52b3f6b952906ae04328001deca92e51961d9284c9e93dd7173afd83558,0x2ac9bd7dab30b302da35386cbca244fcfb9da8ea45f77926c178c2d3ef51499d,0xfdac7af5e23c23dacd11b1903a010fbbf1f4f203fab663d6a286c7a6c545c8ff,0;1,0x11c120be3c295928eabde05e124aecdcdf8e4e0d3b093971947b314489c968bc;0xda5b2f72adf089c0879e1fbd4b3e87f1b43014abb146e6249b4ff31ad29b5bd3;0xb5363fbd0518c60eb58ce37208b67c87552dbea0a5b18586f73c30815f9676c4;0x40c46ef619dae9ce3f5a06c905cd11e8a2b71cf3d22f9da91851ecd8192ffed8;0xcb6c537d978aa1e44c7dfa67cf66c0507b0847bf66d109425b51e096c8190604,0xea0918cbea21dd9ebb5d104defc660686d81935d1bda3ee04f3da9fe61463527;0xf1c4dab3cf4bd3ac8f1470369459658c3f9c887f958ba9f74bdb857977dee554;0x8a684565f47d46c0bd874419b933d9662f0384a59d8601a4b8424c76c048c81b;0xb67f4b18ac5353239e29bf783795d3fd95acb459aff9d2a32af31741b654829c;0x40600f470a63dc982cba70fd33995af972657535bbc44ed467f4db3ea783c229,3.033775,2.455051;1.186529;1.072617;1.251467;1.100329,64.0,9.0,0.0,0,0.0,0.0,0.0,0,2620919808,2617217024,782.7809999999963,1063.2640000000083,7.131000000000064,2.723999999999956,41.502999999998295,30.0,158.0,204.0,112.36980000000064,529.147999999996,2.8126000000000713,1.6345999999999983,76.65580000000004,30.0,158.0,204.0,2.197083,1.563297;1.395735;1.184476;1.41291;1.036583,64.0,9.0,0.0,0,0.0,1.0,5.0,7720.0,2607218688,2607316992,556.4589999999953,655.8389999999914,3.4950000000000605,1.552000000000042,27.862000000000027,30.0,158.0,204.0,101.05440000000021,388.9546000000022,2.6277999999999806,1.4124000000000125,92.33340000000048,30.0,158.0,204.0
64,100,66,0xfd58cd4bf933e0562f64e8e14c3f8daa3792326e512bc4953f3cd624ba2e4d22,0x57cce93f83acf1f4ac7903f96395008d686cc0f5795aa229b9f9b811222e58f6,0x142ca4c01c3b3c53d03c24653ce3431821499be7cd63f64293e3b8072f4f941e,1;0,0xb60e03b1b5014ab1f742b7dfb9a0213b0d0d022c42913c5d88192dcc4b8484cb;0xe82a057f7139fd98d09d726ca55b26871feaa4367718a220b6170a1f04237e61;0x9412e57aca5e2ff8a989d8d103f120ffecc073cb1722ac0f0c98ae75a9e5c528;0x5a95129d1177032312a79714cad6e2c9ccd406d57b9eacf582a8c93438079a03;0x3b13132eafb1a65cf1d81bc93fc0232e0722b8946c3dfc18d9365768a2b4beab,0xe0ee7613b8633b3e2c2f5746b95b9f8130925856f62071c7953843b564aba082;0xae55e57347b48a0888cdead3d5b8d48b88fca441747d418bc81630e13bca1187;0x211eda5f1c2d90866d20534171942ea683625caa2a43c75d5f69b725d929fca7;0x5130f9ffd210b23052427fcdba52f7ceae0d6e59227688a2b935816cdb4742e3;0x7631e8561e73c040b882eda60bf1712715e816d2def804daa7ae6805914fd172,2.302552,2.257143;1.285809;1.18103;1.15429;1.13446,64.0,9.0,0.0,0,0.0,0.0,0.0,0,2617565184,2617610240,575.5380000000005,841.7990000000042,4.116000000000189,1.6729999999999956,28.35200000000232,30.0,158.0,203.0,132.17319999999643,433.5497999999993,2.87639999999997,1.8589999999999753,83.08540000000059,30.0,158.0,203.0,2.579239,1.701015;1.122402;1.04184;1.649256;1.126338,64.0,9.0,0.0,0,0.0,1.0,5.0,7720.0,2607321088,2607464448,551.4110000000016,831.784000000002,5.737999999999924,2.033000000000026,43.775999999998845,30.0,158.0,203.0,100.03099999999765,391.68260000000396,2.483999999999993,1.5061999999999716,89.35860000000017,30.0,158.0,203.0
64,100,67,0xadcaa999a8dba795425edbb5ae8afeb1a985d2b259cee55ba7b8f30db152617e,0x780ff1f683fca48e98ad35e55ceecf49ec8d81756a23593bf003ef3f9b06b8e1,0xb9c7318a8f3df10bdc83beaa4aa368e6ea897f84e98ea3e13f95692ab8a61e72,1;0,0x712462178a51aad77cb121e8fbb267e7770073ad3c8b2bee8f06391e7fa66104;0x36c7aab0fabe90ff4caeb8f72f38cdf63586a668613c767ce7171b6140c28224;0xb15505add96ba8f1b7e03794f7fb368c8f0dd8833593da57bb6c1b2e09250b07;0xcd12f5ab71cb328c3d658489d7b7cb5751f173ac4228359fde61dd44640f61fd;0xf727a74de38c3539135534951a311246ab602200b2d8583878f6f271891a094b,0xb7c062efa06a9339aab6978382c82940146ec27c4979c572ba4e22537081c630;0xe9f2d0f9d48af6283d554d2c530e0d6be25bcd1a97ca79628429411ca04bf92e;0x1727d09c1d86ccb166c72bef17eea11536a17f17a46642c806f3f6ca81e97204;0xa0e35b57fde8b0465fabe8dfab2c1fe16c1194e3e739da01b7ed5a5cad2c1830;0x38d8c4ececa66146f209c8f24fc1795603d883605bc0f9c9a0d5c4ecbcfcc90d,2.682965,1.463737;1.367592;1.102793;1.237836;1.118226,64.0,9.0,0.0,0,0.0,0.0,0.0,0,2621583360,2618474496,678.9739999999989,1107.5399999999902,5.808999999999849,1.682000000000029,28.70299999999798,30.0,159.0,202.0,125.87980000000053,413.3893999999971,2.5159999999999765,1.484199999999972,80.9524000000006,30.0,159.0,202.0,2.713141,2.518157;1.433402;1.147691;1.495114;1.207181,64.0,9.0,0.0,0,0.0,1.0,5.0,7720.0,2607616000,2607652864,577.0199999999975,916.4010000000111,5.989999999999989,2.274000000000026,42.11400000000282,30.0,159.0,202.0,141.38720000000106,424.209400000003,3.034599999999967,1.7408000000000008,129.55760000000066,30.0,159.0,202.0
64,100,68,0x1bf321939cf82a4509846e1832e19de20b1a7d5f23e033b4f1d998df015f9e92,0xf17fe759448f6f6b3fce9fd6666fcc9174c08ea343c64b48f74862ce5f5431e6,0x9b402f3411626813e4160b4734ceec67f3570158261eb8af1fe50f2b276fa69f,0;1,0xd7181666350d853678227bcb871776695db334b94e5b18eea0b237d0e206c6de;0x1de62fc9421892c7ce32622996b772ba6510dc8595db5f9b0d90b4f1b9f0b916;0xe4b910bbd4ff8b058a13de7ed46b9b7d56279179be26207340cc685b8bce019f;0x82fb89a74a97019bbf00559071eb69f33c2eae270cc18cccb060b5c2112c9c10;0x947b12b9e8be0aae131a9ac7011aa29bdfdde966c659b4600da3b1eeca6df3c9,0x909fcd2d3d7a9da21fe6b03e1f7e828a78610fd99e9d1af27fa21acd46011e2e;0x78b246743e32239ec3dd0659c430fad26863323a3ce4fd4ea39ecfe68f916a96;0xd41e5c0c69bd64a556b50cd420efa54b1e18e5386736594d0fee00a0b6842eda;0xc7afdceddc5633ba542c1b4d8db99c625ad1d3fa841740ae32cba0cf214a02ce;0xd697f0c89f164ce399b7caa163e466d5e58f30de894519c9ab129df6528ad102,3.074265,1.53171;1.276926;1.122193;1.091215;1.06115,64.0,9.0,0.0,0,0.0,0.0,0.0,0,2618900480,2618990592,742.6199999999994,1061.0400000000132,6.959999999999866,2.052999999999907,44.25699999999894,30.0,160.0,204.0,97.83560000000136,391.68259999999844,2.569999999999916,1.5239999999999698,73.82120000000158,30.0,160.0,204.0,2.352938,1.966706;1.206189;1.147881;1.246299;1.085006,64.0,9.0,0.0,0,0.0,1.0,5.0,7720.0,2607685632,2607845376,644.0310000000032,837.2729999999995,3.8359999999999004,1.5720000000000316,27.49199999999702,30.0,160.0,204.0,104.39360000000231,423.6165999999985,2.904200000000039,1.576399999999971,73.07419999999925,30.0,160.0,204.0
64,100,69,0xa554354d5d2f106907ffbb3fb546748b740fc275ad403a9efc851da4831729bb,0x92f08818c7f0884a9baef6736e9ec2c9edf2ceefb1cc3dd0ff38cd7edf2b3f0b,0xf36a062da1c5e7446db313d2dd20feebcd0f436048bb0ec4327c14a012b1ad38,1;0,0xdd60224f71732ff6d0cfc68f6bc0c27065785cc79315121b69ff72f1fca61f7a;0xe6694eccc8f52ba05227e15057be9fe56bd2f49b19e1b1e2ef0124abdfa9a155;0x6357aa20326cd5aab371e524df9ee2bce8bd29232ae11d45c275f52ec6966b90;0xa8c07a2500a00cffe8c729481b8da30ebd3d5ce5ed8aa265a225a612af7cbf54;0x69be56a3edeb06927570bf88e3b1175326ce566450d74bbfb2825287cb94e60c,0x47793106a9e7816f1d98c7acde326310eef8dfdfe2b2ba89f2aa00df2df71f6b;0x2fdf4f231d9545af32691e5ba950ffbe68140fdb1555fb9f40b9b10fe7a96d90;0xf284c1ec20847307901148f2abb78380774161124169839a661cf13fab909346;0x203d23ebfab61b15b5e1e4021a65379af12f62cf9bf81d826307c3971e106ba1;0x6b2122d404825464eb7d25afa8ce96976f6981a96416399779efee137256ef5d,2.945521,2.017342;1.254502;1.096393;1.159038;0.992056,64.0,9.0,0.0,0,0.0,0.0,0.0,0,2622316544,2618232832,666.9859999999944,1060.5790000000059,6.199000000000135,1.3920000000000166,27.991999999997518,31.0,168.0,204.0,118.3967999999952,407.67280000000295,2.900600000000069,1.6883999999999997,74.54859999999896,31.0,168.0,204.0,3.225304,1.744591;1.267872;1.013288;1.171366;0.996192,64.0,9.0,0.0,0,0.0,1.0,5.0,7720.0,2608087040,2608099328,889.3809999999946,906.1160000000124,5.1879999999999376,2.5239999999999507,42.07299999999664,31.0,168.0,204.0,112.50580000000399,383.2497999999962,2.4978000000000584,1.469999999999987,66.60460000000174,31.0,168.0,204.0
64,100,70,0xe53601b403708c5dfe5e3541118040c314d40857c6eca2f736dd857dd412400a,0x6cd8492983c989061ca26cf4fcecf9058a6a4ba4668783d22d213bf5af3eaa7a,0xe4f9d5d7037ceb0f42f1f8d96a33f87431a9e649b36117d4bcf3bcd7d4f347bc,0;1,0xc6ca3afadd0d1979af84447143fa39dd07d3e58cda8076e59341bb91124da79c;0x7f9d7c6a262f29d938812f44523d57f233a3af396659f1ba75a6c471b5b94919;0x8e072bc3de38c0c23c53fe08a052edb7d94351ec6f57ff4ab9bfb8e08164c37e;0xaa077278fc09277b4625fcd2529eaef181535d6c9cbb92d7386e7d2a8b78b82e;0x7f760544dd4c5979fda60aeb01632c9bc0fa44ae854e2e9688a93c3e259e3089,0x8757d0c57863cebd1d58569556f8869f5f4477a8d8726806ff83540955793411;0x1a62b8168d10c3d5a662468fa3dc7171777a666821d96c71bccb13b8812a1507;0x6030c28f928c56207eaf3cfd37896215cb7a7233b4422faebf114617b467f0e6;0x9cd44711a14092f5d6096a6e8989128458e3ff20d91763c6cb1d9799b5b7a323;0x07fc8852e16178a44ec145138a41bab05351ad9ee92bbf2390b977921637b99f,3.254548,2.064924;1.340021;1.241031;1.122303;1.220751,64.0,9.0,0.0,0,0.0,0.0,0.0,0,2614894592,2614898688,759.475999999995,1219.3879999999879,7.351000000000059,2.714000000000015,42.49399999999709,31.0,167.0,202.0,117.13260000000002,438.75939999999946,2.954199999999959,1.6945999999999455,81.60920000000043,31.0,167.0,202.0,2.366498,1.964232;1.208723;1.21357;1.500423;1.099297,64.0,9.0,0.0,0,0.0,1.0,5.0,7720.0,2608254976,2608254976,571.8519999999977,889.4510000000133,3.2649999999999086,1.7030000000000343,28.82299999999727,31.0,167.0,202.0,166.70740000000183,400.57620000000236,2.9141999999999797,1.6082000000000163,90.75119999999991,31.0,167.0,202.0
64,100,71,0xf67e64ae6ca45bb186aae07f944fc3f5c35b90371a284e3ebfd7b2960e889203,0x0efd83d6ebe39cac09d8dad2d19c4655701d06e1533c2b96e12d5c326f159143,0x008ad5ed9704046c9dcd084f21a5c60d1157f1d4e53a142a0ea649849d83693b,0;1,0xe39c4829604f8aee54210ff49325e3710f209a472412ae70dd0de93bf0e5afc6;0xd8408e1b4ae64cc1d58c59fdc045740592899ed0a0bb3318cee7e8604e5fba45;0xa7dbc0fc546b41bc774fbfef475a59b85c9379a122c3a8c14d16d9b242454118;0xb7b03c482530f23ebf4782caf278fcba8b8386ed0f0ced240339512ae77fd416;0x06636bdea5958c5786dfac2cd077ac31d591b20028598aa40c68812c3d6a0159,0x8cac7e7690877d3d6fd4c5343fdbcc90c5bbdab7f062ee119d1291309f0152c6;0x35fd04effdd6226933fa51d0a9097cd1a206b6a2325e5a7a936adcf350da8b99;0x6757d1b1467a6a5234fb73ee96c529bfafffaafca217d176f1235bdf9297707a;0x8e0956ecb152f285b3636fa497de65d2ae15f91389915b0cb1e8b182a6c0f17c;0x6443bb43de3012a928e6c5f4f9a480cbf2886246740476e57509000aed0bf40e,2.943448,1.929179;1.215943;1.064745;1.065276;0.970573,64.0,9.0,0.0,0,0.0,0.0,0.0,0,2619592704,2619625472,637.2810000000035,967.0880000000049,6.529999999999817,86.85099999999998,41.51200000000049,31.0,169.0,204.0,107.09520000000138,398.75100000000276,3.060599999999986,1.7525999999999913,82.24399999999937,31.0,169.0,204.0,2.441391,1.437207;1.35923;1.172127;1.128151;1.098306,64.0,9.0,0.0,0,0.0,1.0,5.0,7720.0,2609201152,2605850624,749.5799999999997,831.4130000000031,3.13500000000003,1.5629999999999984,27.650999999996596,31.0,169.0,204.0,99.12580000000226,436.91479999999893,2.5118000000000187,20.036199999999994,78.38180000000055,31.0,169.0,204.0
64,100,72,0xab0409f77b3fb957795fa432f0d6880910c0e28494f3f1db125ae22c63e20a47,0xe09aa69aac963c9ed24bb381dd4c31412fc64d2a2dc43c4d9e1b2add2dae0d24,0x5edc8eb1481c9d5587be168a90b0369adc64347a0175da9677184faf17688adb,1;0,0xd9d7dd87d43c4e21dad5b8f0738808d055f8d5f8f8ad1fa7f570dd704e7fad97;0x05a2995effc85b9d5ca5ebfd94287b5ea6d27695af2c6cec177d4804a3a65c14;0x8526a4f33d1f93552e59c18e2dfe3e2ac5ba10c20390fd631f61b4bf1b12f8bb;0x7c8e63daa72ec51c34eb2aadab49c25a81f9d98973c1263589a8887623348e5f;0x405b497dc416eda60cd198a2ab7677bf6c0628f47807d4fcad428ffa6fd61d96,0x46370b1ef4bd9de63eb073904b336a017dc06708154d81fa091c7660c440aaf3;0x7cb182d8cb0fb40b1501585560d025fe3e1f195ba7afe2e8008561971092fa16;0x0dd258c24d9d1b839aee76a688e2a4aca7a4be5932b41316e94d0300b639b115;0x818ee06a017108578d7e34ee6dc9bbd7f16293cf924393d1d2eced1d8a763327;0x2e9036279b08ca4a4177a335b182a5ff66781b18a58ae557b14f872ee6082560,2.663326,1.977832;1.342705;1.161461;1.336796;1.219389,64.0,9.0,0.0,0,0.0,0.0,0.0,0,2623180800,2623307776,728.7940000000049,940.367999999997,5.038000000000178,1.8130000000000317,28.111999999996804,31.0,169.0,204.0,111.11920000000109,484.1519999999988,2.4394000000000498,1.5240000000000133,74.4701999999986,31.0,169.0,204.0,2.827754,1.374113;1.264367;1.788627;1.175813;1.141752,64.0,9.0,0.0,0,0.0,1.0,5.0,7720.0,2609496064,2609520640,556.0579999999982,909.1820000000084,5.016999999999956,2.4429999999999765,42.51400000000044,31.0,169.0,204.0,108.34540000000115,461.3316000000034,2.5956000000000152,1.3781999999999943,85.72480000000049,31.0,169.0,204.0
64,100,73,0x83ff220ccaba4209539ab65a711cbe8b5fd147f45d67c530339892eddd1fc373,0x25e8cdd20983545cb4fdf18af4fe2d6dbf7ec8df72737e1653ee06018f3ea0f2,0x1b3d45a5b5c6468f80aa660890fba90abcf448ff27c8675adf60ce286788ded7,1;0,0x11d7794b762cf1deabfe4dcbc5d9562db2889406604cfcb99d76ddfc82d1b499;0x2fd28815ab0736320d10abe926a5d48a920932d35a2061462316c4e27b7aa331;0x2e28a6fa7e59c549f86e4dcfa6244231cd6de5eb96bf1f626edf387476858178;0x51198481326886f4495fc74343f9a3299847a7bc879faf773ddd3bb866e34c27;0x94b136f57f245d08740477ff3671c204d80680ac3179301328c155716ba8a01b,0xde5bf50f2986f28eb2c7cf7ed5e2eda875caea8c08ec1c75fa36126f5b3b4924;0x507d9134ebe472d90010d27428c27aeb086b6d656fa51e32669af016b6cdd2da;0xecbd26ed51087d5c937a20597c091e35edab426fc2bf40e28b3a0276e5dc85e9;0x8614004a3804a54be4351069f5a4aeb944f09ee447676c70606ff5dab19d7dfc;0xa17cf0d8c0ae252aef80e68609fa4d2f63e2334e3c746477156e609c6edb39e5,2.774834,1.474964;1.363897;1.446771;1.110915;1.55869,64.0,9.0,0.0,0,0.0,0.0,0.0,0,2616807424,2617274368,576.779999999999,906.4169999999928,5.749000000000206,3.203999999999924,35.60400000000158,32.0,175.0,204.0,102.74480000000142,451.27480000000105,2.5938000000000523,1.4462000000000241,71.91859999999966,32.0,175.0,204.0,2.6391,2.016861;1.401333;1.38629;1.368573;1.154721,64.0,9.0,0.0,0,0.0,1.0,5.0,7720.0,2609881088,2609831936,549.9090000000012,775.4490000000113,6.228999999999957,2.2329999999999224,39.95999999999861,32.0,175.0,204.0,166.29259999999533,442.6874000000025,2.942199999999987,1.6504000000000518,74.73860000000026,32.0,175.0,204.0
64,100,74,0xea7df570c8c52017f9d1d8b9b009ba10f1ac68a4a9687760341302622f6e5e1b,0x74cfe06e21e6ec74a773cdd65055e7005875d88b65b20c70a4f7d396c250fbaf,0xe2102d9db61710cca95f462caa42110ea07a17e4a98f0cb36208cf4e542c73c1,0;1,0x195956ad8c9e840ec8d7328618dd5607552bd396c563a0eb8201da754efb6632;0x4c1a0a4be8659508833cf1ebbe18fd94135936bfa9acb9c68d39c8a0e72bacb5;0x656b1f78b855e165472ca4cf13acd228ef6b052f70de19de8ecd656a85157921;0xec3cf9fde543b19620b7f28d4dc9e46bd064ec669e738d7bd4f7798277f092fd;0xdf90c894dc56c12c091504c6ade4bb021f1e1dd884e73865a07f2e1fae3d4778,0x63897f05618853420276e829d501de9862dd139e0c037f037eeb3c56ee9c8393;0x764b0543f0b57b05960cfbc6cd629064d4c592b2589d92a3a389f4f0053f1a51;0xd75ad995dc4642f7976d0a99448fec5821acbe77838633f0e304875d0e84941b;0xddd387e2cef070be9ac57eb2e3b1b0f3e9d418f538767396f0053cc9d54ff8b7;0xc2dadba1a95264217884014f5b085f52365a2b35922ba0a0577b793618a75cd7,3.247511,1.414824;1.351879;1.111596;1.085847;0.975681,64.0,9.0,0.0,0,0.0,0.0,0.0,0,2621714432,2617274368,871.9549999999937,946.3969999999878,6.92100000000001,2.2530000000000205,155.9459999999971,32.0,176.0,204.0,101.94359999999847,418.2246000000056,2.395799999999927,1.4762000000000195,71.44400000000105,32.0,176.0,204.0,2.359548,2.233738;1.142282;1.064906;1.159618;1.112518,64.0,9.0,0.0,0,0.0,1.0,5.0,7720.0,2609836032,2609967104,530.9909999999945,758.4830000000043,3.996000000000034,1.8430000000000704,27.119999999998534,32.0,176.0,204.0,105.90940000000104,462.2369999999931,2.9504000000000072,1.5261999999999394,80.79560000000124,32.0,176.0,204.0
64,100,75,0x8a27ae7a8727e65e1b70b403eadfe4f80b3af37ebc4a5d3258a6db736e503b46,0x1a139637fa7563a3e342472eb692d26a61352761cb8e3e2c79567fe94d424d0f,0x21a085b7430cd8822c326e8f9d11d1e9b360ea15bc95a8ff220d845bff864a91,0;1,0x4164c5a35b2fa3f7e3120b0e4050ccc716ef02556b7bed6aa84cdfaea39abaa7;0x042cc963181fbb880cb56d1075be1c1a09d6bc4974b6c39533877830ee00ae0f;0x4cbb4b0cd3f7302257d4c14f26cdd0230791afec7ebe4faedb1a778201c4a7c0;0xf76f998c486999c0186168a10144f5e58a5d857477a391772fb435f9a80450fc;0x4d3260ffd0d72374a43b3916edab2e01c3838a5f2be6f9e39dc061243026998b,0x8eb18dc39ac2b356a2c050cfd82b3ef03b734e6e3054556e9f5acdd558852ec9;0x6dd9f3e99d6ac3a94d17458438ad2b26f3d7cc58d2dba8bb0aa7fe5b095d1a81;0x0d2b47f330800586d7eb47af7b869a9bf29340c58f90b1ccedceaab06860be6e;0xe1afff534ea2236ccaeb5a993e843a01dd04319b36d0afcf3f2033f5ef15bf64;0xe753445a104ecfc7ea60d9515605376e76e7f59a82aaa052990590b70223856a,3.162959,2.187869;1.201722;1.091426;0.999387;1.331288,64.0,9.0,0.0,0,0.0,0.0,0.0,0,2620678144,2620583936,660.8460000000066,1054.2500000000066,7.030999999999791,2.3939999999999637,40.72199999999998,32.0,176.0,206.0,159.9653999999978,392.56780000000435,2.906400000000052,1.6764000000000274,93.278799999999,32.0,176.0,206.0,2.756736,1.497198;1.454273;1.305308;1.321393;1.085597,64.0,9.0,0.0,0,0.0,1.0,5.0,7720.0,2605944832,2605944832,820.1469999999933,812.9259999999916,3.4550000000000813,1.6219999999999517,28.87399999999818,32.0,176.0,206.0,166.66559999999885,408.8323999999977,2.2771999999999464,1.4402000000000166,69.47880000000018,32.0,176.0,206.0
64,100,76,0x776e841a7695c2b0811cd5fb5647a4b9f076048572abe7a56598ccee2bd0e1ed,0x0ba8f8cd21ec728015dce18edd21304751fcb4895c89dbf07f71d23432b6d810,0x2a130f1dc04ea243353d598d287f2151ef3c862bbf3a2abf3b11c00beedd130a,0;1,0x67b832f4d8f0228f08c2eab5d87cea4f4fa7ccf477fa0a29be4a7c3b6ff5c7ee;0xdfdb89e277f1a440cecd54edb22e96e01166f957ae55923811c40b9bea324e82;0xb1addedc64d3aae7002cfb6a36ddb676ee9425496fc4793c5f9a97cb4b0ef956;0x835d459d831932ba3319689133b72d4a042325cc65033b91dfa601bf5bf8767f;0x3f593fb0fa1ec281ff27418606158c6ef30811cf9d9058b5d38380609d9be4cd,0x3cabde6fcbcf5908d45c8101c0ed182b48731a1e39a6c6d0c62cbb7fe6652b13;0xe3b424a2c9d5caf210e0b1742de08d77b3bff1817bcedf9bf43d02f5f660bbff;0xb24a2b5532672887cf3e3d0189c86755a7be237f4ba278f64e09c8705152987c;0x50786982c407e233839731142afba2dbd26899c0aa0d3c9371a8a78a5b3047b4;0x412d15a2e0e381b32c321deed7822318b165411b4e51c183e85879b89216e427,4.440786,2.239827;1.308964;1.149303;1.248993;1.258247,64.0,9.0,0.0,0,0.0,0.0,0.0,0,2625396736,2625409024,686.7359999999934,1180.0399999999934,7.651000000000012,2.623999999999899,43.40600000000278,32.0,177.0,205.0,121.8538000000019,461.18760000000145,3.146799999999977,2.0727999999999804,74.63419999999971,32.0,177.0,205.0,2.533751,1.422285;1.260731;1.109503;1.189083;1.659778,64.0,9.0,0.0,0,0.0,1.0,5.0,7720.0,2610122752,2610180096,606.8750000000067,1060.5599999999881,3.855999999999998,1.9429999999999101,27.661999999997743,32.0,177.0,205.0,123.61660000000107,371.0837999999994,2.7702000000000107,1.584199999999942,71.5138000000018,32.0,177.0,205.0
64,100,77,0xbe8dd8086868764ec1efc5b1439cefb704da942effa8a6609e1d57d98adbc982,0x9531b0d92ce4da4566b0f28d9066b16567ae760a6af2ed3a88e14fcf4e7bcd79,0xb17bb3fa7cef4769b706f30ff7c39d893c5e7eb8bf83d627d5e9f42cc2361e0b,0;1,0xae6697e592fc0d48ba54f01816f651d732949d156e17f6eb7a2ca1ee961488dc;0x4e30048def06adb073780bd24451b7649c268f0774fc147576e7694d3418137a;0x10823f8f4f0651724e86f69cb99420ca2da4ac8efb9faa4f2d29dfe4170000ba;0x8b2eb757b6e4629b27201857d5e423c160c362c3a0b8efc8b1c90ee34ac0738c;0x362b65e77ce336e47883bfa0e16f04d4ce702eaf24c1908476641ae9f2086429,0x870772044dce4a3f6fd4c1ba59d5d12ee7dc32e24bf7d266aed672ff56e4bb85;0x2cf7987e3ce0e9a5e1e488786dfae6c5b459172a93ae5fb7348513720311ccfb;0xa165f9fd72483990027a80127a7aad25a946c22181636a34ba3cd6a6aa8c1831;0xae4c89ae4d7b1725ed1bb2ec4c5659f10d0a089389a6b87d7be133b453a429a7;0x40f1b5953a068302a4e55906c5c2b18e361d27ca9138efbc3e7bf649ceb74967,3.678006,1.560133;1.272219;1.089568;1.034415;1.055131,64.0,9.0,0.0,0,0.0,0.0,0.0,0,2622226432,2622173184,1093.218000000007,1037.7639999999965,7.91200000000011,2.3040000000000647,41.581999999998345,32.0,179.0,207.0,105.66720000000362,386.8190000000049,2.5657999999999586,1.3938000000000232,68.84379999999857,32.0,179.0,207.0,3.453718,1.941768;1.24702;1.337076;1.212538;1.091286,64.0,9.0,0.0,0,0.0,1.0,5.0,7720.0,2610454528,2610532352,645.1930000000023,1429.454999999996,3.514999999999942,1.872999999999892,28.332999999998442,32.0,179.0,207.0,113.19060000000158,421.9762000000016,2.808200000000002,1.604600000000003,73.95919999999973,32.0,179.0,207.0
64,100,78,0x3e71d03436d11b0cd52c85af30c032a30535f5989db165772d59b38dba58521f,0x9f64b7bda57135fb49bf8621d75a6de1fa719b2e0d80399bb894c29d01938e99,0xfda7d9b7f857150da17b982db045e187ac5f3a6fd225fe94d327fc6f68872094,1;0,0xa5dd2d3e4a467532ec962f376eed877dfd4d23e14d9ecb5a215981802b292d48;0x0302c8a1b6d2e07a01b5a154eb235c65a12800246a08119b35df83bb5af5a91c;0x23bb55509226280e2196d092df0a44707456f6634181e9f4257ad0dcfa2bac86;0xe0e0980fa704d4594db46af1f7e8322dbffa07eb3d75a819a6ba5ef674064a20;0xdff091c4638c13808c5eb81f151a5c3b17c4ef6d3234a378be8f06ca79e2e07d,0x8071ce7fdff4bf33731976f031e10a83a618bfb125f10acc144b7614fb1fb9b0;0xb68c7887ef47adc133a1276b2be5432e6824369386779a62d0e046e0efaaf370;0x3bbd03031f00990074105153884dc20857c48a7e9a8c9b206245b83f0b3c0506;0x2497fba2b6b4d6afba3e878d15b2c48ce6c967f84f0ee734f5b2c350f1f5ca30;0xf2ae78fb2d65aff30c2a56472ce367ca6a199a7a74fb502ce3f1174ca89765f7,2.855395,1.485851;1.37305;1.263926;1.205858;1.078256,64.0,9.0,0.0,0,0.0,0.0,0.0,0,2622377984,2622439424,679.3539999999931,915.9409999999757,7.090999999999868,1.8229999999999722,25.918999999999247,32.0,179.0,207.0,105.5212000000083,429.74780000000214,2.381600000000029,1.4862000000000035,67.57999999999902,32.0,179.0,207.0,3.055167,1.9564;1.219589;1.270676;1.190525;1.183715,64.0,9.0,0.0,0,0.0,1.0,5.0,7720.0,2610614272,2610614272,813.4659999999988,1021.3400000000095,5.3779999999998935,2.4240000000000026,42.77500000000184,32.0,179.0,207.0,112.1487999999976,438.3731999999918,2.83000000000002,1.7646000000000068,72.97559999999982,32.0,179.0,207.0
64,100,79,0xf73e1efb150f9f89501c65a9bf662d489a4ca63967de303fde935a700e702c7f,0xbcf11f2b53c016e1dcf86cdf08d692b386eeae75683547f3617720b5dd69a003,0x78e1192386004c7353d2e13aee44c887a6d423625793c9b840b87d873a5b4156,1;0,0x3e0821cfcd946c3e22bbd362b15309715ad03e86a4ffc9dc9976d4449c343908;0x8399ae5a0c58d767159013a410cb9bae5a69399d97b25e223958ebfee35f673e;0xda7f06cce9c7ee73bffa844c01fcb9e01fcaa5c2da8f9d818eb3e27b38250cd8;0x569678abe6820ca66941466846ac0827784c1c214af09f2661f35e2214f8749f;0x1fcb5d3e86487803ebb8d3d0e2ca9eb9db277854c236876a5f44654e111e30d9,0xf7b604e03cf5af8311e180fc3b7cd80230d923c44577a40dd8b619adb3c04dfc;0x415dd20f7490ca0004d607869e80de4b1c30a42aeea9a4df0983f67bd2cd8700;0xb256deb32f3fef376bf9155407713b1918cf1ef37cb2e97bbc231807315db923;0x8e4ab87fe382b0d880b6b31297fd5146749a2c68bdd069070ae5cec9a33662ea;0x1cae276cdb760e9e02a00a40ac6825baefdb89a4665704364dd74fde447ade81,2.177633,1.460832;1.211587;1.255853;1.149974;1.129283,64.0,9.0,0.0,0,0.0,0.0,0.0,0,2631135232,2631086080,631.42699999999,683.5600000000275,4.977000000000193,1.6829999999999363,28.22200000000136,32.0,180.0,209.0,97.77160000000173,419.83519999999606,2.52999999999998,1.4000000000000123,74.18979999999908,32.0,180.0,209.0,2.698209,1.922539;1.462144;1.26661;1.155182;1.154902,64.0,9.0,0.0,0,0.0,1.0,5.0,7720.0,2614611968,2614398976,572.8430000000035,783.5110000000145,5.668999999999813,2.204000000000008,43.204999999997554,32.0,180.0,209.0,107.98659999999849,454.6595999999958,3.0141999999999496,1.8108000000000188,90.13779999999944,32.0,180.0,209.0
64,100,80,0xbfd8c2856e9b26d04f098bf561550d93a25e1e732f3334201c3a62368d4e0ab0,0x07329a21f453f92a2eefa2f5267d5ba760c77543b91e002dd73ae638cb74403a,0xe22b23636fb67bb2f1f330f028c3e762233dc41521e62bcfa8e46b41d309b80a,0;1,0x792300228eac87ba8d180af26a69edc669e00234bb84f0d175a0a088bcd1fbec;0xebe6ab33d769b598088d45cc210ca87c3aa8ee95b3b36d8fbda1f1534e196b38;0x1a1d7e3639d89f878c0dd8743ce792df535b044a8536e00186f6cdc2afafc0d8;0xc1abed41f7fe9e2761c584f89c855916c0963e1054bb3035d446e2559fb05beb;0x9cac172b23258860639d0945f1dc85aaf92f23be98f5f67dac0c02d9e8a5456c,0x2741b0e008f2e0c33561248236ce8083c606355801667f1c638561d72e348bab;0xc60cd992a44aef29183b7f215b2c43ee4934a62ec31d073f11adb1a803a48716;0xb79d119308622f8d42ec80d5125285b0737774e7fac5befd9cbb4c9c3dc9cbef;0x6ac0cc05968069f13c74d1b86fe69a2b56a079aafa22ef01eea77a5a3f8eb264;0x29f72591cf07f4c79051e57bc15e729a9cfcc07f8f6c3fd956e9d07952d2b5a8,2.695634,1.622887;1.802849;1.14739;1.150264;1.185317,64.0,9.0,0.0,0,0.0,0.0,0.0,0,2633379840,2633400320,723.671000000009,790.4819999999812,7.0100000000000025,2.1540000000000883,42.514999999999915,32.0,180.0,211.0,129.56959999999575,489.37980000000044,2.2735999999999765,1.5241999999999947,107.29979999999917,32.0,180.0,211.0,2.320689,1.924682;1.537318;1.630328;1.145086;1.12773,64.0,9.0,0.0,0,0.0,1.0,5.0,7720.0,2614767616,2614784000,596.1389999999956,788.9600000000053,3.766000000000099,1.7619999999999876,25.958999999999012,32.0,180.0,211.0,118.18999999999856,436.75479999999436,3.2530000000001102,28.981400000000022,78.1160000000003,32.0,180.0,211.0
64,100,81,0x968a340767ad2035e959f7c0ea0eace723810727992babc6a108b4aec47e3d64,0x4d61010c41e49fd668a27934d5b2e39f4a852cec585b0265f2fcbec0c6394eb2,0x8a30a5201d0b0c58349761e5be790e9892d019c3b6883d4e32d8e9d6462375f7,1;0,0x7d4ed6a7a93d65d8b119e119a55fc0bbae5daa0f874b0c95d7f033740c4dee1a;0x08523b8703bad81e5be3172da3b2f45eec624c4cdbac02d11d51ebed9e9fbeb1;0x5f2cc38eae34df9488f8203f30d60031fe2fa92075544857b7f89cff107124d0;0x49dafd9685b12bfd92d87866650d9c07b586c274f4b5a4d4968ff4a62a78ec7e;0x071588ff26fe0ac400ac0f3acb89f387458f9a382314a2022000affaa1ec0eaa,0x64370867a9ec549bb9857a176a9c19910f7bf0603ce9be16d0a7fc96bfefe3d7;0x568813f5e7a4d07ca6af23b761941de4a07c19c73e461aa2970c2c4c60297a0d;0xad5badb5041b3ee0bf410370976b54ba84331ee8c58655bd2fb7e83295e6561d;0x9995120a3bd20de1607c3ce2c5018945f020378f0c4ce7757355ab614c27d758;0xbe8d01827fae14bdc29f761729bd35dd6ab2b875399412cd381cdcbc3fa27343,2.565839,1.457448;1.30654;1.088892;1.463026;0.985566,64.0,9.0,0.0,0,0.0,0.0,0.0,0,2633551872,2633633792,576.779999999999,877.5730000000203,5.51799999999993,1.9830000000001062,28.993999999997467,32.0,180.0,210.0,127.03960000000623,485.27360000000243,2.5637999999999703,1.5683999999999751,67.07519999999967,32.0,180.0,210.0,3.983657,2.725599;1.33336;1.148902;1.145187;1.659613,64.0,9.0,0.0,0,0.0,1.0,5.0,7720.0,2643099648,2643267584,795.759000000007,830.912000000017,5.919000000000063,2.604000000000018,46.701000000003155,32.0,180.0,210.0,204.49419999999662,444.7707999999939,2.972400000000007,2.479799999999992,142.66520000000145,32.0,180.0,210.0
64,100,82,0x0de3f911bb1a7e9d314722e260e6d52d5069311cbaf865497c931fac3ed572a0,0x0a3ac3cdaeb3802f68022c54b81d5bc22d21c696f53480de4b83e05f63a2b099,0xea09883e3dfc154dc65d38e157d6d34b8d3a80803ff4896c738fe107c51f1a75,1;0,0x5d5a06c9335f6d8a555fb4f7153c5087fdb623093593ed13ed5c892b776a341a;0x3ea61403b1b4f84d7a8932f0aee65fbb798480c7d9b6d50b344e2183c7945679;0x8f0cd8cb2a3bb5cf6093a14c8e39fec2bfe694c4e781726c256e08046e30c701;0xdf95118899c0740da3ca156ea0ccefc1d291160b85bae3f398642ffee19737f1;0x117721f146f14497b5910da431264fed59d41f02ed8a2cd3a48fa90a4ce127d1,0x584ced49ab8d67c5ddd6d31ff2abf92c394d1f6640dad3296e7f76d36b7a2b76;0xf5cbfca8eb61b433bf14592d71836ec60bd600fb365af126083b50b326888d46;0x7c20b4de370bff674b8c448c4a0a38cc3eb26a0dbcc750f4a335e819ceb7582e;0xe9e3467cb532f99fd08e78969cf1e339fc28312ce780400ba884471ad544b574;0x0ba825c70c28a4600d73ba91c5f6b4ec338f57b06892ef1e5f66b1adae616282,2.459709,1.581165;1.473001;1.086858;1.125497;1.106569,64.0,9.0,0.0,0,0.0,0.0,0.0,0,2633646080,2633711616,573.9359999999971,763.3510000000232,6.16899999999988,1.9429999999999101,31.35700000000269,32.0,181.0,210.0,104.71180000000135,410.04840000000706,2.535599999999982,1.474400000000013,82.01979999999942,32.0,181.0,210.0,3.526999,2.162361;1.606022;1.176233;1.252609;1.18032,64.0,9.0,0.0,0,0.0,1.0,5.0,7720.0,2643300352,2643320832,657.3109999999938,1339.0400000000136,7.781000000000107,2.4639999999999818,42.11400000000282,32.0,181.0,210.0,133.21260000000444,434.1305999999934,2.6701999999999977,1.768800000000008,74.35820000000065,32.0,181.0,210.0
64,100,83,0x43910b23e9153b08cd66595d6ea0f622b0ce2dee518712e08e772015b0e33a65,0x927755c56199dee99328c3f87ec4a7b8ac67766516116e27409864ff1b4b23d9,0x1a3ee2d91c9aa9468d80b1b416061a5a96664defe9c2a18900c30abfd311758a,1;0,0x38bb65877c846dfbb4c84dcee1e202ec240689e8722fa4983cc8632ff2a4a437;0xaafa7cab3bccfec2102e143eb2f43ee89d9c804fa8970075bb1b8abdccdeaddc;0x9a1e856ed6ddeaca130955bd04846459be98a349b94a9bc7328ef3124b38eb4d;0xd4f85a244152f8695d24d4f3480c7d03ae08266ee7c1596d91841e06fc019c55;0xdefe3a893915c7a9c12e930b8a6808200329ff12ef047366390473ec1ae23f6e,0x005ce23b0a2353879817e07720f52084dfb3e0cb7ee87dc33c834a1d382cb3d0;0xd2568173b6286e5ae8f9f54325caefb17e4f8b225aaa9d7f3ce472fa1bfeb2c6;0xf25c61b727ddfdadc8d6509ff64f62503b12eaadc5ed04a7cf3272af2622233a;0x6122b15545aee2c7c652f1824164753fe2856ebbef8bffb87f47f0c9b0a0f8c8;0x3a243adecde164d7c3ea9de06b8435a5af1806dd07ceebd816c61b2a05b750fa,2.394981,2.143001;1.316394;1.246269;1.160259;1.085026,64.0,9.0,0.0,0,0.0,0.0,0.0,0,2633834496,2633777152,644.2510000000124,908.4799999999893,6.468999999999832,1.7619999999999876,28.70299999999798,32.0,183.0,212.0,122.38840000000638,410.15439999999575,3.0643999999998943,2.0091999999999763,73.39259999999959,32.0,183.0,212.0,3.385695,1.528435;1.559451;1.161842;1.257767;1.157305,64.0,9.0,0.0,0,0.0,1.0,5.0,7720.0,2643476480,2643533824,915.8410000000006,1069.04200000002,5.808999999999849,2.594000000000077,41.49299999999661,32.0,183.0,212.0,100.18699999999602,419.9470000000094,7.539200000000052,1.4540000000000386,75.29760000000024,32.0,183.0,212.0
64,100,84,0xa3e7fc9104579aca919855322b09b39bc1a8abbd50bc867b555ef9bf3fe061ec,0x2461868e5f75b9d3042ae41e0c4b427667e627def8b676d7dad3535d5ced491c,0x5666e76f649f472b57bea967b6b58a2455da730d3fdfd2e9174366ed13a22337,1;0,0x15809d8eb99ab5a88ac82e34ec9214e2b42136810c07a4af7d6fd6376ecfc1a3;0x7d4cd7124157b19ebd49487e7eca8d0722498fd00f99fe0f8979d6df09b8b2f1;0x3bb65970d8a956e5e9878db2e11a3b7e326e4a05efb836603f0dfc53fd766415;0x73d512b663990fb2e4c9be2a84f929ae0d89e016bf6000098cdf7a6b4f008dab;0x8fefa6bea49cfcfdb6389815ffe5cd136fd87575d31dbcb5c1ada208bcfb2bbd,0xb11133773810fc6bbc2417c1df93dbc91675428bd2fbe0452ae80cbede9fcd3b;0x5c5e2b99035a306b5c89624ff875a9410ce49ee3bbd937a95fbbf5db7dc75137;0x91ec4fa67540f09a4adce63c08b332f444245b4e4fa90a6bdcbac3b968d232d5;0xdf894a12d04850a0f6d85f6118d9a748d58bdcb49dd110b14fcc230153e38487;0x3e85e9d7493949f918198fbcec1d4bade3a61a196cc67605d04514afd683af6d,2.456785,1.592581;1.187711;1.069092;1.183124;1.106448,64.0,9.0,0.0,0,0.0,0.0,0.0,0,2633904128,2633957376,614.806999999995,971.4949999999889,5.919000000000063,1.6330000000000164,28.252999999998917,32.0,182.0,211.0,97.13619999999202,422.0046000000033,2.4416000000001064,1.5803999999999472,68.11079999999859,32.0,182.0,211.0,4.069982,2.08204;1.264151;1.152328;1.052367;1.242614,64.0,9.0,0.0,0,0.0,1.0,5.0,7720.0,2643656704,2643464192,624.6719999999927,1012.9070000000073,6.17899999999982,2.272999999999902,40.42099999999882,32.0,182.0,211.0,123.54259999999839,451.2548000000005,2.9424000000000117,1.7548000000000044,73.12240000000025,32.0,182.0,211.0
64,100,85,0x3d6f4c2dcea732111be3f8c825d7d6bbbdaeec0efe0204515a028cb482ad06fc,0x8a48bad00c724c19b96c1bd0b59f83538fca0a90a4784cea8489eeb98c5732ef,0xd35513c4c98c459da760c0c6e4f2fb3316ab580909310bf86afa197f6815b5ee,1;0,0x472ef2a00cda03578a98540d8a7cf839080cc09a95fcd6ad57a22ad53829cf9d;0x53a82557f7ca28c360ab1bf3be8dc31c098f8d9ad3b96009f1d16dc90f111d12;0x3c0d384f0fbd27ea4923542c657da933f837026a7bfaf4dcc290c23deed518c0;0xfa9efeae6491c92722a031c33a518d4b996ef81b491529731b1c2052abf18386;0x28fe32ad945281a2b828ce6dd60f1c3baa17d86bf3444c9905ded5673d96b37f,0x735973ddeaeabd9eaf217ca02958863cde03ba7776f0a59a4b78d7e644c0250a;0x78e17b0357a1f622fd0073e56bfb57aa94adc78246e1e3f027bd56883eea7986;0x404b59db07906a63ba76c4587a8f919082fdc23f32ba550aa106da9449c0fc90;0x7a9ca77c00250ccd21afe74fb63fa5f562570ca3fbf8c7b5fbbdca41ec05dbf4;0xbdc4e0fc77a4bb0f818feba8aee31a2355555732e1b525b2f3d4c89a0833bc19,2.63298,2.059796;1.528555;1.365419;1.180735;1.061641,64.0,9.0,0.0,0,0.0,0.0,0.0,0,2634317824,2634178560,662.1980000000027,1050.6439999999895,4.867999999999887,1.7220000000000082,28.742999999997743,32.0,184.0,213.0,121.19499999999617,502.2010000000021,2.8823999999999343,1.6784000000000157,74.14360000000119,32.0,184.0,213.0,2.970359,1.488514;1.150344;1.10083;1.158272;1.073028,64.0,9.0,0.0,0,0.0,1.0,5.0,7720.0,2643648512,2631704576,735.9299999999957,948.8710000000178,6.71999999999999,3.13500000000003,41.5630000000014,32.0,184.0,213.0,98.48659999999731,423.6788000000047,2.4277999999999973,1.3044000000000684,67.15520000000059,32.0,184.0,213.0
64,100,86,0xb48abbf4b91417a242d705c8c3749905731a7b5201b057de221d545bfa7132b0,0xcc9fcca5aa3e2fb202035635ebd642fe83c9d0213c9c0a6d7309cc572bb7f199,0x0ef43277b6ff3c5bab32372942cc603f1d3667dbcd3f8081824c88bd21ca78df,1;0,0x2fe4709efc6bafe7793048e53b84002b5336490a0bdd37b97ee93cf0778099e8;0x4f10f53fb8367be491c9734f322de9b64c4e73b6c73de3b4fcdd5dc205d7bc46;0xad5e7b6fd74dcbd21a0ee545109cc67ca05ec92ac862605066639227f2d890e5;0x386aa03118c3be9e3e2c7024ae9422b125dadb0533572ee724b0dd50d1f9ffc1;0xc46d02114294249e5dda1f1dbd1841a2bd26ff4aa03be9615b8c8ca1cf3b7d3e,0x62245f0a063c5107fa0a6ea8838e7c4c49e70037b0484daf6d6c8d52f48bb28c;0xc063cf16dcdcc15f66ddc72f4584f58bcdee7fdc2dfff005dbd791c3ce585419;0x180f5da451af5b31d6c71b404386899f4f29e6dcddffe6b22037034565477c61;0x1118f19ed1b204967c5a071b7aefa88331704b05dffe35a1fc73e69a26024f71;0x1eb30a44f4755da0773d8b2f079ca34c85cf96d1d32a861a3961d17bd7866b50,2.980565,2.791169;1.229013;1.786254;1.091025;1.211111,64.0,9.0,0.0,0,0.0,0.0,0.0,0,2634276864,2634379264,698.9940000000083,1282.653999999994,4.796999999999961,1.612000000000011,28.40300000000323,32.0,186.0,217.0,169.90239999999378,610.586599999996,2.7501999999999565,1.7066000000000043,116.84420000000057,32.0,186.0,217.0,3.10983,1.999545;1.408554;1.351408;1.041851;1.184386,64.0,9.0,0.0,0,0.0,1.0,5.0,7720.0,2628423680,2632441856,808.4590000000113,1016.9130000000082,5.498999999999955,2.4129999999999376,42.77500000000184,32.0,186.0,217.0,97.67720000000146,527.5495999999991,2.638399999999996,1.486399999999985,72.20279999999995,32.0,186.0,217.0
64,100,87,0x792137545efa6d1c243a253f47c98d0b0ec1cafc49d8d5d1cae3ec4db826df3f,0x385ddeb102aae6f9e4f1cc100a8fec9366c04090d26dba8155156fbd05537a99,0xdd65be28375137822c41284fb73cb7dc16fb0f3246402cc6350c0eb9cf03f455,1;0,0x80c747a8e67ee712fe260aaf58a5b84c2c731fe7d3fd15560d1848d2663f934f;0x6887cd29148bc51ddc126138ec39446eeb2686c87c026dc305c5daeae32c1ed0;0xab5d36e7a4758c42eb6b8a54b6a9e06693f5c4912a1f234c7105864a32b82e3f;0xd64bee2655e90bae7896436798acc903b217e62ca68cb1b05491be779acd5d70;0xf19337461ee365ce1afd787aa8cc2785af08fb54b757a08621ef4bb82cd1f95b,0x6f5678a2d81b22d49ca75b8231c649a7604eb04c2d791a604f0530d5d4581dfc;0x442f167740b2c07fa17809f5ec20e3eecbcf0b160e24f10cafc1f684856dfe13;0x208f431f1bc66de920f5744d683d1b09ebf3449e0c0aecfdf214511aa9a28c27;0x0919df4f8348842583baa00ccf01371a2483f90016984a4a020d213b20b4e64b;0xa0fdf00dbe19a1e88bf37c272ead370d6be0baa4dafc5126853ac3b5990e0386,2.454401,1.956891;1.80994;1.125578;1.274592;1.032967,64.0,9.0,0.0,0,0.0,0.0,0.0,0,2626334720,2626338816,570.6600000000007,807.0370000000105,5.858999999999986,1.8929999999999902,34.05100000000022,32.0,185.0,214.0,128.2074000000022,505.0735999999944,2.7461999999999795,2.021000000000011,78.89100000000037,32.0,185.0,214.0,3.639639,1.446731;1.935429;1.30639;1.450357;1.046718,64.0,9.0,0.0,0,0.0,1.0,5.0,7720.0,2645196800,2640338944,971.6160000000085,1243.9759999999799,7.520999999999916,3.2249999999999295,45.85900000000226,32.0,185.0,214.0,118.08420000000152,509.2637999999927,2.743999999999924,1.387999999999997,81.93739999999977,32.0,185.0,214.0
64,100,88,0xb2d68065e18e95f0ce7a492b821095202d6226a83400c1995c7ca708ca540e6f,0x6a06bbd2e361e19aca1fa327e3f30d5a3f22fa8df0d2fa7712ca5772c06405d5,0xb92c2787fbcec37b6c9d435d8e5a6a53b2c372093a39a64f315f03224ce0e005,0;1,0x2c23bfab85f1b2037da4fcf96679ab0512e322db7c33a994ccb0950885eb86f6;0xaeb1db0624677a456f0691aa696cb68e7d1874bbe0c48c6eee28f8bc203eb9e0;0xbd2a73490b4ebf0356f970d108016cca82cabec144ec340e24f9ef0ad6de7259;0x8b4a4c02b5ab59764975fbf6de62e480798f01ebe1bf47ad3ced422b0871b48d;0x1c4c1673f6a9cd46ec9a83d3fbbac5183a7510c89fe48935223cc69fc175051c,0x5a7746b4a11b63fbce38fda1d476355232d0e69bbbb162ea5a808b5243042b96;0x7b195ecd5caadbd5b158278fe7d101b91a26fab845e92c8659e7d216f37db774;0x15828e42fa2876ee64f23a25e01724cd66307ab0b1715f72e58c06e5c7340061;0x57251f459b69860449a5af312a62b25ab1036741fce081cf1cbed457b52e99c6;0x32e9eb30e00ffe2265ae73770a3f25d360b3e0acbeff0081c479ca09dae24acd,2.515763,2.167909;1.27985;1.108962;1.119709;1.255303,64.0,9.0,0.0,0,0.0,0.0,0.0,0,2627149824,2627194880,591.3009999999886,722.9109999999928,7.020999999999851,2.2929999999999997,43.78599999999705,32.0,187.0,214.0,113.37500000000445,442.9539999999954,2.9062000000000707,1.7963999999999654,81.70539999999976,32.0,187.0,214.0,2.023051,1.655086;1.186048;1.162393;1.660113;1.277726,64.0,9.0,0.0,0,0.0,1.0,5.0,7720.0,2640343040,2640412672,517.2400000000022,730.2109999999806,3.916000000000076,1.562000000000091,25.88900000000116,32.0,187.0,214.0,160.58220000000344,469.9867999999996,2.5396000000000445,2.3075999999999914,69.40059999999832,32.0,187.0,214.0
64,100,89,0xd9a99b5651176c59eb64fc778472ca8d207dd6877e2efb58777441a7b39a6b8a,0xfa19ecff25f636ad79c689ac36dde02772e63eb7e97da046b59b5f366e947959,0xd03195ea09c909e71fb763033290c5cf883728937c85e32bc08a02d595bdc1be,0;1,0x77ecaf43cd94655cff40dd73da4bb40f142b4f0c5e1737b9784a3fae9bc28594;0x953f89a1707b5d62207bdd4f200bb77646f6a9a66a7c670afe3a64bbbcfb4fb9;0x43df6b50341bbaf5e0e21a857173a287aa95e66255b8f5104cf105257a550bc3;0x8fa407db60caddc9650e3d2579a66c021744874f81a58334aa8b8d359e8c3f7c;0xa397b1065e8ae6242612d691240edaf4eeaaf52e2d720dfe964f267ab73eeccf,0x0d64c27f1cf1c24c5a7c8764be479620c02c15a5739fd18313d729f613e139e5;0x334ccd0e431b5d38cfb1761fc018390efd5294fde6a41f1bf75a9b8f5c156d62;0x697649ba47435cbc6cc7f3d4cc276a51c5da236c0fadfe1725928060b881bcfd;0xa912f8986c4d08f5817c8d06dac3c78d4f07175046ccdaffa9d457533a9a559d;0x452a21cb328422390b6d79e84c9773e24ec89b2c6d5089ec3cf079b9c4a0b35a,2.568132,1.918033;1.388223;1.023082;1.208602;1.177796,64.0,9.0,0.0,0,0.0,0.0,0.0,0,2637209600,2637328384,655.78899999999,777.5219999999749,6.799999999999948,1.9429999999999101,43.5359999999968,32.0,188.0,216.0,117.72180000000354,454.2208000000047,3.0585999999999114,1.7204000000000264,74.53419999999961,32.0,188.0,216.0,2.286007,1.696298;1.272609;1.429076;1.247652;1.125928,64.0,9.0,0.0,0,0.0,1.0,5.0,7720.0,2640416768,2640453632,502.29700000001264,695.3190000000276,3.2539999999998437,1.4520000000000939,27.812000000002058,32.0,188.0,216.0,110.8393999999957,454.7778000000169,2.962199999999998,1.5604000000000227,74.56859999999816,32.0,188.0,216.0
64,100,90,0x85e67343a06eb07ac526e4107f7a5ef1a8b8c098502b78d8ecad37e36871df29,0xe451dd9bb55fbe0545e3ea715bf5b2fd0f76952a5722b70ca9280a1fd822db20,0x1b3c009ebd4239fcfc36d713f6fd87788857e55571f1868c47165fcdeafba850,0;1,0x1b7b6cec53fe33f40f2ddc854bbf78b8acad209b856c31bc0852ed6fe1fe1354;0xf47a5cfd63960a03eb8c36861cb3f435137cbaf19a757c3dda049ed8e7f40e1f;0x77afd03296c1392f05ca481b629cc546dbf908de20af55b9f8b81878d0bb1f05;0xbb91dd47ff7d8e60cb067aedd8bc30e6f8d22d94664056ffbde2c80d9d5e589b;0x54df03e7a963ad3a36588a6cbf7ee54cf0a050bbe97d242819623aaf7d0960b0,0x01cef17a0d929c5b7a7833b2b728344b52d4a3ac4a0e27152e181278d9dff521;0x39d6eb1a69143d38e13f4bfd9eb08ee3d5106245cfb5f34488706213529ba95a;0x575337944c9c1fdbcc6cd8c5c30453b38dfef0d99d02be8cd58578c73bb6fac1;0x77fe66caf94712e6e4f2fc74f38e83a173c90d366e4127182befe7f381c9b805;0x7507f02d09e6bf7c2b09a27186755e374a93624c3e9b4bb4d8907841ae57d375,2.965732,2.738404;1.602246;1.345609;1.177045;1.147741,64.0,9.0,0.0,0,0.0,0.0,0.0,0,2633400320,2633428992,674.1160000000024,1091.3559999999877,7.050000000000199,2.2839999999999665,41.74299999999687,32.0,189.0,217.0,155.85539999999898,522.9645999999977,3.04259999999992,2.155400000000045,96.79000000000076,32.0,189.0,217.0,2.014037,2.24489;2.989083;1.348644;1.613263;1.295333,64.0,9.0,0.0,0,0.0,1.0,5.0,7720.0,2640474112,2640474112,520.053999999992,685.9439999999939,3.5050000000000012,1.5320000000000524,26.19000000000232,32.0,189.0,217.0,128.79419999999308,576.6334000000039,3.6276000000000015,1.7026000000000279,101.31040000000147,32.0,189.0,217.0
64,100,91,0x58f93b21a9bfd774309a3c8fcb3438c291b2022d22d967f0115882fd39a8b5bb,0x9be18893cfbd02759cc9286cf25eaa2c1bfdf8c13179b24710630180fe16c942,0x2d70a163dd1651bd5a58c82da802d22b6845fc450f1050328cc7b61486b0e750,0;1,0x12c6a68dc45ffaee2258dfca9abd2c32786815e6bf8ed4cdaca4033435109588;0x158cbb9f65cbe154d5d44eb5254c23bc0d02975622eed395d1f48a3d9277aea2;0x003f93c8f05a5168b8ca25c9c266060296dafd37a29ea6d846f201ad09612aaa;0xe67d48a468fb070decf6a4736ca444ea53d9e2039706d93e0f140cfb4ee1a2af;0x791f1a108141765fc1bffde511be8044230584be260936fb2e787693e3be7b9c,0xa64ba8f6d3bc5e3c25eda5bf00ec090825d65b5aa3281621e068ab15af6792d1;0x6f5e9b35b10f0df98c198ad223264ca1f6d517971af1d8e2aa49ce64a87e9acb;0x9731a91be5131a6a192b69f7bfe0dc60f6222ed0b6dc577880391bd1b8d9989a;0x5886ef602e62642c358a8db1fac817cb78186ca93b0ad2907759f6bd67de0fad;0x12254217ff856c9a0cd581d10aeff95a11ff4eba1a4caa4c2df2fbdffd58f974,2.993764,2.068459;2.350485;1.229204;1.180405;1.126949,64.0,9.0,0.0,0,0.0,0.0,0.0,0,2623315968,2633752576,682.5689999999939,1086.7190000000137,6.830000000000204,2.5439999999999405,42.163999999997316,32.0,190.0,220.0,121.50919999999176,645.8399999999975,3.004599999999972,1.7768000000000037,83.25380000000077,32.0,190.0,220.0,2.283334,1.543898;1.401514;1.176484;1.235372;1.134285,64.0,9.0,0.0,0,0.0,1.0,5.0,7720.0,2640478208,2640384000,604.722000000002,800.6380000000202,3.13500000000003,1.7420000000001064,26.409999999997545,32.0,190.0,220.0,112.88859999999956,409.96020000000357,2.732199999999976,1.4402000000000166,68.88379999999971,32.0,190.0,220.0
64,100,92,0x20bd79629d619988991652e3669d0cb68f23333c6f43ff80ac3842aa0a5e66ed,0x618ee42f58163ecd54843c0a8252f42969e9b9d22fa51bba6579cefa8ca9c4b8,0x0e50bab7d717e08675716084b60fc8cbe9dd63dad78b597af4aee8801c15bc02,0;1,0x43b60626d9518cd145fbdbea993d2178cb548e416eeccd56650a3f94d12c3d29;0xd9242026447c90d2d2f43022eb5b7659d2bb1e9b6acdf82c3c3c7cf4625fe452;0x549147b20f97beccc03dbc1134e19c7b5b4c432d2315cd41be8a77d13db39db8;0xdc97ce686630c21005884b57f282f5d23ee06da92e39f72438f80cffa31df457;0x7a93a068df681298a542c33920158124871041a6ae9cb03515e3a5a06f2a316d,0xc817fb94d72350452e377d02aae17062eace5686d38f0fbf2f441be250ae5de0;0x855b56e971dcc9f8eecd0b3cc825b271b7f0cceb78f05ce2a51f84b1e0aecc25;0x9c1629323789853a960fcc1efe5fb0d929e103835ccb45266ce567b807d70eeb;0xf66c4a2be34acffc6a8c26701631ed45b10f0608266e14914259dd098d510537;0x386e4eab44860f8e7540ee15b8d46e03b87150cb678ad1399d39eb9fd70d6037,3.711527,2.342422;1.885853;1.392119;1.477128;1.185427,64.0,9.0,0.0,0,0.0,0.0,0.0,0,2637930496,2627403776,1239.7389999999898,1206.458999999993,5.7780000000001195,2.3230000000000386,40.982000000001904,32.0,188.0,216.0,176.66860000000173,472.4423999999949,3.4590000000000143,1.6524000000000398,88.93200000000128,32.0,188.0,216.0,2.370014,1.926585;1.305158;1.488795;1.199839;1.130975,64.0,9.0,0.0,0,0.0,1.0,5.0,7720.0,2640576512,2640576512,601.0959999999955,914.8299999999776,4.13600000000007,1.6330000000000164,26.890000000001635,32.0,188.0,216.0,119.63640000000053,518.0932000000138,3.1345999999999807,1.9769999999999686,90.11199999999914,32.0,188.0,216.0
64,100,93,0x042179db7fdf6382460bd458eb2653e1e5303101506e5036946e23f02930b9df,0x52559ed0ba47f9f665056dfe6d9b3bd81c76185b1e878a46e0624cb663b41d1b,0x7a2b3dcbf6bfc715e6adb346da6d3f255b90c50f5e34c86262a3903251adf246,0;1,0x1dacd5e2a161b8076e62becebb2280a23e2cf3f50c2bf2a146379daec7b294cb;0x9fa42a6d70811d4b696c9c2eed28b94e5d4e2880c15ae81677299f4dbb9f760b;0xbfab9ee4914fa18343090973c422338fbae5ff4aaa060bb27452b1d8b9493127;0xc38912a497aab098135343e749e5381dd4ca8b38332e4e38c513adc4af78bed6;0x58ead9abb8e026e9426088da4619873262934ffe12594fccec062825c7261ef6,0x944f6a811761eb04f5492039dc1db79309a3df4e3fbd851def4159d480795aca;0x6fd18fe561a82a27e88a63d79c39ee7e550e611851f00ce22851326e224be51f;0x6607f60aff5a3cbfef5ba286b76b83d10e027025236ac9cd336fa96067654f26;0x3c58971209ed1e2f266b0090f6a8b5c2f1a8ef95909f7b6a339f3791939916a8;0xf72b5f9c10a0bbd92f518a79df0dd6b0ab77eeafb2580b95d037818344259d61,3.36543,1.635787;1.265057;1.132698;1.197516;1.087891,64.0,9.0,0.0,0,0.0,0.0,0.0,0,2637893632,2627493888,621.0660000000034,1279.4090000000092,6.990000000000121,1.9429999999999101,40.85200000000094,32.0,188.0,217.0,97.06980000000476,485.50820000000664,2.485600000000018,1.4302000000000326,72.47519999999813,32.0,188.0,217.0,2.693511,2.131044;1.379209;1.236033;1.424113;1.212258,64.0,9.0,0.0,0,0.0,1.0,5.0,7720.0,2640650240,2640650240,731.1220000000008,1033.7489999999727,3.285000000000007,1.9130000000000882,27.78199999999703,32.0,188.0,217.0,148.1433999999948,495.22639999999285,2.8461999999999934,1.7687999999999646,93.63139999999936,32.0,188.0,217.0
64,100,94,0xb6e1a643477467578aabec2ab8ddbce8d0ceb5374435ac032969e24d592ba942,0xba2169396c1a234bd35cf5c20e9139e298bdf189b668cf35ec758fdd0fb3e798,0x070750607fc8c95e9464784a410c854a8216c540365845161006cbd5d91eeb74,1;0,0xce70330453de1fe01c817c0c9d1d96279670b21f0fce416e7d8433cee421eba3;0x74dfc599cc9df9b2fa282ddbfeafb56e7f1474ba50a6246b1875243e4abcf7a8;0x6536fef651b77ed4ace30630aab24974b671f107ea21c4197bce7c204d3d728a;0xccc4a7423110ee1305d94194615c470880d428d375eb9ad0fbdf234b1e931c4b;0x8679952578fc1fec3952f914f61a029da496e985b0dedf541fa2cd99afe695f6,0xf8f68b3bdca692b282f1e2f2e1103dfeceba936c8cd132d444ff62913f8a1375;0xf9fd46226bba15f66756eb3ae0385988acf5040c4aa5ca135f86fad6b5ac0410;0x6818cbcf3545257d7cb46ed9d77b613b866e15e28f1450d7ee26b4b9c20688fb;0x790eed8eecc7df832262908c640b4c1e8bef61888bd239757eaaeb2887caf096;0x1923abf6164e895a13b66779034f1831b99b9dd1e5a84e85056a322dae61e09b,2.484977,1.668125;1.619442;1.233591;1.216244;1.264226,64.0,9.0,0.0,0,0.0,0.0,0.0,0,2623537152,2623549440,640.1659999999976,936.3820000000134,4.395999999999827,2.0029999999999872,27.20099999999753,32.0,187.0,217.0,127.52040000000298,432.443799999993,2.4416000000000198,1.6426000000000374,109.637600000001,32.0,187.0,217.0,3.126895,3.529182;1.560773;1.189444;1.441183;1.555756,64.0,9.0,0.0,0,0.0,1.0,5.0,7720.0,2640728064,2640752640,667.9069999999954,961.5590000000008,5.839000000000104,2.2839999999999665,82.11300000000172,32.0,187.0,217.0,134.76940000000658,578.3839999999984,2.8583999999999037,1.7047999999999977,74.57859999999982,32.0,187.0,217.0
64,100,95,0x4fbaf7c9137cf34faf36fd279b9eccaba34b77c4d2810b1e39c5494079565ce4,0x5170e02028a55610c83bfa425d811ac447d1145abe625256f09f1914363e905b,0xb8ce192744cfdc3d8b6f475c04abd77c11e3efa50b26c23a3a3e4b527f866d7c,1;0,0x0050a22cf21bfc0683354c229075c841b7be15a62d1b91de2e82553cb6fe79a1;0x190512c87072230f321bf8ede2b6a2603912a29b0e32a9c2ddc762123813e1c7;0xe07431d0e6ab40dc5ea1934e46a1c59b078fa777cadda542633370d18b7a5ec6;0xfcd068424cc1b2198eaf3ad6eea7ccc7f40330fd0c8eaf53ba1dcc840988b775;0x04a4c5c49faf0448e78f408c60b46e3746db6c25e1c192a4228b92961bdf8c6e,0x422a723f4e0807efa8ef4f83afd621d95bbe3bb1ea90366e9a403b6538eba981;0x0f1978bf6bc1db2ac99fa4849ab43962f7269d6a125720abc4432120e9cea7e6;0x5e9bdc49f16399e7f43ae8150b91a4f74f959376baf248f52a1e7451042f9f24;0x89fa1608029b90a665862acbc6f284769a699854d81c25cc7ea8a5519a702b7b;0x2fe110149d951baa056c1ffd7799fe6d21dd25e8a5dd3da0f2d207c94779dfb4,3.881663,3.167281;1.475365;1.198468;1.352319;1.265889,64.0,9.0,0.0,0,0.0,0.0,0.0,0,2634424320,2634481664,624.1620000000114,1861.1359999999854,6.0500000000000655,1.5429999999999005,30.69700000000314,32.0,188.0,218.0,127.35199999999725,532.4771999999922,2.9824000000000344,2.0090000000000385,92.24079999999856,32.0,188.0,218.0,3.279295,3.771958;1.741245;1.281843;1.227255;1.389315,64.0,9.0,0.0,0,0.0,1.0,5.0,7720.0,2641276928,2641313792,636.539999999991,844.2120000000108,7.26100000000016,2.5640000000000382,109.59599999999654,32.0,188.0,218.0,129.06240000000182,807.0747999999961,3.1048000000000533,1.6241999999999646,91.64839999999951,32.0,188.0,218.0
64,100,96,0x9c85989e0b0201b91fe125b40b967d05e300dd6f44d9a9140b8ca0637a8da269,0x8d7507c7b5f8e33bccefcc135a17ba23548ddd75fc6f7532106ba85cf8a5208d,0x29e40f4b5d170a43e467daefc0e1fb0a6fb5a83c26459d39d482d76d86dd9f33,1;0,0x81bc69d4fcb4dd23a3c71115f8f5988673b003f070e04a9e3c8f579358949d36;0xfd3d3ea83059eb5934af3904176347782131b71d36317609b72216d7bb920899;0x5a5a7ecb8f49cf2bce0cb91405742c9d97a47c92d1870f8571bb00a829c2a242;0x4ef0f181b5ae3be1891cbcccedfcbba7286325c60ff22d0e2de27f0080423192;0x06cd09a5193529436c946e3e75aaf99a10563b5c9c6bcb9e3f4463ae6b1fe6cd,0x6cda8f449d16cd481698c58d20396e5f8f1361a79c39f720ff7157502deeed71;0x64eb19e4b15d0568a7031be9fa718c431cee9592d51e06f447ab6ea803fec850;0x69279d75921cf55640222286920ecb0f255a63fa01339202eba7a856fea5cacb;0xd363ec1c0d231efff3348dbe1042016ebb75c0f0bbc7abd0fbb52c817fbf5fd4;0xff88aefe03035bdd8ae70412be44d90f1fa25590fcd0a2c20d514322641693a6,2.206698,1.953686;1.248523;1.270426;1.283937;1.175112,64.0,9.0,0.0,0,0.0,0.0,0.0,0,2638610432,2638680064,540.1839999999991,726.7859999999793,5.278000000000054,1.591999999999913,30.0349999999977,32.0,188.0,217.0,116.25120000000044,446.29900000000555,2.7740000000000054,1.7728000000000275,76.23699999999984,32.0,188.0,217.0,2.591657,1.471559;1.244797;1.130094;1.05466;1.212949,64.0,9.0,0.0,0,0.0,1.0,5.0,7720.0,2649055232,2649100288,631.6530000000098,748.9290000000093,5.929000000000004,2.112999999999985,43.1349999999997,32.0,188.0,217.0,96.13500000000829,414.1844000000061,2.67599999999998,1.5286000000000206,69.05019999999956,32.0,188.0,217.0
64,100,97,0xc8a225c98b7f017d13ff4eb9d874208803f5f35c8cd3d2ba1c634a7baedb85e2,0x54ff39d33e4c7e8e071b7ab0ec0be97772e666265d8b1a5d29bb614cf2b5c8d3,0xbf79f330469e107817562f7efd9a87b67170f928346eaacaeee7961cbd669c50,0;1,0x5ef0e85c0bf3d8edd1b23254b1602866402dd962a0d4937f1d3dc919f185c68b;0xa62455bf0cfc6de4bdc2e7b99863bfdaf2d5cc5a9f5f224305efad9486a2594a;0x7b64c0d6efe60ffb8a0060900c6b0edfc44cf3d744e05c467b5636c1ee828274;0x4cc04129de051b95ed483dad5eb0952650dbf87face35ce9fb70edafcd5757e3;0x6da2fc1990431c31537527b82f96e69a821a34a5bedb4283b52a0e4187df7cb1,0x27869d392da68318fdf452d5459df421d27594a2bf9390afa80553648128e9d8;0x6df21e953e671d9d652ea1c426b7d97acfc35e617d16d5ea2620e5b6b709fe91;0xcf0e1a49c656cbe9383ac8089a3e2e122a28db80cff4b1f1f13d1b8f036cf819;0x3d05a5933c1613ff53e9c6dc3a04de7cf858de7791dea41ac7a43b527487cae7;0xd409732a69240c09395137d62330e3b9241fec0f6305dfacc535ad5e3479630a,2.880113,1.80362;1.295103;1.22656;1.214772;1.135622,64.0,9.0,0.0,0,0.0,0.0,0.0,0,2638782464,2638848000,617.4909999999978,1039.9280000000233,6.959999999999866,2.2329999999999224,41.77300000000189,32.0,190.0,219.0,107.09959999999909,440.2397999999974,2.723999999999956,1.4602000000000277,67.60599999999921,32.0,190.0,219.0,2.58658,1.972704;1.408874;1.204546;1.143534;1.121772,64.0,9.0,0.0,0,0.0,1.0,5.0,7720.0,2649108480,2649124864,580.5959999999887,904.9740000000029,159.6509999999998,1.4929999999999803,79.0489999999977,32.0,190.0,219.0,107.80659999999887,480.7992000000039,2.7222000000001225,1.5765999999999956,75.8504000000007,32.0,190.0,219.0
64,100,98,0xb74071ecf9685c99199d02e5fec5a38e7ec37e132b0b1eaca6c6675a58bd6eb4,0x1cd594ec49e41434a80d8909bdcc1b851ed75a9d6ff0e928fc73a321efa92448,0x39c31ad9a9f96ea04dba406b879a4ef269ffdf052663239f48fe0c65fa1bbda8,1;0,0x40e40e9db966a6c618211d20e6da9dad1458c1de54eac400e14e2fc9ad91ce61;0xd797983131da31be33470ba10355508b6e7fda0fe5d69dfdcfbb7dc3f6d66ba2;0xcf40c247e3dc8926dd88b56fbf46c548c674cfeaa17e53f64a7c8c9c341d2c88;0xdfda3939acdbf653061890d8dbc5574c7e18c07a88406d2a8075ce0ec684775e;0x0e71446d56c27959c9c5aa0d3b71d3d877648a3fcebe909bc1b5eca9708b9933,0x502d1efd36dfe94194fb1928c32af9c19ee20cc5562ecb746ea9f93187235baa;0x4081f49a9f27473f9df453dbdf590cec543dcb0c345fdb1bfe9595877582f3ee;0x47bf07561de4ea0e4044f280ad0ef99284a8a2f67da7287503af8b05d9d47247;0xc55f7021213fcb0f7771596e4890c16daf0d216c5f97feb55dd1abcc876e56d2;0xce0033851c703bdcc8238f476195e559cf2476f92a52609e20f66b08449e708c,2.90801,1.526863;1.183194;1.502085;1.339299;1.217005,64.0,9.0,0.0,0,0.0,0.0,0.0,0,2634752000,2634764288,724.8830000000095,1089.4120000000119,5.077000000000033,1.5720000000000316,27.27100000000232,32.0,191.0,220.0,112.20120000000611,448.4262000000072,2.705999999999889,1.7427999999999455,107.84300000000052,32.0,191.0,220.0,3.945254,1.98909;1.542135;1.165398;1.172437;1.212118,64.0,9.0,0.0,0,0.0,1.0,5.0,7720.0,2649092096,2649198592,893.7479999999998,1368.2329999999965,6.108999999999802,2.6340000000000563,45.98900000000322,32.0,191.0,220.0,140.64420000000075,496.5756000000043,2.7342000000000515,1.6266000000000458,73.31240000000017,32.0,191.0,220.0
64,100,99,0xb126e634fe7f19fbe001b7ad0ce53c98f3dc0219ee21615eb9f83aff3491873c,0x4b546732e4ceb51e55d53490101f26317d95137440599e956f6b623bd0a458e1,0x0097d3c2d4e73ff6860f55af95e9a3736542aeac9f3e32b248104eb6b6b889c7,0;1,0x6ccb5d5470b265d5b11d6f7f3fa8b5079dee2f015e88d553b360b3770ceb3beb;0x4c885f2bd44d133a6bed1abfc111fe0f1cc993ad3f6de52541da2426590407b1;0xf84fb7c3b164e894f1efb9cfb7e57df35dc97e3335024141d89fb91f1a13fc22;0x6199a719969e5ed278b14260a6cf86b7579c4f3c32c4b5eabcec760eef863398;0x6d8f15db0263511d97f740a29f7f63a96adf649b79e68649a97fa00ca38465aa,0x0621b7788c8ad7a080c4cffb2d9814c17c2e770d4ba2690cf00dba3305d8632e;0x9fba61ad0e613a7f8c67460dd2f4025cc94eaf5b88b9c1a4ba0560d3ebeec274;0xf25fcaf0154fb9b1cae0450b68f1e3a4c0bb974e9618c519bbc8c724cb4cffaa;0xdcf79b2319b9e9d0cc7a1b513a5c3c89efc1b49b40ea55d721e385121966236b;0xe1dedc1e2bb3ba6a2c36dc6914335c67169ef66ed97bbf8840dd99b946f6dcef,2.834164,1.642938;1.289304;1.128492;1.336565;1.066549,64.0,9.0,0.0,0,0.0,0.0,0.0,0,2634981376,2635022336,643.8810000000128,974.5199999999787,7.542000000000139,2.5139999999999016,43.41599999999751,32.0,192.0,220.0,120.35980000000279,419.4947999999976,2.5034000000000165,1.5306000000000521,78.38800000000006,32.0,192.0,220.0,2.703006,2.158145;1.195042;1.317567;1.209174;1.24661,64.0,9.0,0.0,0,0.0,1.0,5.0,7720.0,2636521472,2636619776,472.5730000000039,1388.0430000000056,4.426000000000083,1.3019999999999006,28.59300000000037,32.0,192.0,220.0,124.49580000000181,438.61719999999104,2.4977999999999283,1.5482000000000258,105.19239999999957,32.0,192.0,220.0
512,100,0,0xf0aa6c877ec745e243b53ee670e1730a61afb3400e3976ee1a9108cf39924827,0x3795258d980ddbbee789b3e59b824fa6cf3b9e32eabe6111e2dbccdf6ad4b150,0x3225150dd047f2017b781e1d0ae2a5a30da3b97f92b5e73d9415822cbd3132ec,0;1,0x6790935fbc44da99ef75b7111d3642dc2c28c0932ef01c296c53ffdcab7bbb7e;0x81db1bab5e61fdf52a7aaacc5e5f367b331fae95ec28f4518847d6d73ddb1020;0x236532ac1d124fb23991b4f9a7ed70df65e97e83becaca0c98bc37d45ad92bb3;0x1a47c1d83f98051ea941822b1edfe929173d1733d4ad1c3b6e594d33bfcd31f6;0x91ee749d868a6b4893a6887858a20332066dcdec1872e7048186dc09e352699a,0x376c1c9ec09e6f833dacc488d9198d778097bf3076fe8c9881a349aa57fd8131;0x9e1278407d4fe48ff44e9f57db9152ebf9b5c027861b1ed452fb25acaeac4b19;0x17c6cabf0f2d410a15737ff8c117a7de94bc6fdfc24d054b0e18131dfa2649b2;0xb3fa416d4402730756a33db503ae2ed9ba605bc4965001859c09051a2be4a783;0xe27f08c2d0953bf585723fd45636bcc63bb9e46ce7bcf50305865a86ff7e8b98,4.130318,4.508869;2.626861;2.451136;2.796587;2.41352,512.0,9.0,0.0,0,0.0,0.0,0.0,0,2543513600,2546044928,922.6110000000001,1553.623,5.3279999999999985,2.4339999999999997,49.394999999999996,90.0,524.0,923.0,404.98440000000005,1623.8544000000004,5.971,2.6279999999999992,87.628,90.0,524.0,923.0,3.579257,5.667426;3.077019;2.777348;2.509495;2.669855,512.0,9.0,0.0,0,0.0,1.0,5.0,57896.0,2546667520,2550415360,1001.2700000000001,1381.393,4.967,1.5919999999999999,44.80800000000001,90.0,524.0,923.0,486.9460000000001,1814.0276000000003,6.309400000000002,3.0168000000000004,101.98960000000001,90.0,524.0,923.0
512,100,1,0xba2b596569c4853f9547eb5aab903faea1d1e3f28012e5e3c34f62de61c47977,0xe15b7f5219cf0605e8bdbb37b0e4b1e46603b8ca78b39a17e42f784bc445a33f,0x90fd3f8022ba999445c591cede5e001da753535f85d6c252a1818a316da5372d,0;1,0x53c12d654191c82efe15f52aa9a6e8dd64155bc1bf9599a481b9c50976fc66ce;0xd3ff9fb4d02c604c7b5d72fa3f0113e32a056620eb82c6c3dba4cfd7c437ccba;0x6106fc477c360814f6807297c62686767581ccccf99a21efa11326e41776da18;0xdec812f17388fd97eedcdc023270031e743b8102ff05e192a37577f10ad0c8dd;0x905db80a2cb467931879b338e225f6de73e559f04c015058e8338ef39323296f,0x035796acc1603b7407d962ca2bb19f7b3db17d03a56c4d57b0105829d4284015;0x8fac486c3817a1e5887f46fe0a72aaa6290cb02aa08db88d2ea795dd585f94f8;0x33b38b19922498c2021df2581aeb9c028fb4204bf8f5567b2ef7f4a13782ae7b;0x8c73ea77f957a6067c15e62e2587ee24b4c77b280f361a3f4d11a9cdb1f5cde1;0xbd2459acf2c93d38365dc089656a05517abc83c10ad6627052b4ad4814a3edea,4.395979,3.145423;2.681073;2.606551;2.733502;3.009037,512.0,9.0,0.0,0,0.0,0.0,0.0,0,2554929152,2555445248,1221.7119999999998,1633.873000000001,7.180999999999997,2.273,50.725999999999964,90.0,524.0,925.0,427.6246000000001,1416.6017999999997,6.2354,2.3896000000000006,93.03039999999999,90.0,524.0,925.0,3.805599,3.404864;2.807843;3.098357;2.839681;2.686441,512.0,9.0,0.0,0,0.0,1.0,5.0,57896.0,2552700928,2553368576,890.1719999999998,1583.048,4.596999999999997,2.4039999999999995,38.76900000000002,90.0,524.0,925.0,471.19620000000003,1407.6006000000002,7.024599999999999,2.8484000000000003,87.61999999999998,90.0,524.0,925.0
512,100,2,0x3caf16b1293dc95dcbddfafb0f5333993ce1d6b2c7470501708b2c306b37342e,0x90ad4c74ab9e527fe383e40ba503bcd0b5a6e3e877d597b844487f6eccd1c47b,0x038ccb6dde100afeeaf071fa4d6d0640e0829ac87ec64d8d36f7775ae7fdea5e,0;1,0xa99d7a7f75b7fd499494538b297e9a0fd8f1b8e3c6491a197e5d675b16c18f6c;0xa9df468b5ad3e083507f708c60ae7d489d581c1cc0c4380c3238dcfe6354debe;0xe2c6c13015d33294fcd5ef6c9d72e5f8e03900788bbcbdc9feb06c7fc87d4ef4;0x4f37620cd0a3f641683be724c606f1d01fda49710acf553dad069064e4578796;0x0cf335cd3fdb0b889f2cb5da9d341a33bab87de0861a7d9b5e1e54b0f1b1dfac,0x107991ca0ff5c55c80f5ee88bbbc3034a201c8d3c8991240301ebdd845560c4d;0x9e0417a30ec83241b8ab185f18f0c6a2deb7bb7de39cd4f43c489335d326803d;0x710170279151ec477837227848ecd56a581faec4925c949ac600e513c57a0be9;0xd0d91c48e7558c9c0a04218ec49cad605ded48bdd314dbdac5c48a6548915ba7;0x682646889681a4452a2f1eeb915600a7f572e5638e7afdd5b350215cd8cd2bc7,3.875188,2.97066;3.093756;2.816387;2.846082;2.722926,512.0,9.0,0.0,0,0.0,0.0,0.0,0,2559385600,2559270912,1055.5110000000002,1468.3639999999998,8.232,2.1330000000000013,48.403000000000034,90.0,524.0,927.0,448.40620000000007,1462.5254000000004,6.879999999999994,2.9441999999999995,82.85279999999999,90.0,524.0,927.0,3.521029,3.559487;2.797769;2.60616;2.748755;4.163829,512.0,9.0,0.0,0,0.0,1.0,5.0,57896.0,2554863616,2555195392,890.1320000000001,1642.0260000000012,4.347000000000004,2.1830000000000025,35.13299999999991,90.0,524.0,927.0,436.95080000000013,1401.8138000000008,6.119,2.1251999999999978,98.92500000000001,90.0,524.0,927.0
512,100,3,0x91655c59b5e7c0dbf90085e2ae5d7063ebed87dfb44bf759a2e3acc94b889ebe,0x4ea638196d8d7c0e42de2e1670894d388831d334c300ee7e9fba93cf19d007dd,0xf889648e9194d2b998c9038118c075655fcb7ceffbeff1cbfd017b701616ec49,1;0,0xcd9f829fcfbeda72c285cfc99127862218263a0832382818a297c49d201f8fca;0xb6d641b977407a432ad2f7a80b515cfc116bccd2791b2005d4cb347a9848171c;0x13461d96ee99c7a549de4b9b687b13353480c91f8f6ba947caa9b382767c3433;0x2cf126ad689ec052d5df9feeb51b95673a791ac140fafd6f81c8468a2dcc2c66;0xa894e6fb4a3b591369db84f8a28720e8fce75af526d6cbee929a9230840488da,0x86598f5c70c86f7b3996a125c431ff145243c4bbd8a6e7b23ea5d1ddf4abe5f9;0xecc16ce1643f15b94678efbaf715476380b8c1ad41de3a75729ca226f515c1ef;0xa55ffd684c35c1fd256a6781107afda952e84a32f4c5fc62a28fbf2c4fdbf3b4;0x9aa3423f2e2a5164f4fcc8656d6569e4004a6b7678668ef93717852c5a3d415b;0x932af337c2b5c2e228d373984dc15d2c3680c7b9dd7abad119800f43b2c7c5d9,3.692043,3.033865;2.872362;2.495934;2.642725;2.680923,512.0,9.0,0.0,0,0.0,0.0,0.0,0,2560786432,2560888832,1088.0100000000004,1420.1409999999998,7.22099999999999,1.653000000000006,37.287,90.0,524.0,929.0,517.7108,1353.3065999999997,6.237599999999994,2.776399999999997,79.09299999999996,90.0,524.0,929.0,4.344772,3.464204;2.753632;2.62672;2.79191;2.323594,512.0,9.0,0.0,0,0.0,1.0,5.0,57896.0,2557042688,2557386752,1048.0509999999995,1619.8830000000025,6.249999999999989,16.205000000000005,50.62600000000001,90.0,524.0,929.0,414.2866000000002,1373.5754000000002,6.465600000000001,2.8162000000000007,92.6722,90.0,524.0,929.0
512,100,4,0x97bf61de00042c5e7f08b640e97b9203a7184aa0eb0722b558a0fa6d710af41c,0xd8b6984163a665771fd6652af88d78307e26718c6e98fb7f78e5f1f2941c4777,0x2cd4c6a613d265d1a900d29ea15232ac5123154ef0679199321d38017afb60bb,1;0,0x1128d35a64978834e5f55b0f539a8b3bdcf5f3ae7e4ab5d5d1460f5c1d502e45;0x86b9a50ead84160b8ab0ff37ab065a51fd9a1ac7ee9e52d60ae67834ec9a3c21;0x29a4f611b22eb23bfaf16a4438ea66c9e1f4fbd757454b9c526284b2f40abf9a;0xd967b0e6295be7aa2eb87c2e946444c43f0a2635e6bb4131f23f41b3f518c04a;0xd774b08ddea060c12eae4d7b6d35b5cc0bae2a1bcc13e7ce48671f7484dd2ae3,0x4ad12a95730272b5a9860202f1013d160313019ff92508db3d911b643853d76c;0xfc4ad84f5cac4c22c1b1c720c53748ee7dbb08b0055ffe455a5586f8080ea895;0x7eff7126e29c46516d8bf20ba61ce0cab41d300faa21e2a3292ff502b13ce318;0xf1e6c2e3c44be6f7c064a040d4b76a459f008ff4e7b68ffbb69a99715365b581;0xea332f6f9068d52fdbd15c8ab4865b71eab0c07f2b20656fecff6c156816d947,3.520838,3.162499;3.025442;2.667562;2.609865;2.607401,512.0,9.0,0.0,0,0.0,0.0,0.0,0,2562375680,2562502656,1032.4459999999995,1495.415,7.652000000000001,1.8829999999999953,34.06200000000007,90.0,524.0,931.0,428.7545999999996,1436.5864000000006,7.010399999999987,3.3414,79.16720000000002,90.0,524.0,931.0,4.156808,3.217341;2.78573;2.844139;2.428612;2.647983,512.0,9.0,0.0,0,0.0,1.0,5.0,57896.0,2559270912,2559373312,1048.8209999999983,1692.9330000000007,5.25800000000001,3.0550000000000037,51.32799999999979,90.0,524.0,931.0,437.69779999999963,1377.7896000000012,8.971399999999997,3.292599999999996,90.89299999999996,90.0,524.0,931.0
512,100,5,0x732cad02cb5407e596cfbb2f548462f625dafbf6f79d75b5d3191993a78bdf00,0xe36016d3cfb434ff919908194262bb347393ab399ed0d3c37e28e285353433dc,0xe297d01eddec73263fcb4e482a49f1fd6a534edaff65526299fd7f750429f1ce,1;0,0xadf9605d1d1fd62dba5487c9c23274722d32467f99f0de1edb498ca24e8a3e81;0x8e2f590ef7f15ed93dfcc2f44d013c34ddfd09b32355e8ccd64c619353cf342a;0x815f5abe2b608732ab6e41001f5272ed9996497aa8a4eaa46c737eed123e1a1e;0x34c40c3d7e295ff258221e3a02e081eea762d468a1791d265448a11487284b0c;0x7212b8a94266a2a6bbc3900b272022ad9fa546a31f467539cc9d6fa8731b2f6c,0x0afa67b8be71331af7814a26448647ad29263d545af883155ff88ad62a3e58fa;0xc61ddc8d026d1e970ed8708808d11a82799d16592c9376196f762e6415876baa;0x2d3644b5ce72ff6b1e7565bb139452411870ff5a57521edaeb291e50048a529f;0x2da269a1240bc4e05f6177891a0e039a949cd8579cf27006250eb0df21ccfa4e;0x6cd84e5a71a64492f1ef52029eb466d82d937af0e4b6db375a074e4b1649a933,3.958649,3.492987;3.07043;2.673582;2.62306;2.644818,512.0,9.0,0.0,0,0.0,0.0,0.0,0,2563665920,2563862528,1184.2250000000006,1537.0469999999998,5.688000000000004,1.7630000000000032,40.33099999999979,90.0,524.0,933.0,466.8079999999998,1394.011599999999,6.744399999999994,3.314999999999999,105.68140000000005,90.0,524.0,933.0,5.301193,3.01452;2.756576;2.634452;2.667041;2.482482,512.0,9.0,0.0,0,0.0,1.0,5.0,57896.0,2557775872,2561372160,1272.137999999999,2405.767000000003,5.2079999999999815,3.64500000000001,50.05600000000015,90.0,524.0,933.0,441.22539999999975,1397.3047999999987,6.734000000000004,2.4734,78.87680000000005,90.0,524.0,933.0
512,100,6,0x017a13a38ef296cad6f692db2ef16708b52bb19b13eb263deb1582ee146ab5cb,0x264be928ee9663065b1b3e33c8c6d563af4dadd1e2d99acf24101e7bcc33a9a0,0xa08ea8ebb27579f192371be6851974faba605200748552a9412a697d9f0d4b8c,1;0,0xea7e03b4152b0732b79ccc8719ccf7762cc5869aba7501b5f89666d5815c8a4f;0x134763dd0e0156d4d462f568e0ea318def79e0c0e6b8712ec10829d8d10b41aa;0x447fc81d354670681bcf5d4f72ac0111795533640374318eda13edd9e75778dc;0x7b5dc23d5b3ccf6f8c8483ce289d1eaa9e65272962874684c8f5a2d1f40c2a93;0x5b54416040f9f334be885e18fc74d802a12efcb0063d94e6503c3ef8a46149d6,0x300b4dca51ad6f444ed597f56494086d1cf304a24d2b2c609da59f7e94ce2ada;0x9d499f80325bd78cd41953bbed95d6979a742d7a8664bf5eee122a073919d692;0xd30fdcab9f93c869200cbec41c54b09a6eb82fd1191c9f087571f33a1b63844f;0x0f0023643c5015516ef585b3391828b947aead6c5536ceb3d162ca8c1e211ead;0x798c82f4b9f9176469b6b5b6dbbecb54849e7214bec93820ea249a21b2b14cbc,3.977618,3.491704;3.801517;2.836487;3.09055;3.72025,512.0,9.0,0.0,0,0.0,0.0,0.0,0,2560671744,2565328896,1150.9549999999986,1518.9399999999964,6.939999999999984,1.732000000000003,40.660999999999994,90.0,524.0,935.0,561.9673999999999,1508.4347999999998,7.537399999999991,3.517199999999998,110.73300000000019,90.0,524.0,935.0,5.891723,5.117782;3.538526;2.688414;4.595568;2.706866,512.0,9.0,0.0,0,0.0,1.0,5.0,57896.0,2562580480,2562736128,2486.299000000001,1920.6060000000052,5.748999999999988,3.826000000000014,50.78600000000014,90.0,524.0,935.0,452.3944000000002,2272.131800000002,6.541800000000003,2.5922,89.9194,90.0,524.0,935.0
512,100,7,0x0c847baea6f602dec56ebbd39452f7672a1809fc58be43ac457cad788a074b12,0x3da5cb9680cc7a06f3bae4d1c07cd1ed23840dbab2445a3b21f888e27c0e28db,0x80d8ac467954d8046f5cc54a2d1012c3dcabcc0fb50e05bf176d5ec38a7f39a1,1;0,0xd93f1ce4eb65a849012cb1c9214bc031c5f22bb9b1d6d85992dd431bf2dcedf6;0x438a6a8c065b058286f230b9245e6a024424f951ecbfe676022328afd193a315;0x941d1fe988a102455ac771e12edbc948ab82fac95398759f94a1c79c1358d137;0x7fa36d7d9befd5c294eb6c69818a9f224d79c329018f6252523fc00a1451ed63;0x19f1d307e390552f56d5291736b07cdeedc5de83af244575a29409cd4aac1dbc,0x9c5bd09d1b3ad7bb099da6b17203dd16c9a193cc37fa47a37561fade4d110539;0x1921c6df94058cad8448d278f14eef1192fc0d7c5d7451b1af314c7da0646cae;0xfded8743c8fa25873e3f01088413639342446af80b57538d3ba481406a7e3cea;0x9b849e9cf51db9b524b405fd633e1cb728a05ec1580c097f604d7103bf724e24;0xdbc8a8fb972a22bc1f54880755f5417dd48c447615b26d3e732b2b9862a3d605,4.823332,3.401479;2.830998;2.478788;2.325988;2.523475,512.0,9.0,0.0,0,0.0,0.0,0.0,0,2566225920,2566381568,1922.1979999999999,1765.701999999994,6.368999999999993,1.9829999999999979,143.99699999999987,90.0,524.0,937.0,433.0950000000014,1328.1283999999976,6.2696000000000005,3.1528000000000067,88.52540000000002,90.0,524.0,937.0,4.866518,3.13072;2.61297;2.44035;2.512699;2.382682,512.0,9.0,0.0,0,0.0,1.0,5.0,57896.0,2563371008,2563772416,1316.313999999999,1910.4699999999975,5.958999999999988,3.6059999999999923,52.2980000000001,90.0,524.0,937.0,432.35360000000026,1298.8741999999997,6.062800000000007,2.1774000000000013,87.21159999999992,90.0,524.0,937.0
512,100,8,0x70250057d461b26ab8748f52b33a51fd4958b50e01019096ccf27dfb4c9c34d1,0x92dce8348da15ed70389313413842c9ab50575364a150136f59b71b23916a00a,0xde55c6f83af8f16f80c3cdce736040e5472d08d3bab87f098feebbe29e728fa8,0;1,0xda1be1f57e61388a7f4e796fe3d6f524704d55dbcb85d9f4adb0b7c92052ae8b;0xa01afda656fab85de2386aeeef6b0a42dd0f9febc84ef00e456096c677997f05;0x817b5819e1185aca7ea73036224f4e3de2ae404c4ac6533b91271abe0efc1234;0xbd3ae33fe0403ff060896a2f1bc10931241d8023a2bdeeb684246b9c33311df5;0x3bd6048152430dcf8c0e9a7f467ddee44241604085d3c025afa9a713e8d4abb6,0x8e6d8ac60fe340a5d2b794a49b412477332eb3b7c54b63b6c76673f37c1d4299;0xed7405ead671927bec150b75988839630b7104c1fd8db9d4f1917ee8ac032487;0xc99e3b1f693b02407f3f2b321ba7c2aac0a95ed21170ba89247f6c6d305fe5b4;0x7e44186fe4e16b4904e1beb6304eac652a0a7c6b76ace6f9048ebd267f40bb95;0xdfc7bcb624ece131f317f01ac6e7d2f1703ff209cc859c18ae7188652cb67eb7,4.532254,4.533686;3.657465;4.87373;2.935456;2.933613,512.0,9.0,0.0,0,0.0,0.0,0.0,0,2567307264,2567356416,1372.9810000000023,1675.7659999999953,8.212000000000009,2.8639999999999914,49.27400000000019,90.0,524.0,939.0,512.2342000000001,1531.1404,7.280999999999998,3.8356000000000026,140.71420000000003,90.0,524.0,939.0,4.344321,4.089946;3.103949;2.95155;2.74243;3.532005,512.0,9.0,0.0,0,0.0,1.0,5.0,57896.0,2564575232,2564677632,1217.5560000000016,1980.696000000004,4.976999999999976,2.2730000000000103,41.40299999999975,90.0,524.0,939.0,541.6186000000004,1540.3666000000012,6.407800000000008,9.107999999999995,99.3278000000002,90.0,524.0,939.0
512,100,9,0x02a8f12aac16cecef408774bf2b6c80d6f12a8f3fe6ef65681b2e5e1b253efa5,0xa32aae02b75fb07f70ca0d1a5fc02cb4b045237556e713e2b67eec07020e69f4,0x83e1a2101149d253b135cf10043837c047165cccbc7640e903ce46ddd851da30,1;0,0xd7ba635ae9a632e2250df1c76c59e62712d0d1d8a14553b737f3ddff3dd07123;0x30ca73266a6246fc8070809154ec94791637df0c56f734135c5e4f8f7ef253a8;0xe93518af96464c40be525cf06201e4d759c546a0133070fd68b4d117afea681e;0x7ebe9ab5010c8a0a25bda14c3ad5e1dcd7a54a3ab07c4e305db59714c6d5c44a;0xb031684c14e9d370b9e3f2712e9c5ec9267df2442dae3ffa16ba8f352676567b,0x42b5bae5889012860820ff054bee4815e3f183888a00514450465daa13009829;0x75fae920b93a5ccba9ea467c78a7acfa7c33c2052854edd9a00131cd33fbfda7;0xc3420a7d2fd0cd9110be6dbd3071dda539bc4b543195092827c932ae196d693a;0x70261c249480a1830cef5c874255c12a586e0b16d8388fb79588f3ca6f602ac8;0x8415a3f694508b6e6ce7376a83b98fa6fb0056bfbe82a1d144670bc3f764ebe7,4.357736,4.555249;2.837779;2.892571;2.637206;3.132333,512.0,9.0,0.0,0,0.0,0.0,0.0,0,2568093696,2568445952,1495.2349999999976,1617.9890000000003,6.019000000000012,1.7530000000000086,35.06300000000011,90.0,524.0,941.0,505.21739999999926,1554.3476,7.246800000000001,4.166199999999998,103.68640000000002,90.0,524.0,941.0,5.768868,3.433097;2.947023;2.665629;3.250971;2.790437,512.0,9.0,0.0,0,0.0,1.0,5.0,57896.0,2565623808,2566090752,1384.1169999999972,1856.7800000000022,5.938999999999998,3.4149999999999934,80.9620000000004,90.0,524.0,941.0,470.19479999999976,1531.5150000000028,6.441800000000001,2.918399999999997,93.0562000000001,90.0,524.0,941.0
512,100,10,0x6e616a714faea764f8193912eac3f625442a853c1b845febb758d3b06c55d527,0x91eb361f4bf20deafaf042abcf9a52429842147721726c6e58b2eef1b5f3167d,0x9b24efe9a848c556fdaba931dce1fa5fe784f388680bc50320d0249b39db07eb,0;1,0x0bdc88365973e248017a102671641dbeebbc59410d62710b11c0719fc936a188;0x8de78ddef8af8e1ebcfe412c26637f44ce4f8babbe3d1a274f53b330bd3e00e4;0xe8b89d595f4e44946e218f3cb27aac0f155db04eb1418cb9bbf923a973b4c268;0x70657a9382cf2e74bd214c322a82c14b0b444a0faf16ba4716a71c3bd2bb6109;0x0b8a8906b2dccefc6eb52e7b332c24c6f7e3a104debfa430140a9fb2ee0e1994,0x02d64868270ce510bf8ef7f4ebb002b2e84124c67d632bf27e6c31a3f114b415;0x9a2c42fa7cc10bef949eb5be12bee2dcda81723a2e0b12dcf713ced7ef8510b3;0x37754bc8d389d5c62e40962a3df44d3e56141bde18f153cb3679e9bbb7882088;0x6df408de63d843bd44d2d2eacaaf4b333150c736f97438978930f87c4d0fdaa5;0x09fca68579efa22e0410224913ac2c817631c66d44a403beaf620e3350dcf4ad,4.658304,3.849284;2.516564;2.672129;2.790918;2.611297,512.0,9.0,0.0,0,0.0,0.0,0.0,0,2569666560,2569863168,1432.9209999999966,1895.4169999999965,7.210000000000007,2.342999999999974,48.503000000000085,90.0,524.0,943.0,425.58539999999897,1372.875799999998,6.6459999999999955,2.7160000000000033,88.90400000000007,90.0,524.0,943.0,4.743432,2.918441;2.731228;2.533645;3.243029;2.818119,512.0,9.0,0.0,0,0.0,1.0,5.0,57896.0,2566950912,2567159808,1427.6419999999998,2176.6619999999957,4.275999999999998,2.634000000000002,34.39200000000027,90.0,524.0,943.0,426.21300000000025,1457.2874000000013,6.561799999999993,2.021000000000011,101.88140000000016,90.0,524.0,943.0
512,100,11,0x19c89d001369e326000bc2b71f4d541fa634ec0a47d194a8053082de4a0faaf3,0x1cea3d489b9557ef0f13bdd6ea5f44f03b545e10a25120dda2a7e3966c13ec51,0xbd6627147f6d5aa64ddd27aced3ecc97e4e11348ff0f2e9087025362cd995cca,0;1,0x5ef293cf642cfd7bd8bf6679c89c5f0f56d81ad22994cf99fa28c9f2c4158156;0xfa551fc719646470bc646b4e325663b0e5a1e80b49a5c164bc06ef415529c382;0xc95c417a27166997d0cddfb75ad82a190af78549b133e5f523a8bcaa489d2ff5;0x22f2bf5d1d9516e31ad0c0fe020dfe8d5197fb3ab4aed6042737e2b5c100260d;0xd08195d5075eaf9343c94a38dff875c8f18db310b58989a11b758bfd8397d608,0xdeb64cb11fbc99c739a81cbeb9a3066a179cfcc536bcc272b95654151e0d7bbb;0x2854a8b588357901c370e1ac06329504ee02e2e43d6d89397faeb85ac550d783;0x3f848c81a207a485d8d2c79adc2466a2a9b027e8dd0a6f78d08f9bba7d4c63e9;0x85e0d10963f1abde71485702694461784e3a692a58dc37694abb17801f700433;0xb3ef9b91a09a6b56755ade58a79e5e26c86f97e3e138b1364eca91447f5abe9b,5.527164,3.848243;3.12048;3.278313;2.902447;2.610426,512.0,9.0,0.0,0,0.0,0.0,0.0,0,2570420224,2570592256,2236.3420000000024,1727.864999999995,7.751999999999976,3.4249999999999883,50.155999999999985,90.0,524.0,945.0,493.50199999999984,1409.2510000000002,13.342400000000005,5.113599999999991,101.73959999999985,90.0,524.0,945.0,4.562149,3.248648;3.253636;3.166855;3.063529;2.637828,512.0,9.0,0.0,0,0.0,1.0,5.0,57896.0,2567753728,2568040448,1579.035999999999,1767.4349999999977,4.547000000000036,2.7939999999999734,42.38400000000035,90.0,524.0,945.0,470.1187999999995,1480.9987999999996,6.790000000000008,2.5400000000000076,95.51439999999998,90.0,524.0,945.0
512,100,12,0x4d225878bec54366b9d3a926972b5b0b5c6e41482994535473c0fc8a66192ff0,0xef36a29e82e9d55ed95d39234321562d5d2795f971bd0a0b34028bc90fb7aac3,0x872f7bb3b27fb21b34d9761c83df1899e459dc4b0c44e54c2f37f9b492610240,1;0,0x5ffd8da844946f15e05c1fec7febb0702186be815623e6fb73c8a77a395cd2ae;0x6f79439424de85aa248f46546cafaddb27566bc8f2263589ec2cfb85b695d2e6;0x16fda6a548d82918ea9142d80b6655cc58ddc50095f12b12917a558272c5bb6e;0xeb9a20c579633d9a6aa1424b3fe70dab67e7e4dd8f3a45c5b0eb518968fc2b1e;0x65530c8cf87a29dae93de8901c609ad8745662b579c49f9528db4e1d5ba627a4,0x59ed783843a837280a35e7d3fde3f20f424df88fbc67c798c1316b037c901ac3;0x1191ec395b78ebce7020663a0b7c0045b4404c222ada764413a027827b234b12;0x4dd9e7c895a6b9b1124487ff17dd56a89c227edd4d5b330f06c77f8789a5e95c;0x0f2b798f5515260ecd0456d4514790bfc09f76f9083471cf1661b7f2b9fe5daf;0x7ea23dd5df3e22b5a61765f30d1774dfa1bbf63746e52dd88b4543a7a024d62a,4.427446,4.008915;3.162178;2.650016;2.785039;2.531157,512.0,9.0,0.0,0,0.0,0.0,0.0,0,2566144000,2567450624,1536.0759999999973,1783.1180000000002,5.42800000000003,2.263999999999977,33.370999999999924,90.0,524.0,947.0,469.844400000001,1424.285799999997,6.107400000000015,3.253000000000002,94.78699999999982,90.0,524.0,947.0,5.096815,4.468077;3.338674;2.670747;3.50813;2.59959,512.0,9.0,0.0,0,0.0,1.0,5.0,57896.0,2568884224,2569105408,1712.2310000000016,1794.0700000000088,5.979000000000032,2.8839999999999812,49.724999999999596,90.0,524.0,947.0,453.07720000000023,1499.9619999999993,15.310999999999993,4.322400000000002,119.42200000000011,90.0,524.0,947.0
512,100,13,0x4f462ae04c40666cceacb39849a9f697bf4af73f36ae51d0d2a0d0554164d30c,0xcfdb3a6d8eaa0c975346ad97ad08e24c0ad226768733d01f7aa420a87f18e0f8,0xc2c682c6ba7fb140bd7979dd54a08c45b7095c5af6ba53d27e55d5332d87893d,1;0,0x30b3cbb0272f89a0c28c2fe3a60eed3f3c48536475000198d82041a01ec43683;0x946d2006b4cc6c1602498eb3d3357891f4739226ca4ede5d3d2506d01b0f4415;0x1c93cd5b735804484e2facbe1b564b51e79602d8f17054f6d3c12029ee8c4738;0x30f87adaa58349f125bc8080c4ea5636982a75648e43c6f08fd0cddf3bf0b53b;0x442ac5f4123c6044c4714bce007636494f5b027cda4a51f83f643b5335cf7bb7,0x46055fb8cfd365181b743e47a5001f1044cca0ad4a5b9b5324879faea655c273;0x17cb893cb1e82a4bdd404eb0fd19d8ca01eca37ee3ac5af302581fd5929ddea3;0xedf60b632c7607cf30cda49a8417961ba7fae54238f24c1271935427094fa645;0x9c5ec8dc862a62e5323f2d04f973db0d71ce1600fb276a72e953c3d520cbe6f1;0x7dda3ddc3c6d369618041bcb0ce7d0ba4de7164270941aaf6a1d121e40d5a98a,5.301654,3.280297;2.650637;2.536334;2.962868;2.63904,512.0,9.0,0.0,0,0.0,0.0,0.0,0,2568175616,2568290304,1677.2190000000007,2303.0119999999933,7.061000000000046,1.7330000000000187,37.86700000000046,90.0,524.0,949.0,423.73100000000215,1390.4568000000006,5.656399999999984,2.4958000000000053,86.43680000000008,90.0,524.0,949.0,6.234361,4.016226;2.846813;3.095098;2.956118;2.55346,512.0,9.0,0.0,0,0.0,1.0,5.0,57896.0,2569953280,2570043392,1546.0519999999992,2958.38100000001,6.600000000000052,2.6739999999999817,51.31699999999951,90.0,524.0,949.0,469.95259999999956,1528.166399999997,6.902800000000006,2.712000000000005,85.42079999999987,90.0,524.0,949.0
512,100,14,0xea2d285c478e98c978993ed4ef2ca432a1c5c0d44cc7ada830c43f8bcd898b82,0x62f765f0930d4dbb521a5c420332492b0d759877fb1c0cef26831f61bd7a9a64,0x8da3fdba991a6006e869ef7a411ddf0cd6ed42790a8a0cfbd376046a063641b3,0;1,0x62c45f325e63a462a0f8625565627cfa9514a914d14c95d2941dc7b848b7a992;0x9c79b6aa57517aa81735c7171cce7d1a25c018241a61a907d62ba78bff28e50d;0xfcdc6322487613d0cc5413bc882c2e4d4ab7acac7fd2897d215bb14967a04174;0x064b1a207b90dacb1add24bee2b6b61712ec09bdb1d265f5ff83e2a47166c210;0x180fb40c1520d432f0e74c332ff8ed6bea9bc9c6ce502ae3af7f9762429cc71a,0x92361b81c83fa7184329948d6005ce6dbbba251dea52fd21158aa4917d67540c;0xb4bd38d40e08ed3bc89b845edeceb77aee6e253e877d10e26c5cb84a28a57313;0x647d2b7ca51d9fee501a93bf52c954ee67055826bee36f0b5f1752b584dd22f9;0xe93135bc4dcfc6c1f3dd8604d50c1ce9545ce2d74c1819521f7a968784a63905;0xaf04d2094e4e14467e56515bf9ab3abb66ca895a002bbeaa5992fe56a1b1e849,6.36002,2.96426;2.614783;2.447877;2.63931;2.757273,512.0,9.0,0.0,0,0.0,0.0,0.0,0,2573729792,2567991296,1580.9950000000017,3284.0919999999883,8.58300000000005,2.3930000000000025,48.28299999999966,90.0,524.0,951.0,414.4110000000006,1374.9151999999988,5.652400000000007,2.24139999999999,85.69539999999967,90.0,524.0,951.0,5.42433,3.307377;2.628193;2.839322;2.787573;2.398216,512.0,9.0,0.0,0,0.0,1.0,5.0,57896.0,2570862592,2570960896,1602.9469999999935,2662.2550000000024,4.457000000000028,2.163000000000013,70.93700000000008,90.0,524.0,951.0,475.5469999999984,1391.8228000000033,6.698199999999994,2.3453999999999904,83.03519999999995,90.0,524.0,951.0
512,100,15,0xff54c38b01a055f3d024da5879adc40c5c4f74e6cb4da9523c87d0de76b1836a,0x265e987f65ad8d229265fd64fc1796e339de9a02677b9f93db355bbecdc0263c,0x0fa587eb7accb1d6f805fb9cac0dbf042dece5c301c49dfe223548a0c0a726eb,0;1,0x2b096cdab5f13938d446e32d478881e881ec2a792ec37f2278052948ca62afe6;0x3392d057abff7eb56e059e0421390e08dfba10592abef3c697c4f8f49edaaa74;0xeeb6dee1d8a43347f0f65f8187f5f85415c3a839bd5ee0ac6c29296993e16c05;0xa282d1607bcb1e60c4aead25ae82c9196a38b80f8b8cdf48844ce468c61b28a4;0x2deaf7673b955c60ffdb35732311b2611ba855923503c63a8652fb7b0bcf0542,0x9fc8ee775737fa4303abddfc9ab58cf7060f8eb90961930a9a69f9159bc2a094;0x180becca086c9dd7e4c7871b134676bcbe4e37a386f173d4ff47052898d376da;0xee6f29e8d0c2e78fe11ece8e96bc9e8ed5a2cce9d9cd9fe2b63c65105345fdbf;0xb865052fccaaa9c04be823176612bad3c0e5684c1baaa8361f09d3253a07d2c8;0xdd9ab2048dee72babd95bc097c58bee19412a349d3f9c2a28bb82ea3ae819ffb,5.757371,3.263777;2.758039;2.921135;4.41684;2.630947,512.0,9.0,0.0,0,0.0,0.0,0.0,0,2568744960,2568814592,1761.0249999999994,2524.1860000000115,7.782000000000014,3.244999999999973,51.16699999999953,90.0,524.0,953.0,492.5347999999996,1704.049799999996,6.409800000000028,2.303600000000004,86.0618000000004,90.0,524.0,953.0,6.019036,3.641441;3.228949;2.609896;2.698524;2.626481,512.0,9.0,0.0,0,0.0,1.0,5.0,57896.0,2571804672,2571988992,1960.806999999995,2804.327999999995,4.095999999999982,3.385000000000009,39.29899999999959,90.0,524.0,953.0,438.7296000000013,1457.920400000001,7.096799999999981,2.637599999999994,124.51979999999959,90.0,524.0,953.0
512,100,16,0xdc525f715b710832c14e6d235bd410641bd27cd5b36e5bcd74b3f38c7fb6f5ad,0x5e76103e1bb0a4e23360792582f2a9005272e2c931efe7706d79849cbf4dff7c,0xd59fcc805c465e269d87fcc56ea09b9c9c41d57bf651df6823cf6f7ed0f978f5,1;0,0x3f327d70780918599423b7ac957ea0343d015f111f4db0ef2f389350ee9edaa6;0x7c49798d392d83504dbd6e8a709295b10d945dd2abf030180d0c23a7777294aa;0xc266fcf8f892e2a5652da1299b203f74b04b619b02e92ed1a6f02d59dd6d231f;0x2c69035bbef9c930f706f92c2fcc72d3bc7712f76d9eefe240bfe824777c7ffc;0x0e32b6dde6df5f2ae51c8e251bc0d524aefb1f2c68f6b5fbc92482e7bc3970df,0x0255c1694afc17e7d3587691cccf73973113169f7c495c7f789386435bcaa06f;0x0e9a49daba79c6fef57e248059c43a2b90e859cb28678242c23aa2851aff3669;0xa9cfbb34c7ebb17b332cdc97ac3f09b5a1eb26d11a18358cdfed3bba069a35ae;0xc35da2d02e186252c7a3e8dc5818e7f05e76dace83c072d23a23fabd00ccd8fd;0xbd4af4f1fe13b0d29d9053e71acd0fe6f1b8b707067cb56cd78833bd52423295,5.569453,3.683204;3.135569;2.643967;2.63975;2.467611,512.0,9.0,0.0,0,0.0,0.0,0.0,0,2569588736,2569707520,1643.047999999994,2807.2630000000045,23.51600000000001,1.5130000000000243,35.692999999999834,90.0,524.0,955.0,452.38439999999713,1434.1943999999994,6.301200000000032,3.0907999999999953,85.32060000000023,90.0,524.0,955.0,5.830572,3.021136;2.860033;2.741844;2.434962;2.698279,512.0,9.0,0.0,0,0.0,1.0,5.0,57896.0,2572849152,2572910592,1764.2209999999964,2689.465000000002,6.159999999999955,3.3550000000000244,49.84499999999975,90.0,524.0,955.0,417.1867999999995,1477.9627999999989,5.875200000000002,1.8327999999999964,78.48659999999985,90.0,524.0,955.0
512,100,17,0x47f74c487aefe8e9e588afeee8af6c46860c1edf107eed2ab2472c6abb13a7b2,0x4b0de89ee3ec889a875f9d3ab562fe049c4ab410b9aae463194583b2ad224cce,0xc908f8a8734bb53389f2ca55c41b02e13970e4e85f72670f436853cb6d4fadbc,0;1,0x7766930004ebc908041c38947b8036a36ea6011ff979bf8f24efa605bc8e9cd5;0xbb9a07c2888e7991c7f778d7c7d0aaad4249e2a59d8e09869b201c899eec85c4;0xa51ab190fba7d3d30471e62e32fbcfbe837b284ff345e0daf009f9acf6e56b95;0xa5522adbb2c798a529c654094ed5dc70f80dc199dc52438e48dc0e9d1c80a839;0xba0c42c0c358b3fd24faabcc3731b36343d75cbd6ef149c9c2e77ed171d6baac,0x564104e8860d6f06d4bbe3e83dbddf17b4b03cc5dd7bd35e494b0ca38e44818f;0xf483555d462cb29a73b7908947199740aa376e518c74ef4a9f0407a62184530a;0xf9c835b9853e4f2725880dfded5c7ca959e35cacbf94e8df7c3d9bd326d60cbd;0xeeff6c1d197ebf5eca6c09e74b48b08d3a83b46a0d5976b63e023386712f7adc;0x76ea395c28354624570ef1e1cbd43754a69b2d85abcedccca0f0628558761778,6.191947,4.997576;2.79207;2.496325;2.514271;2.618078,512.0,9.0,0.0,0,0.0,0.0,0.0,0,2570313728,2570547200,1716.4090000000022,2659.2000000000003,7.361,2.3730000000000127,52.04900000000019,92.0,531.0,953.0,826.4785999999968,1364.2812000000004,6.131400000000025,2.1753999999999913,84.06079999999962,92.0,531.0,953.0,5.698543,3.436391;2.536815;2.929968;2.4604;2.328241,512.0,9.0,0.0,0,0.0,1.0,5.0,57896.0,2573758464,2573877248,1827.425999999993,2687.7630000000095,4.067000000000068,2.2630000000000154,34.40199999999935,92.0,531.0,953.0,434.28679999999997,1403.7787999999994,6.133000000000006,2.7339999999999938,83.66439999999974,92.0,531.0,953.0
512,100,18,0xb683dfb827febd5361402be16acebf3f06783e6c2f46e9cc27a75e9b485e4ca8,0xccd56c62aba0af7c2de347aad1c092dfa16c07199e72802aab6fa6a4ebd90351,0x9d7e9492021f27587dd09b0bc6ce702ef0da70317f79e6811a62a09b3b8ff6e2,0;1,0xdde828cd2aeb881a8c6282ab0857a9948a1d54c437696bb530b14e8c54fe669d;0x464c3ac2bb2d9106d2f9a0a548b65a872b0ffa4ef1b190893d0d369edafe2a23;0x6deaf85abfa1854b1362e6294943d41ce76a16254ff456d1553a6c3bd5a96074;0x6173dde7b5fbb51ae7b9b445fea1e69590aa9b0939878dca0c50552054bf53a5;0x1887888fb20eb17b40c5b60219837c3daf3336395d1dbdd8e7401b056cc31bb4,0x0112cf8716c6eb20d841f8ba79c85e8098d75a79ba682ec5986c1b9540a65c95;0x7e5b60656ecc3a26dbf871e727304ae5814f54e51fe20c6bc44973d55b254c42;0x712ee2480acd69f542c35267a0179e086c942cb881abea4fcb630a6c21b712b7;0xa453f62c20bd1179428fdf32bf59e36529069d7d7a8d705de0d0f7e6e56f3f50;0xe54943b44153e355f50c3e56cf5d05dbb7d814abebc0ce7e12558b1467a86351,6.682957,3.642763;2.989578;2.979993;2.570867;2.709305,512.0,9.0,0.0,0,0.0,0.0,0.0,0,2571329536,2571427840,1890.7009999999946,2752.9510000000037,8.093000000000032,2.72400000000001,50.05599999999971,92.0,531.0,955.0,447.3586000000002,1419.4425999999983,5.982999999999986,2.3939999999999966,80.07280000000006,92.0,531.0,955.0,6.265227,3.55476;2.974545;2.783497;3.184452;2.842336,512.0,9.0,0.0,0,0.0,1.0,5.0,57896.0,2574716928,2574807040,1920.7970000000018,3003.2789999999977,5.02800000000002,2.9350000000000254,37.79699999999914,92.0,531.0,955.0,468.4326000000016,1586.6466000000023,6.441799999999968,2.5958000000000077,98.61440000000013,92.0,531.0,955.0
512,100,19,0xe523189e00de41d0adb0807fd865402b10bd4d1d199c9dfd52e8a177666c3017,0x5d952679985c9862805d79ba259bb8bbac94163fe17bbb83627578171dd34ed4,0x2289c8a1650588d85d52804f2f7cdc834cdfa58a38a25397669957a5c4be110f,1;0,0x89095952e03b42db3a95ea31e5e165de2ea139638fe62b25a1a1b78bd95a6f23;0xdeb457373e635fd5614e34144dc7b5ed0080a0fde4dc3c7ef730af9ac1f2fc08;0xfdc5c90f0307fbc460c44f0bdc4725f3eaab8929c437ea88f5ae59ad78e2a59c;0xf00575bf7af599d4b665c35a51be056bffb0a36223bca69dfa944f765fc4e433;0xccb418cf0cc002e7cd96f2f8ecb9b178c592fd3cbe843d96b4eb051f30886c17,0x880e30f3355de74f548664ad94dd37ee76c6e58edac7a5dd89e30fe758251e4d;0xc77f4a1579a1cb1fa812cf6430e52693cc028d60068fdb53346c2efbc78e3e99;0x50eeff71e542c54b1f3cd3777886ec2f53ba3b9928ecd593e36700822c8000f4;0x6f5d7fe6ba555da74eee02d814d9172fd409a24dc5cdbb6490a0d47775913456;0xb6649e1446b6fcacc2221c517ccd207ad2a8707e35833f2d37b948fe1b90de52,6.020078,3.803306;2.904265;2.579029;2.669175;2.418577,512.0,9.0,0.0,0,0.0,0.0,0.0,0,2572107776,2572230656,1695.9770000000012,3097.0290000000014,5.327999999999974,1.6230000000000215,35.702999999999776,92.0,532.0,955.0,490.15719999999925,1363.3857999999943,6.001200000000035,2.5318000000000085,83.06499999999987,92.0,532.0,955.0,7.053887,3.11687;3.043549;2.510235;2.441071;2.433109,512.0,9.0,0.0,0,0.0,1.0,5.0,57896.0,2575814656,2575888384,1850.080000000004,3798.668000000005,5.769000000000086,4.0260000000000185,51.047000000000246,92.0,532.0,955.0,419.98759999999913,1421.383399999998,5.498599999999993,2.3455999999999935,77.18259999999998,92.0,532.0,955.0
512,100,20,0x0f5a994d11fb2496d219c9ddec131f3d7a70173adc3b4f65a8fb94085081748b,0x76c3daf2df91b83d705b7f2b487e4db15ec387236d98578ae3689e53379f43b6,0x1e1cf0f13dd4d0c142d762c9bccdb24caa1975c15c422d3a07fc4ed0fd8f6aa3,0;1,0x5e2a82a41ebfe60149d0143df4ed45199365dc597ec62601a5c405f8d80f07c5;0xc99ae9e8ffe0633aeb09490c3fdc5d1d397999874a6c55f5300f0aefc8d7cbdc;0x73a21f4a2fcbb5a21e9192ad5f0dc74be8b0a06d1ba70e0a9ba9f8a319059f4e;0x6c21ab5704f9863050c11c408233adbe3ca8f4ba5390e726d14c8e935b3d77a8;0xdd5a9b6dc4b65635645355e5ab5c102ced27e7ced9bb324262695d0436ef2155,0xbc8b193ee7e79ebd0f92e34a39cef753965e6a3a09830255606b7e346874d610;0xc061e761da1a01cb92c19a09f9b2be8226f8d2038bb6ba0ba1ec260a92cedb24;0x95d3f1a8b20e16f20aa2805884cac517afea47c312aa63d4a48ed1167bed7677;0x29d5c2d82509a97adf0a8d88f6690fff817aaf3b835416d653fb649bdfa02da8;0x29b75a2d519a38dfefcbfc13604162957f2f4e209e53e51e88ba13f0e649f1fb,6.491889,3.646749;2.873744;2.936588;5.638753;2.513941,512.0,9.0,0.0,0,0.0,0.0,0.0,0,2573062144,2573410304,1851.2809999999963,3212.775000000001,7.300999999999922,3.5650000000000244,49.534999999999854,92.0,533.0,957.0,464.49660000000006,2056.8313999999978,6.5840000000000165,2.519600000000001,129.20679999999967,92.0,533.0,957.0,6.109543,2.88448;4.624083;2.505227;2.643075;2.44033,512.0,9.0,0.0,0,0.0,1.0,5.0,57896.0,2576596992,2576723968,1835.5979999999938,3238.733999999993,3.275000000000066,2.8140000000000174,37.13600000000012,92.0,533.0,957.0,416.93860000000245,1753.1876000000057,6.111000000000007,2.2392000000000096,78.40619999999986,92.0,533.0,957.0
512,100,21,0xe65e70be3acd7232c2458177a0e63bf2b5a426b03d0e8ebec59967419dce2d33,0xb379f4749ef775f2738c43fb58398a4f1b69bee5afdfd7166226b935dcf9e22b,0x5693be5ea594b2b375352757560f45e1ed049700f41e5b0ea1d6d5e95a7378f8,0;1,0x10fd96200bdb02d4903cee977f9be8d278c01b230fc07c797eb0d07c02bc88a4;0xeb29f18efc5228c7d2d527c826a3d4727a66df044b06cb338069ff009db5ed2c;0x01bb8549b3a20aa0b188183476983011337cef00665c3e5e5845443fe1d57d38;0x79bf54ae8104cc9b4d47bf281f921a32203a6a1fef05878f5371c1e3c57328d7;0xfdfcf5a6f4d9b2c1df5bdb51bf895585addef07c3e9814330a2ee3ae04eb4da5,0x77ca2c5c34e2f8861e06d44fb23d33347b8049d65773b2a223bb85007fe1c732;0x0a0657ecaf760a7fa5da92c064e4dd6c72254a73184edcab45813a4c76cfec60;0x8d725816cceea5c582ba5018d9a57420b5403ebf3f4a44e2fa1546cee0437f30;0xfe1d2574cfb622de242e56d08a0b714d7468e9ab5561c456451a39c284cd2bd0;0x300a04e0984925433fe32f12c63efe4ca00586ed0a0abaf4f4ce7c02f6beee19,6.692091,8.967603;2.79214;2.431777;2.528693;2.339388,512.0,9.0,0.0,0,0.0,0.0,0.0,0,2574147584,2575630336,2141.6189999999974,3143.660999999992,8.432999999999964,2.573999999999979,47.51100000000008,93.0,535.0,961.0,436.8965999999974,2555.914000000004,5.644400000000012,2.5255999999999976,81.92739999999984,93.0,535.0,961.0,8.393026,3.285404;2.648054;2.461051;2.417326;2.451386,512.0,9.0,0.0,0,0.0,1.0,5.0,57896.0,2577645568,2578067456,1939.9150000000004,5369.040999999991,4.656999999999925,2.2430000000000256,36.10400000000035,93.0,535.0,961.0,404.58800000000014,1361.3288000000057,6.105199999999981,2.543599999999999,88.89620000000001,93.0,535.0,961.0
512,100,22,0xd585cbde703e7f84d5b8c793a502e235011e4a34acab54fd093b8702e214da17,0x2039138ae3ed0e33ed9c6b8af7c258f6ec4afbf8959f4e2f595377c26923c7f3,0xf66f7f01b441dece25e4e9e0249b21fa53a42fb2d3f21a304ca72a2a7ff9eaec,0;1,0x744e5fc2f35d625a441de71cce9d1a3c4151ff5b589f5a4b9aac9794025f8e46;0x378e1bdf9b6ef0000ff1aa895dcc2778e19fd99373141b8d6317b3a5bcb9b637;0xfbbd253eba8bf1ed3108678453dbe709d7fc05220be5c9dafaa0cac7cab0645a;0xc46e61a0711885059aeb19dfa7cf81e03611456e9d2a5f512b1b0fd2ebaabd8d;0xffb90ffac893f5c85366e30495766b95f75accbaeb4684804dabfd165ef553df,0x855851a32cc95c94f8d3a041aa5479fd553ca320fb4fe303f5141f310fb238dd;0xcd5af9b53aeee00e6095b1a4ae53a29235e50ebb456e96df765053ef7c19392f;0x85af8ccc516cdd7af06001f5d20b9329aac135ac2f9a2268beb6318cff8454b2;0xc7560f943adec9d0ea8ba9bbfe7a2ae589df1d0f187a8016fefc9aa68c8c7903;0x721b3195430ae2665b49a98afe5ce3014485c38e2707d9fdfc297f769077b868,7.475964,3.433287;2.759892;2.569264;2.74237;2.502644,512.0,9.0,0.0,0,0.0,0.0,0.0,0,2576211968,2576560128,1891.3720000000023,4141.094999999984,9.094000000000072,3.065000000000012,49.433999999999244,94.0,537.0,958.0,471.3832000000029,1394.3848000000035,5.822800000000044,2.8061999999999925,85.81540000000032,94.0,537.0,958.0,7.24137,2.856167;2.793222;2.426219;2.587512;2.429093,512.0,9.0,0.0,0,0.0,1.0,5.0,57896.0,2578870272,2578976768,2672.770000000005,3452.606000000025,4.0759999999999925,3.1449999999999707,38.54799999999936,94.0,537.0,958.0,419.7950000000006,1385.8356000000072,5.007600000000003,1.7967999999999933,92.29740000000035,94.0,537.0,958.0
512,100,23,0xb8fd1d7d64a72bd2de5da21881d7e722efdffb8272601b8b6caf5e3b8010c249,0x7116851d1748af0a4d0027a7ad1a9e57577103282fd86f15b785ec9d45109fc7,0x05ae6490df8964e261d73e3c0b5f0f59e10b349a920a7330162971d49e7a56a2,1;0,0xb6c744ef2302abb903b77f74273e1e18c55695fc43f346e7f671a3133fca4e09;0x0d4667e30496aa8458eeb4a44b2ce9e5360d4902645c299e17a3c1c1d4ab899f;0xfd953bf6d7c2c20322ba26fe588958ed9f26d2cd66508943b4a6046db8951926;0xd571c678bd78163ac2e061ecc4086b509fb08334f1029a4f27ed2a6064e490dd;0xadd17e4d48a6c3bcb380dbf6e522693a9653de6742f4fc699767ca42bc78397a,0x416f9a3c892e655bc949310d3cc3b8f331c8ea67b83d5fefb8e411b651436c9f;0x0e345a0bf8051ec5548c6e2a47ff92752cc7d3cc9c34bdf1260bdc633e463dc0;0x34238d3319ec34dc504b4e790b2f4cb14e4845471638a9a046ab33f7cc8b2cb2;0xe30892ebd9d5465ac0fa736b13ffb99e26d198d3498dfaa3b4fc02d8d7cf5401;0x029be0ba09b78335695391da44105109267134904cec8bf5cf2fd82f0011c357,4.998858,2.789847;2.64562;2.404656;2.399443;2.43404,512.0,9.0,0.0,0,0.0,0.0,0.0,0,2580795392,2593472512,1476.8770000000015,2428.2319999999745,6.448999999999951,1.7430000000000136,33.77100000000015,94.0,537.0,960.0,407.2020000000009,1307.9843999999953,4.893600000000029,6.421600000000018,79.31979999999984,94.0,537.0,960.0,5.386442,3.223301;2.642565;2.353989;2.653771;2.515323,512.0,9.0,0.0,0,0.0,1.0,5.0,57896.0,2582429696,2582458368,1600.9639999999963,2557.387000000022,5.617999999999986,3.0240000000000173,48.242999999999896,94.0,537.0,960.0,404.5199999999971,1375.9788000000106,6.677800000000041,2.4638000000000004,82.63460000000022,94.0,537.0,960.0
512,100,24,0x26b07a484b9db6ca4a33aa540a5f3008a381a46a56d2861cef0a48a8490d06ac,0x813eb38c184bc8de773c02532d39e0d2df6b9c8bf6eeca41e1eba6fa04f8941a,0x1ac8bd0dfec40a97ee7857666ef0da2cd64e662efeaa93ece378569d4ee68c97,1;0,0xe189e1429d8286c22fbe91b459afaabafb15a3970c9c809cb122818120f5abef;0x8bfe528f562f34e89aa369f9e64b76ea56bad2d09c5a05028bf132b15c0400ee;0x9463cac51dc0a012dc790e528e0823b5944de1a47b639522462c0b9171ad4087;0x686d9f167a0e9f60a337f2246496bf4a8339b7be4c71f1cf1dab50982be83be4;0xf06d56b7a4e058fb7206705ca3b46c79142b90cf65b3a4e918a81a2192fcda91,0xbb05f07859448dc5383b1d2c10859169699197b0715bfb0f90ae729510d7ea41;0xbe138a11ac066fa966dd9d5c147f4056912574bd3386f69d3cd723171da28178;0xec07fdf9fae731abaf091f876f7d806a1470cfe45d3f088cfc1cea3183945c44;0x95ed12f7355d961dcf209c9f65b75271b5fffba581034c847ac3dd6b75e4d656;0x3c8962265b446ea9f5834b77df02391b773048da0349809505b315a82d445d07,5.255374,3.570274;2.704318;2.687552;4.595325;2.488333,512.0,9.0,0.0,0,0.0,0.0,0.0,0,2596425728,2596663296,1532.8309999999983,2571.097000000022,5.407999999999932,1.6919999999999695,37.16599999999993,94.0,537.0,962.0,427.40480000000025,1783.5757999999923,6.964399999999978,2.6217999999999946,93.02239999999968,94.0,537.0,962.0,5.842691,2.912893;4.721344;2.643356;2.508503;2.63904,512.0,9.0,0.0,0,0.0,1.0,5.0,57896.0,2589978624,2582487040,1771.1710000000019,2669.464999999982,6.238999999999898,2.9750000000000045,50.3159999999999,94.0,537.0,962.0,433.1688,1831.035400000003,5.997200000000015,1.866600000000008,80.6074000000004,94.0,537.0,962.0
512,100,25,0x2de9d163206a57f2414f98c38cdd85d6cf2e9d761a9de9064b7c2b998af02e08,0x8f84d8242dc4d5493f935292ed690487a4787070409e2492e98b9d82cd9f84b3,0x3a93fc98086fe7fbe3a2baf6169e11ae7ccd90bd7cd9b42090eeff9476fe8be3,1;0,0xe3b3f7d9ca58e3078ec109ee6973afe13ae961d3ebbf6fe05defc5380dc0ac2d;0xe1f2de1c96884818fc0a7e2a4bd73ece9821e69ba01150435e6a1358d90b1749;0x4dc4dd12b5f091f676dd682a7dcedd6dfaea893c3208a9336cfe2338b6239e05;0x22ef17260a0b59cae143608253aa2b641aefea22769a715c53c16dc7c27398ec;0xa3a7352e407b594258001dde4818118d1db194e9b9c5c70635e69acb9eb422e5,0xc9c94bb2edc75d33ca1b9c9de3914e810bc040f9ab28fedaa25def5d12674740;0xfc7ec7138f7f7dce62c40efb18fbca3005c6589a8720ada6f8d4e56fcb4296da;0x63b8b8b28e2165db804581b66b86a6014a45afda3a7a9346983cd8b9e67c10b0;0xb69ac0721f6aa8749ccfc8cdc53f5440c734f4f47831bc77cacf96ee3fd2ebdb;0x37a389661332f86dc01438bbde8f2fb10cc13803fdbb769f3c9cc9878768a301,5.468266,3.438424;2.769296;2.499419;2.431907;2.571878,512.0,9.0,0.0,0,0.0,0.0,0.0,0,2585669632,2585739264,1696.2479999999973,2665.238999999986,7.541999999999922,1.6330000000000164,35.47299999999941,94.0,538.0,964.0,427.7909999999996,1379.9188000000017,5.4082,2.9104000000000063,84.2592000000003,94.0,538.0,964.0,5.835059,2.960274;2.804349;2.417686;2.649415;2.664718,512.0,9.0,0.0,0,0.0,1.0,5.0,57896.0,2590023680,2589966336,1817.4610000000064,2782.826000000016,5.629000000000051,3.9559999999999467,49.665000000000816,94.0,538.0,964.0,413.0549999999983,1454.7757999999965,5.428200000000055,1.8269999999999917,76.75180000000017,94.0,538.0,964.0
512,100,26,0x3b6a550655b4e5742160096abce8afadf50e598b0928d320a0da918302c3532e,0x7fe9e64e8f4e6b160c20ec9e0d66dcbf55b42069da786fd7f30d1e80e39e29e6,0xd8e49cead72827835a24328fc1c2fc52c957a179847e9b6f381a3c17fc570deb,0;1,0xc49ca19fddcdb6c80493ecce07f21af2b975ecaed211b76394435933076f2290;0xcd5e0059684103ccc407fdb7b11615f2e4673708b1e4df5029041fb487aa9fe8;0x7816ae4dc3144f65e0eba804d2df1f293d1c93be6bd9bed61da5a6894e751ab3;0xa7359dec47ef93081191ed022a1f2a6ac410a26e3f3720d0ad2bfd315b775ec4;0xa839f707bca2c97bdd8d615ba820046ac1e61b18593774a404328c917b50ff28,0x7efcdc1253e9d9cc248342223a567792e4169ace53bb7b2540a03a2fcb0fb099;0x3750e9cff0b833be53ec0f301a5cf36a98294e60ee298c5c12261985875f8791;0x825070efe1a1c80462c42ad7e9e0b7d5ba6c418bfd84fdd3e953eac96d76f4a2;0xa66059efaa839bf910ad46eabdcdc34608ef998663569963d38427a7f9e4b674;0x43b56a5c4f6dd4bb5c2a7dde0903715771e3748e5166cb529de174ac1a872717,6.195973,3.522141;2.797799;2.639831;2.57969;2.514632,512.0,9.0,0.0,0,0.0,0.0,0.0,0,2585759744,2585939968,1881.131000000008,2735.3640000000178,7.691999999999899,2.5729999999999635,50.595999999999975,94.0,539.0,966.0,461.4720000000017,1400.119600000005,6.76600000000002,2.6962000000000166,85.65319999999933,94.0,539.0,966.0,6.519291,2.907635;2.878991;2.512269;2.571237;2.500771,512.0,9.0,0.0,0,0.0,1.0,5.0,57896.0,2590355456,2590203904,1944.1219999999926,3260.236999999999,4.527000000000046,2.744999999999961,38.05699999999933,94.0,539.0,966.0,411.37240000000406,1366.8809999999976,6.019199999999971,2.215399999999971,81.50919999999999,94.0,539.0,966.0
512,100,27,0x40eb394a1ebe87d46a19b53434aeeafd97a52c559d70149d985945b81783263b,0x10ec6e58d7bf4675b260e791a5074fe45879b3fcde6877b6df9e0e538e896392,0xa513992eeacf3520e0a7298bea40097f45a1bafcc9010832633494cdae7b13b9,1;0,0xb6ce857993818926947733d376ec99f32b328f8867ab8b54a30847b818b89074;0xdbe250ffcc3bcf1ef0cd5977156d80ef0c5a922c02eefb5bd20184c797ce1684;0x937b0a4243931f9b89e4bc71690da600a9dc50c65f34da3790a137af4778b635;0x8aa48e23094de1e835333e5e9236286b498fbc3aa0506610f1fabe4e1ac203ef;0x4f35b7e7daaacf83e55cb5b0d73cc469a7cf7a4d1e0626144791ef323e317595,0x51d9c3d109ed70f59eea839b0209a4162684dcfec80fcf340e0a062ebb97b398;0xa24604565bf3e883dc387eac403f868bfaf4a25907576827d619e3e55aff6ce7;0x2bf8a10f24acbf188e7f424eb7479054cecf2450367b6b4184e92c3bd44f01c7;0xfd920a6eb85e215d038aab4ad451baa8c57688e282871e5929bf3ccfd1b93833;0x206df6c2b8675fe6756fb6f4b280bb44825d0e6a74839dc424d57aaf78322dfe,6.992044,4.050999;2.719241;2.877885;2.929082;2.464647,512.0,9.0,0.0,0,0.0,0.0,0.0,0,2586427392,2584956928,2288.0399999999913,3051.9219999999846,7.541999999999922,1.8019999999999667,39.14899999999874,94.0,540.0,968.0,453.2833999999986,1511.3489999999952,6.515999999999988,3.5412000000000075,102.06400000000032,94.0,540.0,968.0,9.214055,3.006584;2.702134;2.608113;2.756116;3.021005,512.0,9.0,0.0,0,0.0,1.0,5.0,57896.0,2590687232,2590691328,1862.0079999999982,3371.8950000000136,6.209000000000076,3.4250000000000425,50.63599999999974,94.0,540.0,968.0,431.3285999999972,1470.090600000007,6.548000000000014,2.207400000000018,83.93220000000035,94.0,540.0,968.0
512,100,28,0xf1e30cc045b310fd459ef51f1ab0cc5641991e848f0ce79eb61532da6c0db7c1,0x51f4d856ecebb870ab71ba17397cedf5035b53b071dc468dfab66597ffea57b0,0xd099b4c99b9fb49aa4b984c4193820e5aebb100549194b91c845bc84c9bae610,1;0,0x160f3e7174e0e6d6e39157cb5e84aad906a5f6c4242e845282ea5c09b34eb101;0x24a02ca2cc1de17a755c5e6a168e30f8fa7ce20fd2bbba7fd4441e7e66888775;0x41cab76c18f76b7f5bbcfc96a3268f10040c5e62bb716b1384caee054c994174;0x5a2d6512c8ed03abb597b2a07bde52c7531a79ab49df178630d4464297c3b8c9;0x064415e2c56a548e5db91187970cd693aeaa90a94e8e4fbf029a1c134ddfbc74,0xc04d83d047f5b77544c05f0a8164ad512a56393439ae918e6571e0772f099825;0x3c74bde38a04f592caebe59735e8473a1c79ec5f8b54c8254dd322117d6b1a07;0xb755afc18d7380db6ac439e32eeb2a05d2301b618787293f655c6a1690d567f2;0x1c3ee9bfb914b43dae4a8b81dc49ba660d7a6a90e170ca94abcc731e72fb2f93;0x1acb9896599089d6d23d3f4b788fc962880177421aade96be754f54649166fd8,6.344893,5.390138;3.087446;3.03752;2.967035;3.982825,512.0,9.0,0.0,0,0.0,0.0,0.0,0,2585149440,2585042944,1996.7499999999916,3036.4190000000126,6.740999999999995,2.2340000000000466,43.31600000000157,94.0,540.0,970.0,490.50780000000077,1874.0598000000052,8.591199999999963,49.28680000000001,94.32620000000072,94.0,540.0,970.0,7.319638,5.684842;4.044027;3.086334;2.826577;2.700131,512.0,9.0,0.0,0,0.0,1.0,5.0,57896.0,2590703616,2590392320,2307.8500000000004,3482.1309999999994,6.109000000000019,2.9550000000000147,115.58500000000139,94.0,540.0,970.0,1077.9156000000012,1505.8364000000047,7.082399999999928,3.064799999999987,92.3232000000003,94.0,540.0,970.0
512,100,29,0x15188cf88a8bfdccd9cdc8a5f6d148918a2bb7494c4b9a05614900ac887fff29,0x19cfe64d00b5027454d51a0faf4fdafbeaa530049bf878b215f32c3aad0a581f,0x66b00881a25ef7db4e8bab86f1f14cb04936536129baf7f6b9be04b033b93ad7,0;1,0x6670f8c6e75fdc0134853de1ffb72c477d054dc6696b7a1108409aa1378a6005;0xf09fa2c6559ca42d39e18cfb040d05ad1c6f4b4885a861ccb448b41f295c465b;0x2e577d653dc63b9c5e556222064f61d11d26e76c775a65e2addbe1dbda5510c2;0xf85c2d1167ee6a15443e4fa1b30210b3cd49a22135805d57dca188e071e5d1ed;0x2a15e1559e255e0c2cf989bf67ab9c979b6a11ee914fc08548638701aebb4de5,0x34406e4cc3da0095fba3bafe9594c529c4657969317d57cc38516f1d2617aac1;0xd8ee12d4fed89f4dcc2d32a56d5a34bc09a0cbb57e629fc6237686b29d64b5ab;0x8cf5b30d99bd6ee5a51d71130e697ca6c07438580f38d025588dd9edb3cb4e01;0x720a998928bc58ab527813b8805d9cd94a0cb0da764b4666faed47853f07722d;0x2e2837febd887b01c4f450483012e941fb04eda71fc1f6ec46ae77393feced40,8.175163,3.522773;2.79855;2.690597;2.908887;2.684077,512.0,9.0,0.0,0,0.0,0.0,0.0,0,2586923008,2587058176,1935.499000000007,3283.360999999985,8.704000000000004,2.9140000000000197,76.39499999999994,95.0,544.0,970.0,461.6059999999978,1417.3817999999949,6.421599999999975,2.8582000000000085,90.56060000000032,95.0,544.0,970.0,7.160517,3.041006;3.161267;2.656275;2.686701;3.033034,512.0,9.0,0.0,0,0.0,1.0,5.0,57896.0,2590994432,2591002624,1919.2040000000077,3476.501999999992,4.23599999999991,2.703999999999966,39.09900000000077,95.0,544.0,970.0,478.29920000000413,1490.6596000000104,6.794200000000009,2.651799999999968,88.67200000000007,95.0,544.0,970.0
512,100,30,0xa71309235a407707d6d60fe081967f3390af3b40c77bd2d7b046bfc98d56a7e0,0x7f76572514f3b78bba60707d2c97e27da8eadd8573117e60f7514a96534d85ae,0x951f5546ba6e478a505ca4365169acdffbbb3c4136b3e754fba9a936f6be23d3,0;1,0x5cb02c9a9016ca4dffa2f528283378159b669ccfb1c048ca37f3563e157013d4;0xa8336a4f4b611e5397c766d91b304fc424ead62677065ee434acc3901240fb6c;0x69a7d30426a833f221bce750a09dc9db3c42118835c78b79eefb93b655c0df84;0x09d8e8c98821f0f5a8eadbe439cbad31138375ea9dfaec61735cb726f56c75d9;0x6d1c8581ff70fffc77fe3dc26fa7d103902f22a1711cecc5ec2e1a7b7c3be6aa,0x0c0e957cf1a3415a0a2a8ad88cf11551b550f12afc28cf1b307d680eca177658;0xb47d9d01dc05b387cb84e5e56e9f94d832f62a55b1a8e8f3dcdc1b71a0bc4509;0x5901fb69f84dcc6f8f0ba95517f1b5494ec56e386e8e7bf2effccf4ec4d204ff;0xa285bf7467f4b4d749f3d120f4915115399dbd231440afaf5abf4104580a476e;0x4e6548fd13dd4ea14527f2180d2564cec512bfc726d6c832ec5b996266b6d884,7.876337,3.150872;2.727453;5.221775;2.600081;2.543816,512.0,9.0,0.0,0,0.0,0.0,0.0,0,2588000256,2588049408,2037.8430000000114,4269.387999999985,9.033000000000088,3.1049999999999915,50.105000000001674,95.0,544.0,972.0,426.4849999999987,1885.7275999999868,5.666799999999974,1.9189999999999874,82.20199999999927,95.0,544.0,972.0,7.160909,3.458666;2.764228;2.942157;2.584818;2.474712,512.0,9.0,0.0,0,0.0,1.0,5.0,57896.0,2583633920,2584252416,1950.0500000000088,3755.2129999999793,4.686999999999964,3.5260000000000065,59.098999999999954,95.0,544.0,972.0,420.2620000000046,1433.9423999999879,6.7279999999999855,24.09440000000001,85.39900000000058,95.0,544.0,972.0
512,100,31,0x505971920e4a5fa01ea30b7f1bd2ecad47f3fa62c8dea8e57a862a540aa3ffcd,0x45278c4e2c01af6bd0f28e2cf313ecafe42a9cd256d44600ab6b2f79f1106c89,0x37c2465be666effe0c04acd52f6a9c53bb29a50a6abde7f7fe093e9a87cba33c,1;0,0x873f95926c94f8dc36432f8c60875d4465f78011a0de72d93bd47391cdcef861;0x744177c8a1b10c37c2c8c27a2f8a28da0fdffdbfdb47f81f74778659c3b5f338;0xc4521fd89338455f4fde655884c0fa51eff16ff3b6e6e698414427c9f6326fdc;0x6c6d73851a986efa77e82e9fdc8ef86d033ee8c1e01c6fb21a668b531f2bef66;0xb667bb84ae4c8a818eb85181333bd781c4002f86dbbdfed977a204db6a9be30c,0xfe8f481fb72f639c43ea376a02da0455eff20b8f743b4ef2dd4c6168ad283f8c;0x77fa4ba31e038c5ee384cccb2bafcf6fe8e1e87b26c3bdf95a3b7965493b9da6;0x4ff8960cc7079cd3e438435662d1be68e1e2bf0e6507584f049486eab48d6041;0x84cb5651e78d2a301c589711043b4657689940d460a81c5f2601192b5c5b84f6;0x9bc7413d32f20d02aab970c2e471870a2e87e3eaa1021fcf29ff368dea0a81dd,6.121581,2.956007;2.640392;2.698529;3.283291;2.489474,512.0,9.0,0.0,0,0.0,0.0,0.0,0,2601832448,2601914368,1571.2800000000082,3089.618999999988,7.120999999999907,2.112999999999985,37.776999999999255,96.0,550.0,970.0,578.079800000003,1385.1910000000078,5.4082,45.26999999999999,82.27800000000022,96.0,550.0,970.0,6.175012,3.662042;2.798199;2.471227;2.443375;2.511197,512.0,9.0,0.0,0,0.0,1.0,5.0,57896.0,2594893824,2595201024,1824.9220000000066,2965.90200000002,5.748999999999988,3.6149999999999984,49.4950000000001,96.0,550.0,970.0,404.2877999999972,1405.6775999999882,5.99880000000004,2.167000000000011,134.97960000000003,96.0,550.0,970.0
512,100,32,0x713d4d8f3a6f7953baad0542def7371dc51001e3d108ecd33746a0b3339d30a4,0x25dc1138c1d1ee60f6801e0501909d4ff67d1fbea0056fe9a9624b8fff47a632,0xbc3aa2adf35826b7eb1c8aa911363cabecc121794803ac13fe1785afa564fb02,1;0,0x2115074f6b55f50c32de203b7525fcdeedc4f414490d895a4734a15253d1be0c;0x22d3952a7d2313d23f23fd5a163b3ac2865e2b75b633434cf2f3aa0ad8529eee;0xba50e76d1eab2cf471debed329a4d55363c67da929cdd927c975e2ea70828bd0;0x3f77d3f2845ce7d75b0a2040ead01f86499b63d88b068e895f0ef062c5b3b233;0x7227ba6f80f0d7ec874cfd7720389b4ff4cdec3f9d2f8af173222f2742b03a39,0xfb55dd5f7c8fb26ec55d433c13bced5953a7ed6376a86952e6f137a41459f249;0x92e8900a3e71e70cba94126536c0402f8dca399357e70f003c66441d8570c32a;0x1a1d62ac2c17be1a910378f9a5d2bafbfe4bab112902c6d356fdf7779440a88c;0x01bef4d846cd45df4a39447088969d568c85bd51957ce74e679b5a12052d0ef1;0xce46e5a7ebe49cb02bace8b6037092761990b6f53c70e29455cde474d58bc244,5.642138,3.385415;2.78548;2.669025;2.580211;2.735976,512.0,9.0,0.0,0,0.0,0.0,0.0,0,2602622976,2602860544,1607.9549999999942,2929.0060000000117,7.171000000000044,2.8540000000000507,35.083000000001725,96.0,552.0,973.0,443.48079999999567,1395.9368000000084,6.365799999999986,3.21700000000002,88.41940000000048,96.0,552.0,973.0,5.863102,3.405335;2.9911;2.603636;2.734474;2.721504,512.0,9.0,0.0,0,0.0,1.0,5.0,57896.0,2595319808,2595430400,1840.385,2669.18599999999,6.399999999999939,3.335000000000035,49.77499999999843,96.0,552.0,973.0,461.3237999999964,1441.6416000000097,6.918399999999991,2.445799999999999,89.96380000000012,96.0,552.0,973.0
512,100,33,0x52272fbd93c9ae98860a3b2e0f2df665f8f60b14a43d4fba38bf2e173f6c3379,0x08fc26370db691ac6d8ae90df7aadddc2fc07391986f45b1d0dc0c87e1168da6,0xb42dbda82ec91fe23dea294e82764e4ce3c39c4d11a9bb117226c29719dccdbe,1;0,0xb293ff47f171dc6a3b1593894ab5c16bd0506d3bb1123235a3a1a45c4f0a18de;0x08fb148e167b1230a65c73d2481748069081886d8f4cc3b4f2c7c2ec6a6eb5ad;0x87433a565b8dc242a6509a1b13c58879d1568d1a28fbf34ff1401d576747b9d1;0x88755a703df3ded41ec05ec3d3fb1c0e5863633051c5152d30f586a8f33384b8;0xa536a6803ef45f6fe6979a8b51d1a6b12e62e04bd836349178d13640c3a9a462,0xa76dee53bce66650bd1c3259b2d8b75c7de471f1535f23e038d1c1f68cab7d96;0x37f3195714606b08c6e50f21693ff4638518b883ba46eafd2f17b4c12a4c52ac;0x4fd03464d0e2c6c90301e4cec9b6b40ffbdd9379ff5ecacd5561c9fa5049641c;0x043fa7ae52715a3806ce36982d97782bf927575f5780cac885f3892b3b36266c;0x7ecdb3c3c25aa1852702d2f27fbdb6665400d2a55867715a87287d031e2843ad,6.080389,3.464905;3.046384;2.861164;2.834434;2.740673,512.0,9.0,0.0,0,0.0,0.0,0.0,0,2597888000,2597900288,1833.1639999999982,2829.837000000002,6.499999999999996,2.0630000000000646,41.68300000000069,96.0,551.0,970.0,453.04720000000077,1441.2134000000078,7.342999999999976,3.046400000000001,89.20459999999936,96.0,551.0,970.0,6.340331,3.699699;3.140125;2.712981;2.853373;2.87108,512.0,9.0,0.0,0,0.0,1.0,5.0,57896.0,2595491840,2595500032,1905.4579999999987,2841.3350000000005,5.498000000000048,3.8259999999999597,63.7669999999993,96.0,551.0,970.0,458.40539999999487,1479.8433999999918,6.932399999999995,2.4198000000000013,93.88359999999984,96.0,551.0,970.0
512,100,34,0x915dce37081efff530793dc69490a7198e4e558d39cb2836c6fdd0887c8b0e7a,0xcc5be80d619f0a11df109cc627ebc10951c1e5fd9aec014d657836e5e3bb9198,0x67ae7ad42650b93ea579942b9a1f5af3ed8c67b3c5979f3c569418f8a18c8bd6,1;0,0xe26060071714f99ff589ba5773628e74a5d68240bd0b8482756fca0a32b2b191;0x88d7795ac9079f4f3709e58954d108607a6ccae79e87864232939d7edf3623d4;0xeb1afa875b31d1e6cb13b9a5c76cf0a3459158df8872dbd4b3f0cd7ec99cdcef;0xae9733648c82300fb34ee228576778b5c1affd99eebfa992f958e9ec8446c2c0;0x5f6591e518c485d62fa07a11856c88041bac058cb3b7d478c8be6babb364a00f,0xf10a742d77ac427f9228319077d8807cc85382d732748164c5b9c90616b1d0db;0x9687977507f35602db32f3ec52b9ae78ac84db9229fe2b0a2a67a7dc369e8bfc;0x3414957df519200c54cbddda4b33507b3d87f20b8cf9e8154698aa14c643680a;0xd38b02c8bd6d39abdb60a7e8a72b2afb8e8888c382a501437e11a39e07e17e76;0xa88133db2ab6aece7095e651bb441bf1486fe59042bbc2b6edeac04481e72ef6,6.60457,3.19979;2.87812;3.037771;2.666551;2.713953,512.0,9.0,0.0,0,0.0,0.0,0.0,0,2598047744,2598117376,2349.1720000000105,2901.9459999999885,7.220999999999964,3.395000000000004,42.53400000000032,96.0,552.0,972.0,467.00639999999737,1408.6439999999923,7.513599999999995,3.4032000000000244,94.92099999999989,96.0,552.0,972.0,7.748895,3.420583;3.155058;2.605088;3.537735;3.152334,512.0,9.0,0.0,0,0.0,1.0,5.0,57896.0,2595528704,2595573760,1933.1049999999905,4380.9369999999735,5.929000000000004,3.1939999999999835,49.70500000000058,96.0,552.0,972.0,475.53519999999907,1711.4328000000012,5.8827999999999925,2.409600000000014,92.94420000000025,96.0,552.0,972.0
512,100,35,0x5f7222866ca650e95c11a82a36be88567657663402ea8dd6a15c3f036db39595,0x6ea759fd6ee2ef5d00a9326d229a34c6bba628174983b99af2471299ac6fbcca,0xa5efffdfa6cc0681b9b7bd4503b38a954cf16bbeae77b2f7ff4930f788596208,0;1,0x02a691204636866c98e5e4cdb14af0874623047ee6cea0aca6c448efefb3ad42;0xd58d989652decf6334c834ed930f209109c9bccbd0aae7adba1609b786d65ede;0xef4095488c9acdcc6e9b31728b4840c67cbb1cd6a387810dba663465792da18b;0x6409ed58217e34dac17ee2ecb55efeed90a73e558f47fd02ccab65955031aaa3;0x75988f0e1a92d6e9491ad186297c95aaac8e9d41550881effdd3099814fcea76,0xe15fd7e4d7535865288598ae4d9347e2bbf91c8daed0d6827bda73968d9f5971;0x6bc9ba397fec1107ce4906144ebdf3636290f7991ef91c8070f1ac18718e52f6;0x8407104d8791a83322e51e016d85a3ff2cda6f4513c566692adc970e48f33910;0xf92dd5e2e4adaae15453d45aae578d3a76c8f1a8b708afdc53b9bf0fab0f09f5;0xb8ea8cd38c1308c678b4706cdd91b8ce478db9594bc318defca81cefaa26a66f,6.596657,3.001716;2.608974;2.779566;3.405406;2.579539,512.0,9.0,0.0,0,0.0,0.0,0.0,0,2603204608,2603155456,1914.3670000000002,3243.8909999999987,7.771000000000167,2.8840000000000896,48.72300000000052,96.0,552.0,974.0,429.8181999999928,1398.4469999999915,6.996400000000048,2.842400000000042,80.0748000000004,96.0,552.0,974.0,6.631666,3.336841;2.827449;2.683216;2.675405;2.567602,512.0,9.0,0.0,0,0.0,1.0,5.0,57896.0,2595627008,2595639296,1804.9119999999918,3682.964000000011,5.257999999999956,3.0050000000000434,38.52799999999948,96.0,552.0,974.0,453.93059999999656,1406.1683999999964,6.4416000000000295,2.2876000000000016,102.43419999999976,96.0,552.0,974.0
512,100,36,0x4c0931c7a0047b51ed64e97d9c9494b969b38478e50281541d3873b9e856dab8,0xfa2e0bf03e5b87180c58ba24291d4291621cb94a9130567897844d606bc436da,0xd37674e561186b89e5a6f457aee638f86a9aca06d7801ad3a46b23ecdb0da0ec,0;1,0xbb5f799badcd9cf6c372ede044e14f01b42d236dbd81380a599c126538d648e5;0x04966c08c9300922f81a61edac98bfc8f1741d0c8f3445830ab10f33e529bfca;0xee3afc2b2433fe1cf29eb92d8007514c70f23c4de8234f39c732dd8e4501b81f;0x344ec5aebee7b2c82bf4b8c6a741b0eca4da7460edc41514ce21ab581229b484;0xa1ffc052c6229f82cdff03b4f847e57253012bdd822ded9fb2f4ce6c733aaf4d,0xeb03a7dfcec4118fd14335412d226ce2e6f4a7a2ce03ea93673c29bda810f000;0x9b5383968f29055ac0761883b428788baa2adaf3e6597f68cc294caaa8a0faf5;0x7524c71f99fd8886a0af716c42c9a4cf7fb0f99e499a325b78feed220da3c148;0x7b76a40f2051db35d688263ddc56e8ac8aa0a1cc400ae61b428394194e4e67b0;0xf67e1189d46c7233395d3284e012bd0f3f1533bc413b346eded2e9fb9dbbf0c5,8.120776,4.215677;2.980915;2.953714;2.49351;2.621122,512.0,9.0,0.0,0,0.0,0.0,0.0,0,2603446272,2603642880,2098.684999999989,4510.451000000026,8.6629999999999,3.484999999999903,48.25199999999863,96.0,553.0,973.0,446.63320000000175,1565.8370000000143,7.026400000000043,2.3075999999999914,85.4408000000001,96.0,553.0,973.0,6.721376,3.19636;2.969548;2.688885;2.994346;2.691658,512.0,9.0,0.0,0,0.0,1.0,5.0,57896.0,2595782656,2595786752,2059.6159999999863,3442.6909999999975,4.186999999999897,2.9239999999999604,39.03900000000113,96.0,553.0,973.0,417.6453999999996,1510.9626000000098,6.225399999999944,2.017000000000013,80.89579999999916,96.0,553.0,973.0
512,100,37,0xc3ccc89cff7e26f764d1778ff1655ca571096ad08f99543d844bb6a2ece6f051,0xedc0a087e06719bc2eec6964b6c147d549433ac5e368217af4ee516ef2120b0d,0xae1366fb57238d6d85bc672cfdf042f3d4650ba8639c4281680fc29d67cd758b,1;0,0x357c17ee09958c19c7022ecc20f7044949508de2865e398731dcef97f5a6f3a3;0x1a9b57a1b7b6ede7a30948ab47d280440b6d74ce680e702044a5fb06071ca37b;0x64f6ad93963d099930395f98b390df9216c97dfe42be987c27dd4a63a6c4241e;0xbf54c741e6351ffb2140ad2fba647eb469cd2d01e7ef0b8a93f17755e13ad0ed;0xecfa998074b518d6a7f0382318351264dd0e10f8ae141740edd6d08f50fc8dbb,0x8e9b357742e9693831b943b940afc98379b85a245c6d5d11c3d320d4c4f8abc7;0x6099734b0a0155c70f02f0f3218d4f99ccefc1753b19a1b3cac7dba79a8b7fc7;0xad76f3b62ca09cc7235fcda6c0e4fb06c97fda029b0ec87d482a817d1ac1d7c9;0xa2f9eca0292d6db513e98a1085c427577c14a43c5c25531efd9dc7ed0165055e;0xd16cf452ff349ef26ff203dd854913fa95f7c0bfecd731d332344bec3b0108f8,6.996771,4.033613;2.847694;3.34203;2.541282;2.690798,512.0,9.0,0.0,0,0.0,0.0,0.0,0,2604601344,2604470272,1866.7549999999978,3865.759000000024,6.560000000000072,3.1250000000000897,36.11499999999976,96.0,553.0,975.0,447.8591999999948,1507.7559999999933,8.121999999999991,46.908799999999985,85.17060000000076,96.0,553.0,975.0,7.288871,3.18982;2.75865;2.638359;3.350203;2.617627,512.0,9.0,0.0,0,0.0,1.0,5.0,57896.0,2596827136,2597060608,2228.3899999999967,3629.812999999982,5.728999999999891,3.3550000000000244,50.63599999999974,96.0,553.0,975.0,544.5270000000002,1478.5574000000024,6.501800000000002,2.1514000000000038,83.74820000000075,96.0,553.0,975.0
512,100,38,0xa2b297645a82157a249d5588ec28300b5fc3561ce909a1bea925fde1e431caec,0xe126dfe8d393ffe97c84ae6def920e21f050b336b0e50fb2740252c627e3299a,0xd4379532180551addc920618ee6ea7371b2a0218366ccb9a589b11f7a973bca7,1;0,0x9adda258dcf509dc084f896cd41da94b870db9534c8ae85a9b73c66aa149f89a;0x35db4853465ab4d3b4c99022f205c4f5a89ae0eab0cc0347a91e9a4122c21187;0xab8fa9077baf944c12d56d1e8583d785d26e73cc57c12076ea6e2ef56f08e41e;0x512039de7a533a3abd7e9ec710351c0d2a1146f4cec78d6fec440c862aa63bf9;0x0a48915cf45e24dbdba88b75c6f0e4087a86dfde12e3a9a192889a56ed23d01f,0x4e883ef873efffd35649352440b479cb255c78a45dd0c441d70cdd9c66ff278c;0x3fb13c25e5134715467285aad448962a85282406d8be9ad00c8d40bf539102d6;0x25f078b03088aa237fa0009e79f60d32eaf66947673014e5bc200a6a12d19ffd;0x91fdd4934087d2d1c85c0b7eea1e2af740dfb9bc47cb1bf577d82cca31ba7fe4;0x598c7945e3e933e5a835b7f6baac81d52853312c5edca497755b5940f1294a8e,6.681445,2.966894;2.661824;2.545599;2.562645;2.556305,512.0,9.0,0.0,0,0.0,0.0,0.0,0,2599723008,2599776256,1910.6809999999973,3489.210999999992,5.1280000000000765,2.503999999999961,39.931,97.0,558.0,975.0,425.58959999999814,1373.0442000000064,6.958400000000101,2.6622000000000017,80.13659999999977,97.0,558.0,975.0,7.703256,3.339416;2.89142;3.318855;2.682765;2.595744,512.0,9.0,0.0,0,0.0,1.0,5.0,57896.0,2598129664,2598256640,2384.456000000007,3885.0489999999736,6.470000000000174,3.6759999999999833,48.06200000000149,97.0,558.0,975.0,444.2959999999996,1582.3879999999901,5.7627999999998805,2.647999999999995,90.34419999999973,97.0,558.0,975.0
512,100,39,0x25aad55d1de61c8939fbb3cdf904ac07713563e1c3428e44ac90faa54a900fb4,0x4622c2b80927ed53191b1f1d07e5fd33946665d97a303d16d378d2c782a90631,0xbc7ebb10d3c8dd153dc57078ee12c2be53d86d43964d3291f225a31cd64d796f,0;1,0x3cf50c77cad1d7244b03ba9058bc5104e826dfb9303bf8b195e8db6c2c2c76bd;0xd689dffdaf81861232ada6bc8e96ce5abae1d118d8a3dbdd7e5152621b3b5235;0x0fed3873342e8f818f03e4b45c1acf1404ba26e0fe8f0672f1642fa0a2d1e866;0x96c5cdfc38b0d98d5f72cb19aab615c9997ef652f9094f4a3bef1d26299f015a;0xcae95d3652d9d557a80af458c24690da08365dca811059e7b868ebc35afc0329,0x496c3aa20cfdb984d37457ac113ee069e1801a78e49ec94b32adc7a23ab13488;0x4fbc61af56507a5a2bfb2bbba1ee81d1f9009dac345ee861ea7240b7e7fc586a;0xd2fd0359de181852e4a0cc705736b494fafafaa2191fe0806015a6f4b20e1a99;0x76ab639a0bd8813ddc0a12f549260afab20dcad4440b0171da1ecf7c6703fad3;0x38c6aa0893a4066b73d005ec96bac63041b0fcf8625b669649f53bf1061df793,5.803251,3.266982;2.661103;2.692185;2.83133;2.836667,512.0,9.0,0.0,0,0.0,0.0,0.0,0,2605846528,2605936640,1716.358000000001,2709.0750000000053,8.923999999999998,3.285000000000007,78.74899999999948,97.0,560.0,977.0,445.2712000000025,1465.1316000000024,6.836800000000007,2.087200000000034,77.68300000000062,97.0,560.0,977.0,5.531501,3.568992;2.87113;2.752276;2.662285;2.584628,512.0,9.0,0.0,0,0.0,1.0,5.0,57896.0,2603130880,2603126784,1718.431999999992,2711.0989999999947,3.7950000000000137,2.8650000000000073,34.31200000000162,97.0,560.0,977.0,425.8359999999961,1491.8371999999904,5.956799999999943,2.4300000000000104,85.49260000000058,97.0,560.0,977.0
512,100,40,0x87dd0450d4f072c2dc716d0485a84798172a74b2d4cd5b62173f5b1dde9e394c,0x570844e29f130abe5e6a930a4f2ef6d2776faa395a7d896e6f4910336c06e438,0x7d01e786e6f9ae8fa2dbd194307e898603f3f41dbd2b1eac54d387a21a56d32e,1;0,0x7c1c245878be757de2e61493378d515a3261a2239ffc2ef2214cff0183ae9207;0x0dcb7d44eca6eba51c50526772e5134cb800f620f6a77ba350056b31ec610e26;0x1a40aac9e2ed0986b00913c42ed31237657d88f076b3680160d5e176aafa0cec;0x2fff1dac77e01719580cf69e57292cecd39c52878fc345f3c71ce29eb88ecbeb;0x2eae5e4968eee7fdb8abcb8a6ced6b77deb4f1bb146537f48fc402707dc1dae8,0xbce3352d4d823735aef4b2da31856208ab4bc576438d77757309614e369c1b59;0x1f99f4b27622916be28be2859150cf96de3f80190503db16343b22a610db089c;0x8fadd9ffefd70bc2f4e7c7fd9f5f8edaf690b50125c11a1db8081f8b133813dc;0xc77066480eb6d80e6e71be8ddb5447c7ab29de08e9b0e97dd36bf5b87193aa78;0xb1520767f77c4d6a06367dc6b713f34e4cae902477eb2e4307ab54d926143d67,5.66985,3.419617;2.732531;2.598668;2.50676;2.404676,512.0,9.0,0.0,0,0.0,0.0,0.0,0,2615115776,2615283712,1869.2690000000068,2709.0160000000087,6.298999999999975,2.1330000000000826,34.913000000001,97.0,561.0,977.0,430.92979999999613,1383.5645999999979,6.784200000000025,2.788400000000059,94.18419999999983,97.0,561.0,977.0,6.026267,2.909447;2.584918;2.853473;2.611248;2.812702,512.0,9.0,0.0,0,0.0,1.0,5.0,57896.0,2604941312,2604896256,1783.1789999999958,2936.457999999975,5.8889999999998075,3.2349999999999786,49.96499999999904,97.0,561.0,977.0,466.6115999999998,1456.159800000001,5.16540000000008,1.9708000000000008,81.30480000000037,97.0,561.0,977.0
512,100,41,0x5a464dcd4401eedd34290b6f0288f90dc5d11f5f0ae148e64b50c3cb54d9456c,0x9a6fc56e4102691662a8f3429b069966fe8bccfee29640631a34467f18431698,0xa6b6ba6085b24ce1950fcf2098c3047316eeb163727fd2ab072e02cfc0c613bb,0;1,0x99d6f99ae1f84c4cd9517a2ee96a8be2ff246a1b562ca77728f8641211209467;0xf4b3dc85fdc3e7f947bc59d8cba9cca20e93ceeb91720f4def7d1a5a20320239;0xfffa59296d1f663e57ab5130fba7afc894bfd4bea5c039d6dba555d8db5c7c60;0x3732bc800e92be7d226ebae6fc459537a2b32238259f975fb54f074012c19485;0x411b98b429a326f7018c52d2582dca4649dcfac9e44f6383b98aa3df7f40cec1,0x4f04870d92936fac57ae14a84efa47b77bed90969a80b31e968b7144890f891b;0x18cc8d0fa4ec7c04efc57365529aa9367f5cd4ba94dff4b50c688cd4d7444337;0x4213eab8285e54a7419c4fe5cd487861615b7fc0ba409adc4ffb0282f44f97f1;0x188d6129439348549a437ed9871cd5873c8bd47e591636b3f5f85626e24a85af;0x0e3f376400f8e03c0ca5f148553e94c4cecf285c64c332743a550202d83c9022,6.367502,3.461941;2.786212;2.606731;2.487722;2.632079,512.0,9.0,0.0,0,0.0,0.0,0.0,0,2612084736,2617151488,1678.9020000000098,3124.2819999999783,8.072000000000028,3.5759999999999263,49.64500000000094,97.0,563.0,979.0,432.4480000000075,1414.727199999999,5.516400000000077,2.7080000000000073,97.27440000000045,97.0,563.0,979.0,5.817633,3.013544;2.700262;2.581142;2.712821;2.453961,512.0,9.0,0.0,0,0.0,1.0,5.0,57896.0,2605903872,2606583808,1900.5059999999962,2891.150000000009,4.046000000000171,2.222999999999982,36.23499999999905,97.0,563.0,979.0,406.2808000000029,1459.0015999999873,5.1418000000000985,1.9010000000000078,77.76320000000004,97.0,563.0,979.0
512,100,42,0x0067913aaccf8d71cff03b230a49d0f10d5667cef23b1fd12cfcd573acac86c5,0x923c6d40f580a194f10c2bcf27aa59db9bf741b93848aeaa89bdf8462fe2983a,0x9139a4a465ea3a522bc642300ca5610eb39b2a9665f5408e0e8378eece2aa025,0;1,0xc667a5a591500f4d71283adefe7b1d85b16831ba253b940214b5a6aa13d01c63;0x6886fd09dc8c01a8eebc4a8186c0a4504c591f54a7443133b839a64ffb8d83db;0xe09cbae7d26d44db79b0ba8c7ce4d967f94fdeebc60f51cc1e5a80e46523fae7;0x7ad3163b6c00bb3d9aa6f2ace063ee38dc7d2e890d70255377e5e60a8b8c8df7;0x7618fef5667c7a3548f6472b436b981e159f231eed851509787492cde28162f3,0x3968bca3857ed6c89269e1ac51145ba69fd8c2d01fa10c0b705d5bab8d277c93;0x7c514f6e539a684be6be280a54fb39051abd9f9513d7160a21d53c077cc3bd73;0x7237ee696469c581e80d1042b27fefc553aae9b8ad65eaf4d286afa32ec46267;0xa478cac00b7a022d65bcd8a310ec69a27cccc19ba4ffb130483aac6df05a06a1;0x696e4b07694583692df38833cdbe620a306b5910e7413372bb389b519485b4ff,6.04049,3.471255;2.855857;2.714213;2.561062;2.532449,512.0,9.0,0.0,0,0.0,0.0,0.0,0,2618540032,2618724352,1729.588000000004,2937.7200000000325,7.871999999999914,2.4029999999999974,49.6850000000007,97.0,564.0,981.0,454.2486000000012,1377.8277999999978,6.493599999999981,2.357599999999998,83.19540000000028,97.0,564.0,981.0,5.905896,3.288138;2.69289;2.581784;2.555294;2.507932,512.0,9.0,0.0,0,0.0,1.0,5.0,57896.0,2608013312,2598166528,1695.696999999996,3026.794999999971,3.725999999999903,3.213999999999973,35.743000000001274,97.0,564.0,981.0,394.72740000000005,1424.624200000024,5.948600000000009,1.8447999999999902,77.7031999999997,97.0,564.0,981.0
512,100,43,0xb815105733467f9106b1586dbb278d625ca849b56e38dfbe44315489c20bdcb7,0x1f88a08fb8dc84aa49457d8e464f8e688c3df3adf118ff5605cfcd339a9f9cf8,0x38b7c732ccbe18b9c9a00da6a1d6e1ca2a604a7025567c983e252e2e86e94793,0;1,0x08aa493a7bb18a82ab3583392a26a1b80a621e4597c65258ecc596cf9e746b4c;0xd5dedf9ce141f7e3ac1a0a844e754ad1ce0b51f841a4d790b8ad1f0fcd4b1403;0xe8723557011141371832453b6d68e0c9cc2dda230afa38fd75b5da4fd702e013;0x4b85cea5685e48825ac8ab5c7aeb8d9f705dcf57670cef81bb352a5cf08a0699;0xdb5dbc995f0b905fc782c6a761b6831e5bd6c316d2b0bfe78e7349b455048a10,0x048f1525196110eec8a7f592cc47f5632a6a96fe936936cc30a1e5a107472fb8;0x2deb5d694197eec5cad93127096c542d00900a2d9fac82aafd5c652c5d3155c4;0x734302f88ddeb57794ce96dcd9c4afd77dfb2adcc6cdf0159ff890f755e27401;0x43dd7717deac2da8f176e7f92cf1cb373dee9e2239033922453e8bc3433424d0;0x4bfb40795d717af5c40f94dda686ab5e825f4ef3e1bf1fdb622637655f64f5b8,6.893265,3.493429;2.878831;2.942538;2.638629;2.806732,512.0,9.0,0.0,0,0.0,0.0,0.0,0,2621071360,2620985344,1730.3290000000027,3720.621000000035,9.233999999999892,2.573999999999979,49.284000000000134,97.0,564.0,981.0,432.41220000000413,1510.3011999999972,6.153399999999937,2.0929999999999733,89.26039999999982,97.0,564.0,981.0,6.152968,2.975688;2.601603;2.904309;2.846051;2.873083,512.0,9.0,0.0,0,0.0,1.0,5.0,57896.0,2608865280,2608885760,1768.5970000000107,3254.7689999999907,4.627000000000104,2.9240000000000688,36.68500000000158,97.0,564.0,981.0,464.71680000000345,1461.347799999979,5.247999999999972,1.9589999999999883,79.33960000000017,97.0,564.0,981.0
512,100,44,0xa837d7950fa6987afb5f776d46cb2ecab4174eceaacb15c2603bc6edda012318,0x8f52aec27619ec19a5e9b7f73dabf59824e44c08662bf09a10047a13cf990a8b,0x4bd8ea340807cd48ce552b879ae8092205ed925ec4c4d9ecbe984a5fb600765a,1;0,0x58e97e3b5c2a2cedff8d6951e3fa96ce340eb80f75930fa6f23c82399ea46fed;0xb6b787700badf79b0027d8c04d4fe4900335b416673a705f99906333d1497632;0xf24941c58f89b833e8b74974726e445c6997eee25f32455713582d7ce3533bc4;0xf09570bee6d9f89091c1800eb977d2e6868efd3816f4d9ff1261aaf704d859c9;0xab3a3c3b3c7fd948f7e24edcbe8529da0038f61960042b04bd4d7ccc39f36d5a,0x201fcb8239b2d7006cd3e8089c0a10bbb40fe70871f20fed9082e70f2c3be8d5;0xfdfea2fc9c282f555270147596bcd195f99d2454c05aedf685351fe4706a06cc;0x09a33915d8a6ceb286153f3cfbd7d82e941227ba2f574b85684a479175533c6e;0x88a18f876cfeed46107ddbe22f6842861bccfaf345f3f771a6360d86e4fbaa5a;0x12fe6857e907f4225c71a5835b6d3ba94ad5e4af43b67c56ba865c5ee2d06a0b,7.018674,3.375039;2.680963;2.645709;2.727643;2.490175,512.0,9.0,0.0,0,0.0,0.0,0.0,0,2621763584,2623242240,1888.928000000012,3942.4249999999715,7.300999999999922,2.1330000000000826,35.27299999999886,97.0,564.0,983.0,432.36240000000817,1393.7260000000063,6.341799999999998,3.0544000000000406,83.11719999999981,97.0,564.0,983.0,6.585311,3.156059;2.650657;2.569495;2.93026;2.770218,512.0,9.0,0.0,0,0.0,1.0,5.0,57896.0,2609123328,2611200000,1853.6550000000095,3329.8010000000213,7.000999999999969,3.5759999999999263,50.706000000001055,97.0,564.0,983.0,400.02500000000384,1532.9376000000173,5.742999999999981,1.7988000000000466,86.48420000000046,97.0,564.0,983.0
512,100,45,0xd6aeb07031b83f6a92bf925fdd28d014ca3abd5fe8d4b062d4390579f08850c6,0xbff71b09818ccada4afebdcb32d554d09744eebafcc0aff47e3b8b1261b5a784,0x54f13637dca5d2675619ad4b68eec1e42d08a65b512ec924f11079e83871cc73,1;0,0x921d9599a954a222d797b51860de5293fa8786e916d85ffe8b6d8a832c608860;0x9b16f612b57ffbd282860cfd455cc6ac277cec3b935e751aa83185f793484ab7;0x973312e1d0d25d8ee3cb09ba9759e675076b3c5105493b5c0a84fe8e2cfb8043;0x49ff943652035c412ef0e6fefed62233b9880a06e0f00e62da10af5c832f4385;0x9a7e8cb64ee9b4b5cd138f5864a4fea19442496f1dbc07e67e7caa26cf2223dd,0x0585c25310e3859bb6620030728a8894b7de6eb64334aecccb3f78d09c970c07;0xc27d60755a103b56e53048ee8aa56e07c081ce7e8f21c3115d1dd5c5d3130e67;0x5bf5a89766957f8ec754273cc294e4fb7df0d55464c0e19caac58ec6fd01e511;0xb7103b675508195e48fb47c3e022d28775c91278ba3dc692fca631ce46136e64;0x199d07666532e0b74e61984f8ad67c4c236d1d2daa5fe246e0d3c00047e05040,7.748615,3.431675;2.779281;2.649556;2.501763;2.669415,512.0,9.0,0.0,0,0.0,0.0,0.0,0,2625548288,2625814528,2032.1540000000082,4318.35199999997,6.0490000000001585,1.682000000000029,41.51299999999997,97.0,565.0,984.0,442.23060000000424,1439.497000000012,6.728200000000098,2.962199999999998,82.18019999999964,97.0,565.0,984.0,7.408602,3.412846;2.821865;2.882367;2.624918;2.608784,512.0,9.0,0.0,0,0.0,1.0,5.0,57896.0,2612781056,2612805632,2162.972000000013,3954.714000000026,5.899000000000182,3.065000000000012,48.97400000000024,97.0,565.0,984.0,385.48539999999633,1578.7129999999872,5.560400000000076,1.836799999999951,81.28680000000013,97.0,565.0,984.0
512,100,46,0xd3b15597241b1314c081cfb20e470911c5aa5558c570d606e9a880d91fe4cf21,0x2906b986698cfdce533fe14d8133491e0a7fd655dde342c2dafc6cbadc1b9058,0x92cfc608a1a4dc0ad3ceeb092d6eb874fca839fcb81cdd372e16a811d2a975f8,0;1,0x271a3ebc1ad0c7b3cb1d79557ecf58a5a91b2395d1dffb6c79139246a8744973;0x06f28712018a87217d00ca7b841faf7aa4f141c378938d38b653707061efa1d3;0x0eb966bac4c5e2b59cc4013ee566dae64ea8f9dc5a48f1aaebb572397f5f51cc;0x89dd5c3d2470086cf17b593af74a864e96b6b998deeb100f992f5a6089dc2cc6;0xb2f988c1da0d8a548444687da7bed0da3943e256f1ad67e6e12435ab8db48cd2,0xa5ab00e5164af9470ef3bf4370c987788f4d2446a7b4d26190ad0d2b42fb0543;0xb5f6074f8f666c275e1ebebed7e87a4083b0fb06a4a29637d589c22c1dc9b7ca;0xd93fa938479f1b135502de1d0a38f9a4b8619d2cb05b2ba75709dafe45462942;0x6fb0ab7fda9e684015e56d154a48c31b0bc2afbc06f5696486b99bfe90f2a7a4;0xd145a2dfd022b5eb0b9c84993d9d6ffb66924b1384bf15603219f6c207ec7db3,7.665248,3.853391;3.130842;2.613642;3.036279;2.696816,512.0,9.0,0.0,0,0.0,0.0,0.0,0,2628390912,2628583424,1900.8759999999959,4329.479000000025,7.851000000000125,2.2130000000000414,48.30299999999954,97.0,566.0,986.0,449.00920000000013,1605.9294000000168,11.901800000000026,2.5241999999999973,100.72600000000028,97.0,566.0,986.0,6.534049,3.12316;3.155078;2.67876;2.623486;3.375329,512.0,9.0,0.0,0,0.0,1.0,5.0,57896.0,2614456320,2614714368,1823.689999999989,3622.401999999969,4.3869999999997935,2.8750000000000564,37.957000000001656,97.0,566.0,986.0,419.65700000000106,1542.4781999999968,5.892999999999957,1.9349999999999579,77.77319999999962,97.0,566.0,986.0
512,100,47,0xa85e2d3b141d281eafdff7f24917c7bc01db9092cf41844559e56996fb149840,0x590fa83f24c919ad4980af86cdb3039156dc6efd0d79349e365e3de7da753945,0xcffa744a056ea3f63fe2fc3f1b1e34e7480d75ad1196da0885e0f4f1b4288b83,1;0,0xcd6f23b94075bf43a3647fa0bcd217b9dc6511edf5fbe8350e083b63c9098bed;0x386b4654bfc69d1e4836a4a86fa1aaf9074ac48cbcf1da295642f75a7530e4a5;0x0f4d15bd2fc94512caab7f4ffcde0cdbcac42106697ee4ad9ded2d628d64bf79;0xcd1e61d7a87a0daeef5f73128729a5c91b899b95adf376f7086987a654fbe11f;0xda2939acca464d4bd85cc46e1e6d719a16ffe1de602efd49766f646d19239fdd,0xbef26e8aa528a458cc9b80ca25eb6e5d4e5f2a3bfdbca499fda7c3f764683915;0xb4588c0377444642ad28ece05c19cfdfe308445af0e2daed9dfa416520af4441;0x72c8029a100a074e352a45e31e6fb47202dbe0291490c5c85ec84ee5af2b87ba;0x27533b3136b802567715ef83f22e094ecc427103f6fd73cc52745a964e373e00;0xc7e15cc84547a620dad9d44145503b7f1187784d7acfd3d5e2dc2147ec501f2d,5.681717,3.591696;2.670787;2.698449;2.568823;2.562585,512.0,9.0,0.0,0,0.0,0.0,0.0,0,2628849664,2628898816,1705.7719999999943,2858.4409999999893,6.599999999999835,1.963000000000008,35.71399999999919,97.0,566.0,988.0,432.4341999999981,1456.5383999999958,6.251200000000068,3.0646000000000058,89.59320000000021,97.0,566.0,988.0,5.824974,3.05738;2.704148;2.544417;2.523294;2.524477,512.0,9.0,0.0,0,0.0,1.0,5.0,57896.0,2618224640,2614628352,1726.6330000000053,2686.6220000000276,5.32800000000019,3.294999999999947,49.22400000000049,97.0,566.0,988.0,397.38679999999914,1392.8623999999834,6.439800000000023,2.0531999999999755,76.30299999999978,97.0,566.0,988.0
512,100,48,0x5411a550382e5039da0e9ef5d578d3fc1c7cc53f5f5e8673ad711aae58a48d1e,0xf9147dab1df9862208bd9b1be9135529da1137f0441c18c3b89469e3f19425ce,0x8433185ffff3218cab7aeaf52c5f9e114e23585d4bc6b0c156694a0c06117aab,1;0,0xa03e1fc9c27a9345e39b7fd693d08e805f6f593d31b13c8f2c5d9afdc3977aca;0x2b51cf83082e5b870cf4cc8e117539ed993ec95323a1e97c223baad84b901ba0;0x99bf60b2019c78e9e6a0d8e57fbab8729d19bec2280a8adce9786b6226efc117;0xf4dcdcf78c4c2d62976537ff58ad2681caab9e623819a9fdbe5d628dfa438580;0x3fcf724b44e986b9d7aba6c21872c81ee31e0f84cbee74a4c0d46335df448798,0x8cfd00153cf66711bfadbcb8469043f1756d207b6aea3aae9c1a9601dd261676;0x9ef28c2720724baafc75c4c60164aabfe90a9e01f49acb080d165159a1de8f14;0x8aa75ab2bd4c13c40e7f2a919164a4d694bb3664c837e60f296ef11143d0f2d3;0x43fb9c085dfbf674750291bec2708bfa2b6b10d36666696171b204618e9b3ae8;0x5a37d7e1bf27db0a34dc7ab600c9b4d353eb8dfa7eb1ecd0f776a06ebbe3c512,5.876703,3.965009;3.213807;2.643767;2.810889;2.510075,512.0,9.0,0.0,0,0.0,0.0,0.0,0,2632359936,2632511488,1508.044000000014,3160.1860000000092,7.5909999999999345,2.353000000000077,35.2329999999991,97.0,567.0,990.0,459.7713999999975,1569.1821999999745,6.419599999999987,2.7096000000000324,83.02499999999976,97.0,567.0,990.0,5.881569,3.669403;3.22264;2.790628;2.715284;2.523957,512.0,9.0,0.0,0,0.0,1.0,5.0,57896.0,2618552320,2618503168,1619.6830000000107,2981.2350000000265,5.258000000000172,3.2249999999999295,47.89200000000077,97.0,567.0,990.0,436.49440000000374,1596.7580000000094,5.979200000000035,2.04700000000003,91.75839999999991,97.0,567.0,990.0
512,100,49,0x2f85ddf86cf88235133ab2e6088f0f3cdef8a582df1244b162b09908169eaa2e,0xfd18c130c4665a6f402880726045bf4e8bfb70187e191be81af682969a904b61,0x4466d389c0f0e5cbc9bd3719c224c44e95121725358a588f18169cc8a11f9dd4,1;0,0xce3a3c7e9620a556d4a378c037726b5ca63d59ff0e7cb6b5895f2c4ddd52b18d;0xb3aa6ebd740fed517699d54ebfa6e961789ca42ccaa46eb67b94246b7ed9dbef;0x6326cd9cdd198e847a988a0f9451df1bd1b446155499dc36270f425a7148f3f3;0xe05a1fb744f4e2db44fc30c025f5b9dfef5d2a01ce0ca65ae2bef58a4383b5fb;0x7898fa3c489cdada9ba42b15f438ab85350923c8c2559a3c8e967d5e61d532f0,0x312630773f6f789e09d45b2acb9d94b19f504174c8b213bfa0a990b51460d932;0x475d86de663c7756e8de64876d207303c18e999ff14668395edd1c60d5829a3d;0xab39e55621b8f7a15f27532022d014b1ba3d4e0a54eae3b668a5df676a40d3b9;0xd8d01c8b8876bc6633a841617985a8c4aecd574247829c2506ee5ad164318354;0xe9c07b7aeb700bf1b62eddf979cb877e623fb83f380c2e20580978605d1e9e52,5.647607,2.975568;2.621684;2.718489;2.94466;2.909407,512.0,9.0,0.0,0,0.0,0.0,0.0,0,2633129984,2633289728,1713.6040000000075,2913.873999999983,5.52799999999987,2.012999999999928,34.2519999999985,98.0,572.0,993.0,439.6667999999993,1548.455000000004,6.647800000000089,2.2054000000000085,94.80060000000012,98.0,572.0,993.0,6.264326,3.499327;2.756246;2.848015;2.483315;2.900694,512.0,9.0,0.0,0,0.0,1.0,5.0,57896.0,2618978304,2619002880,1768.506000000003,3201.7079999999696,5.457999999999852,3.065000000000012,49.5049999999983,98.0,572.0,993.0,418.154599999998,1491.1584000000034,6.0311999999999,2.299400000000014,94.84299999999932,98.0,572.0,993.0
512,100,50,0x79377ca2812a765eeb68a55fafcaa267cc6db6f6ed212970f7ede9e1d12b6778,0x792f46a1a33cb078f1843582979619943587b0507251f75e401c35824220d6c5,0x5969322ef594a913cc8025318c61dc4931e7a2c5f9743307077d650d8bf7edcf,0;1,0xb8d743c62636c5f584f8552b49a67f81adc79913d6c42c0a3c49408112170f46;0xfdac359affaed6a0fcf405fbd7401aeb333bee2c287800dc0165e35b6a183e29;0x07eb1c103f3c6e58d4dc2b7c7c8a4d99d91bef70fe96e88bbb3208820fdd30c5;0x4d25fe774a09fe053f0d91dda4454293df3c978ddc33cbeb3bd45c2733db3710;0xd66a82d19bc43102087f1070e65406a0e01250de0e8d0839d43e04791e79f0ed,0x06d13598b5e7240010f458b3aaeffe9cb9d8cc80658375c1f6e025afb28497d2;0x2b374fa1bd4c2733fa6ddb19e2d862bb9b6c037408097148f40e3ef05e4c8e80;0x2a75cd9a7d8dc720f0bece45678f0a09a0837c9979678ab71586eb83e55ba4ad;0x036f2cd7f07bc0329366659992d3eb9df69a547e8f07afbbc9dd1f60acbcd3f7;0xf716a384f4ec5571db77e561248d9e4f1349cb4f5f810ae08fa972ae4933029a,6.833645,3.066264;3.002763;2.601843;2.497566;2.46033,512.0,9.0,0.0,0,0.0,0.0,0.0,0,2633293824,2633719808,1896.3799999999753,3491.204999999997,8.202000000000123,2.9949999999999943,49.02400000000168,98.0,573.0,989.0,435.9692000000082,1400.601800000012,6.621999999999964,2.8101999999999467,80.6036000000003,98.0,573.0,989.0,6.088291,3.680189;2.885772;2.48632;2.699991;2.523526,512.0,9.0,0.0,0,0.0,1.0,5.0,57896.0,2619273216,2619305984,1705.8130000000006,3207.1559999999886,5.317999999999816,1.7229999999999155,39.419999999998346,98.0,573.0,989.0,416.12159999999676,1455.6510000000023,5.75059999999997,2.0450000000000412,98.13219999999997,98.0,573.0,989.0
512,100,51,0x4a7a318b6766edf08ab747ba67013a13ea2ef4d28a0a9e992ba9c768a609a2f1,0x31c9bae5771ac32ced43cbf5df8676e67cac9755e9f77eb40c06f71fc5f3ca9d,0xafc497acbcf794fd383d8b8c96c9dba5bdd674566f2895a605d8cde67274126a,1;0,0x1d289f264b018f2e17d33b6a7b3224321222375d07a022d77e30cee115aa0a2e;0xc2ddd3ea5e032bab12dadce7376f2a8641586165444cce2b5bf43f743638edc4;0x770bcea501f2b37919543facb8c18e060963c38c5b024a1a47c0bf99fd9ae8d2;0xa9ecbb5455c893ff8532b67e90a51549a826d12cba8129a53e9135a5e840af2e;0xf64181860f18a27f337253466214dce2172c1422f44f5339fd9ec2c1a8aea0c9,0x878e6ea80ec7692a3003204d2e27661781b1487211d108630ef77c3de9edca4d;0x5735f855fe19b5ac6427f1a31ca4771735984651220bcb801876ec55f33f6703;0x5823da5c36ac50a0f76f5ec68c131411e521d88f82ea34caaccac7a83857dd8b;0x2b3def045420c6589b0cf0778d9b0606006ed893298de2a9e0c3f1a8f1133e00;0x0dd9dc1083e73ae3c2d79476fed43047e5b938b36360fe443f9400f860901314,6.714465,3.014035;2.672916;2.817548;2.646341;2.550246,512.0,9.0,0.0,0,0.0,0.0,0.0,0,2634612736,2635010048,1723.3190000000009,3843.9169999999745,8.081999999999967,2.733999999999896,33.419999999999284,98.0,574.0,991.0,413.36320000000535,1436.8707999999897,6.059199999999907,2.2930000000000432,75.26739999999948,98.0,574.0,991.0,6.287857,3.904768;2.846022;2.699431;2.488302;2.835365,512.0,9.0,0.0,0,0.0,1.0,5.0,57896.0,2619707392,2619789312,1760.9450000000138,3178.412999999991,5.3779999999998935,3.4250000000000425,48.322999999999425,98.0,574.0,991.0,438.54339999999104,1557.6285999999939,5.981000000000042,2.052999999999994,83.7562,98.0,574.0,991.0
512,100,52,0x4a6b33a08fd068e617b2286f006e1fb9d34e698971c891156bf7d7b75a40a9a2,0xc41ebc25ee430ffade3c49b20a6607e67c28036b8503692687c50a44cd9e9957,0x369ccc63352012da3ff73c0216f93ce3ffbfb2c48fc243dfa64c88c8a7fd8198,0;1,0xc0b85459e094c99138ffa6e6890a135d6406bb0beb5004f8282fd2617ff2d29d;0x50dda7357161a649ea68ea5a17876e4af30bd57a3e346fcad95e5785facdfe7d;0x3fb9e283eabefc6d885bc15b006525deaaeb589d97df489c98d82f8722f2c0a9;0x080cdb391cd55d8a32a883819766a64d647a3971086ca21e212fe1b4d1f28d32;0x7cd724deebd6e088733b515b577213f66db9b71f43eeed2383554f08530cb171,0x72bec768c07c609187480ca6b821a444d514df0f6cbb21c83dde8299ebeca3c6;0xe57710596ba90474b7d73a55509f71fcde1a53a79a9ad5cd3cdc0eb705e452e5;0x1c8296ec8c29668ce156b486f94a7d4d5656686f8dd39d60290354eaf38a5b35;0x717992032cb814768435122a43d7d5bbbf94d8106345326cd78bdd7f8f062526;0x95894449f8f7350ae9e21b52bff87f95f6d0891392235d31d4f1c9af6ae45747,9.300454,3.863616;3.749204;3.426708;3.307708;4.506906,512.0,9.0,0.0,0,0.0,0.0,0.0,0,2635788288,2636324864,3462.4360000000133,4034.5339999999787,8.983000000000168,3.8849999999999127,49.87600000000078,99.0,581.0,990.0,776.6673999999973,1742.2411999999943,8.544800000000011,3.8779999999999974,99.17939999999972,99.0,581.0,990.0,9.085096,4.03517;3.870337;6.283996;4.428975;3.381584,512.0,9.0,0.0,0,0.0,1.0,5.0,57896.0,2620030976,2620043264,3011.2359999999726,4025.850999999969,5.689000000000128,3.8259999999999597,46.188999999998565,99.0,581.0,990.0,1129.0168000000044,1885.6293999999884,8.238200000000063,4.542599999999989,132.4115999999993,99.0,581.0,990.0
512,100,53,0x02d06b2c764520a4a4f997feccea99f7754a5c9ff457a1590ab2823cbb9188dd,0xe67ba8ed310fbc0b6262b8cc537e65c0a338158f63490e0f80de44e3bcc6bb84,0xc3b1222db93a688c99b42946ce692a603ae6458cef629a6c771c1845283bb638,1;0,0x57b244eca4d3d854d219b355f8ca129cb7827205e482ee6206983b30bfbbf9f2;0xf00f603f6f83c7a967b7ee856cb2582176f075244070ad66a82eecda1383c946;0xd15c4b3a0217a3ecf39e9fbe627adcda5dbb4e873e87c933a0eb946236cf2672;0xd1abf268faa045bff92f65fc27b7e03da16c090269e8a91885af8a385f1cc935;0xd72ae144566a3ea3b78a7f006a2c47a899b7cd9d48d56a2d4eb5a598b552426c,0x97cec3801f2ed75f225593b788e0572f4778a6fa85a6c7c396ae38ab6a5836c0;0xd7f84973f3a85c45ca8bdcc02aa27e9765a933c7ccf43dd50e8b0b376d32e461;0x4c7eff1db40bc2463d36c1b02bcae06463dd0dcbfeeb5775c60f89a116c570f5;0xf2d88efba07b972305f59059e271aec2ec5d7d4cb8e41604965f08da3c08d29d;0xa0bef4d9f7d114dd0c92fbb9a9eb7e1ec4bb812af6c2cb3490c8662c7f1867a9,7.130523,2.928856;2.728804;2.567242;2.516085;2.607181,512.0,9.0,0.0,0,0.0,0.0,0.0,0,2637299712,2637455360,2120.206999999985,3875.1540000000473,6.0889999999999205,2.903999999999971,36.455000000001206,100.0,589.0,990.0,408.19360000000637,1378.881799999987,6.0591999999999935,2.2113999999999727,100.40540000000041,100.0,589.0,990.0,7.461822,3.632778;2.813553;3.081087;2.727062;3.46186,512.0,9.0,0.0,0,0.0,1.0,5.0,57896.0,2620485632,2620551168,2677.658000000027,3487.628999999992,5.498000000000048,3.0139999999999683,50.246000000000315,100.0,589.0,990.0,399.7810000000102,1677.1609999999937,5.696799999999926,2.2376000000000165,82.72680000000061,100.0,589.0,990.0
512,100,54,0x80ea14925cfab66d8aea0f204c3e4e4b70d1340c674ff72af00c81b2e68a533f,0xf17cddb19e94dabf91e300635a648dbefef2967303c360520f93a854449e8c8f,0xc65f3ea11345bcf938b8f43ea418a7cfd5dff27fe93929f7c1dc7d5a9655780c,0;1,0x9b85de011ffde405f0a7be29df51b34073a2303024437e6ff29fcb7cfcf1fb2d;0xbbbb81d3f3029f60e8fed66d46a3fd3736d0778629565a91a7d4379c6ca2d9ac;0x1f6201efcbe40b2ede5550d8f756358a0ae0af39c577c6bc9b4c940a37c2a788;0x0ca218d5296f2c6f29a288f79717f19abaa01fa530a0d049a526775ef38e11d1;0xb9e69ce4d5169ec9544b62b09ccf1b91d9bc6a69c80e27ce9112fda1ee852907,0xd07414d55eba22780dbe40a8270386dcaf5bcdf74893f7b52e7c399a7c2102c7;0x458087556bb07c40a3c30f4201b3b80e8a72a57266166f39ba0be004f45e39bb;0x795dac202d63de5760ccdadc7af427d7442f7534988db5e84e08a71076011a64;0xa6c3eaa47522fefa6fb58d7172bba4bac49e8b8ce341cd4eaff2dbf251ad0487;0x80f127fb7faf6a2f060832a7d8fe72ca280a081c6d8d01da8eaa768dd89396ce,7.921275,3.360568;2.875686;2.668344;3.005222;2.79819,512.0,9.0,0.0,0,0.0,0.0,0.0,0,2637885440,2638077952,2236.6429999999827,3845.2589999999896,9.373999999999928,3.0749999999999527,49.55499999999974,100.0,589.0,989.0,421.9223999999855,1540.9114000000113,7.0447999999999,2.3214000000000135,102.61680000000078,100.0,589.0,989.0,7.555994,5.339122;2.825811;2.587512;2.580742;2.658839,512.0,9.0,0.0,0,0.0,1.0,5.0,57896.0,2621259776,2621288448,1983.2209999999795,4374.57699999999,4.567000000000026,2.623999999999899,39.390000000000256,100.0,589.0,989.0,538.2378000000076,1683.5046000000186,6.157400000000001,2.1732,95.98859999999931,100.0,589.0,989.0
512,100,55,0x691ba5c77efe0d593c274b2c49a81840e3ea91fa0621c8c09eaa8e49af09eead,0x9c397ba6afe562450ec049c6647939bc65a0b0d8e865aa3bb87bb51b25e369ce,0xf4a86de8bbb2a31f11db9161d2ec5bacdc21bc51652fb728fdd5650328aa43d8,0;1,0xd8a73bf9a3644dcacd15987afba3556d96e93f23a0805767e070d4d3fb324904;0xc673e1405da0af04d1e0c57dce93bfee069ca5b907d0510c2aa6e0074db06fa7;0xc974b8c4dd3ba7f4f4ae71ceb6fdbb3387ed1b3cfe888f0b1f1c815076dcb4ce;0x482c5642dcee866c363564c1ff05fbbf7312e932e6296b989d579268677c4aaf;0x3bb050c1680081b6876b46bdf6d9a6131fedea882cb843d2b29894c9259ce022,0x05e6d7d7d824278bee831ed0e3c78181b9750a56163eb0df1a8d8a9890a73175;0x24c9c82a0091ecdd4b00c9ebf2edffff708b73c614541662bd9871c32d2a65bc;0x4dea55ef340627bcd753dff5f0dbada259486e8b0ac73c7b5a598acb4b653325;0x5656e4dac9bf41557e33b1fa7de6215736d6557de94bafc5e7d741c81d33c333;0xca2b3d2c33c4bb0cee2d8ca31c73b79dd37007525da67d3730de9dcce5308f85,5.833297,2.907685;2.76204;2.7589;2.623907;2.735535,512.0,9.0,0.0,0,0.0,0.0,0.0,0,2640228352,2640240640,1687.6749999999995,2776.9680000000462,8.452999999999847,3.694999999999957,49.453999999997386,101.0,593.0,989.0,465.9282000000098,1406.6431999999907,6.369800000000006,2.7320000000000815,75.56820000000076,101.0,593.0,989.0,5.313432,3.385004;2.911971;2.78557;2.98442;2.533269,512.0,9.0,0.0,0,0.0,1.0,5.0,57896.0,2622857216,2622873600,1581.043999999976,2635.1930000000357,4.497000000000008,3.1750000000000096,36.96499999999992,101.0,593.0,989.0,456.6487999999924,1466.8057999999817,5.876799999999984,2.2033999999999336,91.36999999999895,101.0,593.0,989.0
512,100,56,0x07d55d8f32dddb5512bfd7da07b9d07b89d73f06494f9253b86bdcab3bb5a25c,0x1b50c35ee5ab677c7ffa03a20d030addf20e72a624e51f660f9b9b2fb380ed1c,0x9dd3e2b01393019c4709aaaaddbf3863e53a6b330297e8e9fb1102ef7f83480e,0;1,0x9f40b62980f944bf7f535547c676e67b54bfa14ded76cab9ecdd668ac2e50eab;0x5ca7a28e00b00796f9069a0f9bc249fc2a980d2ef9afcd6172aa3e4e383b00f5;0x59e070a425a58030212596d208b64f0bbada72f9e99d89efaf3d05db8ff7d845;0x5e9d78c599c658d25e338911c84a96b29a82f426239e6488f10dcd8efb26682b;0x867bc9983038c920ecea65d515e8159685238dd7a33f039c5d6a2448c17220ea,0x72672737ef2f247aeb2de22996a956b361b68da8d594446d7c93b1c52b2d309c;0x2e65a0cd434ed9682494a9d080062ed402633ec8b312e0aa861fc66e5ea34706;0x359969f43f613c3c23b00d5b0b6a23ee45c81fbe4259794e290abcbeab3743a2;0x8f3b37e0cafe5bd073f5efce51552d84109122e3a9ceb480dee148bb1bba8673;0xece84e6ae27d218f8d5eb8c29e47e696bf436a204c5ba4d7952eb125c63622c7,5.758403,3.077511;3.119224;2.640842;2.741834;2.791129,512.0,9.0,0.0,0,0.0,0.0,0.0,0,2640310272,2640527360,1649.00699999998,2795.7060000000088,10.466000000000207,2.5340000000002165,47.642000000000515,101.0,594.0,991.0,426.9337999999956,1479.9398000000074,6.307599999999958,2.361599999999974,84.60160000000188,101.0,594.0,991.0,5.827277,3.620018;2.791799;2.581773;2.512058;2.561733,512.0,9.0,0.0,0,0.0,1.0,5.0,57896.0,2623418368,2623623168,1568.5999999999756,2995.3270000000475,4.0759999999999925,2.803999999999914,35.43300000000138,101.0,594.0,991.0,422.45079999999604,1420.0291999999947,6.1313999999998945,10.024999999999965,82.47059999999945,101.0,594.0,991.0
512,100,57,0x82c0f1e70ba2dcd4e1a4a85d69ae14b5b2ebadcb7446b0957fdbf60c9d122156,0x6915753c7704ed71ed08a42b77615fd9353dfe731eabe80fe8d7bc336c4a9461,0x9fee024766200558d4c4109aed70ea2d3c95f4dbcae3a7523ec19b32c7e6b67d,1;0,0x2c52f91bba876469e3812c44b14bbd46662851b0f5c1c796d1bb8a5635d7816b;0xea6b7096b2e84ab5c9a9eba5cf5acfa6a9ea6b1785d9cc991f9399baf8ff0de2;0x98ecf725be3cb4a63513e99dda43beb684259ffd84cea6eec77c23909f639a86;0x21817040258fa7137ac5092e4eedadd7e2dd02e7692881241986c96ca5e605d7;0xe5941ded2c3f1d1aec8dbade537424e8a2333e6319e28a39eb313d10ff6e3da4,0x4bee1cd783110f55cae2357745ac526e4a200415eaac25a9a95bd384952ad469;0x07a3c504184d83b745dac819b6ad2b9c84d205d2e173d818836a5bdf716bc861;0x368b25fc3ae9ef492665016ff1fdbc034608f6738f5e54721f289b9a2551ef0e;0xdde12065bc5875ea7bb404a61b593405ef5af890f0dd7cc1e52b537b8762d355;0x5c2b41f753f914c5816a192a5c40d6b0c5cebc7c6d5c82733ca368d1705e964d,5.711684,3.817427;2.916037;2.689136;2.665008;2.503956,512.0,9.0,0.0,0,0.0,0.0,0.0,0,2640740352,2641092608,1669.607999999989,2919.4729999999504,5.689000000000128,2.4729999999997982,37.48700000000271,101.0,593.0,989.0,453.45560000000785,1527.1994000000122,7.327200000000009,2.938399999999862,82.49460000000069,101.0,593.0,989.0,6.171757,3.143034;2.918411;2.5664;2.795485;2.503936,512.0,9.0,0.0,0,0.0,1.0,5.0,57896.0,2623672320,2623705088,1990.2010000000248,2843.4179999999865,4.768000000000047,3.4049999999999447,52.24899999999727,101.0,593.0,989.0,461.2715999999906,1403.8152000000136,10.207399999999888,2.0126000000000084,85.96159999999797,101.0,593.0,989.0
512,100,58,0xcc935424e80a43455998f42b2f53ebecf7632463bfab68dc71c781016c44e030,0xb65a98ac7825b01e5e5c2ad3d5b978d79e399ba16144465f8fda8872cffb4676,0x99680e61b4654ef8256c2fb36d094d22e9138b33e87dab81b211bcedbe04b5d3,0;1,0x69c7908039f4989a323db7e86676a624b7132f45e935aec216c3052e3176cf93;0x1e0ad4652732d9a3ba9030ab3271fac4384fa42c5dad4ea52d366479f887d1a0;0x4866c57f5662bb95b293175d1dd3bc3d142142e1663fa82d3b7c79dfde024aed;0x0b07a2463baa75898c1ed41d3f48065585bcd4ef1261556bf76732addb744e31;0x4406ea6e50d9ad5c999883aa7ade333b6b2ab28849401e29e4f4e8568cb94750,0x92e03fb7c5122aaf97d087c79b04d46f3348fb669b6f3eba179f9fd55573a745;0xf46d39fdb4b832a36e5386b64ac303b7ef143d44edd8814c7a4b46439bb144bc;0x5a7ae38bf277777acdb11344a9b22d782aa7e1558a06ee6c4d344c2688e4249b;0xff1153ba12667b05ad272d5fd1d2cc02b53c701607e7750443a7cb6e75a53fc8;0x4ce6c2d0b88309c6bb64f66436281cf280a3394ac363bac271dc07e2fdcd6109,6.492551,4.491574;2.686371;2.54001;2.740603;2.661514,512.0,9.0,0.0,0,0.0,0.0,0.0,0,2641129472,2641178624,1938.1920000000052,3019.5939999999587,10.936999999999927,3.205000000000048,50.516000000000446,101.0,593.0,991.0,425.4693999999892,1627.64259999999,7.084400000000046,2.6921999999999535,92.48340000000132,101.0,593.0,991.0,6.362826,3.214086;2.63935;2.5067;2.618778;2.481311,512.0,9.0,0.0,0,0.0,1.0,5.0,57896.0,2623787008,2623791104,1820.115000000011,3324.2829999999835,4.907000000000175,3.083999999999986,40.31100000000121,101.0,593.0,991.0,403.9771999999941,1394.3503999999996,6.157600000000069,1.9190000000000091,82.88719999999944,101.0,593.0,991.0
512,100,59,0xf920978d6e794ec11adf761e25a9a9b94e36d8275f2f891c01fa1e3fcbb1571e,0x520deffa8d308b819d86a12615d9d8a8922e647ae40c10a06b0f8dbaf76d6e70,0x2bee1cd3adddbf493244588aa2b9f1b4d406f1fb58f489ee52a0fa14ffbea205,0;1,0x9dfff886cec55ebadf1e12b16691db6047eea432857c8fee9cdbd3805aef8b28;0xacad210268eabd049244a9f2c2734c35b26c448ed170d1392222be78d8fa4428;0x9d5e2d14e752a1542681eccba6834f9d07371b6a53e74c4970e7805413abbbc0;0x5d8fbf4b2975513223bd6658310f4d3c8314043528968565e34e9fd2cd8a01d1;0xf7e89433fda144b69dc22cb8c04f69f2049a7e6b93bb29c596c92335d2d5e7ae,0x2e1d89915ab71da67310f4a4eec7f8b6527c2a4e7efae0479669b454cdf73945;0x10b15aa55429507485bbf0e1845fc7c014b5297b2a2a005e087e2864db9834dc;0x369d8004bc0c166bf5198a42625adf4564684bfbf72ddd1370f0caa798b1192f;0xe9aae7b4ae366b70560ed1180e055742c8cc75f8c5a8c73d6181122a1ffdb8cd;0x03d48f1b527943a7bde3c4acaba59cb2660023c1fcc51e8b97d8aed159b961d2,6.824762,3.052994;3.060966;2.97708;2.624377;2.633741,512.0,9.0,0.0,0,0.0,0.0,0.0,0,2641215488,2641235968,2190.3730000000232,3227.9570000000035,8.192000000000181,2.883999999999873,48.29199999999839,101.0,594.0,992.0,421.83199999999977,1454.8238000000158,6.394000000000018,2.2431999999999315,95.54820000000075,101.0,594.0,992.0,7.114698,3.381439;2.857629;2.708755;2.657898;2.539179,512.0,9.0,0.0,0,0.0,1.0,5.0,57896.0,2624258048,2624258048,1865.9440000000084,4042.996000000021,4.757000000000199,3.0049999999999346,36.73500000000301,101.0,594.0,992.0,434.4931999999968,1450.6741999999795,5.668600000000024,2.4398000000000124,88.21719999999866,101.0,594.0,992.0
512,100,60,0xc53579c76a0a8c5c1a202affa8b93090527b4bcd81263534b65597182c545996,0xb64883d78f93b94cad504f93a81e60470d31ccf603a5eda80453bf1370ce7ba9,0x71a9f9720fb5967cccb5625815b10d7cfbacf70a0f2475438b5abd65ef4996c3,0;1,0x11101aa8f925d1ff2960697049793e2c411f98794890a8a00ab8bde86e6336a9;0x2132bf7bdf9bd283c20bdffd531bd6a01c1a1aee3418b7c3d13cae3e9501938e;0x97b501d495c895cd0c2c6ede1f981543a9702cb260ddf836e1aa35a4feba99af;0x1c57a0c6310d11db3b4e17b91f78a56fb9e2c95be9cfa8fa1a04b4121800560a;0xa6e7f6c8c1140f4cc72dc480bccb85366d5ebbafb0838a36922711564898f724,0x5744114217a2d237497c1cca7318c9771bf763ba6107c6c044cb0cf0a0562b24;0xdc3dad742efee5a89b742fd00f2cc8bb8e13485259b086b94f478c9b4533b682;0x054d52b79751085b2d186c65796899081b36d8f5ab5fbdc5db3c4077b892f66f;0xa9e468d563e122a49f8f88a0b7c642c4e820430c5090276c6010ee190fe41556;0x3a90527b5b0cb4c992e3aeadab3ed307456323ac1586fc141f9cf072fee94777,7.466549,3.065122;2.790448;2.586651;2.489875;2.540571,512.0,9.0,0.0,0,0.0,0.0,0.0,0,2641240064,2641256448,2068.2579999999894,3792.609999999974,9.243999999999833,3.696000000000081,49.6850000000007,101.0,593.0,992.0,416.22579999999186,1440.1938000000002,5.50819999999997,2.247800000000025,80.42960000000099,101.0,593.0,992.0,6.341283,6.169514;2.794364;2.511257;2.598458;4.83448,512.0,9.0,0.0,0,0.0,1.0,5.0,57896.0,2624405504,2624425984,1769.2579999999957,3365.11500000003,4.32700000000015,2.974999999999896,37.92799999999957,101.0,593.0,992.0,403.2522000000039,2373.040400000015,6.479999999999854,2.2052000000000267,84.02279999999985,101.0,593.0,992.0
512,100,61,0x304ee402b7f88e0b8af88b99311796e44fa1bf7ab123971227e1036b22ccfc5a,0x7b871358f7647ba4a7b7ec0793e4fa711e172f8e547a0c91bb1a0fcc9b9a4b5c,0x1af512e97efc793f1bde995cc737b7f8e396b72f3be5a6c802e3ea39929b8159,1;0,0xc11a2ac8b8807caae7a6612b9db4b2064468c282bd51f559e986c131f5fa0f8b;0x79651e6792996b2986575817e221e7d7f942a0afc7a460818af766e7a133b871;0xac381400076acad41fb94f28c176f7ffd2f21635d33246208423f0ecfd15fa8f;0xfb391cb58d008ab881308193d798b2b1da91386a95971255c24ae6a8e0d9697e;0x06077659d5291448b6c973c5191116869a978fa74942668518180dd14c249f2a,0x7a19d1e8cee202db07935d75a21b1345c63864da48aec1821cf0b62ca15e36c4;0x3645d3f4a4052c41902aba2a12abe9846560dec05956b45ebea8fb210def0d24;0x860060dee395cf838ec9f307eda6a6d49d04e740cf8fa34b8aced675b27440e4;0x6662db84328fce414dbe30cbdb33fd8992efd3332a80ab73441798d923cba832;0x5dc303905157e49f4419215b42a268264755bb514c67a3b9c2e95ca4674df43f,7.467511,3.019964;2.927696;5.618583;2.71235;2.636606,512.0,9.0,0.0,0,0.0,0.0,0.0,0,2641727488,2641752064,2155.791000000018,4189.266999999996,7.671999999999801,2.603999999999801,38.958999999998134,102.0,598.0,994.0,431.04399999999157,2084.919800000007,6.742000000000033,2.7039999999999877,76.91799999999942,102.0,598.0,994.0,7.321917,3.317082;2.982597;2.527492;2.888285;2.556185,512.0,9.0,0.0,0,0.0,1.0,5.0,57896.0,2624966656,2624991232,2321.159999999989,3558.9569999999735,6.409000000000189,3.6649999999999183,50.78599999999711,102.0,598.0,994.0,478.9481999999956,1444.3082000000109,7.829600000000028,2.503800000000023,90.68080000000089,102.0,598.0,994.0
512,100,62,0xad3cce4a136fc26d10071798105e605e883145685e958bc36023792737a821de,0x3de93586a8d873cce1c71c344278e37697273a4abc8b7860d2d046d1b578b2f3,0x7bf225404d68ec1db46aeb8836ecd98cd8b3a1967c6cee1f8031c4422b80d811,1;0,0x6524e3cbd70f86cea005f745a66ba926349d1ed2fb5a482b11beed5ff2ce7f43;0xa817ead8db18d87be2e488033d061e4d2f3c3f064e935b2fe28d1c6eadacada1;0xabd3afcaf4f0446ca7f152ec09f42e62bed3ff51a57ff95bb2245beabfe7fc8c;0x2a8d78ef7397a58592989041eea9d86816e1926668fc1670f37a2a1257d27eee;0xe3f666f54b18f60a2690279159aa10c23b2da34ef4a8c8b5d9c4f5c14608e7b6,0x09dfbaf29b65c8d3b186ad6520f25b26b69de3162b929334fe020cdd42d206b7;0x1805caa0af0b4a21ce099c616a7e69e38273a39a78196f42e13baa3422a98ffe;0x8b49f04e8ea70927fc5967a6af36a531317b6a2de4ebe642b1c2da62ea5df6bc;0x8d69278e93d75c59f2446f694732e8c6e0c7864967b7418b922970e0304f2916;0xc52f8a265648b128fcc68511fac833f8fc9db575a4c9c63c5ba59431f4ea4afc,6.879384,2.910128;2.749356;2.862086;2.935667;4.000713,512.0,9.0,0.0,0,0.0,0.0,0.0,0,2642976768,2643066880,2034.3580000000138,3754.272000000003,7.622000000000098,1.7519999999998301,36.004999999998674,102.0,598.0,993.0,486.3751999999999,1505.7525999999875,6.776600000000035,3.232600000000006,129.49720000000053,102.0,598.0,993.0,6.6978,3.370183;2.819161;2.521613;53.411262;3.05045,512.0,9.0,0.0,0,0.0,1.0,5.0,57896.0,2625818624,2626633728,1934.606999999977,3459.6369999999597,5.278000000000054,3.514999999999942,50.39600000000116,102.0,598.0,993.0,442.5035999999994,11546.529400000005,6.930400000000007,2.7766000000000246,116.15320000000068,102.0,598.0,993.0
512,100,63,0x8e8c77a819c86b347bbc7467399ce7980974b7c884e3c6aa083949882edf08ad,0x732e3a9f3e9b9ab06df5c9c316ea4c43e8dfd48a05226d542a385141025e628f,0x24df7e2148f8f1822854cf0e76b04f5e79ca8630d70896f9015a2a54f47088bd,1;0,0xae7ad0cd3ee4a2047c22613e67c9647dc7e9804c0361eb5fc434cde5dbcb314f;0x22fc6e188273540a0178b1b46aca274aa1ceb2960d919e262d90c4a3cbfecae7;0x6f1d6af16195c44132dcb703deda7c893173a37c8d3fbfba765b8d13146eb63a;0x8276fe709bfec108e2ad78c656759a5af40e7a9005bd874da1551ea513beeb97;0x84e6eed1cdac6055ba9c9de78fe4765ee939dde37a7a5013ec0c13a464b761af,0xacceda4f5bc444f1b158df7c358e38a24273c70725c56dc6c17562282ca72312;0xc92b3d4f95bd832d7ae35c4f3780c031ec471593dd2b601f857bd3bdc306294a;0x28c3b0f7e0483d480c64eab9d99754a145580e42f0e569ddb951c68887d06522;0xf2ae1079a887d4c4f1e592888cdf1185cef595fdb89fdc1916213d078a834cd2;0xe5936ee890dc1b7e0622166e9b8282b7abf9c3eafe0c3c9ebcd58a608e9f7547,5.256868,2.918015;2.68636;4.598956;2.966714;2.594813,512.0,9.0,0.0,0,0.0,0.0,0.0,0,2644316160,2644639744,1463.0560000000182,2774.4440000000427,5.97900000000014,1.8330000000001296,37.70699999999793,102.0,597.0,993.0,446.58779999999786,1837.1123999999961,5.9948000000000645,2.2995999999999954,78.76899999999937,102.0,597.0,993.0,5.745414,3.420818;3.051327;3.099354;2.799521;2.475373,512.0,9.0,0.0,0,0.0,1.0,5.0,57896.0,2628968448,2628804608,1702.7379999999814,2747.1719999999646,5.618000000000203,3.6660000000000426,49.16399999999738,102.0,597.0,993.0,458.04060000000925,1517.2821999999808,6.365400000000066,2.466199999999995,89.85939999999887,102.0,597.0,993.0
512,100,64,0x97eb78efd25c33276c304eeb3725a80f89407bfc95deca87cfea229783cad37c,0x842ff7e48c2afe2b2bb8ab9788807e6852b3573cbe332f792d176b7e21860944,0x115c86cf27c3d90c0c2f29341b8b5756ecc5531be58f59dc79481a5217d9b2b9,0;1,0x4be8ad2e1989e313c7942ee884580d4f9cc1669a96bc8b985a3df5b6acac7f70;0x34065e64d98172d88609a85138f9c57c3350c444754f68a95c9b784fd1fcd2d1;0x8f3938aca632357a580ea249308d91f4e531ebf333fa6e592da6bce062066929;0xa1bb40471a04734a40126d3bff944e70275dcf6decb3fefeb69551df511d17b1;0xbdeb1af989d3025dca4bbe5dd8fc9ee0e6da6e0aa97e94ddd2ffde7466e443aa,0xf51c0211d35273903fc94bcc7a545245a66c5259fbe46f56e98bcdfefaa55196;0x0fe765ec78651800d7d9f20c2f82c81f811360a8d23d698d1dc089b4be56eb2a;0x7f949af1e633653fdff90c9f42e54c71b34a2483867a5dcbc2cd4587a6011657;0x2e972e8f82c8851045f7761cfea9bbb0fbc76994842e289134886f679659d148;0x33f816e068ad5fd6ed31a1cc325cb1099fa452ac60578476022402268ef0124d,6.665222,3.030039;2.673932;2.605318;2.54638;2.651319,512.0,9.0,0.0,0,0.0,0.0,0.0,0,2645348352,2645356544,2034.3079999999848,3111.4719999999484,9.915000000000097,3.1250000000000897,50.666999999997294,102.0,597.0,993.0,408.01119999999133,1457.4220000000082,6.052999999999874,2.2995999999999084,78.32640000000197,102.0,597.0,993.0,6.088963,3.452647;2.832822;2.507872;2.543536;2.615164,512.0,9.0,0.0,0,0.0,1.0,5.0,57896.0,2625118208,2624241664,1656.7089999999785,3202.3989999999667,4.687000000000181,3.2249999999999295,40.30000000000006,102.0,597.0,993.0,418.5409999999834,1458.509600000002,5.702799999999977,2.2090000000000214,83.5558,102.0,597.0,993.0
512,100,65,0xb2a7571d32bf793d0eed622db4e144d3d19c170076188e1d5d80b0acdd65257e,0x77c287a265387aae9a486f4ecc51ed8ad8dc8e1b9eee338818a8fdb7559edafc,0xece1279c394e052bb100c617c9d059ce7a74985a140c93790f146efc46f03c95,1;0,0xfb640c21b66d4ebefebde9d04f0112662465683ae6d2f706ff57959b984ea93f;0x17e8d0b6d9010f2cc7cc5df0b3afba697f4bf993ea264537547ce1918c3184dc;0x93bcea3d49e79008c8262ecefe8be75a396d3efbcadb33f613b02b2418e0d8ef;0xb11c30dc8cc5bb7409caf94cbee1f81526e7a3b0b83962f6b44d5bd925a5df8f;0x939578dbc0940e453b9da078731af14a34041d8dbaad8379a1b01c71db62ab2c,0xb3b2f5f11e63d9cf7daaed6506becded9111ecf533e9ad8c1543770ca5a1582c;0x3ec69c67a65abbbd34cc7b8b31ab736a586394040d6b7d8b12253e17cb0dd8df;0x3853ff8c472d1ce11d62b15f89db18d603fbf1b6389dd53be4f53179d42e18b7;0x000b3af89b90e8056a0e6beb42b09261fdf3e454fcfe3ad17dc426e769b0b3b8;0x9100052bcd4b944ec6bbffd684e160e143e6e6061f9a7c45338a1b6b9dcb5353,5.990894,9.55575;2.962698;2.832511;2.591738;2.501652,512.0,9.0,0.0,0,0.0,0.0,0.0,0,2642112512,2645475328,1774.6659999999804,3150.261000000043,6.209999999999983,2.4240000000000026,36.50499999999918,102.0,598.0,993.0,442.41739999999476,2659.676599999994,7.5851999999999515,2.8964000000000243,87.6541999999994,102.0,598.0,993.0,5.852866,3.266376;2.886984;2.531097;2.650177;2.889627,512.0,9.0,0.0,0,0.0,1.0,5.0,57896.0,2624278528,2629124096,1653.85400000001,2899.1019999999867,5.3079999999998755,3.065000000000012,68.8939999999999,102.0,598.0,993.0,443.85519999999843,1501.3917999999958,6.063399999999951,2.141200000000017,86.26379999999989,102.0,598.0,993.0
512,100,66,0x50347ee6b54d0f21e7407ef7362473e70a7a86b9bff404fe6ea4305ce382d4d6,0xff996f44bcae824ccd2c5b8affb7752377c2f0f92007ccf9b470fdfdae5f7c6d,0xc9f201884ad99d343474bcbc39a6d9f3532a0db14c3bcf8eba97099df7d9aa13,1;0,0xdb96174e7ce13a89feeb80c727bf17496862e6f674be4e42ad9ca2548a444654;0x509777de959dff28e60d02b05989e9b0446a63fcaaff7b1ddc1d27427bd48c94;0xe516d9a211d4c69fcf3a82b3e4f85f8e2010be80c1ccaf5b88b1f975ffe311e4;0x5ff52ca36e84cbed3f6956ab8a11a16fe3311ea63931c74f74086d66aa13b996;0x679d26feeded6bf2081c060c1f3bb5910bfe3c823b5030a268657ce9e4f1069c,0xfc442081e48a240fc6c23cad693a00aef6f54079cc5bdd998953b13759cd5d42;0x956e1dc8a3e7520a277d069e0efd866fe7c7df07fcdab38814ca2f95352ffb80;0xfd5a5c9e7d0d90b687e64204989d80795e4ea6bf9a8bb7de85aafda96a8c5234;0x6a0d0cfea452b807810137e10f2e51d1bb4e752ae6704defe71e0433f8497ba7;0xbe547c88df81026d9ae349533558e43410d7b7cc5b85aea50ddef9b43f35aae9,5.804132,3.181407;2.828245;2.784149;9.425914;2.627572,512.0,9.0,0.0,0,0.0,0.0,0.0,0,2645569536,2645590016,1720.4350000000202,2955.6769999999897,5.528000000000303,2.784000000000033,36.37499999999822,102.0,599.0,993.0,455.4365999999921,2437.149400000016,6.9303999999997465,2.7626000000000213,80.13700000000095,102.0,599.0,993.0,6.592892,3.445976;3.038152;2.81122;2.746171;2.728956,512.0,9.0,0.0,0,0.0,1.0,5.0,57896.0,2629046272,2629132288,1768.4869999999853,3468.350000000009,5.718000000000043,3.275000000000066,49.173999999999054,102.0,599.0,993.0,424.5984000000091,1546.143600000005,6.528000000000002,2.309800000000004,90.56900000000145,102.0,599.0,993.0
512,100,67,0x1886e97d0a110c264f3ecd1a6f7dc637a260a71bdbbc6d16dc345927f1feec8b,0xe485bd424c8d828e3345901f03fc2a3cf9182aa26a0fb4c6eaae414791f47e48,0x19b9f5df6fc8e79dd990e177d0a13b18e673a098e8bf4d5299a84e01c1d4e29d,1;0,0xc9947d5a02deed6624f332a940a928eb952897466c0e8c1f509b33668a1d77a6;0xdfdd7ec2406b09b9f37972e5f74368ccea84734af2af657d383c71c81b7ce7fb;0x2366ecfc6e8dfb392ffb6fa2c733533d030c2d980f48a8a9d099d1644fa2ebf6;0xb72566ab2ff6f9440515c518c1f2ac01a708410a939dc7e3a0a769bc2e012085;0xc29735daff0191d39be26d386aaa4379fea88466213fbc747542787bcfecca9f,0x78fbf53d790edee202ef5b66db67b367f9d7e7ec585c6f0954957621e84432b9;0x457ecc63877f7dadcd0f736d27a44a90fe44f5ca6abde119f40325ad05806914;0xcca50514acdf33cee53fcbd408916b58240f576a34cd5681deae849d6d8e9bc9;0x69f4e32982f93a9ed4c9e7df9752bcea2a6baa29eef8d08beebf1de566bb4013;0xd94f09e428c12f72bd3ac03ce99b829c1044cb54c0440915c502cf2de42d823d,6.538369,5.323318;2.802886;2.609074;2.658899;2.503435,512.0,9.0,0.0,0,0.0,0.0,0.0,0,2645897216,2645950464,1737.7000000000087,3717.03499999998,6.378999999999933,2.2030000000001007,37.687000000001525,102.0,599.0,998.0,409.7818000000086,1872.7597999999903,6.279199999999902,2.187400000000072,84.73959999999863,102.0,599.0,998.0,6.791271,3.358114;2.999694;2.651418;2.609234;2.737298,512.0,9.0,0.0,0,0.0,1.0,5.0,57896.0,2624380928,2624389120,1765.7830000000208,3684.8069999999566,6.028999999999844,3.324999999999986,50.93600000000143,102.0,599.0,998.0,414.67740000000754,1518.680200000011,6.379599999999964,2.636000000000001,89.84359999999886,102.0,599.0,998.0
512,100,68,0x759f811dc98051e3db8a654a67cf316e5a842a2b226cee8b145387b7661397ed,0xb6087e90164bb71a2d6597ad19250573c0deb5785d0d71aac467bc6596938274,0x0700d673399110ec2ef71c94253f27a155db466cd02836a2fa0464165e87dab4,1;0,0x25e95a974a9c75a97126c2e3e7eaa187a3bd51b2f308d99a30de8bbaa660ece8;0x994c8ecd14f8a578df4563455435e3f1a2f7f216a536b81debfebcb4cf761402;0x9a6853ebd812852fcf97de2406280ab860d70ea9071ff2b1ea17cd738a5150c4;0xfbc7172c43717cb92d61968292445311e602a22f893f52e419b988b433df9280;0xfe8e0265942f6335a47dfc63ae55dc76725f52361d1f463681b0471f2e17a245,0x1d04ca0088192901bc64c1c099ab0e618d5f87c4ddb44b0df6c164a46a7e375d;0x46a05c33fc8567844d156f08dfb60164992b24ae6788bf318dd4cf7126ee8868;0x76ef9e75f05a19076a30a636df3eb99c614caa4fefecc3f2a25edc78eac9c288;0x9297498803a722a9af2fdb3e58a7499959a1116042479a213d8b91b7e3f8898a;0x2b4d4f591be068d448c1217c15b02e05258171243be9ddaf01bf69b8a26c92c4,7.962938,3.012573;4.905798;2.918401;8.820421;2.681293,512.0,9.0,0.0,0,0.0,0.0,0.0,0,2645954560,2645979136,1847.6760000000204,4978.879000000047,7.6820000000001745,3.2140000000000812,39.94999999999693,102.0,601.0,997.0,448.6525999999991,3096.8299999999836,7.208799999999966,2.5596000000000125,88.15519999999938,102.0,601.0,997.0,6.865062,3.333838;3.26918;2.841495;2.922257;2.702825,512.0,9.0,0.0,0,0.0,1.0,5.0,57896.0,2629709824,2629701632,2072.2750000000124,3403.4720000000184,5.919000000000063,3.7049999999998975,50.095,102.0,601.0,997.0,434.396799999992,1511.0948000000235,12.841199999999963,2.5800000000000303,99.1214000000004,102.0,601.0,997.0
512,100,69,0x720360a121c70a5399d23db9ed7f7527e9a2e03c7ee10e0114c2f9c6d872c59e,0x24f2b7f27e10038f92274ca0b37173bbfce65bc3b4759e79d92a77d521a49f92,0xad24e5a65755579005731fc65cf9681e6fab6db64c3e83cccb6538c299068ddb,1;0,0x2f2445cea13420e543223696bab0bd9eb43e420d104275d668009d0e7c030aaa;0x6a4cbd1ba6ab5c959b406de806c70224a7d1bc8b8b6812f9b36cb961b06f118c;0x444fd388d1631e4a4d53be1b83d0afb42d714dd108813e9baab35ddde0fe321c;0x24f7cbc6be94bc2c7cefe123bb363350d4cc3f5f1a3691206eb52a44068ac7a7;0x8b5b710ef822d94ce04e6f0cec976db7af20cddfe18d08210316bcd7e703a330,0x9aa4dca3370f75539038e518a520671c835513a85b42cbc185aa3a54bd6f6168;0x4664a972a7c5ac44bb901544feb305ab9c3411b53ec810223c74e55a5c6fa25f;0x61874264c8145b8d43140b07a8bd55d2731a42cbe0b8bfc9c1a2835d9cdc5706;0xa09557089a5ab97b50b6e723f9484918fde5f32b208d632ffc51e050b78d7e49;0x91f5d2059db7afe564c072f2a2c0ec0e1abca9a4467d89bc5a43a20915672498,7.073807,3.122088;2.878381;2.625249;2.69265;2.676466,512.0,9.0,0.0,0,0.0,0.0,0.0,0,2646237184,2646159360,2152.6960000000095,3622.2719999999817,5.919000000000063,2.503000000000054,39.118999999997186,102.0,602.0,996.0,455.04599999999226,1471.1947999999975,6.241199999999954,2.0732000000000737,77.26860000000084,102.0,602.0,996.0,7.522544,3.409772;2.830469;2.689366;2.620281;2.602866,512.0,9.0,0.0,0,0.0,1.0,5.0,57896.0,2624745472,2624745472,2066.347000000024,4001.4050000000134,5.208000000000036,3.725999999999903,51.37699999999828,102.0,602.0,996.0,435.13820000000703,1494.8744000000015,5.988800000000013,2.2195999999999936,94.13020000000188,102.0,602.0,996.0
512,100,70,0x1635b72a66404dcb85c9eda46efbfd2782b11053c314efc81a548557bbed9790,0x749bcb6abf20c10037f617e21c38b63756302dda376f203456f9152e04fd7438,0x96fb7351b22cdc570ccb3aeff7ad17b0161ff8da86f3e89cb831f704d18c707c,0;1,0x378bc314973f1d1dfd39e7bc8a1eb530f7773eb8d01a0e5e2ea08e79c42b3e26;0xca19520af1eb3f67826c66de960a94583104a244f99c6472c641cb7083a00447;0xf692f20b5b6a38ab6ed559922dc1bd543806bfe455e40c4c4247656af264419b;0x2f3d8b9c447eddc244abe14d68495883abb084f113d51ab6e644ae6f59c3c257;0xed2ddc0419097df30deae92ece1306605d59b2fc226cb9a567b19c7d393fed22,0x3adcc994dbeb55faf34e4c93bb5c9a4d3e969e4ba1be5b1c657835793c8155c1;0xb3f71dbd7eeee7c4b19850ff67385563a8a91a4dc0d434905933e6f9e2c1d297;0x19d483f34e87193d5867611ac0e9076afc2111f181012de9f270f9cb255dd238;0x4459a7a6a9fd253b8f4785349928486fd525cc30d5e5bf2bfe3cfccec8931642;0x94267a78a131f391132df56cd4371c78300f63a73fd4e39f89de1ec4ff5eb4c8,7.099526,3.412606;2.875075;2.547782;2.509374;2.554102,512.0,9.0,0.0,0,0.0,0.0,0.0,0,2646757376,2646761472,1995.1790000000135,3597.2739999999835,8.954000000000253,3.094999999999834,49.08399999999785,102.0,603.0,998.0,439.21639999999763,1443.482599999979,5.904999999999973,2.659999999999989,82.91299999999974,102.0,603.0,998.0,6.688075,2.932592;2.624618;2.498198;2.498228;2.458277,512.0,9.0,0.0,0,0.0,1.0,5.0,57896.0,2631294976,2626125824,1923.47100000001,3659.8190000000086,4.126000000000129,2.3140000000000054,37.72700000000129,102.0,603.0,998.0,379.63840000000414,1424.4141999999904,5.11580000000008,1.8587999999999938,76.30920000000069,102.0,603.0,998.0
512,100,71,0x710fa2aaaeaa6010c615d01094883f89b362893019f2354ca17a09df387acf5f,0x8683ce874f4a875d208811166ce2704d3d683fb5db540616690abf01d351e546,0x57440247fbe8e22215ba8df943411caa30fd035fe18515d665a660cc27a0f8df,1;0,0x663fc81ce3b08fe519566cf762bd3a1dc1fbaa897773ffc2d96c1eb161da7215;0x93ae81dc43b09198c7fc12455fcf9af51036b4abb7b10ecfab0e4d3e461dae8a;0x13fcb51988fb90505ce612690ad6b144e4930ac6fbec499c450b81595bd7b950;0x0b1672135cfd00887e2a809840c3f200f9d70990c73a09d7f8c1abdfbf1ab151;0x3e3051b3c9c9a1b409f5568b9b6668d347e95e543fb61be00716012e7691576f,0xe82314a8652459ddc31624b004599f7022b82f10d6aa463541f9629cd15d2f7b;0x814e7d1a7732c6e268d523bccd6481a6bf6cb19a6641d74a00b43eafea47a3a8;0xf32e31435ac9ed3c1060bed2f0d301e9748d4af94d993e408e570f8a666d8c33;0xf074464555f8f078142757ee63f4220efcf3f3ed7a732f6edd48668ed27f5829;0xe6455084c9f2fb7bfafe15ac3435cac8c266cd2e8306fb0bd550663177193e29,5.392021,3.530654;2.841615;2.643186;2.520581;2.947454,512.0,9.0,0.0,0,0.0,0.0,0.0,0,2651361280,2651103232,1556.8180000000154,2688.1340000000087,6.138999999999624,1.7829999999999928,36.674999999999905,102.0,602.0,996.0,439.8478000000039,1486.8742000000213,6.3016000000000805,2.6438000000000157,87.45959999999914,102.0,602.0,996.0,5.8094,3.023269;2.726781;2.538949;2.607192;2.493971,512.0,9.0,0.0,0,0.0,1.0,5.0,57896.0,2638061568,2638168064,1573.9439999999938,2925.9619999999486,5.52900000000021,3.144000000000063,49.1040000000012,102.0,602.0,996.0,396.7718000000064,1423.947400000003,5.746599999999995,2.0431999999999917,79.74240000000188,102.0,602.0,996.0
512,100,72,0x306ed843edd94caa0e45a7eba429c8fb310a0afec57fe47f9a17250016839784,0x2b33886fdd0556d7669ecdfbf24b9dafb8fc4416d136ff707e1af1db5e627611,0xc4b3edede281111f5ce66e49882212e70b5563ea5468bec40ffbe811d952b6ef,1;0,0xb20a55cf2439795f724bd55dd373426c316ba4058adcbbe25d7bc062ca4dcdf2;0x175ac52e534eff776ff874bdd439eb0a8848a022eb11ea1faf2398796e0d060e;0xe1ec74e2d973d9bc411fd5cd1b9778c96110d6eb2a1c4798540a323710ce3a88;0x601729e0e8ce8891a2de95f583ea60f325ffc8e10ebeda2c0b5d1336f180d010;0x2a7efc316c37fb47e0a83520224f3254370fb1cb6f0fd7dc8446fc4628d2c49a,0x74ba6339b8c272b71d6b82764bfa5510432add7f9bfc483cd0f144267d6a088a;0x3ecf4594f59eb278f1e5b43987778ada92fed3cc010906a82fabcae05c0c1c3b;0xcbcb2ceb5f9b14e6ed388e1a3ad106c94a3469c8dd67418d1ba0a6ca7c461f5c;0x005a62ee456bdc70843dc53a71c58f80eb76e092886417245d9ac9bc35dc7652;0x10970c54188a97080c3044df682fc3f617cff1b0cc65a787eb59bb2299cb8685,5.314535,3.436432;2.903739;2.648534;2.999844;3.079604,512.0,9.0,0.0,0,0.0,0.0,0.0,0,2651979776,2652024832,1589.316999999979,2676.14599999999,6.329999999999704,2.1430000000000233,38.17799999999983,102.0,603.0,996.0,472.26040000000194,1601.2448000000124,6.595799999999964,2.9266000000000014,82.1078000000003,102.0,603.0,996.0,5.762279,3.499768;2.868325;2.640051;3.288239;2.708634,512.0,9.0,0.0,0,0.0,1.0,5.0,57896.0,2638569472,2627710976,1602.2259999999844,2810.3680000000077,5.868999999999926,2.9340000000000095,50.29599999999829,102.0,603.0,996.0,433.1531999999916,1576.2269999999967,7.30079999999994,2.539599999999958,85.47500000000014,102.0,603.0,996.0
512,100,73,0x54facdc065899868b3944982fbd1d388ee6cb4d55abd1d1127ba08fb2537e45c,0xb2aaa20ce25d2fdc3d62a5f31001e8430b47e8b7c76531c17b7c54eb314dc9ef,0xb2950f38e0f08166370c5b9f000a829ceb7d850692c5652b9fc8d831ed34fb16,1;0,0xf67438c2f9226989773f6f2a4b5978f2fb6bb94ca0e18ebe897f4aa91fe8da3f;0xdd0c8bbd7c71b1b7f4569348902565e2b13d5ab61631e50f434ca81e6352e7c3;0xfe1a9794fd328d7a77b9cc91abeb5a97c3466a1b0ef6b86ca65ec9bee4314e62;0x0871c4b7b5b91c441e8cb525338ed57cd6c286d6b416fcd7afaef5ce82f2f990;0x14d7d2888247f1bd98824094984ad3c35c9ee026a19999889e2ec25739feed5f,0x7cc6fc87a2ebe7b490b2a553ef092edd5efefd9fda348adb56693d7ae68e9d19;0xb14c6014ef9b54ba819b17849e5cdaf2d2ced1e893f7cd8704a023dbcab0ac57;0x3006c51e794549a6b186dddfa217acbf56c49be35f3131bd4e62acb47f499033;0x991a57e05af7d3c6bd44798cbc2a703428f613658718782112994ab5a21765b5;0x4660104fcdc4b0ac19a82779f66c493e36a42cb1a898c4b2dd6f9c487cac9241,5.8749,3.104041;2.939463;2.700242;2.583966;2.677117,512.0,9.0,0.0,0,0.0,0.0,0.0,0,2652459008,2652028928,1690.9800000000087,3025.721999999953,6.029000000000277,2.765000000000059,38.217999999999584,103.0,610.0,996.0,442.1249999999932,1448.478200000003,5.902800000000091,2.9785999999999526,102.33859999999872,103.0,610.0,996.0,6.318108,3.399636;2.791399;2.637006;2.587962;2.793543,512.0,9.0,0.0,0,0.0,1.0,5.0,57896.0,2638356480,2629128192,1662.1560000000256,3265.544999999981,5.838000000000197,3.1950000000001073,51.09699999999995,103.0,610.0,996.0,461.6279999999917,1476.7868000000074,5.500400000000085,2.2594000000000345,85.46279999999962,103.0,610.0,996.0
512,100,74,0x9167401bc83bfbcd6c76ac3cfefa03dc0705b7c3cebba7a199b3fda3b120d8e8,0x321c60e58f6155e44b133af2ef07e4b31048461163816922ddf6086da2ad2337,0xa18095094412367783d82617b884b11a8ceebc992470c95288372bdce3273552,1;0,0xda9f8b4041de1f4ec8a58955eeb5ef76162dd6b1bf8fc4f33f22782c8e387dca;0x82770098a691c2a48a3da730f69ec55c552ac64495777d47bbd602c87d41f736;0x9a520f5b6e39310625ff45bc60d518646a2a0becc878e277c62f9d6a5543a4ca;0xfcfe668a7117a24fc02785b84fb7eff8119ea217cbf74fb31d0dcb4f78fe5d2e;0x37b42783adeeb5a9229cf4613c592de451672349f676c520d6f31499ffa938b4,0xff2f9c98d0d5ce9c7156d992b301dc7249e33a63fa161eef3978916c3c0ac409;0xc99f43ca6f3107503c3f5f4e5fa97b5a6942e6dec00914d0a8ccfa3a97c3b6dd;0x96851c30b61c03a9695994f2fb714d6ac96ed547eb992e0aa025a2145be1bc67;0xe2675f468416565ce0f4033421f70d4d97d7ffbd618dc76d8e9b3ddfc6dc3c80;0x14e987f2c0947e3b63d408a942b2c480b1f4b2128925c84ec95530d4b409d3c0,5.782069,3.7002;2.914945;2.682305;2.682946;2.724459,512.0,9.0,0.0,0,0.0,0.0,0.0,0,2652086272,2652536832,1793.003999999987,2921.1550000000084,6.990999999999595,2.9140000000001285,39.12899999999886,103.0,610.0,994.0,465.1294000000084,1496.4148000000012,7.096799999999938,2.697999999999937,98.2280000000002,103.0,610.0,994.0,6.559932,3.142989;2.845681;2.610236;2.653662;2.677448,512.0,9.0,0.0,0,0.0,1.0,5.0,57896.0,2638385152,2638299136,1726.9650000000247,3444.082999999987,6.370000000000334,3.2249999999999295,50.75599999999903,103.0,610.0,994.0,398.15239999999585,1473.1994000000136,5.839000000000018,1.9932000000000283,92.03460000000024,103.0,610.0,994.0
512,100,75,0xc5dfb66a06ece986a4c7578d44f10fb9db5068f75dd712bd35df40099ddc93dc,0xabbac408de13bd9f761c5545bda4136e47e486a20de0109409694ec57137ce76,0x55a52fc8dd124f252d5ad0696e7090c76e3c35d14b45c14a1d60b47a1e62524c,1;0,0xbafb0894deb7769769ccd3056a71ab733d9092d24ca49fc32400187ed95d30e6;0xf4a9e7e5f9d03fec4ef986d1c8bdc917cb5f189ad30c626b556c05472789e7e5;0xcb06490443fd4e85047b8fa75505b7497f2aad0cef64be64b83731736b69ebcc;0xf84f64e329fad314db8a56d3437a587c5a199a3643afd61928ae7bece19d4839;0xe821ed093a66e4247a8d15047395ee734b9504d026a4a9cb8dc86e50a2695ae9,0xa1f76ebfdf4a13be81838c25dd5ea3448e6c307d0150cc8fcbcc18aca54f3f51;0x527fbaa931478fee4279cfaa029d59e0f645f30676f20f01bde3f95dd7adc254;0xf8d5f4f73b881d6c8ebc70af67f8dec2c8b7d35cd4325190c31a5f2228c6ddc7;0x7cfeec1ec654450aaf5922aae55ded2c5657f91b484b77cd8ced3c09cb10a004;0x283c6b086836a0570600791b5ab2852ddb3637c6d7b8689ba13b1dc434a18786,8.657144,4.208175;2.889026;2.933103;2.553941;2.67931,512.0,9.0,0.0,0,0.0,0.0,0.0,0,2647523328,2647543808,1835.328000000025,5474.925999999991,7.140999999999571,1.5629999999999984,45.46899999999937,103.0,612.0,996.0,500.9193999999994,1495.833400000013,7.389199999999901,3.454999999999951,91.44979999999997,103.0,612.0,996.0,7.780783,3.050349;3.110701;2.880834;2.926533;2.631158,512.0,9.0,0.0,0,0.0,1.0,5.0,57896.0,2627747840,2627747840,2359.9579999999955,3743.445000000012,7.181000000000201,3.5449999999999804,51.858000000001844,103.0,612.0,996.0,454.4294000000115,1524.1337999999828,6.568000000000199,2.289800000000036,86.36399999999988,103.0,612.0,996.0
512,100,76,0xab7c33b0caa82ee7738643fb37eac54209b2c9a312e63a570b99c672b24082d1,0x96a13c615f8cd3c968f14a20da4d8fe9ffe9a59f8bb2f154feede8b3a52d71b7,0x38e4b54462c76bf3fcefa4b83b164ccc22e1a43849cc12860efd1049023fbbb1,1;0,0xd689b05fc61c575bbeb9e215842dfcd6f0517a4d2ee898472323549422bdbd66;0x61465f10250d590d1be5b2f89d1d1f793dd063eaec1f2f76981539217a2121a1;0x18ae0b60280d3c7a1b8c481e0e559fa70bc2456a8eefb3455d33dd9909b88be3;0xf226de85ddeee616fad719b2c5369f092ae00771a60381bbc8afbdf0ad0b7663;0x9873a34d34df93ae5b2bee116559663debf6a2348e849febc22f6387a9f8b168,0x14f19e0c4e5a70681d507c5d4102122932dc463befdf624898e39c325f17d54d;0x15692815d88eb786125112ebbf126342cbb41e970e2b77807f66d0a514515b2e;0x684a3fdeb290e02004085e2da094cad68404700ff58d2fb8545e2c924a0279d8;0x6f8d4de83c8aa568420e7a83732d36dd122e34babc26c627287f0daefb93d0cd;0xba4674b11354e2d73719f007127f2feffaa41299847d96e5bab7f317c962b0ec,6.888998,3.665597;2.79201;2.864128;2.672751;2.521463,512.0,9.0,0.0,0,0.0,0.0,0.0,0,2647556096,2647568384,1918.8540000000253,3444.824999999985,8.42299999999959,3.865999999999939,47.84199999999933,103.0,613.0,997.0,437.8542000000096,1520.746999999978,6.60380000000009,2.6657999999999715,116.43759999999946,103.0,613.0,997.0,6.879653,2.925532;2.777178;2.518247;2.62553;2.573551,512.0,9.0,0.0,0,0.0,1.0,5.0,57896.0,2638475264,2638467072,1842.9790000000223,3486.546999999951,6.769999999999693,3.0250000000000328,51.73800000000256,103.0,613.0,997.0,395.09359999999606,1430.6673999999962,5.916999999999901,2.0491999999999995,79.84479999999932,103.0,613.0,997.0
512,100,77,0x5aac9d99ea19fad4002ad2538373001eb50910a730f201dc53403a5846730b9f,0x78ab1a47d2e07eac5de6eca972952f94de7f6288facdc924a9b6a0264efbb787,0x8af16d250e2584cd03444db11c76bf35fd27a36b47c61fd047f189258547aa32,0;1,0xe1a54253790f69f143c05211a8d4c5b2ef8bc164d59980637cc926951bdfc3b3;0x3a7505ecb742ea88a7b2d07742fc90d1b983ec6e75d504660f0b383619863eff;0xba49e0f24e6066f3728b083ea0194d118742bf94e922915273faca00a9de6844;0x09c272f3c661650dff969dcc9aa7154cae6f7cda772d5f871d3b409065a07718;0xa86ec8cc19451874e9779a1eeb1cc3f8ffd7a3659f8ed4899c33c48e7d448251,0x4bba30c4cf828ba58543afd7e1e2ffd7a8601c6a7abf02712eae50bdf67cbe24;0x883c2df655ffe2c5125e819002e9dff33760f5e6d207847efa78b40f7963be2c;0x05e979c289d03ebf24dcf96aa18331df8b44bbc2b965fdcb50a5d51c4b804baa;0xcb95f2ecc02accf7cde1edaebfe413617ce8b42f973a97976cd937c400652a2b;0xde222455bdc54a3b1d032023198251ff4fb0506bb4738f45e60753ea3bc7a728,6.987542,2.919693;3.142308;2.644738;2.584527;2.469805,512.0,9.0,0.0,0,0.0,0.0,0.0,0,2652819456,2652958720,2157.4329999999864,3469.2419999999834,8.2620000000002,2.5440000000001572,51.79799999999874,103.0,613.0,995.0,451.234399999989,1468.49,9.927200000000093,2.441400000000038,80.7459999999996,103.0,613.0,995.0,6.351278,3.312585;2.724959;2.547451;2.478577;2.484826,512.0,9.0,0.0,0,0.0,1.0,5.0,57896.0,2627788800,2638721024,1763.018000000005,3486.8890000000483,3.7950000000000137,2.8439999999998933,36.72500000000134,103.0,613.0,995.0,405.19879999999506,1418.539200000013,6.209400000000039,2.305800000000028,87.60800000000013,103.0,613.0,995.0
512,100,78,0xae12d91d6d7c1704cb0fe0cf3bae09a4163fe7de18b5e47639f61a88016719cd,0x0cb7089f421162286cc126065aca190091a0e2d18151212ccac1666cd4c42431,0x0da15e31a553785ce655bc7f587d4124b2134f3b0243e64ddfc56d9f9ee8bf35,1;0,0x89ad6bfad866422ba62752e2b7b784d3029c01d5dad121cfab9c4fe318cbe07b;0x3ed00b122def28df4368a53b2a752acebc0161f400a8348bb310b5155534868f;0xf666abb39a26ac160208e9f1f5018aad88227efd9f02e1a895802bf2ec8be13f;0x85835b1cb911836f03ba33bb5ad8a426e040673bd1a3d072547d8b6545fff2ef;0xf0703d40d8e5afb036ca9bcf045f3705b762793efc7b977b2dfdd788e2d5c27d,0xf4dc3e2d02b1bf3ca389b29bf0aab815c69396872d0d5cb82721dd64a29bc58d;0x7f583cf42a1dec7af330d23fadf72b61a8e926a285e0ee150fd1dd33e5a71fbb;0xa24881e7891f23d707f84c4241297036e7743dcc18585aa063c74961fc960b52;0x1dd2c0c92a24e6d33ced7fe548c6481463b9aec3aa6fc0f4388c8adb2db570fc;0x5ae78b3de45979abc41cae8ee31265d1bdb7c865514243019cacca14df58ec7e,6.783599,3.098593;2.60657;3.077942;2.69261;2.912151,512.0,9.0,0.0,0,0.0,0.0,0.0,0,2648416256,2648416256,1911.3829999999887,3679.0479999999625,5.147999999999958,2.48400000000008,39.31900000000294,103.0,614.0,997.0,437.4034000000027,1439.7288000000285,6.4597999999999045,2.5480000000000467,116.5136000000011,103.0,614.0,997.0,7.602334,3.543273;2.798951;2.733512;2.588754;2.716046,512.0,9.0,0.0,0,0.0,1.0,5.0,57896.0,2639360000,2639368192,1938.2720000000186,4263.237999999947,5.648999999999932,3.554999999999921,51.32800000000326,103.0,614.0,997.0,412.7508000000057,1521.5804000000333,6.599799999999941,2.457600000000011,86.17780000000074,103.0,614.0,997.0
512,100,79,0x7b72657cacc580ac68248580a80b7d3e05d50b4886117fcd5805f6726534e39f,0xf1bde3f741357f39a6b9feb941f5fb980bd4ba043ff451c905537d6bded9df94,0xe1b4afd7c9b3ab76b83c313ec08dfae7a9cbe8ea2314a368eda334c2105619c8,0;1,0x27a486907a5f3282537bd1dae236f87296a1578b83eab5a6ab92689679396abc;0x90012871bfc73ef8cbe36f994c533d50b37452b277fb982bc292461a4b428e2f;0x6a93a19f879e6594b1af4786cff94019e6421ba18a235761915d3eb0286b6693;0x39915c83c2bf75746376c6b10b3fba2a28e6c7cc176486a5162005e8f5ce248c;0xa2b8fa64d3186f886c54bb16d9ccb10eb4bdddf42f950c98e18678b8422564c8,0xe57aad53f412db01af801e49d5e48f91fe25f5b02b14bdd9a3abc16402f68efa;0x1e08e89b934a1be51d469cec1e894eb35d7da4176999ce8fc598eee405bf58ee;0x3eab74aa0a827f43eb220092dac4304d2e4a34d51f1250ba5324675f911d886d;0xfa67bb1d30dc1cb8bf274394d90f8bddea575d6ef26e4380d713ab03aeb2d35d;0xe6c13fcff016544ed0cffb80b9f60a3e60597358be5ca0521f7100eaf5642337,6.610008,3.420337;2.85817;2.6928;2.568292;2.570637,512.0,9.0,0.0,0,0.0,0.0,0.0,0,2652827648,2652758016,2039.7160000000247,3008.986999999963,9.794999999999943,3.8450000000001503,50.04599999999804,103.0,616.0,999.0,403.6346000000024,1487.362999999964,6.139400000000108,2.261600000000134,94.83279999999982,103.0,616.0,999.0,6.080849,3.764176;2.784629;2.691318;2.649785;2.562154,512.0,9.0,0.0,0,0.0,1.0,5.0,57896.0,2645098496,2645127168,1712.5530000000056,3129.79999999996,4.826999999999783,3.0139999999999683,41.00199999999832,103.0,616.0,999.0,449.08920000000796,1498.4515999999726,5.903000000000159,2.2593999999999914,83.66599999999892,103.0,616.0,999.0
512,100,80,0xf010109505732b2fa2d2ddd9ccf1570a5472a43b6aa9989b961159ca1fef352d,0x6de5f67b4d6b7e6831256d82f38d14ab3358b032b2de78f00a864946f1450c86,0xa1d80c7e6a0c97a1d22713a78cd45b7f6a7fff1d8a1b20d0d472b16fe03cbf1f,0;1,0x57d5a3b962b3ec7329e127737ca31edfc9cae11e021c74f9b20e8505a787560b;0xa451517bf0a9a7d4c5a0aca0762bc8b98fd4b3950a792ec382553d3a94c5801f;0x65bc1ff6eb7eb95d8dc8c6886c862199b539199e4a6b49dddb31402538edee25;0x38dddfa762e634d79865921a78029ba6e4c511c995d4b20f17de94c7c8ae1e59;0xc4d565c4ea98ed06d1a24210151074f8d5d495b2a450f629f60db67748a8946f,0x33406e1c9e31ca402d9cce606c8a566424c496a195288eef42eb68700bcd7dc7;0x37bdb8edd39b3cae7ed3ab43b77b2b1787d78dc8ea8dda85fb0f8fefd37caf92;0xcbcf806e1f77c9c5c2ac2095b57f2e0974b0516d0386c0d0c065cb76b19745e6;0x6b957ddcd218e991aac7222d4796d10c6d71144683af0d69f035914a58470b9b;0x25529080c50a0e20bde0c03147898ac5d888115c6b0a1e4a99c517d959a13324,6.79722,3.780401;2.733242;3.271663;3.048657;2.796077,512.0,9.0,0.0,0,0.0,0.0,0.0,0,2663329792,2655289344,2123.3609999999903,3137.7919999999726,6.489999999999621,3.415000000000102,51.277000000002346,103.0,616.0,1003.0,445.804400000005,1470.7717999999925,6.752200000000042,3.359000000000001,94.59660000000063,103.0,616.0,1003.0,6.590208,2.983428;2.867734;3.075177;2.760653;3.1832,512.0,9.0,0.0,0,0.0,1.0,5.0,57896.0,2646253568,2646462464,1846.7649999999724,3670.9759999999924,4.035999999999797,2.5139999999999016,38.2469999999982,103.0,616.0,1003.0,423.40060000000125,1589.3208000000047,16.639199999999956,2.341600000000006,79.68179999999907,103.0,616.0,1003.0
512,100,81,0xe8282c39c61d466d2751865fc298b3c57213736ca0c67073253374cda642aaad,0x27420fe95842f27aa079e808e0977980e3a21abac32c06a16faedbc0307a737f,0x8308207fd85e7ece2f4eb42c66126c2228296d5de43b867706c6d861bdc85c05,0;1,0x08f1e6ee82530a171b22e3225bc3bbb10197613c0d8709e618906ee01babf4c0;0x76cfb928e5070e2896eba6f5d13cedbb7b2ebfe5db768ba710ff6588618fe4f6;0x845a675f4ddddbb11ade179ffcd948e21d7cf8bfc8caaf46c629a8f9e197d644;0x773a3a43174c7e84681e049bab61060ece0166f72c07ec5c4eb3e0c99adbab93;0xe2caf0331e1e0cd0240ffbbdcc396d47f5a126ff37b1d8b199579c3a875e808e,0x97945d3b78c42bf09e5abf590dbc0e77f7d36a0e154334de1d80a3824074628c;0xa4cf836154a0f182f52421c4b7f3834cacd8243df90cc60edeb2596f587f60eb;0xbfa67bc865176e832f393479536f128d0b284fa8e0f9327b73f2811d83704e44;0x654a73ff2233c1966eabaa20be2b0efe1e7348eb2c665569de48f2ce69d2b6f8;0x6f2a75dd19571b13c1acc834cd75c039fe58d06d7450971010cdfe7244efebe7,6.855067,3.660259;3.42161;2.69933;2.845641;2.669195,512.0,9.0,0.0,0,0.0,0.0,0.0,0,2655662080,2655469568,1867.7859999999823,3360.1370000000406,180.53300000000007,3.5560000000000453,50.746999999996824,103.0,617.0,998.0,450.4676000000041,1582.9070000000113,6.548000000000144,2.377399999999984,92.56160000000041,103.0,617.0,998.0,5.643641,4.312563;3.098372;2.585449;2.907014;2.460861,512.0,9.0,0.0,0,0.0,1.0,5.0,57896.0,2647121920,2647126016,1672.7120000000207,2898.872000000052,4.4959999999996665,2.573000000000072,39.37899999999911,103.0,617.0,998.0,473.07540000000034,1662.8254000000009,6.50999999999985,2.423599999999996,101.95359999999876,103.0,617.0,998.0
512,100,82,0xec64256d719afe1feab7970943d3ae4fd936d3e4089adbaa4744c8caa29f8194,0x12fd75760069800531d23c735f16a7f321969afea3ff007edeb126bf7bec519e,0xfd57883ea6640d9b99b3e96345012cecc4039c32605ab361e5eeaac32d8bcb92,1;0,0x877ca237987447fc10117dc64a85d06000db952cb18dfcefe62970cc45926484;0x2a02ef742490339288942f3961cc95797b55681b02c886dbc0f89d5bed723837;0x455f961be9a27d0ed781f6f871960a32f13dd5ba68979f2c0b1b502903ffd2c3;0x448a134fbe8418d1492f4ad546040f4c1db2b1af9e592eff1ec751bd9c19ac5e;0x980285cfd6c57589cce61b9fa32787652566195f8ced2b6ed469c881e1235df9,0x7e454cb8bc2e693f4242e63f905414667c6d9e15abf810192541d55da9d1ab4e;0x0bf9aabd030c0385298edea51a3a46f7d42898a73dbf9a6cf67e505db1f818b1;0xfd92e54caadaeb249aaee07d452f39fa668a599f2ff71eb0237b2564e16a3b8a;0xb4881315b00e347f700f18f3e385f204adb8c81111e67dc012a12e3da12b1740;0x749277d3a3435f8b2599b0f16ecc195cf79866775efbdadfbce7226bb7dd1c80,6.404387,4.72151;3.015797;2.731548;2.831775;3.223311,512.0,9.0,0.0,0,0.0,0.0,0.0,0,2659639296,2659782656,1721.1959999999804,3413.71800000001,6.149000000000432,2.6029999999998936,40.44100000000217,103.0,617.0,996.0,436.4539999999973,1625.0564000000356,90.20419999999987,2.698200000000005,83.85640000000139,103.0,617.0,996.0,6.464287,3.098012;2.880834;2.903638;2.810448;2.555653,512.0,9.0,0.0,0,0.0,1.0,5.0,57896.0,2648784896,2644541440,1817.2599999999873,3253.785999999925,5.629000000000051,3.2649999999999086,51.06700000000186,103.0,617.0,996.0,392.4718000000049,1525.0799999999565,6.127199999999937,1.9872000000000205,94.04159999999995,103.0,617.0,996.0
512,100,83,0x4b48ea275eef84d24446e00ae8b0546644b3f2a4f74f27afbee8b3ee89a32763,0x30071acd095775dc8f9d5849dd2cf64bc4c187a40d682e6628ecd5a2b56c2aeb,0x9f65cd4d0d3c39b9156eef14eb997184c6749512963adc3df4e6c32f5276bd21,0;1,0xaf6c717b723e253c9fe643951c5d99d134470bf00ac64eb01d8befe81f016dc9;0xe212a2115719182f7bd5516e5a0680b69c4a0936387ff5880868b74c4adb6cf8;0x5d11c095f842dfdb9287ca8b4259d3784036ee526514ad912d588221e356dfff;0x0c5738ce994afb6cc5c19386481c8848aed010eebdfeeb9ba04197f91747d56b;0xac6c4e9997eb2031e292b069b63d6f5a079a1f6f4c74ae6d484708360ac6ffb6,0xa06734cca72d2d9f6c5bb6573cd977dbd741e091a220cec12f1ceba94af5fc24;0x08b3498fc0bbc6cb2e6a94810cf402d261d1c2ed9d0f42b5712fa95a923f75ef;0xb3555be6c3d5a5987a429a61d47e7c5538e1557e413953dd1b5cb37e3d05b825;0xb7e20a68105e1b3ffa788eca5fd92f92312172d95b6b0df0889892d5f81a9bd3;0x3d48934c3c24ce7ce458e5c65f8fa4bd71001ec976674b859718c479794a2810,6.144335,3.187487;2.912402;2.618148;2.730768;2.594984,512.0,9.0,0.0,0,0.0,0.0,0.0,0,2664607744,2665439232,1705.2320000000009,3097.7919999999326,9.134000000000052,3.275000000000066,50.01500000000048,103.0,619.0,998.0,456.17780000000164,1469.712399999956,6.194999999999985,2.213400000000004,77.61519999999884,103.0,619.0,998.0,6.716699,3.67399;3.001326;2.752982;2.93737;2.572209,512.0,9.0,0.0,0,0.0,1.0,5.0,57896.0,2649956352,2650697728,1990.2119999999911,3670.915999999913,4.195999999999714,2.803999999999914,38.87799999999913,103.0,619.0,998.0,429.36740000000253,1581.4787999999692,5.562399999999891,2.527799999999967,94.61279999999904,103.0,619.0,998.0
512,100,84,0x70a77180b699d14d982a4acd1c43e6c301b1d1810e50f68f188adc09ccdf7ef9,0xd2bd5d48944c5894148e10747c38825b3160c9e1f7d2f592f36b93e3c7f364a8,0x7a33ec47351982c67c8c8aef78015a3ca98cab7330dd79d0950c70723f04d5d2,1;0,0x66abcc2ec4eb2e70dd510f8ac6114f6ea45616f54c9a764a0397e1742a269cac;0x052dbe0ceffa396877cab0ce2705cb554abfaa55dce27fc7eca6c117841aa231;0x9f614b4d7e418264ad05f33647aed1234c41fb50ee4d4a8b72a00d840d6bd6c8;0xab6206cf5d2eb5f59ca2496b27efa531bfe923b981d39166ce119d4a1050e272;0x995e5abff4398acd16d3530a1d635e28ffacd041d2ad2c53fc24fc8fd43e2b30,0x9a88adf4a1e84ce5192bedbd36fb1413b63688cbf48b466f1a5c1b55922631d4;0x00b1938066426828abaf24d3f72e00e07bced36165366b55b5daa9f56a7c9d0c;0xf2d686e5db68677602c2a42e8c5eddd45a7256cf64d67a00d437bfafab5e622f;0x7d8f182aee8c2e94776ffdae5345a7b9de6d9363227bac875d5fef0afca63708;0x2fe54f01fa26718aeca45be9b676e964c928d49c05010f452645e478714e983a,7.00632,3.73993;3.083871;2.577406;2.614853;2.595844,512.0,9.0,0.0,0,0.0,0.0,0.0,0,2667577344,2668052480,1968.9390000000028,3843.1350000001084,6.098999999999862,2.2130000000000414,38.8590000000022,104.0,623.0,998.0,426.0563999999967,1503.384799999985,6.580000000000128,2.5498000000000536,107.85880000000053,104.0,623.0,998.0,6.853124,3.071231;2.70557;2.617847;2.607111;2.511337,512.0,9.0,0.0,0,0.0,1.0,5.0,57896.0,2652340224,2644615168,1951.5430000000001,3469.92299999993,5.978999999999707,3.254999999999968,49.20399999999714,104.0,623.0,998.0,392.0430000000086,1460.492399999991,5.373799999999936,1.8847999999999694,78.07359999999902,104.0,623.0,998.0
512,100,85,0x3851a5814de041189353f7280659f9746611dafa567150ba402e05c586522cd6,0x7737663de4112c30df5c5295eb0a78a33ee30c7f8e52d88804f35a696890ff24,0x5e0592e3ea92fb9610d627a55dd2d051d08d212b8245e70449994023c119dac2,0;1,0x1de377ab0e24fbd85cffe0717ea356d210eea08d866ab18940ecb393764de273;0x4d70d7abbf7f58e8bf1bf3403b0d457ab02b259338a5df7359ef326fc6c03bb6;0xf769fe4383467cea5abd69b01b00486b594575405de3deff82cab03f6715d013;0x8616e1a9a5ec13d6273575ba9f4f921d04bc20351e68d0489397eb86a444b1bc;0xa2c604197fd72e74d90711e05e904384a85c828bf4af2fafeb3d8991c87941e6,0xa0bd30d80fdffeea4e7ebb1f7f514119c3aac76a221e0a3c1b5c500e1d68b095;0x519339c2c4a625fe00dc96f38cb315930e5d0bebd93d743be07f61582e219962;0x22fa3b73d4914130a6b96c443caa02da23d95aa3fc8bd2c5135329909395b7f8;0xf69d963d50bc23d19458dccb74fc25a32a184fbc3e9d1751b820dd0cba384287;0x72cde9ddb24091a3896f1a1c7813b7cacf7bcce64becb0e575a06f5c6f0b8e35,7.569234,6.714986;2.992723;2.79862;2.778089;2.810939,512.0,9.0,0.0,0,0.0,0.0,0.0,0,2672603136,2672668672,2372.6680000000224,3485.9769999999735,6.851000000000426,3.745999999999784,49.605000000001176,104.0,622.0,1003.0,444.4223999999997,1543.5873999999571,12.837400000000228,2.4517999999998548,253.2835999999983,104.0,622.0,1003.0,7.568758,5.050136;2.83474;2.598388;2.722986;2.508102,512.0,9.0,0.0,0,0.0,1.0,5.0,57896.0,2653413376,2653175808,2170.443000000022,4099.662000000004,5.027999999999803,3.034000000000066,39.74999999999812,104.0,622.0,1003.0,489.6341999999998,1465.0530000000383,6.255799999999902,2.187200000000004,151.09980000000132,104.0,622.0,1003.0
512,100,86,0x7893fb15eb203f7f4659c9b79549c6f04f3f8a1291a4cf041fc212d9ac64eb73,0xd5160a666bc7433de90ff3d7132903737e77591f7cdfbe7fa4cf44da0d41a163,0x5b5bef39dc89af9bcdcda4670fd95deccea1deaad29f4b7d366fd3ee13791006,1;0,0xf430ddf7d4cae6aeab886a1f3357b1b30ab6068f2ae8b4686692e133a367a0a4;0x6dba5ff0bca477f56e78eb29735feb0eb599a76127528f5745aa92a93979d242;0xe556d8267e3243073d2b897e4261c71188deedaa5ef108bcc5adb783f8f203fd;0xf988c0d0af47b1d2756b63bc607ee6e01ad0e8559aaed69c3574bb51eb723987;0x0592d0ffbca8bfdcd5c3f3a88a2addbd620001a5469dfbe9c0503d898b920359,0xbbffaf39ee7a5e7e41caac0e958db52dae4f4fda25971c8faab5e6896f6579f1;0x8332c5bcf0d6f39eb6079c0c5ddb3b87c8962f27cee4b97187cc4f4ec0948439;0xaa78885da95977b346dab3ed54e8102acfb0de1e288a01fda3bafc178aaa16da;0x44bb5bd5ac98b205f58b84df97a5804a65c0570846649e8e8c0f4a8b0a2d4794;0x5ed62ea3ccab599c1ebdde21928b480af11a90f6894e5f1d96343c1ee34e03fd,8.550314,3.362671;3.013084;3.260517;3.336071;2.965312,512.0,9.0,0.0,0,0.0,0.0,0.0,0,2674266112,2675683328,2165.6250000000045,5021.1419999999225,8.40299999999971,2.082999999999946,44.98800000000275,105.0,628.0,1000.0,584.9539999999931,1588.34699999999,8.216199999999846,2.6097999999999573,83.7044000000009,105.0,628.0,1000.0,8.07709,4.325287;2.813432;2.944611;3.114838;3.416502,512.0,9.0,0.0,0,0.0,1.0,5.0,57896.0,2645381120,2656768000,2354.299999999976,4190.568999999922,5.729000000000324,4.276000000000106,50.52600000000213,105.0,628.0,1000.0,484.0422000000011,1654.5549999999575,7.339200000000025,3.002600000000027,92.69380000000022,105.0,628.0,1000.0
512,100,87,0xc69950ecadd36f8e373957eb7dc4fb12e1e5809407bac5391a8d89f4dcb827b7,0xd1661f5ec05ad6324cfb79b34712252deefdf6bf6f230b042013386cdb7d4645,0x3bb1e3965bd2e3e7d06af5066d6d46ebe8cf990229daf337ad1aff3858004dfe,1;0,0x5c107e2528ff65abe954cfb061f4ea1a9d46c745d190e0e79904e26bef7cfdb3;0x25d0eb4db4ad17c12268c652260e1570e609bfe604d9994f8a2e8ad43a5c80e2;0xcd67d5cc4c45f71f5d86375ebee1bf7038a339f4acf0d902c9bc83195df7e439;0x08dc004e78fbc81c204d1870846af04d9b03fb0053d99ca9744217d61ea0c58a;0x68a548e801a06e59559bb75347f369702e026df9163a6fe745dbfcc163b4fdea,0x50440ead1e8f83d714c66968d01d5fbda458bf706e5be7edf7ac5aa71d8107b0;0xfd68f1e66d877cff44f4d4a2896fd18fc16ce838a352e3b0643ca56f97d68bd9;0x4b519001e087d4034d48a54c00c42088553cece11e713e72bc83eb8e30302ec2;0xff755de06a3571eafee2bce094c80f4e5c29f46f758228e2ef22d501a5ee9442;0xe62146a982ad700a238c526eca1e706add8b04323771001bd13bfbe48ef35065,6.699803,3.666539;2.928085;3.716835;2.74524;2.545588,512.0,9.0,0.0,0,0.0,0.0,0.0,0,2680201216,2680315904,2543.8460000000164,2860.7389999999455,7.220999999999964,1.7820000000000855,105.89999999999905,104.0,625.0,999.0,487.18659999998914,1579.2394000000431,7.947999999999982,2.823999999999969,85.47500000000014,104.0,625.0,999.0,6.396956,3.351885;2.661754;3.173655;2.747312;4.28362,512.0,9.0,0.0,0,0.0,1.0,5.0,57896.0,2646851584,2661732352,1652.17099999998,3314.878999999937,7.331000000000178,3.7049999999998975,50.04599999999804,104.0,625.0,999.0,425.5858000000057,1840.008599999976,5.760799999999892,2.4336000000000237,85.59500000000081,104.0,625.0,999.0
512,100,88,0x1c98cc19e994f49b18ea64a8fd51a2da9fc54446cb799ef2387b40902cee6cbc,0x185e40fd8f9f284229ff3f2ca50eb455edde251133347adf9a360fab4d3fd959,0x0b4049bb4df435b84bfc72a439aa2498f019280c65a523e15d108d248eeebf76,1;0,0x75c72f28cc677d5612cdb0a6faa36bd362e315f8685fd83f68596c0a9764b9eb;0xf9e686c8f627e25282f6be84c950ebcd09c7c2ab06e431c4ff5751c05b0507f9;0xa38a4ec0696345fb43303b8e8370b3d93adcbd5cd66f3525d0e7eabef0034df7;0xedd99b610213d0f024509439cc0930f93acd10ed3ecec9456262a52867c67cb9;0x9c797093ab59ff593d4cc75239cb6a846944213ca66e40d13b900082b02f93f9,0xb9a632abec6d7b12fc2899fde84fbe81d04ab56ecc05f9c2500a46c8e2d506a2;0x560eef07ff2d92beb90e23cbb7886b19393ffead82777b5a90fcc0481fd45591;0xdc7123d41288289ddc1f3c8b77c7dcebc403e251e0a44af8c0bd085a606953f5;0xc343e7959a5cb2953980818456366fcfa2c6cad96ac3dce3685d89f1132edfed;0x7d84f5c1002c0027dcb161c2955a11d31b88e2853ea404ad5af5d55cc5b0dca3,6.894537,4.15809;2.99061;2.770498;2.890608;2.829777,512.0,9.0,0.0,0,0.0,0.0,0.0,0,2684657664,2684334080,1832.6329999999725,3855.3740000000225,5.368000000000387,3.6360000000000037,42.9549999999973,104.0,627.0,1001.0,468.77499999999907,1640.4657999999906,7.635599999999965,3.2832000000000003,91.03539999999882,104.0,627.0,1001.0,6.091064,3.064992;2.870669;2.677087;2.658829;3.165193,512.0,9.0,0.0,0,0.0,1.0,5.0,57896.0,2662207488,2662326272,1699.0009999999777,3077.9910000000577,5.5780000000000065,3.3850000000000633,49.22400000000049,104.0,627.0,1001.0,445.84819999998746,1537.6888000000033,7.062600000000072,2.1870000000000225,88.58760000000078,104.0,627.0,1001.0
512,100,89,0x500fe200af62086213c979923b7db9184dedfadc1125d238d14ea2993a286eba,0x4e5f30e7774db5d7366183932fcdecd78d26420cf82046f566b11728630792e6,0x5b7566fabc51f6fbb33c1219470ee617a0a284c4cb187352af33134eda1c6020,1;0,0xb1f6101ee886bfc7823f070445405be1fc361c40d63d137da4fa9ff228be7c2e;0x75a863d2058c7b33a394b5e8a8eb57dbcbb0bf4b07d1460eef534bed2a993ca4;0x5cff3e49374d48f62ae6f0bbd5622256013d041ac62bd3abaf16e26ed468b12d;0x02b5a38991aba53fd0aff057259324b857406e9db3f8a4cc01aa8a890ce93ce8;0xaec4bccc1ea4ab49f60e762cec0a10526b06cbd12d302982547c2e88dc87cbed,0x421a64984a0526055876e7c8aafeeece70eaf52619f1cd8f07051f73586f41ee;0x8c0d83a35371de16a4edadeaabd671de7df2241b46d30028392bd32608976956;0x7ff750802c9549cd9c2413f95680eb474520821a0b4c36efe761d438460da837;0x9f0181c52c7f27c0eb4bf596d0d1cae0d1e202b2a8b3816f0548437f35c803c1;0xf426c328557c7b768e3b9caebd57de5c64bb9211131adcc9dbc3f867eec40720,6.543236,4.015825;4.076848;2.808595;3.270251;2.718089,512.0,9.0,0.0,0,0.0,0.0,0.0,0,2680074240,2680078336,1836.6289999999785,3113.2350000000474,5.187000000000247,1.9120000000001809,41.352000000001446,104.0,628.0,1010.0,474.367600000003,1716.8047999999824,8.973599999999998,3.9777999999998994,97.7733999999994,104.0,628.0,1010.0,7.551467,3.383062;3.62416;2.989062;3.353858;3.141818,512.0,9.0,0.0,0,0.0,1.0,5.0,57896.0,2662674432,2662715392,2691.4980000000146,3204.1819999999443,6.609999999999776,3.586000000000084,52.047999999998986,104.0,628.0,1010.0,471.76720000000614,1744.9836000000385,6.958599999999995,2.6080000000000374,85.99960000000019,104.0,628.0,1010.0
512,100,90,0xab0caa85a20b2545dbdc1130a8062dba12c46b7af80f95586502643a908284c9,0x243f116a9b48ce3f716dff7dbd965f5a78e5f230bb34b9689613e16bead51cfd,0x7d72bcf82dd3cf3a9da6e95140add5813a5652c6c1640ee7b0d07269d19af660,1;0,0xb9c9fe7360eba3d0b7d24fa3b0ecf2a80585990f1e0bb89e4bde979d84e249fe;0x4698c83451656f135d7ee181303925657414210398280e7b7dd5f1a41d5295fb;0x131b6cf3f8a9af15c0db8f514d7a375b60f9b65b83c030bcd607a9032d36c7cf;0x6f768977856bacd80f609ab7783ff446ee4d353b26df6eda0f5b08396890a419;0x87521f48b0780612fcc3d928cb05b095774dd59563e83d07abc75328d78759db,0x1b94069dfc3d8359364cf584ad49b7bb06791c6ab4a739cc2fb67bfc518040fe;0x4e8da4511a40ecce0d66bb65f341f9de55910f19e3faf808478bcf5f2b9423b0;0xa89f329ba6d71b027723b45d5851b2660ba0cb2ee7d5df0a54b49ace59593a6d;0xccc9ba5dc8976b2ac84840ebd6a52fe7daf0367a30b2215ff871a80a15e73c75;0x315812ac30eced22b7d0bc5517b2b4489f9e247f3230f538f70a5063e6abcb50,8.09069,3.198463;3.306907;3.055618;2.724569;3.15028,512.0,9.0,0.0,0,0.0,0.0,0.0,0,2669309952,2669318144,1859.2230000000209,4598.955000000071,9.213999999999576,2.4439999999998836,43.56600000000183,104.0,628.0,1002.0,460.48219999998975,1576.1548000000403,9.126000000000099,2.8122000000000216,88.29499999999935,104.0,628.0,1002.0,6.758872,3.822414;3.862044;2.794133;4.37651;2.974305,512.0,9.0,0.0,0,0.0,1.0,5.0,57896.0,2663280640,2663280640,1904.9930000000215,3438.966000000043,6.2889999999996,3.18499999999995,67.96299999999728,104.0,628.0,1002.0,514.463799999998,1929.7723999999848,10.618200000000154,2.5517999999999983,102.31260000000131,104.0,628.0,1002.0
512,100,91,0xf86e3b34b92e5b7c5738d6e00693fe78c84e2388a4b3b0c766298f41b0c76a4b,0x6c11b45147611d453cf113ffa31dfd2311670c7bf94b349f1c5b280d3d1d7c42,0xe9ea0eae2b9e39ca5df9111c5792ffacbb072d6ee6cdec78d0422f1c64d125ef,1;0,0xa963c81571aa3da3bf7e20cb3869f2748015bad836f3db3caf30830855fb8688;0xec2d95ffc07836fa2ca135bb08d11c4a744815b28a12b44c218d6389673d0e05;0xc595e2955101ccd1732d27ecf7340c761e67ef629bacae91c2d92c54567fb3de;0x4ca50c5ccb775215199c4a52b8a83440f5789287070febfbebe82e1a588d68a1;0x7f7b01776165896833cd69165eae816a376b43ad78728ab3bcc60d55aeb26493,0xaf63f1da7b62d4c1881a7cce15349eba90d1d0c77ff726ace9cafbe93f31a4a6;0xbef1cd0f2bb9b3af30d76ce3f0a4ced3538454bf63bdf6e8be67c43b8ba099e5;0x319f38f02fe9ad8925171c510bc46885e708502efda9896d624bbee7e50ee3e9;0x10407350c0a4b95f4c4626fc8c1d856b7171408b8ddbdefbc7d57c660049cd02;0x4dd194b7d63fc021c7af8459c63f9e5295c710fb3fa9c81c13b759373be536e4,6.403516,3.750346;3.471795;2.627151;3.074185;3.654435,512.0,9.0,0.0,0,0.0,0.0,0.0,0,2679877632,2679971840,1840.1650000000047,3236.4000000000283,7.56200000000002,2.994000000000087,46.81100000000077,104.0,631.0,1005.0,494.1171999999994,1492.9512000000145,9.152200000000013,7.2430000000000065,91.66820000000159,104.0,631.0,1005.0,9.257996,3.19652;3.073025;2.834825;4.021188;2.914425,512.0,9.0,0.0,0,0.0,1.0,5.0,57896.0,2663305216,2663415808,4241.355999999974,3446.797000000057,6.349999999999585,4.637000000000044,77.38699999999821,104.0,631.0,1005.0,452.15579999998704,1746.8744000000313,7.012400000000127,2.517600000000002,111.89080000000018,104.0,631.0,1005.0
512,100,92,0x0bfc1a9563a9ed7e392bbbf0146d97db2bd955b7da9d1dac9fec1320faade85a,0x9a7af718c19c3811f5ed10590cd642019c06afd84633848756bbe465a67cfd2a,0x5892f5df348184160517ef4b3936a57542f16b500dd8e5f46049c0fb41a2e2aa,1;0,0x85f8263bf15e113ff1ed93929891be02430cdcf214cfe044fa7a102cb8c12d03;0xb0abb1ff5aab86eac99ffecf1f13765cb44571ac3cbbb87a6918004eb56f11d0;0x864f20315d9c9eff6687c69ec43c4ddc3ca79f6add0b286cab19d14314e8b347;0xfe72f507e1d6d3b9c78aef6557876f72222079268dcbcc1449a4865c3705f21f;0x6f493dc239b8ed4d79e4e23735f40c2e5eac90ee35d1b1ca2e4434d6e44dd7a3,0xcf238fc5dc702581d5d0da1ea5549973447814682627b1ebf35d853940d9c6a3;0xe3b3314aa1bef0afd3c7c6addf8c097110581f0437fc8e62b3665c56f27cc90a;0x11b21d5ac70aadac3bb0d3fa166f98953d0bab4063c21dce199700ccd6405e54;0x7c9a04f66acb6c7acd1e2bedc48918ee46ece6a470b4b549204e86a456adb653;0x8b260ff7db94740569e5277361daa61079a5b85283311314eed8d16139965059,8.066824,3.628491;3.036129;4.122717;3.067716;2.720362,512.0,9.0,0.0,0,0.0,0.0,0.0,0,2686271488,2686275584,1989.5100000000277,4614.418999999925,9.93499999999998,1.7829999999999928,37.4360000000018,104.0,630.0,1003.0,435.76100000001225,1854.3884000000066,7.409199999999783,2.7441999999999918,83.41600000000004,104.0,630.0,1003.0,6.61799,3.084281;2.727643;2.490485;2.806883;2.544657,512.0,9.0,0.0,0,0.0,1.0,5.0,57896.0,2663645184,2663784448,1957.030999999998,3312.766000000078,6.07899999999998,3.285000000000007,50.926999999999225,104.0,630.0,1003.0,428.1276000000056,1469.4560000000135,5.282200000000098,1.798599999999935,78.6124000000013,104.0,630.0,1003.0
512,100,93,0x33718ac6b5112d5e1626cdf5aa19895cc4609dbc8e315a5c7c83f61e8e22b8a5,0xcbbf97fff69ca5466a37d4d665ae4a3526a16a0c3a8e53e45bb0a936aad1af78,0x8277130055ba6a9321893cef0bcf72bfc783e5f87904748caad8ebcbe09fb756,1;0,0x59b5dfacc30beeec878d6b979665e9fb92b1bcf19b76a7f31cea41b10a8fd573;0x4a1173c26f4d2389906ae25e28f1f8810f6880d35754ef1faf4717fff7183ecd;0xa2132d3ef3353978b7f8db5aed7709752db8fada339e3e665618aa9a60431884;0x510eb1bcb8825c0871e91462ceb5b52267b6cf8eb552f54e9fc0f14ebde60899;0xed96c03c1d4ce124d4758d465a08510a070f0a8778ce96768b54c1c1895030e0,0x824df998d1e04ab3839ba6f5157b108bedd9b0b2f0e8cb9f055335b19f0e893e;0x61a0ef2ec19f6328f9213576d01928268c072d05dccf241fba91e370e679b649;0x2ba361f80371b4afd6d4fa7532fa766507cdc79d83bed4b93e7e4d4372d1762b;0x9ff39120f7c453f045cca32aeff50f4da6afd0662ad877c91b21ccde4cf7bd75;0x3bd761e548d108107ed9831c4fc7040aa2ed0e8925fb15b9b508d2bb99019092,9.540497,4.37697;2.925802;3.034596;2.956078;2.703406,512.0,9.0,0.0,0,0.0,0.0,0.0,0,2680082432,2686615552,4303.533999999998,3817.817000000057,5.838999999999671,3.304999999999888,40.911999999997114,104.0,631.0,1003.0,488.8271999999971,1611.6645999999957,8.254199999999969,3.4711999999999246,87.45979999999903,104.0,631.0,1003.0,7.172445,3.251183;2.896377;2.802156;2.961996;2.693421,512.0,9.0,0.0,0,0.0,1.0,5.0,57896.0,2664783872,2664898560,1983.2300000000025,3732.5290000000955,6.869999999999966,3.89500000000007,63.91699999999667,104.0,631.0,1003.0,455.6476000000087,1501.3299999999674,6.339800000000096,2.253200000000002,98.46460000000195,104.0,631.0,1003.0
512,100,94,0x5038a3a69dcf28741fc5a704bf9634598c69e6095af74a41f898befac5f46cbf,0x77f60a4df985b3bcd93edef9726b935a19430ffb936213172c19a62cb17689b1,0xd6b2e696051be356fd3465dc6473d41bd9f11d31183e25f8fa3efe455c4c30ba,1;0,0x2177738f447b45532201d2abf0cab93df34143c3f42c2ccd2c3d2f1c29acf9e1;0x9c70994a05aeaddadc19bec20cf11cac5a2fabcf0a358fda033452fd92560db3;0x0f7d8e637cd5dd52bef803cd235d818249e8e980d170f988cc3a43eed35ca9f3;0xdb55e3f531523c34f0f97e51f47857f8bcf02651676d7564b9e7cb38a7749d65;0x98cc52c0b9c6208d252715ebdec666eeb645decd9e3c000b6853fb1bc18491cd,0xa8d55e9396fb9201d41cb363205ab031c2989188394eb1c64675fc9bc92db89b;0xee47180fb567e51204c7d2a189b241b13a62d39d43e15524ffb97ebec04d90b8;0x83888a45377f6bb51bb06cc419afdda2a83fc2df806262af271680ed839e9fbe;0x10d607104dcb9fde39eb9c04c61353302f77e9b80abbd825d30a8332d21c8b01;0x6a8341f820624e2629a764bc4df138bf26b8561b96fd9830bfbd087937b45a37,8.036488,4.491212;3.669924;3.249215;3.68089;6.685966,512.0,9.0,0.0,0,0.0,0.0,0.0,0,2681151488,2681413632,2183.5880000000143,4201.5159999999605,7.351000000000059,3.7959999999999208,42.11400000000282,104.0,633.0,1005.0,506.32959999999946,2223.535399999976,9.502400000000083,4.360600000000073,152.31580000000108,104.0,633.0,1005.0,9.007863,3.842354;3.635382;2.902862;3.496232;3.490123,512.0,9.0,0.0,0,0.0,1.0,5.0,57896.0,2665906176,2666176512,2347.639999999984,4892.211999999896,6.950999999999833,3.996000000000034,51.64800000000136,104.0,633.0,1005.0,546.7785999999975,1652.9580000000267,7.305200000000053,2.826200000000112,102.9909999999995,104.0,633.0,1005.0
512,100,95,0xd59754a47505e4721da47b8fff23a8807e7a8540ad066fbbb1569b19660ea5f8,0x29d6d5371cf5f6cb714356b09916ad3c55a2f032543b23a4a1bec5479f9c7833,0x231fd0e38c6820a1efa4cae2dfd16afa1880cd17a9b4d81ad204529327e31b06,0;1,0x9117065045af9c71aa77f525d7020328629d65c2832894efa688a825515ba28a;0x9cfd6688a60a7addbb1dfded6a493c962cebcde0eea17f8f5256b732708d4caa;0xe76623211b339c862bdcd845bc606096ac1a8879f1ebd27c0d9eb26377df77cb;0x8fd20839913f4fc5ce8959a0dfb7e7ccdfeb1e040f3a69d1d08694049b0746e5;0x321acde7fce26ec5b5e986ef4cd9174de5b4e676322e90039fa3d4f67982e4a8,0x6ff0b27d623e396c4fcbed4ce06f4c0c988ff1e99541ae43222be1e9fd38345e;0x0d185ab193c040ceff72162db6f054875030b2a8f1edf0d5ad073912ab3f50b3;0xcac513d0423c65bcacc950a946f34109f195a986fedcb3f4ba41f8c17c88d3db;0x83a7c9261f3a07ec398b708e4814477a122e12c666d49a6c691d1480ff257c7f;0xb761564819e58fdae6befafd2e3f39d4de55f322dd40e6a765e75e2b7b81ebfb,6.628415,3.088317;3.797166;3.052302;3.001877;3.210441,512.0,9.0,0.0,0,0.0,0.0,0.0,0,2691272704,2691325952,1809.879999999986,3369.5499999999433,7.952000000000306,3.164999999999852,51.307000000000436,104.0,634.0,1007.0,557.2881999999946,1685.0269999999946,7.768000000000184,2.9745999999999766,86.34019999999992,104.0,634.0,1007.0,7.028529,3.549412;3.215448;3.845719;3.828053;3.979291,512.0,9.0,0.0,0,0.0,1.0,5.0,57896.0,2667511808,2664398848,1668.1849999999888,3516.5720000001065,5.157999999999899,2.2730000000001187,42.083999999997786,104.0,634.0,1007.0,568.6916000000042,1911.4785999999826,7.026799999999834,2.8846000000000775,96.90400000000044,104.0,634.0,1007.0
512,100,96,0xa8bc1fcf07e4fecb46c213793c15e298c9bcd01587dd18ad31c2d74d35869a52,0x5ba5a0ce918ca02351509a03fc3913f98b35df5f1e107c2dcbc6896a3df91daf,0xfdeb940409058f87d8678e1f46dbefbc5630d8cf55c575d7e9ed3e6b69365c89,0;1,0xa3cb1061018548d02eb0996aa6d5d1cfcdf32f5cebb6fdf50ecf464b0e0649b4;0x64295f22f0d8688ec1ce6ee9eb2674b6dd7fcebcf9a65ca40420636dea139ff5;0xdc8c7af4d6b9afff2d4d1e3c195acb40edbe6a109dee18b62a9e4eb99bb7a7a8;0x07d6f72ee63ae62d0aa4cc41fe2edd4747c886fb2bf0d8df32c4d1c1e4691cbf;0x9e2443b6e27af8b4264079628f1f52d49c30021c0b7f9d99271b2545f6b07ed3,0xead701a92f3394e3e1346cc46f676a6022c5167726f458c7733174d98145e574;0x8949f79ba205515997fdc8e1686e14bb9c578b04752b01e557c5f6fe2b5c80d7;0x01bf5c1a1098e0d54f6be97ee2a46161777ae4b3df1a5d2c98b8955ba3d5d372;0x9f4140e0bdc26ab7bf40ba676b35df79fc8a2291fb5534025778d519d81bf0f9;0xa7f46299eca9fad4d80912bc9ea380a8d88dcbd366e566c6bc5332e5588d24ab,6.590739,3.379095;4.036987;3.30276;2.802816;2.885651,512.0,9.0,0.0,0,0.0,0.0,0.0,0,2692505600,2692562944,1805.5229999999756,3309.0099999999456,9.544000000000219,3.4050000000001615,50.06600000000139,104.0,634.0,1007.0,441.3334000000102,1760.6708000000194,8.779199999999973,3.4111999999999334,105.3367999999999,104.0,634.0,1007.0,6.243235,3.725388;3.026373;3.488591;3.047445;2.890418,512.0,9.0,0.0,0,0.0,1.0,5.0,57896.0,2664415232,2664415232,1780.353999999984,2974.5160000000938,4.0769999999999005,3.2650000000001254,39.109000000002446,104.0,634.0,1007.0,484.58479999999855,1689.4555999999561,6.8102000000000436,2.765799999999985,109.70720000000044,104.0,634.0,1007.0
512,100,97,0x60718d22f25324d624da956563281cade655e750555d4a9b03402a58eef15db8,0x2471f9b59ed95cd9f1d48fcb8f137c788981f5314ffa50db64a44ff05d824c29,0x1b26ef51ed6790b73139bd62faa99672016712f9c3094a3262faa0e81264eff5,1;0,0xe8171b2f3967eb49f3f0f8fe42702ca9ea55c2141cbf245159f2a856a4e5d3b4;0x0e7823f45c0103073b68987caf8ad7c910357996f1fd1a2de4e6bdb6e2f4e5ae;0xea128680814d9e65adce3bf80b3ee979ba92f10da6c809b0c1ae727db50a0ad3;0x667ae169d3f6ac9df05997ce855ae59e2003db1dc43072ab20dc688d0ebb377e;0x6dc4a3c26c8c64df6cee150d5bbb320be7b4ec5042c75718b577e3126d3df453,0x0bf2a4924e93664efa64aa959132e07dbf72049f8d3084a26452771c2503f7d0;0x1f9537bb1bfcf2cc14374c551b389d2b227469e0f78defbd634090d78a42a701;0x274a0d1fecb1dc1b930382357bb075d8cc3ed4e3352a383e316b782cd60dafc8;0x317e23812111394aad110ef76833588e26bf355e0bcd9bd27b7017378b49c4fd;0x571fc44450ff6877998f210c1ca330e4abed1d8a19f1396aa56e3791574320c8,5.986267,3.138543;2.879261;2.959953;2.727714;2.979543,512.0,9.0,0.0,0,0.0,0.0,0.0,0,2692853760,2692857856,1593.0520000000392,3288.648999999921,5.42800000000003,2.723999999999956,38.317000000002984,105.0,640.0,1007.0,450.781999999994,1593.4125999999883,7.517599999999798,2.6057999999999812,93.71919999999895,105.0,640.0,1007.0,6.033729,3.427168;2.790748;2.942037;2.918762;2.623596,512.0,9.0,0.0,0,0.0,1.0,5.0,57896.0,2664431616,2667941888,1685.943000000023,2852.7019999999848,6.199000000000135,3.555000000000138,185.87999999999937,105.0,640.0,1007.0,423.4044000000048,1530.1771999999935,5.640600000000017,2.20520000000007,88.07279999999972,105.0,640.0,1007.0
512,100,98,0x70dff361ad2abbe4ba218938f86b4c2545478f15282679d27a9c6d5adb63e4a5,0x3d16a0688cc43fff9f6027e25a49faa1a7ff0d4bf79b7e9fc588e31e5bdc0ebc,0xea404e00e9c9d162568c66f68af0ffd560b8df33f36627cfa78f04b099fb468a,1;0,0x44ca2ae09688e46163f42b10087bdd4c6c2180e761c9c41878c08d19684f7aa0;0x7002ca6566feb64e6df6966c541b7562fe01cf5187557d64603a358e696697c2;0x2e92a4a5e4e50f2f097a2b5cf20dbcaa7c35ec2eaa600b5ef7a9eec95ede360a;0x11d69884477804da18a073620688328d67977e51d9bdc991793a89c33ac8d0dc;0x66804474d89d769ac1bac2fe3b3d7c124fb01184c31d458079b1b7d2abd2419d,0x698fde0bf28cd56790edc53c39e38f3984338edb5aa21868b4121394c6808396;0x468bf52564598b31aa7bb516bc72740f42509f3a97a98f22c9b58e2f55c170e0;0xd68f0f6d04c236468af9a4541951041fbd91e0d5d5e7017794073396a67f6fdd;0x787a01e5a1b55aa478c5e20bb26f6179ab1020d429f1424d1f8d83fa5f3d20a0;0x536dad40ec59549d4fc44e23524920cfe4d09a54a760875f188cb1e5b17381bc,6.48178,4.076607;2.955847;2.997605;3.125163;2.801985,512.0,9.0,0.0,0,0.0,0.0,0.0,0,2692902912,2693038080,1712.6119999999466,3507.329000000059,7.220999999999964,2.5939999999998604,37.23600000000299,106.0,646.0,1011.0,522.7505999999993,1608.9780000000164,7.986400000000066,3.5674000000000294,95.11739999999851,106.0,646.0,1011.0,6.572441,3.101767;3.108828;2.637342;3.600499;3.055368,512.0,9.0,0.0,0,0.0,1.0,5.0,57896.0,2668036096,2664484864,1699.1219999999973,3653.5790000000734,4.8870000000002936,2.2130000000000414,49.605000000001176,106.0,646.0,1011.0,507.7516000000059,1608.6296000000557,6.045000000000009,2.2895999999999677,89.96960000000054,106.0,646.0,1011.0
512,100,99,0x175c8bd7a5e108aa4e4a5fedf9eb37c00a8df58d57f8284b5fd4e013625a7ee3,0xf4f851848d0551fbe9c4911a759fd552edfb26f725b28878802bb66445de3f99,0xef8a2cdfc3f078d4c28769af8811f23891ab1a3410d9e6b50a75f0e7ee4ffb75,1;0,0x12560abc9b9575368cccd8937f9ee4e448a004c1d55e2e8cdbaad4802618cb0b;0x4b08af10211895b8767115d97fed37ca01a3d51bb840e42334318ac390b43650;0x50fee9c86988f9c760d61031a028d06ae3a545c3b8881e6eb748fbf60c6592f3;0x2bc015ddf3b256f6d6988922d05faa2ffbd70861a8c72e82d3bd6878898b4504;0x17547b72fd8c8af5124ae837cbde3320679012436fbb30819b5b5d7a9ee4705f,0x10f11ffdec5d906f2cfe6f4158d76aae97e75a08f85466828246b13fe08f781c;0x33df51f49c476113d29dd8d40a69a233ffdf2ef8dbdb030960b05d37c87a64f2;0xb3efa848c943505b57dbb00b15aa7ef6881477fc5fac881bd18ccf7737400951;0x3b22b10ea01993911843fd659637a1eb68ff6f15c38528d4c7c5c15ddcc22fe8;0xe95ed4658c7f97a36acd23af5d0cb78b6762f2035c103f6a65aed5bdd09532c5,7.342302,3.774532;2.963649;3.181127;2.906453;3.123049,512.0,9.0,0.0,0,0.0,0.0,0.0,0,2684514304,2684530688,1803.3290000000202,4345.111999999985,6.27899999999966,1.7329999999998562,39.25899999999982,105.0,640.0,1007.0,474.42340000001246,1642.4869999999814,8.314600000000095,3.579400000000045,88.70339999999949,105.0,640.0,1007.0,7.096281,3.035797;4.323581;3.135939;2.840203;4.158501,512.0,9.0,0.0,0,0.0,1.0,5.0,57896.0,2664501248,2664505344,1851.010999999958,3770.7360000001077,6.309000000000349,3.8759999999998795,128.81399999999792,105.0,640.0,1007.0,480.5261999999644,2030.8535999999933,6.58579999999985,2.227400000000008,112.50759999999887,105.0,640.0,1007.0
