slots,overlap,sample,parent_hash,block_hash,state_root,first_order,repeat_block_hashes,off_first_ms,off_repeat_ms,off_first_provider_slots,off_first_provider_accounts,off_bal_load_us,off_bal_loads,off_root_cache_hits,off_root_cache_misses,off_repeat_root_cache_misses,off_root_cache_retained_payload_bytes,off_rss_before,off_rss_after,off_first_execution_us,off_first_state_root_us,off_first_cache_read_us,off_first_cache_update_us,off_first_recovery_us,off_first_trie_branch_nodes_seeked_total,off_first_trie_leaf_nodes_seeked_total,off_first_trie_leaf_nodes_advanced_total,off_repeat_execution_us,off_repeat_state_root_us,off_repeat_cache_read_us,off_repeat_cache_update_us,off_repeat_recovery_us,off_repeat_trie_branch_nodes_seeked_total,off_repeat_trie_leaf_nodes_seeked_total,off_repeat_trie_leaf_nodes_advanced_total,on_first_ms,on_repeat_ms,on_first_provider_slots,on_first_provider_accounts,on_bal_load_us,on_bal_loads,on_root_cache_hits,on_root_cache_misses,on_repeat_root_cache_misses,on_root_cache_retained_payload_bytes,on_rss_before,on_rss_after,on_first_execution_us,on_first_state_root_us,on_first_cache_read_us,on_first_cache_update_us,on_first_recovery_us,on_first_trie_branch_nodes_seeked_total,on_first_trie_leaf_nodes_seeked_total,on_first_trie_leaf_nodes_advanced_total,on_repeat_execution_us,on_repeat_state_root_us,on_repeat_cache_read_us,on_repeat_cache_update_us,on_repeat_recovery_us,on_repeat_trie_branch_nodes_seeked_total,on_repeat_trie_leaf_nodes_seeked_total,on_repeat_trie_leaf_nodes_advanced_total
64,0,0,0x4e2eb32b94a591a34526ef1c5914f38afe5e76a581b36e5281020d7f829bcf5a,0xbf31d1acf7744b162f37392d6560cc5ad787b56f423d2cd385369df836f759f7,0xc6ef04e98ef898268e77f71223b3fd37558a992ebe8c9342e5b18950a9df951a,1;0,0x944b171be76e2860986a655b09b54dd340cf784680e1a56c019b427a1bc9c60d;0xaed0f597059234e04060f5666629509b9676f0edf89bae905ad22090cb0bf6e1;0x4c35df84c4fde0560c90a1500274ce7577a6400a2df1eb54be148c8dd1d1de26;0x3aeab0c20cc5fe2919556bef6dd4682be7a013a845b21d50b8809a996fefcc41;0xc45631e37081c9dca72daee85c1af163fb990597072c801266714e642a953de9,1.767695,1.305668;0.890753;1.072237;0.964594;0.932637,64.0,9.0,0.0,0,0.0,0.0,0.0,0,2539896832,2542227456,463.038,280.663,2.974,1.6419999999999997,22.594,18.0,85.0,120.0,98.13980000000001,312.93559999999997,2.2698000000000005,1.4540000000000004,18.2794,18.0,85.0,120.0,1.934918,1.4332;0.965586;0.721929;0.68968;1.010984,64.0,9.0,0.0,0,5.0,1.0,0.0,7720.0,2541727744,2544553984,581.016,278.5199999999999,5.789,2.2940000000000005,39.719,18.0,85.0,120.0,116.628,31.976200000000013,2.663799999999999,1.5081999999999998,21.2982,0.0,0.0,0.0
64,0,1,0x51a1531a4938884230e1d1effda9794d9ca8766a7beb69889d448c107cb61d2d,0xb1b13f6176f1e26c325dc94fc51204296b4b9823557fd107d4ece3178e6b87c9,0x5147d20db0439f8cb20ca91d31ae09c43bea436dbf5948236b30cdcbfa858674,0;1,0x15f01b79dec5d342e9bddceb42d68b41712718537357018ce2b5ccd42a1d9636;0x55f90f5c22bf1f1ecc06e3b89ccd6cc4053e4d23d3ec26908e7ccdc27c3ec0b7;0x2ba21d00f7cb5c45c7f2bd4a470ee67afa6addc902f295fd3cc5e400a6bc3417;0xd3e82b02cca04705148e848859a17835f51d75123a867e1d267feee8ab89faf4;0xaa39e4a126dc28354332022678487abb9fbc801df93d0c18987422b98b2c547a,1.996931,1.227491;0.942261;0.950533;0.814728;0.777382,64.0,9.0,0.0,0,0.0,0.0,0.0,0,2552320000,2552598528,452.51299999999986,321.25399999999996,6.338999999999998,1.9419999999999993,40.41099999999999,19.0,87.0,120.0,90.64659999999999,270.0852,2.2156,1.3360000000000007,17.596599999999995,19.0,87.0,120.0,1.33319,1.455485;0.894308;0.583249;0.739244;0.649369,64.0,9.0,0.0,0,5.0,1.0,0.0,7720.0,2546974720,2547318784,286.5519999999998,246.95299999999995,4.135999999999999,1.422000000000001,24.065999999999995,19.0,87.0,120.0,106.69499999999996,49.428400000000025,2.5682000000000014,1.6368000000000003,21.334199999999992,0.0,0.0,0.0
64,0,2,0x2994f9a25770586da8bd674447cbe17674c71a524df9d0a9edf430c97dd0e4e2,0xc53bc443e9d69f5dfb4091ac8bb6bfee3052ed464c06abd461657dafdea63cad,0x49d59c51d08ba8dbab58d2fbe095edfc192cb1f0a57a7a7ea04fb070b2d78d1a,1;0,0x611f5c7f677bb879d612fe71a1247456b153819d594f946183fb22d32e31d309;0x36fd177320a17539da0a74650d701fc30c51d02118f77da06bbcf0a1db473a48;0x0cde173a29926d93a7271c3c01e26167a9c60b3fb47827871cd50ccc582e04d7;0x3b7f1c17fff4525959059d7be0a886ce6475cb36abbc9397a199b66eb12f70d7;0x3a41be1bf7f25541b739659b25a35a4d9139545b8a4e007215582b45014dc447,1.616928,1.241772;0.913948;0.849992;0.857513;0.823571,64.0,9.0,0.0,0,0.0,0.0,0.0,0,2554777600,2554978304,458.8819999999999,260.9140000000001,6.089000000000002,1.5330000000000004,24.87799999999999,19.0,87.0,122.0,100.56160000000008,283.22119999999967,2.3937999999999984,1.332,17.17579999999999,19.0,87.0,122.0,2.044793,1.396585;0.80905;0.673796;0.874919;0.647816,64.0,9.0,0.0,0,5.0,1.0,0.0,7720.0,2544402432,2548338688,424.9309999999999,370.3390000000001,6.49,2.1229999999999998,39.68899999999998,19.0,87.0,122.0,112.85419999999998,31.143199999999997,2.4922000000000004,1.4960000000000007,21.129599999999993,0.0,0.0,0.0
64,0,3,0x4431eef8c495e3b3220811aeaaa75c790f1f441449a1ebdb039d4e193c719adb,0x8baddabeb85eb58a4905cb32e8d733f75c5cb65dc1b014ab911978358212ff3d,0xeab68e343f1ffd698c71676b76d5f9cb16942a8134b0414adcbab10c3055df4e,0;1,0x4a46adc14e337992754097625564ea85137ae1628cf0365c65d9f6746386a3ea;0x4d039008defc425efed52a676cf65d51e1fbdaa577293b95e74f76a50432be04;0xff197f22324ec0ea01058ceeb409e10b5415042ece26708504692e8954b92a71;0x8949769a77c85690da4160e995cded8d8546195ef9db500c0caa883163613bf6;0x401dd4cc92a3c082e4b65b92690072b428b721b39529ace87b58c97433855801,1.952984,1.602106;1.184456;0.886636;1.025957;0.894359,64.0,9.0,0.0,0,0.0,0.0,0.0,0,2555703296,2555727872,462.9480000000004,349.1659999999997,8.181999999999997,2.1330000000000013,42.944999999999965,19.0,87.0,124.0,105.37280000000004,284.0425999999999,2.8680000000000003,1.7524000000000004,22.459800000000012,19.0,87.0,124.0,1.472791,0.967178;0.753806;0.76258;0.696841;0.708018,64.0,9.0,0.0,0,5.0,1.0,0.0,7720.0,2549075968,2549665792,365.42100000000033,252.9819999999999,4.427000000000003,1.311999999999997,24.407000000000053,19.0,87.0,124.0,99.78839999999992,30.433800000000033,1.934799999999998,1.4683999999999997,17.666799999999984,0.0,0.0,0.0
64,0,4,0x28d0b58b41b8b703275a0444648a14f18d88c9c8a6069c41335ad2942aa2fc6a,0xd77ab95b743a7ff5a8117f60fe6a734db62f4eb8849ab1acb6cdf0bba8b16786,0x6913fb29478d4f06427edebb03919260eb929b4ca96772d494bd29dcae91f778,0;1,0x184b4c76bcdd5d1a65138de1dbf1eb29000a3d96b6c47476a36c1f1cd4b45888;0x86a0e1aea4e36143d9db2404614393481bff641d4c7161146cea4b93c253eec9;0xc887a4535f4fdeb425dc60d75e1447475c798842e9fc6a59cb96be30ab9a8dbb;0xde87ca805dffd8120e245ab572c8c4f863c38f3a933fd17fb5a0d006c505d15c;0x92742bb3a789b653e69c3794d44fa5325f5323edcc397861cd1c61119fc9bb31,2.111313,1.391228;1.170726;0.986587;0.900057;0.900408,64.0,9.0,0.0,0,0.0,0.0,0.0,0,2556833792,2556981248,478.8320000000002,380.6639999999993,7.511000000000003,2.0729999999999986,41.341999999999985,19.0,87.0,126.0,96.59199999999987,298.59599999999995,2.3673999999999977,1.432199999999999,22.125600000000016,19.0,87.0,126.0,1.427683,1.52531;0.77567;0.65016;0.743541;0.654838,64.0,9.0,0.0,0,5.0,1.0,0.0,7720.0,2550005760,2550132736,371.02900000000017,249.85700000000003,3.746000000000001,1.692999999999999,26.268999999999988,19.0,87.0,126.0,117.50920000000008,31.407399999999924,2.8702000000000027,1.446200000000001,20.603000000000005,0.0,0.0,0.0
64,0,5,0x23eb8d9b8ff5aead34b6afbb02f8046a2356848b370df1029638a9d05008a76b,0xa264e14758985e4bf777770fa8b8d823cf3c7ed88cfda178b17b12233a83922f,0x6d9b0e706edd8a1e007a39268b0bbe3edb1b56f8d46e0c31606f62f20b1ae127,0;1,0xe49ac4384ccbd9423890d6b7376cee2a6ea55e48c1d3b9d3aa1d3501254afc03;0x156f262ddc65ad6ed4033e22a4902d05d66a0a3ea7f0055edf291394b3fe08f9;0xe68ffd70121cbe49f0a465a0c40de12668798a60395e2936260632c0e4819679;0xa857a0223bf58ff6c10a6d0e95e0c2d5997cdcf7c7ba0a34a103fac740154138;0x147db1c0ee0f4fc994a3fdb6d973e1ad3c408c61eec17ee08016967d9b8804f6,2.026405,1.312989;0.979067;0.814889;0.899516;0.86886,64.0,9.0,0.0,0,0.0,0.0,0.0,0,2557427712,2557624320,412.21200000000033,345.8420000000007,6.649999999999999,1.8829999999999953,43.155000000000015,19.0,88.0,128.0,125.85600000000022,272.85340000000014,2.6077999999999966,1.7084,18.08719999999999,19.0,88.0,128.0,1.788076,1.242183;0.721958;0.703802;0.682649;0.577671,64.0,9.0,0.0,0,5.0,1.0,0.0,7720.0,2550870016,2551009280,678.7440000000003,284.519,5.128000000000009,1.7030000000000005,25.56800000000001,19.0,88.0,128.0,119.33780000000002,31.1408,2.383400000000003,1.6366000000000027,32.959800000000016,0.0,0.0,0.0
64,0,6,0x530e4111780f20c35586e079fd997996e3aad7a553e5614a5f81d501e009912d,0xbeb24abd6484089775e952ed09cf000e98fcafa873598a8598c15d0f33f20b53,0xf7f1219b509879a56760d879f83235f242d12bc091d88c30ca3a77affc61e746,1;0,0xddf71d8dded7d75eca2c1dab04ffc250960aa44821666236dd7ced93f1c8c47d;0x9806be20c133983e88b8fa2d14967b7ae0669fb2b19133694dac1cb49210ebac;0x33a52c13006345e881b325dbbc4d82f5d7a30d83096b17c1130c7b84cdea0c31;0x718c4b52a03c6130564d30f990697faef7dc2705ad7d6b65d441b3683b384c90;0xf2d09f0303aa6cfa73270a5910616c1adb83c5862dfb012ee2fc567a24a2dfbf,1.648866,1.50506;1.354582;0.960959;0.950954;0.882921,64.0,9.0,0.0,0,0.0,0.0,0.0,0,2558402560,2558726144,369.7869999999999,391.26999999999913,6.358999999999998,1.5020000000000002,27.251000000000055,19.0,88.0,130.0,180.34000000000003,292.47100000000006,2.5658000000000016,1.682800000000001,19.333000000000023,19.0,88.0,130.0,1.906535,1.184005;0.8094;0.857382;0.721358;0.748398,64.0,9.0,0.0,0,5.0,1.0,0.0,7720.0,2551402496,2551468032,494.56599999999924,299.12099999999987,6.619999999999988,2.4240000000000026,39.49899999999992,19.0,88.0,130.0,143.47420000000028,35.27320000000005,3.0561999999999983,1.634600000000001,22.480199999999964,0.0,0.0,0.0
64,0,7,0xd3471a2c17826de55c560d49ff02f653b8c870f4f6b9f0534ec16a97656c70b6,0xa520309020dac867b1180fd7b326dbbb737cd1ad8b9cb29cf3065d06bd3be896,0x02080c2f633c93c5635e60820dc14127192cce4fc933cc5b2d5a89c2149c0300,0;1,0xd7db2cf10a3e859abe6a59165c3f310b5296dc9b80b3d128f21c3a032512408a;0x6134a0ff0c7cc83e8348bb364f79507670eaae9325285eb760777128b3c1c06f;0xce628ce9c95bff7d055af941cf6229849e83a39149423246d16e39fcb1643dd8;0x9a851f774398195ac95a2d863e9e76ed3a82da957f6f4a3d0e25d0ede162fe41;0xb6b36b84a273a975884570f16189be00aa734439b997406a3623877ff0b0604e,2.353689,2.025885;1.044855;1.139889;0.927649;0.868179,64.0,9.0,0.0,0,0.0,0.0,0.0,0,2559176704,2559348736,666.0039999999996,406.9339999999994,7.000999999999996,2.8649999999999936,42.91499999999992,19.0,88.0,132.0,109.38700000000003,340.1491999999992,2.994600000000004,1.4743999999999995,22.057399999999987,19.0,88.0,132.0,1.653193,0.883182;0.947624;0.665283;0.915646;0.619464,64.0,9.0,0.0,0,5.0,1.0,0.0,7720.0,2551820288,2552639488,524.8709999999996,294.46399999999994,3.204999999999994,1.752999999999995,27.681000000000104,19.0,88.0,132.0,136.89019999999982,43.03299999999996,2.4498000000000024,1.3782000000000025,18.77820000000005,0.0,0.0,0.0
64,0,8,0x230663e96d189a99e6e56e5f2971b8e9a1029914c0190860e39d7c86806507f3,0xe5e78fd067299a4c026a0f1ef715a389c9f40032e689a18027956d076bf817bc,0xf35d769fb1174e1889e85afb4200da974867dd176b06b0dea4c2544bae9a06e6,1;0,0x32989d32a0b0171e229a4daf424441db7c747ef5fe761dd12ab677a991db65fb;0x1fafab21e13419d7be7a6ec65f1a7a536a0e4c840205b6ba53fc427b1936680a;0xf35c932fbb54702bb3522694a8faeb15ff9604aff0a8fad5ebe53e7530e0a3f2;0x2f06b30b9aa7145b53f1f640404861aea37a316769d294267380e0c9116f69d3;0x76a7dab03a60d7131ebace48277eccfdd514f22c04b6d4228a1f02fccdca76aa,1.453021,1.616127;1.072367;0.839235;1.113229;0.842436,64.0,9.0,0.0,0,0.0,0.0,0.0,0,2560319488,2556719104,419.73300000000023,258.33000000000106,5.268000000000004,1.663000000000001,24.165999999999944,19.0,88.0,134.0,123.21960000000014,264.1987999999998,2.4978000000000042,1.6907999999999996,21.432400000000012,19.0,88.0,134.0,1.912884,0.837643;0.767868;0.6764;0.685123;0.624862,64.0,9.0,0.0,0,5.0,1.0,0.0,7720.0,2553102336,2553180160,509.9489999999991,313.804,5.5180000000000105,2.4540000000000006,60.511000000000074,19.0,88.0,134.0,108.78619999999985,30.361999999999924,2.1469999999999994,1.3160000000000016,17.354200000000002,0.0,0.0,0.0
64,0,9,0x119c9b5aa68b669804f4377e3614d7d79ff4b16fe331bd87003a8d7cc15f4f44,0x1b2ddc9fa358477595406ff4d32e420ce519de5dcbba5369130f4da24385048a,0xa7dfae59f062f16fea1818d489f9c706d519dcffc3449722c7c4178a85890f84,0;1,0x46f13c28bc9ba30a84f536bcc532586ff1a3aa5f16d1724335850f378444967d;0x32d1f24a2e3d7ffc5d2a81766c33825a3f3d8675fa493383a9894026057ca1d0;0xe490067f4c6bb65c30643a6e8de0a7ddddbd4b9246f9d8f260dfee4b44953bb5;0x7cbab780d4e7c31b1ae01d2c2bbf87f1ec94908b9bab950fca622af42eae7e0d;0x2723d3dc6edfc1387d9017d68c115fb464bb187509ddd3bab74d289a4eef1679,2.143522,1.525505;1.045026;1.006548;0.887177;0.96841,64.0,9.0,0.0,0,0.0,0.0,0.0,0,2556915712,2556936192,470.62999999999965,364.55000000000166,7.441000000000012,2.152999999999991,42.55399999999999,19.0,88.0,136.0,102.4986000000002,299.8798000000004,2.3335999999999997,1.508200000000003,18.74619999999998,19.0,88.0,136.0,1.578721,1.478329;0.80259;0.652925;0.767827;0.588157,64.0,9.0,0.0,0,5.0,1.0,0.0,7720.0,2553421824,2553470976,462.26700000000056,261.3240000000003,5.948999999999994,1.3319999999999934,25.658999999999924,19.0,88.0,136.0,145.09480000000005,30.73059999999985,2.4898000000000033,1.5224000000000015,20.991399999999985,0.0,0.0,0.0
64,0,10,0xa1698be784692ea19fe7602220db2386d4a118303beebe94cfeff70e15baf229,0x654db3651ee6524ebc9c1ab3f0a0e04ea219032c5ce088cf36caa4cce617f262,0xdeb8120fcd6c52a75857cf489c2cfcf3ba15b72ed002c64f7056829cfb83a504,0;1,0xd730199d2132869bf528a9291cc047025ebc535f72c8f6e2bb29161efebc3bc2;0x1ad57b116c4a02b6da277213edb0c1e865f4e691dd3c8b20dbbebe246fe2b3c3;0x094c276e16ae9b897652982b6648e71774bcd16b203cefae13fd24ccb3b63da6;0x234989415f4fca74b6e03e75f5235b97c14c370dfaf56e0641524fbaf55fb359;0xad185d13d67d2b3e9cb66229c1bb3b97487153af51cebc35cd13d9a4c1e0a855,2.004873,1.924883;1.004004;0.931345;0.879947;0.933147,64.0,9.0,0.0,0,0.0,0.0,0.0,0,2561073152,2561089536,485.9229999999992,318.4399999999997,7.811999999999999,2.2540000000000093,42.68399999999986,19.0,88.0,138.0,108.24120000000013,304.8156000000003,2.624199999999989,1.7064000000000066,21.754800000000056,19.0,88.0,138.0,1.637329,0.876201;0.753436;0.884373;0.673155;0.780157,64.0,9.0,0.0,0,5.0,1.0,0.0,7720.0,2553774080,2553810944,490.3489999999993,262.946,3.64500000000001,1.3719999999999997,25.49900000000001,19.0,88.0,138.0,91.91240000000003,30.39379999999984,2.2631999999999914,1.332000000000004,20.36039999999996,0.0,0.0,0.0
64,0,11,0x2a210fd15547726c40b44a009967cc1604767834456fa4d40759e8dabbdfc67d,0xa3870b8d1c824686a8e3f4a95cfb5867250a5bfc344a5f60f36eaa8d0716053b,0xa2f2e3c142149bdaade8625d8108db608463a2d7d93b37330e9d5c659f9a9845,0;1,0xa55b7e09571f108bd4ef770ea6047f0593595b7944e5ac2e5b595ee6af18e291;0x13276a5fcbdb771a523e067f96bb9db6042f14ef9c619349c2dd548f09bf5afc;0xa3950acc5ae9790da05ace7909bf52476dcb693e06aca94d9df5e7955be1e4e1;0xdb7f904d165df9f3b78e64aa5a3efa09d04749cd2515842cfed90ffe5522343a;0x99579391f35d7a006de1a3b97de2881f185c4f6dd6790add50241b49c8aa2304,2.351486,1.734575;1.2067;0.976562;1.041761;0.967409,64.0,9.0,0.0,0,0.0,0.0,0.0,0,2561261568,2561744896,568.0860000000006,607.5759999999985,7.921999999999996,2.2929999999999997,42.935000000000024,20.0,90.0,138.0,136.06720000000004,291.9322000000002,3.86980000000001,1.7685999999999993,22.167600000000053,20.0,90.0,138.0,1.688336,1.234892;0.857944;0.802279;0.725244;0.674958,64.0,9.0,0.0,0,5.0,1.0,0.0,7720.0,2554380288,2554474496,401.3960000000001,314.0740000000001,4.477000000000018,1.4229999999999896,25.738999999999884,20.0,90.0,138.0,100.25539999999992,30.896200000000118,2.455600000000012,1.332400000000005,18.91480000000001,0.0,0.0,0.0
64,0,12,0x7959c5880596d3a752c6aa04ea79b93f057e53301579be68a1884e7c4e79a5c9,0x8482d7dcf0b4718da1af9473524936fbdc0ae7d9f801a0eaec78591cc5b7bf6f,0x59e6bcc526ef9063dea627b140f60de70d50d359e1ea1c0cfd58799a725c8ca0,0;1,0xeae6717ceaf3289827a00fa4c69b1b167aec6775134fc41939499f1b398eec41;0x98ff25970069aadd08c3a7cc7bd3bcda443ddefc9c57023dfb4e8b5bd02ce6e9;0x4092715d73c26b11cf38bf52ac248d2ac4ba20ac29e04e672340d6f3e8de9aea;0xcb800fd3b75c3b1049c0bba6a1a8b0f5b61c26aebed0ec3cc2e4bf8a714f2e60;0x19f5cdfc12eec03283b30a6ce92fe11cd5669220cbfe38fbfaddc672f69b7f95,2.021649,1.767114;1.08045;0.889731;0.906627;1.009342,64.0,9.0,0.0,0,0.0,0.0,0.0,0,2562142208,2562215936,502.04699999999855,353.83300000000133,6.880999999999977,2.0730000000000053,40.08099999999997,20.0,90.0,140.0,111.39400000000008,319.48739999999935,2.5901999999999954,1.5764000000000034,21.704800000000006,20.0,90.0,140.0,1.650719,0.805865;0.672453;0.6301;0.604882;0.78262,64.0,9.0,0.0,0,5.0,1.0,0.0,7720.0,2555076608,2555162624,396.7079999999991,314.9340000000002,4.6970000000000125,1.672000000000007,27.832000000000203,20.0,90.0,140.0,93.79719999999952,30.569599999999937,1.9587999999999963,1.163599999999998,17.963199999999905,0.0,0.0,0.0
64,0,13,0x669a5fae33a3d2109e420d7f18a37cb61d9dc3d5924dea186a7987822811a928,0xc01aeaaf0c34341266a90fad4a40253ec5894f6b14f7990c983ed44803040341,0xd8b14143ef58b301ef32b8b886460910ed695d430fb3ec0b4d33acc189d8122d,0;1,0xcaea9c8c96d8ac60273b85c30c39848524790ff4663342aa85196bec7bcf2cba;0xd76ec891b0973187da50f87669ffc5f572113f429d157b3686d85dfec1ea9dc3;0x9acb6c33a75d5bf17a3eadf2a62f2f5aab417972ba91f330c28ef621b25bf648;0x48a2a82070065aac7a9da5651a98a66fcfbcec15d14da2f91a530a49ff7ab4be;0x94d68f68c9a847de131e19e07043794f16d003669104d593a16cdb65a22c3123,2.021969,1.735397;1.059287;1.135422;0.955591;0.972116,64.0,9.0,0.0,0,0.0,0.0,0.0,0,2562412544,2562535424,524.1700000000009,336.86800000000056,7.180000000000023,2.2739999999999987,43.425000000000146,21.0,92.0,140.0,109.75579999999985,318.75259999999963,2.831999999999997,1.7046000000000052,21.227799999999977,21.0,92.0,140.0,1.487874,0.967178;0.717171;0.823181;0.696229;0.834609,64.0,9.0,0.0,0,5.0,1.0,0.0,7720.0,2555244544,2555363328,419.3720000000012,266.65200000000004,4.546999999999982,1.4419999999999906,25.818999999999843,21.0,92.0,140.0,98.23619999999936,31.02859999999999,1.9691999999999972,1.255800000000008,17.816800000000026,0.0,0.0,0.0
64,0,14,0x49dcc84fa1c557d676dc43d2ccfccc936f641fa0680fe53617b7501748f5ddcc,0x4c4ebf99cdbf095e8db5d70f234a15f7bd907a97e0bcd352dfaf397fc4681d86,0x15aa9a6c75f61919e7ce5b6e0e67d2f76f45154468941a1e7fce605db0ff8c7b,1;0,0x27725fc3bd9afc97699e4ff0cc63c46f597cb65021f1d3626593387ff6dba725;0x8deb613c91bcbf8345bc56c15805d7001c5b03519d344198e22e2d1770b1f1d3;0xb3c6b29feb3bdb7d0eba286d9fdc1a64803894904d991a4fa689f2d5eb4b1412;0x56e51294e53c9d55ba52271c5765016e09486e2b1a40ee6dac98b1eeca39a387;0x348f4607a6d70ef2f87451fd0b5fe16f7a163bf2cbf2b24f7960727aae22b4b9,1.471429,1.321573;0.952266;0.904584;0.807417;0.963783,64.0,9.0,0.0,0,0.0,0.0,0.0,0,2558734336,2562854912,413.1929999999992,289.50600000000185,5.087999999999989,1.481999999999997,24.296999999999947,21.0,92.0,142.0,96.6438,290.61020000000076,2.467799999999998,1.4083999999999983,18.097199999999884,21.0,92.0,142.0,1.906835,1.488524;0.737592;0.766235;0.719595;0.665583,64.0,9.0,0.0,0,5.0,1.0,0.0,7720.0,2555543552,2555559936,508.0359999999999,374.34399999999954,6.368999999999993,2.0630000000000104,41.05200000000019,21.0,92.0,142.0,109.80739999999975,30.67800000000013,2.2692000000000045,1.5461999999999996,21.720600000000015,0.0,0.0,0.0
64,0,15,0x83146260bcebe84e8953bed1c5fbd6848353300870c6f65253a4d52ec9d6ea61,0xad8dce7701595dbd595fe6d6d19cb45c1261f4597d9835fcbb57ce9d5d987f91,0xaf8b146922e8c500f7a87c3c888c086a91d756a3a6eccd9f210ad515f29df9da,0;1,0xde0566817a5dd87bb321f11f5819b181b1acefa1b3ed9903ff71b980cfe9e3f9;0x7f979e33d37313117a2573ed9ffca5462dea0113074676929166395280d6093a;0x7127aa407413f3ef4d9668565f5315d66ff0e42214fefc4a6c970ef57b4209f9;0xc90ea860fff985e028384879f2677072fdc2f34d84deebcc3a903c9afdc8682b;0x0f539338ef5fb9933c210748154945b699d26299f2075389bf518e0addfaf8e7,2.186336,1.216615;0.9947;0.819876;0.832275;0.821749,64.0,9.0,0.0,0,0.0,0.0,0.0,0,2562957312,2563026944,697.4419999999996,372.220999999999,6.690000000000006,1.9829999999999979,40.27100000000014,21.0,92.0,144.0,95.47999999999986,296.1525999999992,2.3957999999999924,1.4782000000000022,17.456199999999875,21.0,92.0,144.0,1.622607,1.250706;0.733627;0.631873;0.612954;0.670881,64.0,9.0,0.0,0,5.0,1.0,0.0,7720.0,2555707392,2555740160,524.2799999999985,294.89499999999987,4.147000000000027,1.403,26.36999999999995,21.0,92.0,144.0,95.70220000000018,30.60440000000053,2.3113999999999972,1.5583999999999965,21.09360000000001,0.0,0.0,0.0
64,0,16,0x8729ed37a7c7d80d350e70c537dff582ade7b40c53bac76b5bc98c39653946a3,0x421c07fbbb812e1c91a7e4d84feeee1525d075d858560cc0ee61a730a95538c9,0xab48872726cc8374ff69590c0bba7add99ebdaf1081065b001c30e7bb8f57c79,1;0,0x739f024c59c6cb8864841c0c9df7d77dbd68c39b192c517a2f5590862b8acde4;0x0ecd7cc9785a58dd7aa13b40e461f880d959e6812a0c32d930e76b5fc672f923;0xbb3bfd03f5ed10006840ce4713ee8bbd0213935095f1e8b3d7073dccda406550;0x25083e7a1e80f72928eab1276a55c4252a79642b15b4e55cd79357cdb69aed1d;0x8ef82d1c71677c3984506870d0437f02733416741cfe3f4969600a093c71e3eb,1.66463,1.371918;1.070173;0.866977;0.971325;0.865725,64.0,9.0,0.0,0,0.0,0.0,0.0,0,2563133440,2560057344,510.88000000000176,281.8139999999983,5.878999999999976,2.472999999999988,26.08999999999988,22.0,95.0,144.0,101.53940000000027,281.35660000000036,2.533599999999993,1.3163999999999971,17.460400000000007,22.0,95.0,144.0,1.977342,1.327862;0.777442;0.786626;0.607847;0.667266,64.0,9.0,0.0,0,5.0,1.0,0.0,7720.0,2556264448,2556329984,572.5630000000016,316.22700000000054,5.999000000000022,2.0130000000000092,40.07100000000003,22.0,95.0,144.0,109.43300000000045,37.678599999999705,2.439800000000002,1.5422000000000016,20.657400000000017,0.0,0.0,0.0
64,0,17,0x8ac3dca6ca0df206c1efd4d39ad19de03830c14cf23bf0c0121a651fab56b16b,0x7d7e5bc3f6c0f630354c407dfa61c2a2382671c6106907e225b19b098cfec142,0xd50e2537435a518666ec2d670cdc017002a7b64d28549e3d13a9d9cca2e9be82,1;0,0xcc50e094b1ea66381b8b9436a8da9e1d07cdad17c867f107078ce5f8fedec10c;0x2c1a42912172b14c70fd4772165555d2030c6c70dbdc16fd7c52d84e54b4190c;0x90b8930428c26e389cedaa89f9c5a71881317e2b05f9a38451d8ea18b8fcf2a5;0x16dc99515fe8ad07d48d607925398c4b85d36f7bf1b1589fbe570356e6be6279;0xbfc100dd1739b660ac4a7b17dacb58786c1f73dd7cb5cca4f372f229020ac589,1.779774,1.323685;1.019307;0.946447;1.102833;0.881409,64.0,9.0,0.0,0,0.0,0.0,0.0,0,2560270336,2560372736,573.034,308.0840000000001,5.758000000000022,1.5220000000000034,28.07200000000008,22.0,95.0,146.0,99.00139999999973,295.48939999999993,2.8403999999999994,1.4241999999999921,17.969200000000036,22.0,95.0,146.0,2.27442,1.343086;1.898753;0.670081;0.651873;0.548176,64.0,9.0,0.0,0,5.0,1.0,0.0,7720.0,2556551168,2556592128,654.1959999999992,331.7000000000007,6.1990000000000265,2.3930000000000025,39.8909999999998,22.0,95.0,146.0,106.6145999999997,31.383600000000136,2.4734,1.4820000000000024,26.51420000000003,0.0,0.0,0.0
64,0,18,0x7f19f2514abee090764d942748f52a2e3e6a7a4f8eb3b7149a5c0371805c5bd8,0x7ca10b727f4a4c60daf67be4900d468e2c02151e4837fc730749331a59944515,0xe0f0d763f4bed3306f34cbe05f708186f0016781cd2b84e220c0ab2c98258bfa,1;0,0xc84b2285a1c92366ed0e48bdafd12600fd2a1c895e80d98ec8ffc4a65020f99f;0xd6aee5ace6238ce57a220299a9fd20824d1a1d7cf6550188260ddc12a4627e45;0x490a1c80398d1bfbe09d7dbe47348b32f461c3190cfe144613c9f40264a51f1a;0x4c4f77b2c2c5bad155ae087d174e0bb90270ac608eae349ce08a1d0ebfc63d74;0x8d137d38869f67c34105137bea7b7fc52110590cf9f80a4a8f367bdb6495e3ae,1.600143,1.302163;0.975161;0.806125;1.006808;0.894889,64.0,9.0,0.0,0,0.0,0.0,0.0,0,2563657728,2563735552,552.1820000000017,302.2049999999998,5.397999999999992,1.9829999999999979,25.578999999999965,22.0,95.0,148.0,94.57439999999914,298.44380000000064,2.6118000000000103,1.299799999999996,18.14360000000001,22.0,95.0,148.0,2.169321,1.280661;0.685934;0.753025;0.716581;0.667897,64.0,9.0,0.0,0,5.0,1.0,0.0,7720.0,2556805120,2556895232,650.6709999999985,330.3679999999993,6.499999999999996,2.503999999999988,41.26199999999981,22.0,95.0,148.0,101.58120000000048,31.51760000000003,2.4497999999999966,1.6868000000000016,21.02559999999998,0.0,0.0,0.0
64,0,19,0x1f9fb449abd9e4cf043c4e96b430712af82b37367d9382117f00fc7166671c39,0xdc9d6968fd5073ba8177f8b4c280c86b29e5f9f8eefcde856a204658bdf386b2,0xa925fa201fe2a93bdba52d2bc7f59b60a5d012f8c4d358e036835da3245e740b,0;1,0x7e68e6b8b2fb5813dc59c00d8def6625a0648af48100fff422312b679d2e878e;0x4bba7a74831bc63276bf566090e709789f166d3d72a9b9ad1836e43a9062f9e8;0x7e93461c420d65ba211151d1d3ff7595feba1e3f7c5f8fe2fb801f249228a23f;0xa60fe28d5f56a20db06b8cfecf302dc42df7d732f160b6e998460ab27f1fc9f9;0xf484b757fdcd49d70a49a01ce3faadfd8b2b27280b53524e67878333c7e1b0fd,2.276753,1.435264;1.186159;0.957865;1.046217;0.989602,64.0,9.0,0.0,0,0.0,0.0,0.0,0,2564018176,2564042752,576.6289999999987,423.45800000000156,6.6899999999999515,1.8530000000000109,42.28400000000007,22.0,95.0,150.0,120.08300000000068,322.0753999999992,2.5038000000000014,1.422000000000001,18.572199999999754,22.0,95.0,150.0,1.73796,1.297086;0.961079;0.648488;0.657962;0.684422,64.0,9.0,0.0,0,5.0,1.0,0.0,7720.0,2557149184,2557243392,571.9530000000001,328.39500000000044,4.507000000000002,1.6320000000000006,24.976999999999812,22.0,95.0,150.0,108.48759999999984,37.90319999999979,2.6177999999999964,6.491800000000002,21.55659999999995,0.0,0.0,0.0
64,0,20,0xb1ba98ca1be9d3d039ebc7209c7aaa116bdbddb12d52e3d85ad97724cd541fbb,0x972532ed5dc7baacb15e5aa57ef52046286099adf3dab3fb4a69e89c5ac29c73,0xb84225f6a11f583262df461e95dad8ab94beae518f84df9045286178d30d15ea,1;0,0x6ae19e060099d0dd689f1bd632156ade40b48712cd0ab1c8adfbb288f139f5ed;0x85cab3b8c1b2fbd925887ec5e828fe3a63e241f5931cc2cb906bf77f8c265827;0xe0c2bff9a62fd7ff3e9c248d5cd6e48171e01ee93c8d512d6d930ae6327e1be1;0x14f2d600d9dfe69e4afe3ccf5adb76afb28ed0ada0530c222f2d9808597ef6fa;0x0340342fb1a7c5cc77b76d1d05290ff2d59ebe2dd87eb4820a050523dbf479e4,1.690359,1.523687;1.262363;1.097776;1.197606;0.950733,64.0,9.0,0.0,0,0.0,0.0,0.0,0,2564378624,2564407296,519.9139999999998,287.1129999999986,5.869000000000034,1.9829999999999979,26.581000000000348,22.0,95.0,152.0,106.41839999999958,354.2184000000004,2.9466000000000125,1.374000000000004,19.551800000000043,22.0,95.0,152.0,2.156542,1.49261;0.885024;1.065487;0.773055;0.714106,64.0,9.0,0.0,0,5.0,1.0,0.0,7720.0,2557566976,2557734912,650.831000000001,336.6069999999992,7.431999999999979,2.4940000000000206,40.80100000000003,22.0,95.0,152.0,160.49980000000033,32.60520000000003,2.6257999999999924,1.644799999999996,22.039400000000136,0.0,0.0,0.0
64,0,21,0xdf49865866ac965f50e0b0ba79914e9543d58c374195509a21ec4beaf3c4bca6,0x482d33e5cf5284862cfc0dd842da6c7960485ab2f2b35d2c96a478b24928f822,0xbdf2fb3a936dfdd19f2e4d192a6aa8e5ced5bc8a8d3a059e8f1db1de55c5e642,0;1,0x3d93815052b4b3823727fb662ea3e37a5614af28a2d6bb20fdd9c0cfc4c9ba27;0x19a1ece5758bbf877e7f799a445a60231a175cb4137fb258615f755bb2766cd8;0x5f48196abc3d9c7edabb75b3daa06716fc8f39214d15abadd8a24e9a2a481da9;0xd28c2f8ecac77a624b2dc20192ac6f311f1fe44bbd34eb4fb8e88f221fb78587;0x71a25178c541d871ded3bc2190b77498b243604b7c89a3d7e6f7399e7f989106,2.278605,1.210455;1.034339;0.858895;1.073819;0.924453,64.0,9.0,0.0,0,0.0,0.0,0.0,0,2564575232,2564620288,578.3019999999993,380.7340000000006,7.170000000000028,2.1329999999999742,42.734,22.0,95.0,154.0,102.76680000000025,305.7649999999981,2.377799999999991,1.3042000000000002,18.021199999999904,22.0,95.0,154.0,1.74429,1.212639;0.711923;0.842039;0.712734;0.707417,64.0,9.0,0.0,0,5.0,1.0,0.0,7720.0,2557939712,2558042112,601.3059999999994,291.82999999999987,4.20599999999998,1.70299999999998,26.33899999999979,22.0,95.0,154.0,102.74279999999969,36.12259999999993,2.5737999999999976,1.5403999999999896,21.35420000000006,0.0,0.0,0.0
64,0,22,0x75c318f44fc38a7abab4277c223d0d592dd3c713c299c2bb5d7518f76129975c,0x98391b169875cfc3e259ffa9dbd851614a8328c7bd9b6aebd253fdfd78824a8e,0x350ad0d077789d7fe9daadbb2f91819149a7ecf386db5dd775bd69e0b2f5d371,0;1,0x8a2e07b4f975fea08c0462dd69d1ed7d888533c8301a50f709c61691550edf65;0x7ca3d547a3cb666ea7e8bc93267a9f20653fc9dbff0b84e14011cf80d918535e;0xae864bd856d6d5a3c2989d18cb3398f03249b2d6ec8476707d402beb430f3e6c;0x5e65904a497d1711ff6afb432b317580266aa1534ba90fe5778b8b187a52c773;0xdbdeb385fde831d168c75e8fc114e19135d1dc98f86233af445e7fed26b9f50c,2.045725,1.43918;1.006758;0.931715;0.90205;0.908711,64.0,9.0,0.0,0,0.0,0.0,0.0,0,2564993024,2565050368,569.7290000000014,366.59299999999837,6.510000000000044,2.10299999999999,40.181000000000246,22.0,96.0,156.0,94.00020000000022,299.5078000000012,2.5539999999999896,1.3260000000000074,19.587400000000038,22.0,96.0,156.0,1.719863,1.391988;0.795339;0.730251;0.695359;0.73604,64.0,9.0,0.0,0,5.0,1.0,0.0,7720.0,2558132224,2558156800,603.3889999999993,318.11900000000037,3.524999999999991,1.6519999999999904,26.21900000000007,22.0,96.0,156.0,103.4977999999999,30.898799999999962,2.8005999999999904,1.963000000000008,20.99179999999999,0.0,0.0,0.0
64,0,23,0x31e7051681527297aeb23e7b613620543b96ad34166eafa83f504f051b883925,0xbd777e46a5885b6a0114f03db39aada5e93c3bc8570b46bb08f4208795d29148,0x309d12b6ef3be9d18d497eaeeb4d5196d00caa8b780494771d3185610fd6a826,1;0,0x47a35ba21849ed574edc47551a01e7b3cdcc33c2027dd811e254fdf81d467de7;0x97c45651608182415aea79c53720c2458d39e6171bce37d2147a41433b65d0fb;0xaf5fe76676009e7fa7d5dcda9209f5634beeab4de453a4514048c986795b8c65;0x7145132aaf6901487c98e4c9d7e81bbac65fb31b1b5259b870d635e3fb913f2a;0xa26a8e759177893f5633d6dcbf5ab91bb79905fcac19b5bd3fa64008e7a62bd4,1.655947,1.395775;1.036953;0.885575;0.912355;0.873637,64.0,9.0,0.0,0,0.0,0.0,0.0,0,2571169792,2571198464,466.21299999999655,318.0399999999986,5.487999999999999,1.8129999999999773,56.5549999999998,22.0,96.0,158.0,96.53579999999994,318.3421999999977,2.5040000000000044,1.4800000000000142,18.117399999999922,22.0,96.0,158.0,2.182461,1.2928;0.691422;0.690461;0.677611;0.65625,64.0,9.0,0.0,0,5.0,1.0,0.0,7720.0,2559819776,2567999488,510.3090000000005,370.30799999999977,6.47899999999999,1.932000000000008,38.157999999999944,22.0,96.0,158.0,97.28480000000053,34.71840000000004,2.6037999999999712,1.4603999999999984,20.775399999999923,0.0,0.0,0.0
64,0,24,0xf3ab1c4c9c9d22f2456ba99c2f786efc0ebdc0fad5a502cad6e8df32a767bc30,0x026a77bd57698f2e83a07d24d8a4edae30903294ad9facf366fdc631b1ce8665,0x2ee9d43bb6d68b6ae9931b45e55752dd6aa9195ac76961fcf5d19c764d7b8a9d,1;0,0xba8f593e7a52c6ce2684f29ece9ffca5296a655c959fc516016ffc3b945c17c3;0x893028e16785e714aa85634dd2037015ec53844e88f274c5725f129b712cbb49;0x8ed88f63d9901b902523cc57ed3ca52309f382519499ef7f2509acbbc0bf6a68;0x8f9599fe04736140b57a8575a07359e571cddbf58282de514205521fe3d7ebd0;0x116ff428bc36fa36cca5cb1007c42b401f089ce7025f45f513ccf010c15e3163,1.801847,1.36638;1.04743;0.971875;0.953988;0.896933,64.0,9.0,0.0,0,0.0,0.0,0.0,0,2578960384,2579116032,564.7319999999984,291.8500000000032,4.988000000000041,1.5629999999999984,26.080000000000375,22.0,97.0,160.0,90.91080000000056,317.3767999999994,2.6061999999999874,1.3161999999999938,17.632199999999788,22.0,97.0,160.0,2.486579,1.390096;0.747407;0.736731;0.646284;0.71606,64.0,9.0,0.0,0,5.0,1.0,0.0,7720.0,2559819776,2559819776,678.4830000000005,413.9139999999996,6.008999999999962,2.404000000000013,39.380000000000315,22.0,97.0,160.0,99.49000000000069,31.132600000000068,2.5002000000000097,1.5324000000000046,31.37939999999992,0.0,0.0,0.0
64,0,25,0xb48dc0b0f90dff2b73dcaeb64ab8411208cfc3402644984bf8ad517fd6c05883,0x364c3de99dbddce359a5e04a76a9a4d33c5c215091a63eaa7fd0f3c64362db5c,0x8d4a0d1c21053aa270d920459f68651deb7b4e0166558da7ed7bd0007450af82,0;1,0x72f70aaf6fb12c5f3aaf2ad095e0809ee3f922a37770fc8fd6b5f97f993046a0;0x1b07412d1d5f293ae8848ee43d11dea49f34791603495322ca8afe4433833fbc;0xe42bf9730aca531fc1915b18980268cc05ac8e993176a9f4b7e8aedf6ca9b5b1;0x6f4d72591b87f09195373ee2cbe56c5032e8c714f9b569af09d342d2005ff700;0x1c4e48e475c2e0896bb4d4565f4d8327f829cb0719f266d88bf37ad085244227,2.196702,2.258356;1.294012;1.35337;1.044464;0.896522,64.0,9.0,0.0,0,0.0,0.0,0.0,0,2579222528,2579226624,542.2579999999969,354.9759999999999,7.060000000000031,2.0630000000000104,42.32300000000036,22.0,97.0,162.0,117.55939999999882,340.4775999999998,2.8165999999999825,1.676800000000012,21.67299999999983,22.0,97.0,162.0,1.66491,1.058306;0.954579;0.654077;0.676009;0.670622,64.0,9.0,0.0,0,5.0,1.0,0.0,7720.0,2568069120,2568081408,592.202,301.3549999999997,4.196999999999947,1.4619999999999802,24.386999999999848,22.0,97.0,162.0,92.49539999999918,34.501799999999555,2.4020000000000246,1.2799999999999878,18.591599999999953,0.0,0.0,0.0
64,0,26,0x70a95b989752508a3165c2beb842d3210548197cc9a169abc9d9ec9f69980ac4,0x6c996904b09c4e631f1291a5e4536d8d92709a571a34ea9ba12682d6c5d64295,0x8913a127f73a5f88c842d9e2df4d2d80ce70fc56c03a27ff81584302ead81d4e,1;0,0xd3bd60e6c7a8823b965d4d1ca4c167b5d9f05103b2f3376a58b54177a1440293;0x413a7a5f2432f2ad489d5df4892240bc873a3b62ed9406c0c680dfa31bcd0664;0x00ad034c7f1f9c76e7db193581b44a6e0cd4ad773cbe0e947f0b176642812476;0x2f7d0aa091fb3a8e9d66a7575293dc785cdfaff82f78d5f968f13d68ee72a026;0x4ab19d219a504d26f94d405ca7653a64992df4947b230154d0bf7f7079ff822a,1.719994,1.85689;1.033058;1.110254;0.864924;0.997324,64.0,9.0,0.0,0,0.0,0.0,0.0,0,2575556608,2579456000,520.8950000000004,330.31800000000305,5.878999999999976,1.4920000000000189,25.528000000000358,23.0,102.0,162.0,116.14920000000001,361.85780000000113,2.8122,1.7805999999999984,24.188399999999948,23.0,102.0,162.0,2.220778,0.936141;0.725645;0.701969;0.685633;0.677983,64.0,9.0,0.0,0,5.0,1.0,0.0,7720.0,2568089600,2568216576,574.6959999999996,435.99700000000047,6.480000000000006,2.2530000000000205,38.96800000000034,23.0,102.0,162.0,95.30719999999853,30.51779999999962,2.433800000000005,1.344000000000009,18.439800000000055,0.0,0.0,0.0
64,0,27,0x79a70aadc929078f4611923c0655a15d467b8b29e0d277136bcd7200cc8ee130,0x817b4e7cd1e87eb217bd2968472f8266a191a5da6116609f82256cb5fd9a7ac3,0xc2eaf6b1e5bffcc7c97d8d23cc9bb54fa114b300e4a5852244d4a02e1614e03a,1;0,0x53422da86f0ae7dbcb7684d294d7c22c03e7fd1206973b679a62260eaf500c26;0x6bb7dc9a3be729adac59dc0bf4123b4a9e6c250942449401d4cb29fda2271552;0x6f422ec9fd00e91274ac6d6db1aa308f0b65dee1068b16436d2595f2541f5a8b;0xc5a4f46530542a72e5bd962f68d2a306cc6948bddb5b832c2d86a2c9aaa4d96d;0xcde54fe9de26605259dbc4edf0e6165c8507cb698c9f5c390d13d87a838f39b8,1.844592,1.397507;1.06765;1.049703;0.904584;0.960217,64.0,9.0,0.0,0,0.0,0.0,0.0,0,2579521536,2579636224,605.1119999999979,330.77799999999684,5.1580000000000075,1.8330000000000213,26.62999999999971,23.0,104.0,164.0,109.83560000000087,326.15179999999907,2.4553999999999983,1.4241999999999921,24.034399999999998,23.0,104.0,164.0,2.054869,1.409655;0.819085;0.810683;0.689921;0.728989,64.0,9.0,0.0,0,5.0,1.0,0.0,7720.0,2568269824,2568331264,561.9970000000015,341.7160000000006,7.011000000000018,2.0630000000000104,39.469999999999786,23.0,104.0,164.0,121.4027999999992,31.737999999999904,2.6537999999999995,1.6244000000000112,21.77319999999983,0.0,0.0,0.0
64,0,28,0x39de9e7bc35fa385943a5248647f58297d37d6d119430e9d1483f7b7ca02daa8,0x07c2a7f49cf3d09bd5acb3b01fc2c8db24d626f71923e1f64561ac5b3b8484e3,0x3f84b222c5cd1fcce411c8155639a45c42c75049bb67cb82e49b391f068345a4,1;0,0xd6ba3dfed60174e6760fd32c86444201e71255dc9e305e0b059a50e8f321059a;0xa47340f8bf0454afde6442dc227282d090b53269849dfcf99c139cb30f272d6d;0xf8784d51e8960a7b07ef7c5a1ff2d156b765fc8d1c2bcb9496cadd62b54f492c;0x04e70f978e04281354372a1e56e1587c6a8f23c01a8e0a47847c0edc367eb2c7;0xaa11a9611789e4f0fe52134dde373007b6a2c906b16c8681fb663ae143521ded,1.72461,1.870991;1.478259;0.887178;0.891224;0.923563,64.0,9.0,0.0,0,0.0,0.0,0.0,0,2576302080,2579877888,519.5829999999971,343.00700000000626,5.597999999999996,1.6320000000000006,26.810000000000375,23.0,104.0,164.0,106.869200000001,329.73739999999646,2.6546000000000123,1.540000000000005,21.156000000000127,23.0,104.0,164.0,2.3213,0.958986;0.707076;0.761087;0.667967;0.679344,64.0,9.0,0.0,0,5.0,1.0,0.0,7720.0,2568466432,2568577024,672.0230000000007,366.37200000000024,5.858999999999986,2.4840000000000257,37.34700000000007,23.0,104.0,164.0,97.66720000000117,30.61419999999988,2.377799999999991,1.328000000000006,24.42299999999998,0.0,0.0,0.0
64,0,29,0x55cfb84ebd6aba3de927f06302b8f57ba843324c38f2c7efdb6a765ad1cb6136,0xa4c05cb119d97266b355c169155ef62d92526a4812a4a0162b14643de3eb4188,0x1897ab58057fae643b35d856770d4bc1f15815e301ce58f9c6ce29e70d3c934a,1;0,0x4ade5e5fcaf6d5a4c6330946f210bc705d7cf7e0c7d2f39a3a3d2fb501686f5b;0x76c46ffc63fe154b5830def1b05ea732ac73d9a2625cb5abe9f8e91e42d4c4cc;0x847500e4065c7493f35b500ad550d8d983a20f1cb49645aa1930c5de19c56bf1;0xa017db153d98842c25c8970680437f08d397f594f61f3729821b989d0f7cdb5b;0x7586ee5932cbfc6154256782613cdd817961ee38508fa01ca94361974e88ffbf,2.018584,1.39969;1.306941;0.911854;0.938195;0.957254,64.0,9.0,0.0,0,0.0,0.0,0.0,0,2579968000,2579972096,493.6050000000011,312.06100000000237,5.04800000000001,1.5920000000000214,25.808000000000426,24.0,108.0,164.0,96.42339999999945,309.4287999999973,2.4614000000000056,1.2736000000000063,17.820599999999846,24.0,108.0,164.0,2.261771,1.273701;0.783761;0.731723;0.644291;0.666675,64.0,9.0,0.0,0,5.0,1.0,0.0,7720.0,2568613888,2568695808,610.1300000000005,426.8130000000016,6.04900000000005,2.1530000000000182,40.221000000000004,24.0,108.0,164.0,102.49219999999976,32.08459999999996,2.739999999999991,1.6325999999999992,22.177200000000028,0.0,0.0,0.0
64,0,30,0xd6d6aa4f5c9d4b9db94af77ecdd69edb6b35268ab3235053c7b27e5ee417841e,0x7b5c7252b5dcee7e3cd15cc06a2998532351c3ea3fd8fb6edc98e9ac02b2cf17,0x8f9f7217427e5538c9082927b4895f5a4f0176fac2816e5ea7513fe023d18e18,0;1,0x875b4bafa27f60ad4fe510c6ecc323ce0ca11af97ff80e1440e367e1b322e79b;0x50609a786f0e90b9c36f1c7868876f96c91802b5333a1ecf846e25ce627ba1e3;0x73e98a77196704f808daea388817544621d12b47bc593502666a9ac174b7c8cc;0xe923fd0d9afebd8312e438093c51beec4b527bc125df5c8abcd7778c396b7b89;0xaedd1c3b6e2cf8b3ed439c1c7282ef497629a2c5aa0b219277a4867987432b44,2.172456,1.895549;1.016373;1.019307;0.981721;0.98154,64.0,9.0,0.0,0,0.0,0.0,0.0,0,2580099072,2576642048,687.326000000002,376.7479999999962,7.38099999999999,2.8539999999999965,39.75999999999979,25.0,112.0,164.0,109.86779999999919,323.01300000000253,2.868599999999999,1.6545999999999987,22.02939999999976,25.0,112.0,164.0,2.096652,1.029923;0.712084;0.787878;0.687507;0.745935,64.0,9.0,0.0,0,5.0,1.0,0.0,7720.0,2568925184,2569003008,734.9290000000022,314.61500000000075,4.486999999999959,1.3920000000000166,26.580000000000005,25.0,112.0,164.0,100.48979999999902,37.72080000000039,2.4294000000000224,1.2858000000000032,18.6182,0.0,0.0,0.0
64,0,31,0x0cb0efaa6cdfe117dbaf3571f812c7b57d07f7ba15bb3e3589f2ed8c699300ac,0xaa0bab7c4f635b62db386b10f15026cf2a12f3cb7643b2ce03efc5ecf02e328a,0x06c6e4077ede482deb09f7378011460193a4d8cee45a704d4477200d4c97daec,1;0,0x1f9480a7b1f4f8b6fa4db3f02638783173ca396e5a8dea8d7d087e17bb9272de;0x2f52b9115a1ca4425a96f60dfa7b24f415845b27bbfa4a3c5ff4b442315ae424;0xb49f60c76e97051f0325aeda4ad81bfa0f190d9436780e5f407174562399d8b7;0x8e403eb8a3b4b6c9c2e49d7835e4c57d426e147149f38fc561cbeb7d9e5983c5;0x00d26d941682707cae0221c849b8005ff9873c0d8a8575adfa81e278bf4d5fb2,1.88992,1.369034;1.140179;1.055091;0.985506;1.08779,64.0,9.0,0.0,0,0.0,0.0,0.0,0,2577829888,2577838080,670.1100000000015,343.7480000000048,5.367999999999952,1.8029999999999826,25.978999999999758,25.0,112.0,166.0,92.42759999999878,348.0524000000013,2.6018000000000048,1.4259999999999988,19.948000000000015,25.0,112.0,166.0,2.202601,1.37984;0.701748;0.914669;0.695339;0.783522,64.0,9.0,0.0,0,5.0,1.0,0.0,7720.0,2572029952,2568531968,657.3120000000001,414.0749999999999,7.452000000000023,2.173000000000008,37.546999999999755,25.0,112.0,166.0,97.95560000000064,30.57399999999918,2.517800000000005,1.5724000000000056,21.31240000000003,0.0,0.0,0.0
64,0,32,0x4beba2950012a70669ef93896d1f4e7e6d56823cb8471f594c98168b343340d9,0xd885c1f8542d8f774f91f460abc095c828acd7b2dfc45d18de5da8c5121c5ab2,0x4beda9ddf55ac029675309a5ecb680b81da54898be9d42cf82ccb027c1eef58d,1;0,0x44e6cfdb08c84b3ba469273b51d0d59bb45f189d3e3584c4b249a96288c74ced;0x7819524a8b211a32d0315d62063814873f0e4fc748b8f55110009f334f7c8c20;0x979d8be4e783d9ce61e752efbd3466c9b657d82c90f256c3872675b7d3f0018e;0x0b80ce4d7bdc542736e29c83a36943333d1284185487bfd38d1f7181872914c4;0xdd7d9ee5156c951eba7599fad73219927cad2daa0b0995acc5cbd93a08f3ac59,1.584889,1.710309;1.075642;0.872966;1.18074;0.914609,64.0,9.0,0.0,0,0.0,0.0,0.0,0,2583617536,2583650304,430.7789999999992,299.05099999999464,6.228999999999957,1.3720000000000268,25.228000000000403,25.0,113.0,166.0,113.26860000000077,327.49139999999903,2.856199999999999,1.4884000000000055,21.117799999999935,25.0,113.0,166.0,2.10902,1.037224;0.677361;0.883592;0.699054;0.704612,64.0,9.0,0.0,0,5.0,1.0,0.0,7720.0,2571960320,2571956224,562.3179999999992,345.1699999999988,5.678999999999971,1.8829999999999953,39.32999999999975,25.0,113.0,166.0,121.64919999999856,31.457400000000497,2.341600000000006,1.500200000000007,18.41359999999997,0.0,0.0,0.0
64,0,33,0x93972aefadbf9bb8842d52d0337bfccece785cc05c5381df5416f98be21512ad,0x15ae4510efdd567b680ea7e89054cde16d1737b5c8ebec9c8c95ce4e4781b944,0x22956a201107438cc7492003027f6518fcceac3ad84d78596d54ab8263273833,0;1,0xfd75e70ef285fd9dee884f0c10db8228e57a0753cff93fb2d8dba13b9d8b6973;0xd8c8dcebf0c7c3cdc7afdd602782b2db6f197a6786348e54fbaa484d45491cf7;0xd03077136a7f722daaf1b75b5ec48fc5afc28625b01402f887be904483e3d529;0xd6e76adc089470c92ace35238c7e23441d474bf5847bc152b0c7f46f3714a718;0x6a1c8de124451cf640b386aefcb139ba47f1ec5b0fa7f2ae9e53209f91a94c55,1.988017,3.289921;1.115011;1.0475;0.966327;1.014279,64.0,9.0,0.0,0,0.0,0.0,0.0,0,2583789568,2583994368,499.23200000000224,383.68799999999317,8.884000000000018,2.4439999999999924,42.323999999999835,26.0,121.0,166.0,111.33599999999939,361.56519999999966,3.156600000000002,1.6604000000000032,253.09159999999977,26.0,121.0,166.0,1.580874,1.059368;0.72949;0.998726;0.719465;0.615769,64.0,9.0,0.0,0,5.0,1.0,0.0,7720.0,2568564736,2568564736,428.2160000000021,335.25599999999906,3.094000000000035,1.5020000000000138,25.11800000000019,26.0,121.0,166.0,97.36500000000203,30.201800000000112,2.1591999999999967,1.426199999999991,19.198999999999952,0.0,0.0,0.0
64,0,34,0xe595aba6437a8335286096cf8361f0ac5d30e026a9b7aa9e2b9bdf8315ed9848,0xe88818375c8c56fb2bef1e2b4dcdc53036c68c27b46bc3934c01f36dd2d37ca0,0x9358c2710d36422f2c0d1ac999c8bf875dab1c3b4923c19f11ec4cd61db4c07f,0;1,0x7b3d2af8200da76634e6bd010884c2b799809ea5d23a8200b907b0e9a10e079c;0x8cf6525d0f07a9d83062ff99d76dc8ca1f6725c19b4f1557f15b02f326b85535;0x6407bb172dcf24e412cba2c8e7e63f0e8d350cf347892f2d3390a659dcaa4c65;0x9a9afab818a27582727e898830da0e6ce0f742e9a8a6539da89ac9bcc421309d;0xe8f2570eff6f32cc55009acca1ca4948e025eb79523e3474146f55ac1916bad5,2.107037,1.590809;1.059337;1.075176;1.046818;0.90176,64.0,9.0,0.0,0,0.0,0.0,0.0,0,2584244224,2584420352,555.4480000000001,381.3649999999946,7.130999999999956,2.1530000000000182,40.96200000000029,26.0,122.0,170.0,94.55060000000125,368.20320000000015,2.583999999999985,1.346200000000011,17.538399999999715,26.0,122.0,170.0,1.750059,1.370366;0.858044;0.784097;0.608458;0.68337,64.0,9.0,0.0,0,5.0,1.0,0.0,7720.0,2572718080,2572627968,523.1890000000003,385.82200000000097,3.996000000000034,1.5519999999999878,24.30599999999998,26.0,122.0,170.0,103.11359999999881,31.101000000000738,3.0024000000000024,1.5901999999999823,22.82640000000006,0.0,0.0,0.0
64,0,35,0xe88428020011b487298509447e89c2bd13dfd87e33191c3cc04100e51b95d3e2,0x6fb1d08386cf1bf1a97a5544cdde0d67fb403e36f0fe0f6684078fe5fc71f240,0xc1312a3fe84f738cde439de6ed485694e54eaf25d568610f42c698706a302aee,0;1,0xe60cc5cb7bbecb001fdd8253438f3e7b579f1fced9bdbbe63291e0cc81d9eee7;0xf9a16c17b6030235f13ae0950428e0cefdfa4b3bde4dec06800b7065571a0ef3;0xafa90c3e7e4fd7f754b924ae42a4fea18d49d03e534e864f5560e6ccc8b3276c;0x584ef12e1ddf45f47f7ac35095536dc4e56bc5d597b523278a92a5e77ea42ce1;0x71cfd19828aa080026e8a00d37c47b4709af0b04a15e844dd97d2a1e293dd26f,2.328301,2.697828;1.086038;0.964604;0.897854;0.970233,64.0,9.0,0.0,0,0.0,0.0,0.0,0,2584440832,2584449024,573.4650000000022,387.9950000000021,6.939999999999984,2.2730000000000103,39.66900000000086,26.0,121.0,169.0,101.14840000000069,616.1027999999985,2.723999999999999,1.680400000000004,32.27240000000034,26.0,121.0,169.0,1.950892,1.421032;0.740025;0.8162;0.742189;0.638372,64.0,9.0,0.0,0,5.0,1.0,0.0,7720.0,2568699904,2568708096,620.8960000000027,334.9649999999996,3.886000000000037,1.6230000000000215,25.518999999999888,26.0,121.0,169.0,103.43179999999924,47.3233999999996,2.6297999999999906,1.5804000000000014,21.99120000000009,0.0,0.0,0.0
64,0,36,0x049dca6ed704fe6d88551f11b2e8165f639189f3e05c7ce985087bb4d1b8edea,0xa399a8963117266c671b3dffd17f4a333c4e319fee3a1a120cdae00b7a80a7c3,0xc84f2702b60a8c7658202614e418c806d57e9db18ae56899e86e0f100be9d9dc,1;0,0x026ec4600003b3408a4cd2c8aec41435ece855309720a9eb4d495af883c69549;0xda6669c41dda6cdc07b06a6ef6e08ed0c0668f399c0843ce1e023bb748f0911c;0xae720d557821dfa00a8409325cbe5af217ccedbdff4ec21c1d27cf1a1a0dc020;0xddcc9180589c1491567072f7793969abb4d8d42236f740a7b9995cce3c06c0ad;0x8077eb1f32506eadbeb18099012f5008445dddde4d6837e10de89163917ea14c,1.626683,1.733739;1.269194;0.903793;0.953818;1.017214,64.0,9.0,0.0,0,0.0,0.0,0.0,0,2584563712,2584608768,529.5280000000014,307.98399999999725,6.359000000000052,1.4229999999999625,24.72700000000043,26.0,123.0,171.0,122.57879999999916,363.40800000000115,2.67599999999998,1.6906000000000128,41.771200000000064,26.0,123.0,171.0,2.205075,0.940077;0.681798;0.694788;0.582679;0.571131,64.0,9.0,0.0,0,5.0,1.0,0.0,7720.0,2572689408,2572767232,707.8879999999969,425.3510000000009,6.609999999999992,2.2530000000000205,39.93999999999959,26.0,123.0,171.0,93.58319999999976,30.4217999999995,2.241200000000008,1.1618000000000024,16.68300000000015,0.0,0.0,0.0
64,0,37,0xaa518180ee70363db1a0030e34bba12c05b3c6e9e5d8cbedd17b34960a418487,0x4c6bc28ce44f586db0ea0af882979fc8c0dd791bd86fec70c00fdc3d098cf3a5,0xdbc5ca345794d5e92bead492a7ad158f1c6de3582b3e2db28a480f32336c537f,0;1,0xb4490e587c8bc0b3d627c2f231da3214ec3616ca0c9c339141a80aaf86ac491e;0x05f1a5a4d0fe3610f69b777433df7f1d211bae7b8110850475163b2883cbc5ea;0x0a43afced48fd43aeb92f5f842643408adf5e2d608b43a8678a9ecb46ead632c;0x91f9253cb7bc7da1226310936c645d1da5bb0c29aa4a03ff554f497b4596714f;0x1e4918ebb6a1c25848c2ae59ea179a1582a3685803f064236a650a401a64fb38,2.173747,1.646763;1.10075;0.93553;0.917303;0.870984,64.0,9.0,0.0,0,0.0,0.0,0.0,0,2584805376,2584895488,591.5120000000023,387.8149999999997,6.720999999999897,2.022999999999977,41.85299999999968,26.0,124.0,173.0,108.8639999999988,371.3620000000001,2.7579999999999703,1.5726000000000195,20.75940000000019,26.0,124.0,173.0,1.735727,0.990764;0.820447;0.651433;0.726225;0.62393,64.0,9.0,0.0,0,5.0,1.0,0.0,7720.0,2568798208,2572873728,556.9900000000002,400.12299999999874,4.477000000000018,1.5319999999999983,23.88599999999987,26.0,124.0,173.0,111.88480000000196,30.55220000000025,2.453599999999992,1.3016000000000025,19.156799999999958,0.0,0.0,0.0
64,0,38,0xdfb07c772cb7f771b295035a281a340e10e23d51c7dafb710c2ce738911489da,0x41806ff1bfbf6610db34b89e5e5d93f25aaadc8ea47463d1a3c1504547ca188d,0xa4d1900b7e6701de3c0c829f034f622af5aba3dff1244c0a32aed1e2d0d3e00e,0;1,0x02e73313a85a59b85ae0194e65b4035bacc2e1cfb49f3143d3c6f3512352b852;0xaf9d31182259d617c7745baa5b69fc535c3a7374db8031d0d33410694d11c89f;0xfbc58a8f223398677411f5fde6c7bbf183d758e1a90ea6122b10cd2b73006023;0x33283eb79467142a67cb43be0c767afeaf8cf9c8a6fbcd251f79cf2678c38548;0x500ee2ce5dc0beb76f36b9abc5117504820130da69f68f1b80e898c3cdee91cb,2.580481,1.896239;1.387802;1.361253;1.059001;0.983933,64.0,9.0,0.0,0,0.0,0.0,0.0,0,2585014272,2585042944,816.6809999999997,488.1760000000068,7.761000000000009,2.814999999999979,40.38100000000079,26.0,124.0,175.0,118.43039999999972,377.01860000000084,3.0365999999999986,1.6123999999999956,25.94919999999966,26.0,124.0,175.0,1.98953,1.020709;0.993082;0.673215;0.688729;0.597251,64.0,9.0,0.0,0,5.0,1.0,0.0,7720.0,2569007104,2569007104,625.8540000000021,346.082000000001,4.297000000000003,1.4319999999999957,24.647000000000038,26.0,124.0,175.0,122.99139999999987,30.640199999999727,2.4255999999999847,1.25800000000001,18.426199999999753,0.0,0.0,0.0
64,0,39,0xb662297ddf8687a7482e2ae9591b19944df48b966d92dfe78cf870c7dc46222c,0x1077145e812a0f80f14551e1e72f5557a315d3d45b8de13df0414487cf702278,0x10fc4e4fda6cf470c4552950f874c6c0443c3df0f277d92187d5727edcc417d2,0;1,0x7b51cf05b59e0d92d7d0a0656be2d4ac3be923fca74f2a71bc6d479808a9acce;0x3483eec726ea5b527715e8d84d325ace1108459aab29d3d7edc34dc2ae60b1fd;0xbc0e97e1bdbe4b38acb6467b0bc318935f1d6f4ba4fcc29560713459740f12ef;0x573c5d1e372f4484fb4b5d21c919d93d60dc775bec990d5d77bae6a6763d0b0e;0xc83fe1af3ef5517e61d756686293c7a3502ebb1a9abfcf15bae7c5a431019ce2,2.222911,1.542246;1.224216;1.163795;1.030424;1.002382,64.0,9.0,0.0,0,0.0,0.0,0.0,0,2585894912,2585976832,601.3970000000035,472.50299999999913,7.711999999999996,2.2730000000000103,44.66699999999997,27.0,127.0,173.0,105.66699999999958,383.502400000002,2.573799999999954,1.2497999999999894,19.569200000000077,27.0,127.0,173.0,1.650909,1.37915;1.068541;0.717732;0.662649;0.628608,64.0,9.0,0.0,0,5.0,1.0,0.0,7720.0,2573938688,2574118912,513.8849999999986,322.9470000000005,3.225000000000038,1.5030000000000294,24.507,27.0,127.0,173.0,121.33700000000192,31.204999999999426,2.7282,1.5342000000000002,59.50799999999996,0.0,0.0,0.0
64,0,40,0x03fdfdfa22e3a04135063e130e29d786ac215354c8bff6a65a66ef41bf91e53e,0x2810d11f5bf5192962afcc3df762404744c7b0ffb23aa8d14046ceff4325d51b,0x9fb925686479728dc15b2641c56b4d478ba084df1e8d6d288169aada3d7029b1,0;1,0xd304ec62b3d326961475ac190d9ea031158c8f0e59058650cf73621708b9147a;0x7217d3ab845591ba5f5c923e4cac648b7e9994ec5b63614b49050320b6753738;0x1958d48d9f66d5b1cab7d4ef19bb20a31bceafc274737998316f2b7a0b7ac179;0xf6a507ed65d8bc875d610f49fb04a77fcf8f8bad06d444f407dfa2e23dd9888f;0xcd3e1d10ed8ee9203870ae4ad968f7db334ecd7d700ebef3b9adf4c2b8aa4ca6,2.316453,1.380592;1.010554;1.122437;1.022506;0.909641,64.0,9.0,0.0,0,0.0,0.0,0.0,0,2586554368,2586554368,703.9319999999974,489.9889999999962,9.054000000000093,2.4340000000000517,40.830999999999854,29.0,133.0,171.0,103.66840000000099,362.34840000000105,2.7623999999999964,1.3118000000000114,18.42339999999984,29.0,133.0,171.0,1.715557,1.393737;0.751743;0.833352;0.679084;0.611962,64.0,9.0,0.0,0,5.0,1.0,0.0,7720.0,2574135296,2574135296,480.91499999999843,366.84299999999865,3.4559999999999884,2.0540000000000314,25.248000000000285,29.0,133.0,171.0,126.13199999999964,31.95019999999993,2.658000000000022,1.6565999999999976,22.27559999999993,0.0,0.0,0.0
64,0,41,0x65489aeb4064ee154235531539ea0d252f0836b89e36a88c643ef33e21719638,0xd3b737e0ff68989a065ad9f81a6621ce8b61c86da0ae6ea39d5056f06b8a844d,0x2a9ef21a9f9951772f6e81c80e1c12cf974cb009d4039f94b1e4827e7123bd92,1;0,0x90653cd6a4067f39ca16dc85e6a863606e069f03623747d33e0901b40ae80923;0xc51a120239a3fc434fb596741d4d4eeceef9c6fb91a10ca734ad6622c3a6c537;0x24ef9fcb1e281165374d980e99dcccdf57f7e55dd2a2f7aa453c3ebd3b73d146;0x2515a53a306361490d49d592083a376e96be4dbb54b82865897eb6b78ca36451;0xfe3cefd498cc6f18b35fce8207003e9ced1948fe03f2d147b38f7cc5a5f9b4d9,1.804291,1.442795;1.086118;0.919386;0.884404;0.897453,64.0,9.0,0.0,0,0.0,0.0,0.0,0,2586800128,2586800128,552.1319999999969,374.12400000000343,6.059000000000099,1.6729999999999956,28.603000000000307,29.0,133.0,171.0,95.3759999999998,343.18519999999853,2.1349999999999842,1.2337999999999758,17.418199999999842,29.0,133.0,171.0,2.475843,1.257086;0.759295;0.580926;0.951404;0.524761,64.0,9.0,0.0,0,5.0,1.0,0.0,7720.0,2574598144,2574901248,651.9629999999985,424.00999999999897,7.300999999999922,2.3529999999999687,40.12000000000026,29.0,133.0,171.0,97.67940000000169,45.06400000000022,2.7501999999999995,1.4941999999999993,20.43299999999991,0.0,0.0,0.0
64,0,42,0x682807108281e354979a55409b8b29fc073aa6e76822c7e2ca9f4df81773e3db,0x3d61fcb7dfee5356d4ed943da48081281d0172ebc46614b4c99bc28ee0bdc0a1,0xf403dc61522ab1fe2bc9965ba4f9635b3202a7bf0370d7e7a6e01cd707ce1d45,1;0,0x5e3190a84cc72347aac559ca7d0272b2ff591bde8bdf7b10008332826a3572b7;0xc5b53cd09eddd8b9044ff1b42a0c3be1fa810c7bf2f4a521bede0311650b43c3;0xb3def3c5db4817f11ec1d9d9103659037988d8ca8d4fcc9ca70d81947a8c5d1f;0xf61f091aa89075df48b54c063c4478e39bb2581d2ccf79c5409298ec7562d3b6;0xcc0d7d6abe2cb01611095fb615a1d92d8efeeb354007d2cce97e1f846513f3f6,1.837331,1.371748;1.110835;0.904614;0.964084;0.977784,64.0,9.0,0.0,0,0.0,0.0,0.0,0,2587340800,2587353088,556.7900000000014,356.76799999999344,4.937999999999905,1.653000000000006,43.33500000000025,29.0,134.0,173.0,119.69459999999904,352.4393999999986,2.299400000000014,1.4000000000000123,18.43980000000023,29.0,134.0,173.0,2.197694,1.354292;0.808829;0.667927;0.597321;0.637631,64.0,9.0,0.0,0,5.0,1.0,0.0,7720.0,2575089664,2575089664,606.6949999999973,432.8019999999995,6.338999999999954,2.474000000000031,39.8099999999995,29.0,134.0,173.0,98.59680000000037,39.06480000000004,7.479400000000043,1.4561999999999866,20.725400000000047,0.0,0.0,0.0
64,0,43,0x5eae604d4c25408b24b1b8983d79f69ac5569dcacc10be48ffcb1a611aa1d6d7,0xf8e5a7555fe6f7c0c7b8f888e67cec1855ea25c478366bcdf9471aedcd409290,0x556da91b36473cda9e8bcd3b487c2b0dd990af86642e83d094421e5ab0c95317,1;0,0x3fb4f5c62225b86f44d1567059dc60dee0f3fb995f9dc22e6535b7060775ff28;0xa0aa1b47c878a7879538bed9120d42a3b27898f44acddc56b3218b0030fdd649;0xa918c196fd8936b58d82c9afc597a3b36ffae141048dcc3bb50b492b476c3804;0x8f50a77404824f2d49b21f2fd2378b763fa22f3280b1c25e590cb63ac7e9022a;0xc0c7cca7f94d237039f5ba227fadc1fb460c0593f1415a11c4655b90fd910653,1.666893,1.49907;1.010603;0.928209;0.964695;0.991595,64.0,9.0,0.0,0,0.0,0.0,0.0,0,2587357184,2587365376,593.2749999999972,334.7350000000027,4.817999999999967,1.5020000000000138,26.520000000000362,29.0,135.0,174.0,102.43620000000008,349.8533999999998,2.297200000000001,1.287599999999999,22.892600000000083,29.0,135.0,174.0,2.219457,1.506121;0.828759;0.64326;0.691924;0.672284,64.0,9.0,0.0,0,5.0,1.0,0.0,7720.0,2575429632,2575589376,666.7149999999983,436.5679999999983,6.389999999999998,2.2629999999999613,41.483000000000146,29.0,135.0,174.0,122.07600000000012,31.064800000000368,2.3973999999999522,1.6584000000000043,37.53859999999984,0.0,0.0,0.0
64,0,44,0xbf12d4e6486f2723fcadc97bbc85cbc266d1904b69c7d188320a1becf4396a72,0xf06c3a3032ca33b94c7bcc1b6b03c176e57c3ed7c8728973a58aca9b6a5acc21,0x49b2196741268a2e3f8d6a4c5ceaf0559699348ca4f00ef7ef1202b1577d64bb,1;0,0x67068e02eedc0f95a8444ecd49e75a1accb1fd8375d3589d77dca26359c17deb;0x74045483d9cd190c3323471828eadf30dce34bc3599484da52fd7421eb29b586;0x5db1cdce1f647a67b2ebe68350286c868949e1863550c2d8f20908bb895e1cbb;0x78a07bd4b55e98ad62b1c4b5ea8958fc7f0dc3ddb9691fd21ae5e574a9514113;0x7f793e8befb0acecbeb662c929f02eaae0b89aa5a2fb934376d2c49d31df2344,1.755838,1.509396;1.258037;1.004274;1.049432;0.88849,64.0,9.0,0.0,0,0.0,0.0,0.0,0,2587410432,2587410432,565.0719999999998,360.39300000000054,6.410000000000096,1.711999999999959,39.34000000000056,29.0,135.0,174.0,108.73019999999984,365.6090000000028,2.589799999999946,1.496599999999972,20.05639999999968,29.0,135.0,174.0,2.373469,1.656158;1.342053;0.808219;0.674116;0.67668,64.0,9.0,0.0,0,5.0,1.0,0.0,7720.0,2575667200,2575826944,781.5080000000002,402.8169999999998,59.058999999999976,2.674000000000036,39.1790000000003,29.0,135.0,174.0,150.70519999999948,30.647799999999894,2.6200000000000094,1.4701999999999902,22.299599999999963,0.0,0.0,0.0
64,0,45,0x8440fc7f53ee794422f385d1cb997c29713ea239b24d35c7aec50fd43f8fecc3,0xd24110e74bb77185330ff5ce6b1667dbd531e3081d9e0b9e1cc1014a7bdc2777,0xe127a1ea500a8b19c05b1a126ea88d0523c0f38fd8fbed0154ab5ca2285fe1be,1;0,0x4bf6e2f923c2b3f9c5d0498542b231e3f9f05d3b7f6232d8890d269d319c30b9;0x761aef5ccb89963c58912ad4120b8459f9bd63bff186150d7ca32496389a1349;0x52b0dce17f9bf4352f4753cadc1e743dfdfb4af7ca7d49bd641692001ed3b1c8;0x7834ee5421870f70217995f979f022249320896f5cb402abd8e3d56514a30468;0x53260a1440439b0f513929065e016ea75949eff5a923f2b76ab3d2e52fe5e872,1.791821,2.014307;1.145978;1.064856;0.991294;1.029913,64.0,9.0,0.0,0,0.0,0.0,0.0,0,2587475968,2587475968,548.0759999999946,394.4139999999957,4.567000000000026,1.6729999999999956,30.3860000000003,29.0,135.0,176.0,114.19600000000253,388.57799999999776,2.7402000000000157,1.5725999999999978,24.520999999999916,29.0,135.0,176.0,2.502463,0.984575;0.937374;0.675519;0.926127;0.658533,64.0,9.0,0.0,0,5.0,1.0,0.0,7720.0,2575933440,2575974400,631.7119999999995,642.7890000000012,6.4189999999999126,2.9750000000000045,41.63199999999978,29.0,135.0,176.0,97.39299999999979,37.2041999999996,2.541999999999996,1.3322000000000074,19.203000000000277,0.0,0.0,0.0
64,0,46,0xdc72d59d759bd9824cbb88ebd4c37b582b2484ed2ecb7535381fa3f36932532e,0x83fb51ee712be222f62ab3c7fc654446556cc70b0028ada22ff42f15738342db,0x04c190fcf557ce657d70f4d9da6f32a7c30ac654b1712748f6a5b3dbba1b01fd,1;0,0x07ee0f2d4e944e874f2ae166e22e208388e46b3029ad3bf09f41f0863f6b6119;0xce1ac0cc329f788204e2be84d74985a58d358c475f7eed2c6ff516fc83c92e9e;0xd026b69f475089b72ff570c2f12ace1ad1af3c63fa733c39a4635fc3f7500375;0x3d0fc84a34e34c60291b538110c26d3caa735fe96ba37bb36c91fe25a4deb52c;0x7dce03d61acaf878f8c82e0a5405c65874167f1a09a31be512e9a04d53dafb51,1.832292,1.858001;1.424358;1.009773;1.043824;0.917914,64.0,9.0,0.0,0,0.0,0.0,0.0,0,2587561984,2587578368,601.0359999999993,348.1649999999975,5.709000000000009,1.5320000000000524,25.268000000000164,30.0,139.0,176.0,105.14440000000124,384.77000000000095,2.6659999999999964,1.5944000000000158,21.450400000000425,30.0,139.0,176.0,2.258596,1.064826;0.760877;0.698193;0.673716;0.581487,64.0,9.0,0.0,0,5.0,1.0,0.0,7720.0,2576265216,2576269312,634.0660000000025,468.0349999999986,5.5780000000000065,2.2239999999999975,37.86700000000046,30.0,139.0,176.0,88.0063999999986,31.355200000000863,2.119399999999999,1.2737999999999985,19.180799999999817,0.0,0.0,0.0
64,0,47,0x9d355a30a8b8377483d393355735f16c4bcf538156927bc9439e342acacb9659,0x084550af552c6883b3a5f5048777aa8e69615fe997f22e06659ba682dc13ebc2,0xf7d91f0fa9d8f84f1a84e75e111e7a6ee1916ecab85d651ed1efb2e7625278dd,1;0,0xb8fabf421905ef5dc91a37e7e8a0cf5426be8ebdc9f06709aa97583fa6f8d158;0x4460cb6d79c3f9d57f56ff466927ae6e7039aca3f0e8d2684812045b1b9aec6a;0xb22dbcb9d3e9651d884ced79db07e4a85f99928d3f86d174fd5c4ea9d43be845;0xb6052d868dda9ee836488dc206065a12dad08571ea951dc01d1f6f73d3784d06;0xa89bb42ca0e59b01875b2095f273c5b666e8b849a4ac539ccd9995c422970b41,1.754891,1.46548;1.106699;1.032537;0.922431;0.946247,64.0,9.0,0.0,0,0.0,0.0,0.0,0,2588553216,2588553216,462.7279999999956,342.8770000000053,4.637000000000044,1.5329999999999597,28.722999999999598,30.0,141.0,178.0,103.3778000000013,342.6206000000015,2.5298000000000425,1.3663999999999819,17.918800000000026,30.0,141.0,178.0,2.442798,1.42639;0.819606;0.702139;0.707326;0.774087,64.0,9.0,0.0,0,5.0,1.0,0.0,7720.0,2577260544,2577408000,607.9759999999961,475.587999999999,5.727999999999983,2.204000000000008,38.68899999999974,30.0,141.0,178.0,103.7205999999985,36.77740000000013,2.692199999999997,1.6041999999999967,28.40079999999988,0.0,0.0,0.0
64,0,48,0x73b8c2f8b3eade0b85357f60cf0f2584bbc781ce910fd99090beda54686b3738,0x851eb864fee857c2e3fac76bf660caba91db7a7cd2b6b2e6104810c2a91c47d3,0xa9e1d9851c5e13305c5e189c9b9c3309a3f31f2f4a2eace5dbe21f0d46e4346f,0;1,0x368400fe3af5e24bc2b61655b973f557dfd56ba3ababf7635031b20f72d221e2;0x7acced2235d14ae1ab54619ad48eeaec2c4084b787a59c5ce1e36750a7c99967;0xfb37b372c263abf6f713d2ffdeaac74109c1368547ce0852735169bb7f706e54;0xc84484114ba800770323c5f114c2fd63e50f6267ec87f28792b19a1e2a38d014;0x512f2d23044162b42898099c947a8c46cfd729d5460dbe66ab2fd91fbda5fc4d,2.48676,1.86417;1.321563;1.030654;1.088541;0.956863,64.0,9.0,0.0,0,0.0,0.0,0.0,0,2588823552,2588897280,624.3009999999938,409.84800000000433,8.242000000000102,2.6139999999999586,39.869999999999145,31.0,145.0,178.0,121.60119999999885,448.06159999999926,2.6042000000000427,1.48660000000001,17.454399999999872,31.0,145.0,178.0,1.734986,1.555486;0.860298;0.739715;0.693916;0.624883,64.0,9.0,0.0,0,5.0,1.0,0.0,7720.0,2577600512,2577604608,555.0069999999962,330.5380000000018,3.2149999999999888,1.3720000000000268,25.228000000000403,31.0,145.0,178.0,118.03560000000489,31.693599999999687,2.415799999999938,1.6824000000000134,25.534600000000005,0.0,0.0,0.0
64,0,49,0x6c5cdeae96eaae40188d23e47917ddb032ffb767f08f8671084b8798e7451748,0xb9a50fd761eb42dd2ee3dc1db9ce196cf0c70461a0086842087dbc6f60a5c232,0xd616954841ba54ec174c24275528cfa5bb1e74d6f194432a5f2e1d518836ea92,0;1,0xd64f971a4be76bf84f013e0bb5c3143e7d679b56368f6f252c9e477c5fff0290;0x280c2c41c72b5ae4565c8a562d5a116c58d0863330492f52316be06566d9ddc4;0x5e0eba3f87fb06e72e0420a16a1a314b7d30c412e580d48d4269d14d660edead;0xd3fb1bee80555454d189de550e1de5ef32b01b6dbb2622b16c35d671030e9b08;0xd3e0d7d226f00018f5657ed99b7c1796e83056c64288b71bd721d5b552b8546b,2.225055,1.527484;1.079037;0.966487;0.897864;0.910904,64.0,9.0,0.0,0,0.0,0.0,0.0,0,2588901376,2588991488,643.2799999999961,410.58900000000284,6.340000000000078,1.8629999999999516,43.52500000000085,31.0,147.0,180.0,89.85940000000025,383.39839999999845,2.4455999999999527,1.2598000000000167,17.454000000000427,31.0,147.0,180.0,1.806855,1.397948;0.715118;0.602659;0.635208;0.611742,64.0,9.0,0.0,0,5.0,1.0,0.0,7720.0,2577666048,2577666048,490.05900000000105,332.79199999999844,3.924999999999892,1.2919999999999598,26.62999999999971,31.0,147.0,180.0,97.55519999999906,31.233199999999158,2.3214000000000135,1.4404000000000197,21.47840000000026,0.0,0.0,0.0
64,0,50,0x65541954f3bb01aa4c3624e090dcecb46d5b739e378128b4f465e89aca684ce8,0xae29a3f1957f86b590f4ada8dee1274534108b1af814566da4faf3a95e8db224,0x3eee63828308d66d8576951ff667c2d177f7fc2d7e7e089c5514afea8332b082,0;1,0x39c3d7d90d3fc66800c4ec0241078cec20bb759ffe1089b6cd302ba780cff3ab;0x5ba17ac4508d067e1072fc9eb7d7e3097d5064938692397e2606882bcf1e6ae9;0xf1701ca1615db5a6be2768e763cd05aef24c344c48c5d1630dc84de8ac097b49;0xc81d6f5e8f34aee36777117edabdf6bf56f27868d5ccb2c5d0e771433ba690b6;0x4e94e5be2e908f70bdb7225f3771a7336547ee5ebfe54e3ef67ffe9b1393521d,2.300424,2.030221;1.223966;0.95528;0.898805;0.907213,64.0,9.0,0.0,0,0.0,0.0,0.0,0,2589036544,2589122560,672.0830000000038,414.35500000000513,6.570000000000014,2.3339999999999947,41.27200000000018,31.0,149.0,182.0,105.27280000000306,368.35719999999964,2.906200000000027,1.4604000000000092,20.55520000000012,31.0,149.0,182.0,1.814236,0.995751;0.794598;0.579063;0.586845;0.674117,64.0,9.0,0.0,0,5.0,1.0,0.0,7720.0,2577702912,2577727488,551.6510000000002,402.49700000000166,4.7370000000001005,1.5230000000000192,26.228999999999143,31.0,149.0,182.0,89.5711999999993,31.283400000000487,2.2251999999999947,1.34,18.11580000000007,0.0,0.0,0.0
64,0,51,0x6f62a4eb2077d4c238928ab0b3d2fed5a3bf14447ff3bc185c2fc4fe50b930e8,0xeb133a1e3fa5d2ab918c29d0f7165f9e272d6c191e555082aaef76e4c89a8b65,0x43e9fcd5710135fab26276e97a9c02ecbad7be6c7a46cc8c322f7e63eb2c92ba,1;0,0x703df81e53f0301149246ba280fc800ab7459a487e200e27d96adf6bd1ae06a0;0x0074e735bd85268098e333f97affe02d333bd55be7f5432edfc63e1a971b2b87;0xfbef0255e56be44a6f93c424a609c03c2eb8de08a8bf513231439ef9c0309978;0x5b41a08cd3c929ead0777344c20926d3432a36e7c7e79a41255713fed180687a;0x6885189430f9a76a85e9663abaa7725ab41eb6689a3aa1257ddcaeff409e21f9,2.040987,1.841536;1.20752;1.018025;0.990003;0.875921,64.0,9.0,0.0,0,0.0,0.0,0.0,0,2589204480,2590019584,567.7070000000007,417.24900000000844,4.517000000000106,1.8919999999999744,27.411999999999228,31.0,152.0,186.0,105.31480000000037,381.79760000000005,2.5236000000000094,1.6506000000000116,20.9657999999998,31.0,152.0,186.0,2.565989,1.081591;0.80911;0.717312;0.834288;0.586064,64.0,9.0,0.0,0,5.0,1.0,0.0,7720.0,2577731584,2577809408,631.1420000000012,615.5080000000007,7.580999999999994,1.903000000000039,40.060999999999225,31.0,152.0,186.0,155.6867999999989,30.193799999999467,2.3055999999999597,1.4178000000000108,18.94440000000004,0.0,0.0,0.0
64,0,52,0xf40b0035332c309fe507ef56d72d2510b9e2943669f748901260cfa0dfc10947,0x1ca134cd810dfbd76722c879a5c0725d1d655867d5dd142cb582165216fb9554,0xa1a3c1f62ed1308b2bbaa0dfaa6ae532652dd5aa2e4bb00602c0b1a950444df9,1;0,0x75a9ec161f563a2e98893c09f38339153424fd8b5ef9d4ca4d9a36db2ee004c7;0xb8f4ad9f1397f0d635ddb7ce638b2760c88c4a3b831b215328360bc51d4d9c45;0xe82690290b376d5ca64b80e7cea0e40d4919f0094e015ae452dd78db96da38a1;0x1f8565c78fcd59d50a7cb32b7fba0d7bafc2318ad4a624a4ec2d1969b97c58d8;0x806c66f7103ba6b67b1b8138fd25e8a3904d23d7287cdaaa4205dcfd20549d23,1.809609,1.815367;1.10755;1.03407;1.013449;0.941079,64.0,9.0,0.0,0,0.0,0.0,0.0,0,2590064640,2590064640,604.8220000000049,357.569000000002,5.418999999999997,1.6420000000000496,25.709000000000497,31.0,152.0,185.0,117.34700000000097,366.98759999999606,2.672000000000004,1.5845999999999916,20.709200000000244,31.0,152.0,185.0,2.258586,0.890703;0.785795;0.672043;0.680165;0.586264,64.0,9.0,0.0,0,5.0,1.0,0.0,7720.0,2577866752,2578055168,725.7739999999985,388.1150000000014,6.048999999999942,2.022999999999977,39.66000000000039,31.0,152.0,185.0,89.25840000000018,30.396000000000587,2.69399999999996,1.3341999999999739,18.336000000000045,0.0,0.0,0.0
64,0,53,0x4469503cadbbdaa62e5bf25e7f3fd001ee6800b2c31db1c6ac008d9f90c9f20b,0xce8b7ba7213004bf258cc1e7c60d7c6e3b046fbe166cafc113f2580d137ef218,0x99441aa6e5755a807b4be71fe9702125ef61a8fb2a4d5d0800c64ff47dbf632e,0;1,0xf61796e98105a0e740411cb7b2cb8214e7ab37949ea7eb68b9d2c6c48a47e983;0x4d5f7e4a359abf7c54a6e43702f818c3ebcaecc3a4a9512e70becabb9cdeef46;0x5ba0033e7e79ae5fe263243cad9eece105c5667a8f2ffb322e93b13854894103;0x4848279c4ff8e95b49402517a280c941491ff27524f37a89eb3b44d376de6484;0x010ff44f23c44419d7e89aaa26deaaeffe99286ff8a8b0d4ae4c0d3251c2f0b9,2.290875,2.266332;1.244546;1.036473;0.978305;0.900628,64.0,9.0,0.0,0,0.0,0.0,0.0,0,2590142464,2590142464,620.5650000000035,402.19599999999355,7.260999999999943,2.0730000000000053,41.27200000000018,31.0,153.0,187.0,108.29739999999866,377.17079999999845,2.6282000000000303,1.5343999999999818,21.524399999999638,31.0,153.0,187.0,1.98902,1.308643;0.712585;0.766486;0.929282;0.657251,64.0,9.0,0.0,0,5.0,1.0,0.0,7720.0,2578149376,2578239488,615.096999999995,572.4829999999986,4.375999999999946,1.401999999999957,25.137999999999202,31.0,153.0,187.0,104.8722000000002,30.295799999999208,2.2192000000000305,1.350200000000009,18.451800000000503,0.0,0.0,0.0
64,0,54,0x565c243a3abf2d8d4baedf403f3ba7a04e94c7878576906da9bf502254e82454,0x5cd367134613054c4c4bc71510b22f9423e518cfa4bb1e95e9e25151773930de,0xcdc2e37dc257b2a31ef77be64742f0eb5fc430a2ed7630de0b44c0883f2f5e58,0;1,0xdc556e8e02bc19bf83398507e219fa7b374f8de7d04afde0707de64150d75325;0x9b82b36ad98bc9fedcbf00192d7c79d8fe276a5736efd54a6a5283d4c1429fb8;0x5f38547f1a1194f73a9f235cdc16ad36f3f825969535873bfa32e1c54ed15353;0x67974c669e0c161279d3bac451acecc0ba33a7f223d670554c476396a3f2cd76;0x7861b027824f8b7443ad12c0ca8ba24eab7fc965b9bddbd7a6c8a40e88ade827,2.282842,1.73762;1.076984;1.200951;1.077054;0.952586,64.0,9.0,0.0,0,0.0,0.0,0.0,0,2590437376,2590523392,659.9350000000004,440.0129999999891,7.941000000000025,2.062999999999956,41.50300000000003,32.0,162.0,186.0,109.47119999999977,423.3933999999995,3.026799999999996,1.4781999999999642,22.153600000000132,32.0,162.0,186.0,1.748587,1.091986;0.719555;0.646485;0.632384;0.638193,64.0,9.0,0.0,0,5.0,1.0,0.0,7720.0,2578354176,2578456576,599.0040000000002,351.87100000000015,3.9350000000000493,1.7430000000000136,27.120999999999743,32.0,162.0,186.0,93.38099999999793,30.041199999999296,2.0591999999999833,1.316000000000034,20.364399999999936,0.0,0.0,0.0
64,0,55,0x0eedab774498bfd2c7556d778fc1e1adf410f79dd5008b0962b35516b6cdad61,0x27f5f9f66fc51a6963784ec4fd626749f11ec2cf32f36f6567af7dfdeb5e89d7,0x16c1842d9aaff9ab8f5a7bee3101cfe5d1c2df191ad9e9a048bd6d0b91ed73e6,1;0,0x0d2da722aadae33e24c349ae0bee2f2e1aacfc5f95eab215fcbbd37b51af454f;0x2b9e84e773f13c3872c95ed5f8de139d47ac881007eb9c8879ff243897d2b540;0x4d69da2c5366c8dbe5862fd7fb8200117d1f130703869d637836c6fe298f2ca2;0x1609c1ac194b708e50fe6812dac20a10fe0e74a380c63c06c69da764fbeca9bb;0xd0a930951027d366bcf590040a4e93ad4a71c865e4414eeb44bb3d9aa6c63025,1.849148,1.948959;1.219459;0.975631;1.290376;1.077865,64.0,9.0,0.0,0,0.0,0.0,0.0,0,2595770368,2595680256,527.7659999999989,351.1599999999893,5.168000000000056,1.5220000000000034,26.899999999999842,32.0,163.0,187.0,119.31400000000093,381.93000000000256,2.9743999999999953,1.7485999999999933,21.366399999999533,32.0,163.0,187.0,2.253337,0.950343;0.743521;0.574616;0.655408;0.650711,64.0,9.0,0.0,0,5.0,1.0,0.0,7720.0,2576547840,2576560128,631.4419999999959,420.81399999999854,4.78700000000002,2.544000000000049,39.81999999999944,32.0,163.0,187.0,89.82140000000084,30.205399999998217,2.3115999999999244,1.2219999999999853,17.789000000000346,0.0,0.0,0.0
64,0,56,0x42fce096a13975f4cdff199e9f37b30aa684cde1f96b1ebcfac424957f725eeb,0x815189966473e91c617d02fbbd93e0bc92aa7dcb18fb6435cb055bea25b0f118,0xe7b5796cb375ce68574519d0a8cbb4b3888c28e3ff851fb9cc94196517cb6d14,0;1,0x769d90ea8463482db1b46d474367c111932153b692329107d62f4b37d1fcd629;0x09fed65402065c9f1d1c92fa7d613da6378637335f839c590274023d17cc280d;0xe0ad3cca8a8e59566f3fc342f90abbe5038a61134a2989c84994917dbfca05db;0x6a84e289c92e6e91361665f8e0d9ff12ac0e3aa3a6b3ea7cf9de3079d822343a;0xc96ec82ae41c23d1130833d97acf68dac68787d4ef0833f83db2fa59827d0dcc,2.076832,1.913435;1.071936;0.959552;0.945105;0.972887,64.0,9.0,0.0,0,0.0,0.0,0.0,0,2598137856,2598154240,579.1730000000023,443.5789999999995,7.33099999999996,2.3640000000000336,39.068999999999214,32.0,165.0,189.0,101.8135999999975,380.9284000000024,2.8020000000000564,1.452000000000007,35.38519999999983,32.0,165.0,189.0,1.603448,0.93511;0.886627;0.724112;0.602839;0.579614,64.0,9.0,0.0,0,5.0,1.0,0.0,7720.0,2584055808,2584100864,539.2939999999958,353.6030000000009,3.345000000000084,1.4919999999999647,24.74700000000031,32.0,165.0,189.0,128.90020000000115,31.72779999999903,2.121000000000024,1.2277999999999898,18.50179999999986,0.0,0.0,0.0
64,0,57,0x12da41e607dd26beda4d1840b673fe06c40dca7b2277db551266699227b06719,0xf8ee0ba1170b5039285b0d0f2609af03909bade0972c6e0fef0c4a650ebcad16,0xdc969b29472b17f519a4bbd609b1550d8e96ad4ff591c7bf00cf431f30c697a2,0;1,0x77f2331bc388be9d4614010707835eb9a8b70bdc1078e0fd93fe1440c7fa9710;0x8c680071e7b73117081401ffaf57f77e3b2a63a98a71b1f5e137bbd77b8b4210;0x121a1f5d91579a09592c1140f1e4a00845bf6525da0ec1e5f53e471e72e60613;0x2ab9f35624fcf31aa2a176fecde07ed516d4733e01f8dbc0665259470d25f357;0xd26a633c544d4de80e8106bffd25aa6f9cd28e3fc520d9c7ebee4dca18dd7a0c,2.264906,2.16886;1.078667;0.951224;1.013108;1.089062,64.0,9.0,0.0,0,0.0,0.0,0.0,0,2591977472,2591977472,606.8949999999962,485.9130000000045,6.790000000000008,2.222999999999982,39.89000000000076,32.0,165.0,191.0,108.13899999999599,449.11119999999636,2.936599999999942,1.4742000000000097,20.85940000000029,32.0,165.0,191.0,1.824131,0.977684;0.706485;0.608468;0.573034;0.902195,64.0,9.0,0.0,0,5.0,1.0,0.0,7720.0,2584879104,2585034752,705.3939999999981,361.2439999999967,3.6260000000000634,1.4120000000000061,25.188000000000642,32.0,165.0,191.0,84.03100000000109,38.135399999998654,2.251399999999952,1.0676000000000043,16.76119999999941,0.0,0.0,0.0
64,0,58,0xc46976f65200cb198b93877751a0f5ef805abf4f15666f9dfba6c9d2765b0602,0xb0a098a6c70c6269615ac6c4db30d7732cd5c534b88ae2be9cabd73960c40ba0,0x21c26b5d6e455160363dcb59d66ec377fe74359dd2cc3d72c7c793b8b797f257,0;1,0x42f3adae17c71463dd0f5ad102cbbbb5eb695fae698067a6b7e329e828f8c813;0xa003e550ed4be8071736fa59c2729606e0c940d0008d800ffb25b05b7c1c1a86;0x80168abb69dc102bb4058e7254c4d6a9153f38bf2c2f41e859d169a1ff1009f3;0x3cb10b9280dbba813ac6a9380094ef2f411195e04f40d1a7fb8c9037e5d47f22;0x12ed91803e589bdad580cd2ba8003765d409fae12b3e7f0b93b2fb523570a4bd,2.435973,1.415424;1.112688;0.985396;0.946187;0.982701,64.0,9.0,0.0,0,0.0,0.0,0.0,0,2586796032,2592288768,846.9769999999987,388.24500000000927,7.732000000000094,2.5939999999999688,39.69900000000068,32.0,167.0,193.0,95.23360000000258,373.4689999999985,2.555599999999993,1.4139999999999726,18.449600000000274,32.0,167.0,193.0,1.799844,1.356175;0.841789;0.796921;0.660396;0.63656,64.0,9.0,0.0,0,5.0,1.0,0.0,7720.0,2585616384,2585960448,623.4700000000009,360.4229999999986,4.1959999999999305,1.361999999999978,26.108999999999856,32.0,167.0,193.0,120.81840000000288,35.99020000000091,2.7862000000000027,1.5178000000000023,20.348599999999927,0.0,0.0,0.0
64,0,59,0x742f9f5b523993faf14ec91a7b5634f7c3ecf0ec9d35fbf565f349fd6d0102e1,0x0ab3352254a768ea0d4142405debf47b25cb5d701fd5218e2de42a9b646fddda,0xbcecb7eb5888f53083b7d87b2789a3a4a4779f625357889c29c384072a480440,1;0,0x69852a266ac44928788f302d2c1cf1d858369feabd06609b9c80212fd8a9f2c1;0x83eae7b7144124dbbf3919971eec7be07665fbb60123b9968b0cf267f41393e4;0x2cb83c377abbbb91eebba0755b462604a498ad222a177fba2981bb2b30d82554;0x4c7ea65bbcd8650eaea8fdb095c81054e554c7a96392e43735d271d49a65ca8a;0x40b4a6883e41561a5da93e6f4a7ad8c34a363f05a399b7243c5c56e0319687ab,2.198735,1.859464;1.165127;1.018486;1.062512;0.947118,64.0,9.0,0.0,0,0.0,0.0,0.0,0,2598715392,2599120896,571.9319999999972,387.5949999999906,4.946999999999938,1.5320000000000524,28.452999999999466,32.0,169.0,195.0,103.1037999999984,371.2839999999995,2.6259999999999737,1.4719999999999966,20.517000000000106,32.0,169.0,195.0,2.350805,0.803272;1.115452;0.690782;0.724522;0.718944,64.0,9.0,0.0,0,5.0,1.0,0.0,7720.0,2587791360,2587787264,705.9749999999975,444.13900000000314,7.201000000000082,2.0130000000000363,39.55999999999925,32.0,169.0,195.0,106.38220000000197,30.49759999999985,2.255400000000015,1.428400000000004,18.28339999999998,0.0,0.0,0.0
64,0,60,0x1395e2dd98b5ea4fb6a9ed781770fbdb21c2bdd401353657cc4b289546734bb7,0x49a001e4d06f63f1f63b1ccdc0ca8bdc43d4e725c1bdf9e29a65e2e5f5fd607e,0x4f6d23a73cf9a18be1117df8c52a137093ece93e7b1167e76be9feda4e6a49f2,1;0,0x47575f8c83807162343088e06b78f8b396c40d173b84fe0887d51bd3a4e908df;0xa579338e7552b2e3eeb4f13e5c39a27a99e318f49f24874d55d7d92466500a29;0x6737935d0b0bab0bdde1baa9fce72e154428435119be838d307bbc8c4e672272;0xa37b58aa83d0be3adc8c64774e17ae57e1ad0705a7827049efc7d7031d834b6f;0x720cb71a3d756128246346b3d665438d846fa6d8e4b1eeae3d0cc4dba9ce7d3e,1.94966,2.721824;1.098196;0.960158;1.031876;1.066668,64.0,9.0,0.0,0,0.0,0.0,0.0,0,2593685504,2599567360,603.3700000000058,368.60599999999357,4.557000000000086,1.5320000000000524,78.68800000000037,32.0,169.0,195.0,171.24239999999904,404.78040000000436,2.8199999999999923,1.7227999999999992,21.65060000000017,32.0,169.0,195.0,2.244745,1.174721;0.71598;0.718754;0.642198;0.657191,64.0,9.0,0.0,0,5.0,1.0,0.0,7720.0,2589356032,2589356032,681.116999999995,421.9270000000025,6.198999999999918,2.1930000000000516,39.41900000000061,32.0,169.0,195.0,92.61779999999719,73.25460000000005,2.3513999999999653,1.2962000000000042,18.642399999999753,0.0,0.0,0.0
64,0,61,0x723f7e7bbeddbef538d4e5aa3faab9cbbbdf9fce8b63e4513df2edd7f3800476,0x9d35a9a5bc3055ff2ceaa2fa03065ce97c1b8bac579150cc5212b93f160c1956,0xd4c66cb9e028220503cf4a6cf9e2f08e3addfda1da2f7e7f91b7c6c8b335fa46,0;1,0x93d63d1e886ee3e148c6edbd51c29dbeb7426b936723dfe199d632943103a8e2;0x8e2c771e68bdf0c34b7fc643800256ce601e53867c1ba4504375c2f83a7f703a;0xfe8ffb205c4c457cb74f3e14932656f8d3dc4758e55cf62d28deb4e7807e7171;0x2ef67c1eb8deb647e0482faea19dd39f81136367686f0efe62675a0360f8120c;0x1fbdbf7fa9b562207ec005a3b83e8da86ed414f05ec5dea4091965978155dd6b,2.226367,1.711841;1.100609;1.015211;0.968461;1.098697,64.0,9.0,0.0,0,0.0,0.0,0.0,0,2601234432,2601598976,670.000000000004,439.8429999999953,7.101000000000026,2.193999999999959,40.98200000000017,32.0,170.0,197.0,98.25800000000106,419.7669999999987,2.467600000000038,1.4822000000000055,17.630399999999863,32.0,170.0,197.0,1.793194,1.336194;0.757092;0.724112;0.679875;0.722941,64.0,9.0,0.0,0,5.0,1.0,0.0,7720.0,2590633984,2590912512,551.8820000000036,436.0980000000028,4.646999999999984,1.593000000000037,25.218000000000462,32.0,170.0,197.0,102.77119999999861,30.806399999999677,2.476000000000041,1.5746000000000075,22.085599999999495,0.0,0.0,0.0
64,0,62,0x2d74ad375682c1410d7750e30e59edaa2050dfe7df654eb4af88dfa9cb8572d8,0x64de13e446eb5e9988a2de9def2412becde865a5ff761616e8a36f97232a9afe,0xa65b31dc45563e790e3091acf708177e4f91082dbf9175eedebdb975db46f1ef,0;1,0xf892961ec3287cba661c304c4ae8bf82a74406135142e8b00184af62e9061209;0x3e372c62450784056f119e3abf73c9499ee4729555ab98673f67df4ffd2eb383;0xcdd58a40a07e55394cfd766494573403799168412df49364ac7098b7f3d78727;0x3dccbe01a8d77d9064121e5442a547b40499d2a110d267208011a463972c10c3;0xbe2bcef199325d0a8799cf2fda46808dea9814f6078625284821ad1131b9d98a,2.231024,1.870761;1.07477;1.245338;1.122462;1.043924,64.0,9.0,0.0,0,0.0,0.0,0.0,0,2603270144,2603089920,726.3150000000052,418.7210000000108,8.22299999999991,2.3929999999999483,39.83999999999932,32.0,169.0,194.0,166.50919999999792,411.2378000000028,2.86240000000001,1.8248000000000224,22.241400000000066,32.0,169.0,194.0,1.637108,0.90868;0.706756;3.188723;0.791333;0.711974,64.0,9.0,0.0,0,5.0,1.0,0.0,7720.0,2591612928,2592010240,545.622999999995,357.6600000000027,4.387000000000011,1.3819999999999675,26.41999999999922,32.0,169.0,194.0,475.698400000002,31.53780000000189,2.5758000000000294,1.6022000000000085,28.06039999999968,0.0,0.0,0.0
64,0,63,0x21a931f41fb9c24cad22bc2233eb09541d61c67c14aa8591878aa431ed433d54,0x41fb57f407f8a4a506506e6f7ef6a50fa95e8293a41532d6f6a9f598a5d94519,0x19ef899ffb631ece7043c4c05cfe49773fad5d99bd9f01aa3af0a365b15e8866,1;0,0xfa402a845825a2daa3d4df5ccf8491b46e29b9fae0a7f9a07b36e7557041c05a;0xcf60a354ddf759dc6d8437a5eb06d2a9553f6ce899a745cc9579a784d1a18c8c;0x29da5bd818e150e30b8a25089a69d32d5659b4bcebd2374d604a7d1dfe46d909;0x90da5e998acf2f49cf1debb32cc73834428516f534f20f8005864e3524dd244a;0x0e824c4b35df7d2b32efea6d6f975d47706aa21885b21ccc27224ef32b5ef84e,1.805092,1.917101;1.312824;1.243084;1.130234;1.074019,64.0,9.0,0.0,0,0.0,0.0,0.0,0,2606448640,2606379008,479.04199999999895,409.7680000000048,4.567000000000026,34.933000000000014,28.553000000000605,32.0,169.0,194.0,137.227199999998,400.9085999999995,3.479399999999988,1.6801999999999788,24.64719999999976,32.0,169.0,194.0,2.176842,1.077485;1.32013;1.176914;0.801949;0.711132,64.0,9.0,0.0,0,5.0,1.0,0.0,7720.0,2594693120,2594701312,579.0029999999946,419.0920000000028,7.260999999999943,2.204000000000008,40.56099999999972,32.0,169.0,194.0,131.16780000000105,30.758399999999966,2.7662000000000346,1.5543999999999931,21.252199999999974,0.0,0.0,0.0
64,0,64,0x5530088c3e001524d94da15b72f79cec7c322825d6e00d047ab066804c38a79e,0x4aa62c36f6f103106dfc3596f3be691bfeda2b3c544e5167eedf75f262b91a8d,0x33b1aa3c61b211405eec61b9ca63df6bb61ab14e7938cfdc765c0ce97594c065,1;0,0x850a9b273c6648a2a3c0a3c8644bbae70af8fce93de63fb358c0e04d63962eb5;0x2ce0fa1fc15c212a8bfcf3d5fa33b1aff907586cb74822538c6a90e34c14ca8b;0x432af3d086d9f291b6be09fbd86f30077a520d3ca8411a5051ee0708296bb047;0xe213928f4869b435723e9590bc2984634512220787759f746ccc14c7ed0c154d;0x13f13c7aaa7285fc6a677bf00d30a98faa6390c160bc847eed3268b7ff4be398,2.346218,1.468144;1.103894;0.953718;1.198687;1.004765,64.0,9.0,0.0,0,0.0,0.0,0.0,0,2608144384,2608177152,752.2600000000045,450.58900000000125,6.8209999999999535,1.7720000000000367,31.20700000000011,32.0,169.0,194.0,96.37740000000005,421.3454000000005,2.7279999999999753,1.3682000000000105,19.82400000000023,32.0,169.0,194.0,4.523521,1.412219;0.801298;0.653215;0.667376;0.677953,64.0,9.0,0.0,0,5.0,1.0,0.0,7720.0,2591608832,2591621120,1561.042999999998,1169.5929999999967,6.790000000000008,267.52299999999985,39.93000000000052,32.0,169.0,194.0,108.3835999999977,41.181799999999434,2.6463999999999914,1.692399999999976,30.131400000000045,0.0,0.0,0.0
64,0,65,0xabf3b95ec578d163491684ce982c6390984ad0b682f9babee7345bf7b1807d85,0x42d442be222bc19248715e9c18231a407c8c0f885a6db4ec38879dfd8588386b,0x4cf7457411bf89d054a4d4c21aec862ffe89eb54afcabe91669828dc90647a23,1;0,0xb919869c064b5cd07938cf90ce77230965f3351ed09097b0a6abaa396629c811;0x3e042ebbed3398bbdd00757a95ca4aa218d7a0052c08f31f161f8bf3da7602c4;0xed843215dc05410dbe22cd0ce54390da86668164c29809387b5bf3c74a58f56a;0x4fd6b4c5adad4365edbc2a34652aa3c469ffc637615e69bf724411c887acfda1;0x663e820072161e10c16a2c5546aa8082c817ae0ed8d38d882d10d459253e1a6a,2.018664,2.119035;1.268333;1.037905;1.029092;0.973819,64.0,9.0,0.0,0,0.0,0.0,0.0,0,2605023232,2609614848,631.9629999999993,384.8310000000021,5.177999999999997,1.963000000000008,28.062000000000573,32.0,170.0,194.0,109.71139999999824,384.7521999999992,3.12060000000002,1.4841999999999937,21.822600000000538,32.0,170.0,194.0,2.193658,1.0876;0.869601;0.721162;0.920569;0.689009,64.0,9.0,0.0,0,5.0,1.0,0.0,7720.0,2595381248,2595590144,572.0119999999968,442.17700000000195,6.420000000000037,2.253999999999928,38.69899999999968,32.0,170.0,194.0,120.50359999999927,30.315399999998604,2.1775999999999827,1.3500000000000056,17.662600000000264,0.0,0.0,0.0
64,0,66,0x2a54e1bdb7c073ecdf82bc656c4165a8c30db7ee2825990949bee524bbc35f13,0x8231db49b3fc1c7c97782dd3ad00d8eb25b140ff785b4a147671e457f7706f3a,0x63810728f2f0a291ca1c252d793dd17a04cf0534005f91e7baf60dcd5d540acc,0;1,0x75acc331c328a91041925236515b93b0688fb8dd2b94e00cb9ae972f0abcd4fd;0x8ee4c38dc6f4e69858f4517d55d6a1ae38c16cd9a805943f6972413f02481481;0xa10bdfa938e29d499977f02002bbdf06300cec2ac8235811d135c598200050c0;0x6d21e81b3846512980514dcce9de2b930de00a66abd681f2b9e527f822ffbc3a;0xbf8c285458e39d4285aa324e76dad7708305bf8a3e2269ab684419665b9caf6e,2.39727,1.902338;1.184345;1.06804;1.152758;0.990634,64.0,9.0,0.0,0,0.0,0.0,0.0,0,2609872896,2611765248,701.9330000000018,460.8150000000033,8.893000000000052,2.674000000000036,41.872999999999564,32.0,172.0,196.0,108.90420000000124,399.59060000001045,2.9784000000000583,1.478199999999986,21.462199999999765,32.0,172.0,196.0,1.83721,1.398489;0.860067;0.703281;0.840257;0.725013,64.0,9.0,0.0,0,5.0,1.0,0.0,7720.0,2591645696,2593005568,598.2620000000022,392.60199999999884,3.7060000000000217,1.3719999999999184,26.01900000000039,32.0,172.0,196.0,97.34459999999612,30.614400000000817,2.079200000000038,1.4059999999999766,18.585800000000056,0.0,0.0,0.0
64,0,67,0x1702fd8ada06f08fae65acf2dfaea2a500c25a21692a81a999e3563f13017f12,0x98e96d97bdd57e86bc9c0c75518cc60c7879619495d5cef4f654c58fe1358906,0x0e3a6f15358afea95ef343ca790d8180cc16244265bbac16100ca806cb0c0f3f,0;1,0xef6a432314690c3ac868b98893d7dae41385047e8607ae76fa7d03c7373198a9;0x62de84ef4098cfdb1d91addb573f2dd592af67f634cf2ed0736948d5d724bcbf;0x5638b4af2aefb4039397a5b3d8e28f18aeadf62acf4e1e6b1f49a3f17dcfc544;0x82da88adfc3ff7a0febb41a6eda403e1896aad6fa4c5b11a4541a9f516da9fef;0x9d3506347dbf27cb491670574c39861989e9fdd830b7b7d8f97850a89e759ffc,2.36092,1.581074;1.221872;1.170645;1.024284;1.211096,64.0,9.0,0.0,0,0.0,0.0,0.0,0,2613170176,2613170176,659.4540000000038,461.51599999999513,8.173000000000208,2.1430000000000233,44.22700000000085,32.0,172.0,195.0,132.52599999999947,422.8435999999947,2.816400000000066,1.512600000000029,19.45339999999997,32.0,172.0,195.0,2.028588,1.334082;0.91523;0.746926;0.66973;0.708729,64.0,9.0,0.0,0,5.0,1.0,0.0,7720.0,2598772736,2599190528,546.8639999999941,434.34500000000264,4.497000000000008,1.7529999999999542,25.067999999999618,32.0,172.0,195.0,106.69079999999775,44.33300000000195,2.7642000000000033,1.4704000000000366,22.303399999999694,0.0,0.0,0.0
64,0,68,0x56cf43cf9f86b139d0eef1dffd9205c866a3130f2ea20765566d2bfd2ac13239,0x34a483b016711cc58ce563e43d2d2da90ab9e0d9d77e4efee78366800bdd6616,0xe0ed1c03a6482d7847d6eef3dbb34be1a99dbe81347c28e01ccc19d12aa1f0ed,1;0,0x5ba7263efd79350efb10045b1f960c145c6f65e86eac61b23ee306eb69bc9892;0x67ab27025b075d3e35322ff7c4566e15afc3fe2eccc5ef574cfd021fa45bfc03;0xeedacbefe113af0aced167af30f21108230051795a5b35b24a18b96696d679f2;0x5bd82b8ada952472798985d69034e5bc5f7f7ab14e4ee90f8772df350332a404;0x8ae86d429d3b62e00c3b881cad3c615c3de8cd436482a8b8e1c6c2246e8626ca,1.780725,1.800345;1.109213;1.267621;0.972677;0.939977,64.0,9.0,0.0,0,0.0,0.0,0.0,0,2614562816,2614616064,596.4999999999998,396.75899999999655,5.97900000000014,1.5119999999999543,26.679999999999414,32.0,173.0,197.0,109.52919999999978,438.9054000000003,2.51959999999999,1.6424000000000127,20.839399999999717,32.0,173.0,197.0,2.434832,0.863152;0.780817;0.703681;0.686134;0.592403,64.0,9.0,0.0,0,5.0,1.0,0.0,7720.0,2599448576,2599604224,644.7619999999931,566.0430000000022,6.439999999999918,2.2030000000001007,39.4000000000002,32.0,173.0,197.0,92.62160000000351,30.143399999998934,2.1492000000000124,1.2300000000000244,18.06719999999998,0.0,0.0,0.0
64,0,69,0xb05b976b31e243a0ef2378c8c3dc170e5564da353c4d21d0f3bc0107d399ec7b,0x18b73c9538c3beb894900d7687da7ef75ea6c130bfaadf9eddb268b576c25f5c,0x39caa648cab6fafdc1b8bf10ff51c522502aeed939a8c5380796941ad15befb4,1;0,0xd9e79f03fdef9c523e9598f3cecac914510fde9a25d5a26a5cc1e886f4a12517;0xce61cf4f6683e1fd9f9f3d52af1663e8abf14c97a3f772c0e031d1b1d6ab203e;0x9c9eeb75d171b60c95e75ac009deaa4bc5900309de4efe9da4d2b2443864b935;0x362a829e644b144448f5cdef802160fb345800a544477f7ec5673d146b8cf332;0x66bf5fa3034eabdfa3b8bb371e68beb0f5ead4153502dce92dcc8a4df4d78199,2.172435,1.984803;2.393529;1.373411;1.030744;0.996954,64.0,9.0,0.0,0,0.0,0.0,0.0,0,2615828480,2615980032,676.0890000000047,446.24300000001284,7.240999999999845,2.2130000000000414,54.10200000000032,32.0,174.0,198.0,144.09720000000124,445.6402000000026,5.081800000000022,2.7080000000000073,30.479599999999955,32.0,174.0,198.0,2.381431,1.063944;1.186199;0.775329;0.760147;0.946988,64.0,9.0,0.0,0,5.0,1.0,0.0,7720.0,2600333312,2600218624,585.893000000004,416.8780000000025,7.740999999999911,1.923000000000029,41.51299999999997,32.0,174.0,198.0,101.77160000000019,30.928800000000475,2.563999999999995,1.470399999999993,67.94860000000035,0.0,0.0,0.0
64,0,70,0xb57a458f31c7e137d567d7e29ab7f30582e811a5a673980e80a7f97fd501026f,0xcce02659b3c662786809ace5d37b93b0aa3e7064878f9a3d1c6e2ace6b1a2063,0xefb7e0928a512677f4e40efd49e6abe2d69f3f030c003f870dc4a795e3ca5f47,0;1,0xc2e6ea78925876247452cecdd4cf2ef716bebba5a47a1ce4a22d50b04d008963;0x6e145cc6f84bcd8cba1382e6c08809b2e4d6f07e996d80f8127a299e511d45ab;0xa65e1c46100256d6449c5004b2946f4d08eeea827b2e3ea5498a86b70005e052;0x501f8ce1f55ba23b4221e151331c19eeb2631957d8aa4e9bf001637fc80527d6;0x26dc49585a7e910e5860ecf90aceb09b92e11ebc3cb6298e166e6fe7c0988ceb,2.208845,1.820194;1.170955;0.963373;0.926347;1.057886,64.0,9.0,0.0,0,0.0,0.0,0.0,0,2617540608,2617663488,615.5080000000007,404.0090000000107,7.973000000000095,2.4339999999999433,41.16200000000084,32.0,175.0,198.0,107.01120000000118,414.0682000000007,3.2991999999999915,1.7705999999999713,21.218000000000625,32.0,175.0,198.0,1.784801,0.808309;0.6899;0.628347;0.601316;0.697331,64.0,9.0,0.0,0,5.0,1.0,0.0,7720.0,2601771008,2601775104,638.1919999999958,358.1600000000032,4.758000000000106,1.4220000000000552,26.770000000000614,32.0,175.0,198.0,95.64800000000095,30.325600000000176,1.9407999999999404,1.231800000000031,17.4583999999995,0.0,0.0,0.0
64,0,71,0x3d0a213c837b36ca7d56fe5a4e0f76fe1b9a1acff78c40d11021159c40391ced,0x5ece6d4ed20bcdffc6caa4c3061a0e1c1a857712f6e09d4aead7e938a906013c,0xc90039dc6206173397ff3ba259a6dc9fb8c7edb9a86370c094bb7cd5aeceac93,1;0,0xb99a2c5eae868fbccc8aad8ab03e9b18cd805aa3ba40f93d5f746682ad5eb77f;0x1fdab341909c4c4e47df53d1169bc0545544b7942e257c0c0f51979c3aa7273f;0x8701146d9a5fc18d93f8032bf1cae4fbed23ff066b9b3adf8422871d665b64b1;0x02461a5abf0b37b9ec270845087f044b33165ba4ca7fe6ecaf2110258d168396;0x429f71d35e7961b5e4e4286100581d10d741cf34c6e615925476c89386a1b04d,2.052715,1.528284;1.118817;1.023753;1.074431;1.088611,64.0,9.0,0.0,0,0.0,0.0,0.0,0,2619527168,2619600896,859.9069999999931,393.2130000000034,5.178000000000214,1.562000000000091,28.47300000000108,32.0,176.0,200.0,101.69919999999944,407.5309999999999,2.493599999999971,1.3884000000000032,18.63620000000024,32.0,176.0,200.0,2.155661,1.292699;0.901599;0.670612;0.672754;0.719846,64.0,9.0,0.0,0,5.0,1.0,0.0,7720.0,2603335680,2603356160,614.6659999999998,417.44999999999976,6.238999999999898,2.0029999999999872,41.55299999999973,32.0,176.0,200.0,119.59260000000138,39.44920000000102,2.3896000000000246,1.6626000000000054,21.00539999999977,0.0,0.0,0.0
64,0,72,0x91ec76ed62812691050ce8a5f74c19950ceca2aa543f3b3345baa6215cbb80d6,0x8812d03c941955285403b370c577f1e872531358b41bbebd53347825cab8dbef,0x1c10e08b035def91033aa657fd1982af3de9e0d8f04d53d4ddda3cd4c8cd7598,1;0,0xfdd692aed85e8fecd47eec462347fb9368405f7f427b5cf89ae6081bb971c743;0x91857885596f5d18b3cad421ce0d2f2a0dc69fe4adb04f1b8935cb82de902c09;0x00b5cb1844a02883b0bbf8623bdda8766ae52c800789d50938210d6e1d58810a;0x5c44d0c91800740e00ea3ba39b902a8176316e36f36e77ae4512510e39860835;0x25a5ba3129636449f414373663470d610f2ebbfaf71b402bc8fdfd18c8c5540b,1.770139,1.706843;1.361543;1.062752;1.122442;1.091606,64.0,9.0,0.0,0,0.0,0.0,0.0,0,2620366848,2620456960,510.37900000000525,416.69799999999316,5.9690000000002,1.4520000000000939,26.09900000000165,32.0,176.0,200.0,115.04179999999587,433.4673999999983,2.453800000000016,1.6204000000000132,23.319200000000013,32.0,176.0,200.0,2.263984,1.476867;0.895891;0.709179;0.704362;0.659464,64.0,9.0,0.0,0,5.0,1.0,0.0,7720.0,2603741184,2592833536,512.4120000000038,508.87699999999785,6.860999999999933,2.2329999999999224,40.66200000000034,32.0,176.0,200.0,113.06259999999956,30.91060000000034,2.7261999999999684,1.7285999999999604,29.60639999999952,0.0,0.0,0.0
64,0,73,0x1193aa287934dd2695484ffcd75b4e30164fed0ef2e6d0f18cd73cc1fcf7d71d,0x4fbf5ad035e81246c4eec5879ddf5b06318da0b6209e4f312069d15c3634b3b3,0xae7fb82efbd1b6d7869930e1e089f266f18f7b66f1c70ceaf355fedcb0fead15,1;0,0x5db5c81f5eef3b00c244bddb9d0a09af76abfbae0fd4ad24737f1b843176d8ff;0x6b3b78238fa1b8c2105fc4f55daca71f94b2d4e87d8f32ee0bc803aebaf706db;0x431d9d08eb36111fe79462688bd9654ae11561dbf89e36fd55650050fb1970e2;0xac0d6dc063f819cd45c75eea49cf43f8991f4a7b37a598aecb0989ee782d5e80;0x1e706aca073709683e2a278db0a1e4fa45a384391067c623bde5e0be6521cdbd,2.11538,1.520132;1.47268;1.044866;0.943272;1.199629,64.0,9.0,0.0,0,0.0,0.0,0.0,0,2620583936,2620649472,646.5949999999998,531.6710000000113,6.028999999999844,1.6519999999999904,28.752999999999417,32.0,178.0,202.0,101.68359999999655,414.93340000001155,2.4937999999999523,1.5842000000000287,65.19399999999968,32.0,178.0,202.0,2.496194,1.384267;0.999757;0.70969;0.671994;0.705184,64.0,9.0,0.0,0,5.0,1.0,0.0,7720.0,2603954176,2592854016,643.2199999999999,474.4149999999989,7.110999999999966,104.46799999999992,41.05199999999976,32.0,178.0,202.0,108.9383999999971,31.82380000000123,2.6158000000000086,1.7443999999999706,22.22159999999973,0.0,0.0,0.0
64,0,74,0x13a821a8e4ed82ef1b60787dedfbfb8a0b11cbfbbcc9d8c85d12ea9097cd0ad1,0xaf29608b2eeb30ce8ad48f45b8c6914d9bb96852304fe1e4651c93c703972231,0x3e21ff6a2aa33167a05a8227101b0a1148ac197b09d42f167f281060712fa6f5,0;1,0xfb6b842432cce0e1946736e0339fad95a6e447c947f741d46c043d0ec54a99c7;0x882a978264fd34296c22d2a97d93be2a4c6e38b6108ac68de559b1c51ec32bea;0x8b9284a210855535a3544e2faadaa195226a0b7b073d505f2faa0171a384f76f;0x81cb44224dc5e58c6fa2e10a6db8fc4090dc370d999ab469af80949234b97f47;0x9343e056418229b1cae599b7032a1b5a718f292edfda500a12a4f754ace79e52,2.099025,2.00322;1.344277;1.22707;1.332279;0.963623,64.0,9.0,0.0,0,0.0,0.0,0.0,0,2620657664,2620678144,579.9040000000061,411.91099999998704,7.771000000000167,2.643999999999997,40.56100000000146,32.0,180.0,204.0,129.0889999999989,528.841400000002,2.742399999999985,1.4542000000000201,19.323199999999456,32.0,180.0,204.0,1.759242,1.457208;1.006167;0.78223;0.702259;0.712304,64.0,9.0,0.0,0,5.0,1.0,0.0,7720.0,2604793856,2604814336,472.2620000000011,373.573000000002,3.725999999999903,1.5020000000000138,25.56899999999959,32.0,180.0,204.0,130.30220000000148,31.3411999999999,3.2011999999999663,1.6908000000000374,23.737999999999882,0.0,0.0,0.0
64,0,75,0x489b877b6cf986b66a7c155c9c5b608a2e0e0abf5fa0f554c621bcd5fdef19e3,0x6cbd815116e306a175241ae7ab175d460ebf088ffe8a9fa0bd6c91d67dec0569,0x9eb7446cbb3a8a70b95182052333f3322c262ee09cf47be980bc7f3b35ca1747,0;1,0x12b0f47ed5a53badb7f2a1fdae0af771c9356324260e557e80a9d7e0cddd7e1f;0xd9c75f8203b6bc326c7d3d8217dbbd9ec6583d3036c181fe00302684ba1eb908;0x307d4d412050a175aed413f349b05cf18d835ba553d5ed70de305c6a8a9e6ede;0xa618cb44a1620bc4869b9d3220b795be151876c931ed74b03286e7a7a42bf465;0xf00189f0700a4ebe46034e875da2c9ae40fe905d5774acf93ab510d6bb112719,2.272617,2.151203;1.407282;1.057685;1.321873;1.041991,64.0,9.0,0.0,0,0.0,0.0,0.0,0,2620751872,2620751872,612.2729999999965,466.2129999999931,7.741999999999819,2.18399999999991,41.51200000000049,32.0,182.0,206.0,119.05340000000209,448.08159999999987,3.5295999999999763,1.6963999999999522,59.40560000000025,32.0,182.0,206.0,1.91646,1.312068;0.837623;0.684041;0.688959;0.674046,64.0,9.0,0.0,0,5.0,1.0,0.0,7720.0,2604814336,2601771008,561.2670000000041,476.53899999999805,4.23599999999991,1.8629999999999516,25.54899999999971,32.0,182.0,206.0,105.45099999999807,30.561800000000748,2.393199999999995,1.530000000000021,19.41940000000017,0.0,0.0,0.0
64,0,76,0x08e2276ad6b4a02b56795956af2c3917e5af4c7e44e8cf6530d4e38ae458e3dc,0x9eba5ef4cd41d7b1ba7d74ba83881ce949a5480b130b6eca3da8d31bb361a673,0x9cbb117e3809a4f63c459a40115489bb4471fbcc3602906581dfa51b7b073be9,0;1,0xcde2301e1a7034b635e93f2b2f8c802843b37223912983ddb35d2364ee641890;0xb09a8eae4be8b1c3d6eab1aa278916406b06740f209794071d9d06921a25b38c;0xa2081ee2d47adfa3091b4d21348117e0ee1d05ebee6fbd48a0e03c039e5289a3;0x263d05a53ee401f6affe1c0deeed3595da7e37107714542fb66150055e642ba8;0x2a5d422402a16df5708d50912ef1d87ff2c64070a8f7b3a1db235f847962b250,2.307149,1.91637;1.25316;1.013498;0.997244;1.006818,64.0,9.0,0.0,0,0.0,0.0,0.0,0,2620841984,2620899328,605.5320000000058,454.04499999998626,8.301999999999962,2.152999999999964,69.4039999999986,32.0,183.0,206.0,108.14919999999894,404.30960000000795,3.0185999999999757,1.60420000000004,35.970200000001036,32.0,183.0,206.0,1.869689,0.919507;0.704202;0.685514;0.690291;0.705513,64.0,9.0,0.0,0,5.0,1.0,0.0,7720.0,2604900352,2604953600,515.9680000000055,433.08300000000077,4.576999999999966,1.521999999999895,28.863999999999972,32.0,183.0,206.0,92.68159999999969,30.608399999999815,2.3778000000000343,1.2815999999999697,21.25000000000009,0.0,0.0,0.0
64,0,77,0x708456e72d269126c54c897cbb069d70f11f4d268ecb8e9d0ee96016f9f73f1c,0x0b16e14a6751387a3ba499469583e535fb36f57fb8374eb6e7cc37a3af902df9,0xfb948fb1ab0988a382baeb453be11d713f2e09079f3bbbcff7bccf6ee6e2c91b,0;1,0x4cc7955e856eafb5afc1393fdf76775a856da4f29e6f68e84c28e677673e6284;0xd854824a782f24f6a57696feb718a89bbe8212599fc142878b6a1f34e15c4791;0xcc7c6025d0a1002d0248b5573813b239355d7f2908b9044ac49c56b629a72d02;0x769bca362c77054c5eb2bb4ee3ff12000f1febe5b72668501f025d759c05ebf6;0x790dd0fc4feb6d3579b5bb0f3e604b911d3139119dc3bf7de68a75c9e7cce2d9,2.313198,1.853305;1.271898;1.117986;1.320772;1.009251,64.0,9.0,0.0,0,0.0,0.0,0.0,0,2621046784,2621046784,633.3449999999935,482.35699999998883,6.540000000000192,2.152999999999964,42.9639999999995,32.0,183.0,207.0,109.31659999999788,426.8194000000003,2.9570000000000465,1.6903999999999877,22.109200000000605,32.0,183.0,207.0,2.02934,1.072147;0.760367;0.665204;0.768819;0.561647,64.0,9.0,0.0,0,5.0,1.0,0.0,7720.0,2602127360,2602143744,750.9819999999972,375.7770000000007,4.606999999999788,1.3920000000000166,26.309000000000403,32.0,183.0,207.0,93.36480000000093,30.912799999999187,2.299400000000014,1.4221999999999932,18.599999999999866,0.0,0.0,0.0
64,0,78,0x5b7effc3efbf12ce86ff285a4bb8c8858078ba1158a7d10efda624fbb7599590,0xbf5a86749e22aa34c2fce4efba900fc980aa36d44db072574ea137bf696f89d4,0xede26ac7fef967b25f25faf9272a4d0ddaa7707ba8f73e69b4d5d791d1d6366e,0;1,0x7801a5cdb24f01675f30a23f29b71b13a91bed0de153e057e28e15338ccbdba2;0xdbacaff9ca92eecf9751ef08d1a0fd7b3e7fc6eb4531e51c17350c78c5234dd5;0x399c60af674022bbb396c9c0c13a21daae8fc6723ed3cebb557aa7af6193fbc6;0xae8b7c5d02c7dac6525d29fa3877bea71d29735a25f42757ebf6e3ccf6a9cb89;0xbf3b773db8c9bbc3399de0a02c39a510d1e8ec793350d476008bba62bb0f2112,2.162491,1.993005;1.248994;1.033118;1.205588;0.938105,64.0,9.0,0.0,0,0.0,0.0,0.0,0,2621194240,2621198336,653.1250000000044,440.07300000001305,8.082999999999876,2.1830000000000025,40.129999999999335,32.0,184.0,207.0,125.16260000000057,424.19360000000574,2.944600000000068,1.6486000000000018,53.877000000000095,32.0,184.0,207.0,1.829269,1.04763;0.755094;0.731373;0.718223;0.665774,64.0,9.0,0.0,0,5.0,1.0,0.0,7720.0,2605367296,2602188800,497.4600000000051,384.46999999999787,4.445999999999964,1.3420000000000967,25.647999999999644,32.0,184.0,207.0,90.25019999999995,32.262799999999146,2.3696000000000135,1.4544000000000015,19.93180000000004,0.0,0.0,0.0
64,0,79,0xcf335fd0ec4d2ccc27719a9f95c9c4fefaa9ed9ae1c7f8961f54a73f552fd4c0,0x6da9541144e9bbbadcc8e72423289aa676b454ce8d0cb7265e85b9c95e125aa1,0x1cdb20cfaf3ac0cb4e17ad83246e2e5ceb98c0be89c8fa8ebdbb60fa32f51272,0;1,0x644fca363bc26211e507e5b67a398febcc9410b4037f3638f2c8052775e63c1f;0x43cc36f2d05efdc0e10799bef4c817282b3bb9216f97bcff0aa04f26470c7b6b;0x35b557e67aaa5515c453b2c0ec20eb03e74772ab2e536c5a11a1ba2cac2ba72d;0x268ccb4b053503f360cfd2ad72e9d62d46c982c77243ef6713761b035d11fba7;0x4afea6347ebd817c5e0c9add7ebcea28e6409f5b254b546c6b60e5f2312a276e,2.257318,1.991252;1.126689;0.999918;0.980949;0.933417,64.0,9.0,0.0,0,0.0,0.0,0.0,0,2618449920,2621689856,581.295999999995,459.51299999999475,7.030999999999791,1.9930000000000467,44.49700000000098,32.0,184.0,207.0,107.80060000000202,412.1715999999942,2.912199999999948,1.8447999999999902,22.253600000000233,32.0,184.0,207.0,1.829218,0.928871;1.498299;0.780026;0.792345;0.733276,64.0,9.0,0.0,0,5.0,1.0,0.0,7720.0,2602848256,2602852352,568.6369999999969,383.33799999999695,4.286000000000047,1.401999999999957,25.638999999999175,32.0,184.0,207.0,92.20279999999914,30.95279999999895,2.3715999999999147,1.338200000000015,28.34480000000021,0.0,0.0,0.0
64,0,80,0x56149ec3b1109b79b6158c3408edf94fbf7167bfac8648907d279aae2c75d8b5,0x3a061ddbfdccac3d24113c99b0bc06c87130b55c068ebc7dae20ab0b53df9850,0xc3f887b9b4558ad41609be076b5fa180b4c3f329c0fc7e9a1613dc89f5474852,0;1,0x5d6b630df329699bb72ffb88c9bfb447f91ac447db14e2b6f9dbbe6b3c43aaa9;0x6ce42f0abb7f117c7ce320a94c67f82df217cb92faf646418928e95ed71d2e6f;0x0b134fe0e2c2a205ecb041bbb6206f1d627bbdad0d2107f555acbee470317b70;0xb82c5bd557bd52407416f4e41ef0b614635fd117f10e8fc11318f65e5af53386;0xe35c3921c1e005b1dd4680209fe59c7a2b0ff459103700838c879d5cbbf92251,2.194659,1.964773;1.208392;1.029372;1.526021;1.165648,64.0,9.0,0.0,0,0.0,0.0,0.0,0,2622103552,2622107648,562.4780000000052,471.42099999999965,7.731999999999878,2.6139999999999586,41.51200000000049,32.0,184.0,205.0,115.45380000000105,554.4704000000012,2.9721999999999387,1.7346000000000115,25.767000000000152,32.0,184.0,205.0,1.977416,0.935421;0.791753;0.696089;0.671632;0.684312,64.0,9.0,0.0,0,5.0,1.0,0.0,7720.0,2602876928,2602881024,706.3650000000005,406.18299999999743,4.286000000000047,1.6319999999998922,26.53999999999851,32.0,184.0,205.0,110.23420000000061,35.113200000000404,2.4836000000001173,1.4462000000000241,18.902200000000395,0.0,0.0,0.0
64,0,81,0x067a5d43a5403330a5e2c0d2c8098371333ba161971bb21892342d0f8114d362,0xcb8529fb653cb466f87af9023056faf9cfba006289905dbec982c66fcb5b2058,0x1369e0bc3f91bc3a7b8fca7f2d6e321bab0060120219ee2320aaecfae52f90eb,0;1,0x0b15af6fe4932fe2d45cbf26bb5a64a93001784ff404fa0aed9bf6f21ca5b3ce;0x11cb73b0804bf0c5e423a7ab0b3af8aaedb352984d7011c10ae74551909b3a6d;0x4f635ff2bf6d5b6bcbe85b383ad4c213edec8956321ba474a5092be6ad62318c;0xb8a4761cdb1222b84d07cddae545fc7c4f43570d96e0371bf958e7b219a8af7f;0x3ecef7bc10f8fd24aaa390dd77b5e973b8b89bfc78909a3c64e81b961fe1be66,2.184754,1.481924;1.135122;0.983002;0.966688;0.984294,64.0,9.0,0.0,0,0.0,0.0,0.0,0,2622246912,2622341120,638.2830000000034,444.2199999999952,7.290999999999982,2.2839999999999665,43.54599999999847,33.0,192.0,205.0,99.20999999999957,388.1613999999922,2.6763999999999437,1.3684000000000354,19.13679999999973,33.0,192.0,205.0,1.638541,1.382054;0.83527;0.591893;0.728619;0.666374,64.0,9.0,0.0,0,5.0,1.0,0.0,7720.0,2602885120,2602901504,509.8889999999995,386.75299999999663,4.13600000000007,1.3719999999999184,25.0879999999995,33.0,192.0,205.0,103.49179999999959,31.905999999999604,2.722000000000054,5.522199999999974,21.73480000000061,0.0,0.0,0.0
64,0,82,0x6c1c9d08bafd63e865fd48d7a878d0135048a2d2d5d8425372293c9b1a88cfdc,0xae22605adbd9f035238f4c60be4dfe340344b9201daae73a53804c67f5819f0e,0xfe151195e512838c8cdfcbabe6ab8fcad6bc186184723f5ece05671d1b0fcd94,0;1,0x4408f325a745f2decb620636baedf3ccf66b4d221a740192959048b265b39595;0xf65fb03bd356f364a4fb98653ad8e28b34bfc1871194ce519f09f0ed894a65c4;0xb3f9dabe0f9fa0eb1d3ad49bdd6741eb0c249b3f2c94c41b869a9f59560b297b;0xe7c153bce74ab1cd6279a1fa0ad1682bd059cb9683b3264962d6a13efec81626;0x5b3f4093ea4b0f19668e679e239f2a7d21528fb391674190a4f1fdcbca104379,2.472348,1.731671;1.141772;0.957193;0.98141;1.004525,64.0,9.0,0.0,0,0.0,0.0,0.0,0,2622341120,2622377984,839.1660000000023,464.9710000000085,7.891999999999795,2.3740000000000827,41.43300000000044,33.0,193.0,205.0,100.68179999999649,407.92079999999453,2.3638000000000305,1.3500000000000492,17.82479999999989,33.0,193.0,205.0,2.001889,1.595826;0.874428;0.699244;0.611703;0.747157,64.0,9.0,0.0,0,5.0,1.0,0.0,7720.0,2606821376,2602913792,807.4680000000056,401.4649999999967,4.42699999999999,1.3520000000000372,25.668999999999,33.0,193.0,205.0,104.24740000000153,31.40559999999931,2.966399999999956,1.5948000000000004,39.42340000000003,0.0,0.0,0.0
64,0,83,0xb6ceadadbc4835761788e5904a009b851d74d72686b98d95a548b1a67dfa7d36,0xf4f86f62dbe8a029a7fe9d72d0b5006bdeca3493698907b33ee18ea8eed00542,0x44c0b3cba3a1407c55b768f41f6b8785bb42e3215e90ea48c7551ccacc1e2780,1;0,0x1bb5e1dc18fac994f9bc810a6f0d91f6262eda46b5aa84a8ae44e8c9c75ad80c;0x33f7c69942ba2af6ea13136b1cc21d71314494d117722f5ef2e78304e791f4ea;0xbb20dd63a1efbce78cf96077273346be13a64fc0192a49b921de3fbfa2b1f7e2;0xfec49d6aa5e698c4a61f243232b02ceff1b359d7d1991c166df9062fb92e3610;0x284ba027622ef973668d2ed13072f17731a0de29771be36df62eea400f75897b,1.765842,1.458279;1.074971;1.090304;0.951485;0.969782,64.0,9.0,0.0,0,0.0,0.0,0.0,0,2622439424,2622443520,563.9000000000061,383.3580000000003,5.759000000000146,1.663000000000055,27.301000000000407,33.0,194.0,204.0,95.79819999999961,414.2345999999963,2.401400000000102,1.3640000000000092,17.803199999999464,33.0,194.0,204.0,2.207088,1.340642;0.764883;0.61033;0.711523;0.607206,64.0,9.0,0.0,0,5.0,1.0,0.0,7720.0,2602921984,2602926080,589.0489999999943,451.2399999999986,6.309999999999823,2.2030000000001007,39.43899999999875,33.0,194.0,204.0,109.82179999999842,31.040999999999705,2.289200000000005,1.5143999999999922,20.631399999999218,0.0,0.0,0.0
64,0,84,0x58eedd95434b8268e1e6eb0b47e852a990eef119c603be4041ceb56b8270b640,0x8d3a5e12381422dde5482d65f7e5d156874f91c3f5d05d2b2fc9432493712639,0x95b0c92b7e490a362b8c0bd5e945566085ba97fb13ffd164b728f4b49e9ed33a,0;1,0x33e2315c1b5d0f4b7beed3fc49f1cccbf6a9ccffc902212459e538d80cfe9228;0x58192c7ad8a561c36d9c45bf90e5bc5698b84b74fbe7097d3ea35b5c74b4dfe4;0x053df0bd24bc3a3f3eef018651f2b9e9bbb039bfe80a13ba52f4777b7f59ded3;0xaaa95005509fb276602035a319f5c0967c1b7d5dd6c82b681c9c857a57adab48;0x013f0b8fab31694205888019e5672111b1368ba77df289d8fb52ca2d81b1c838,2.189321,1.41939;1.086508;0.999447;1.147881;1.108126,64.0,9.0,0.0,0,0.0,0.0,0.0,0,2622648320,2622693376,616.8299999999988,428.56599999999133,8.111999999999789,2.1430000000000233,41.19199999999893,33.0,195.0,204.0,121.50939999999721,391.1215999999939,2.5782000000000234,1.389999999999985,18.59599999999989,33.0,195.0,204.0,1.773634,1.333861;0.721868;0.621817;0.674041;0.706756,64.0,9.0,0.0,0,5.0,1.0,0.0,7720.0,2607771648,2602938368,547.174999999997,364.8399999999982,3.785000000000073,1.3719999999999184,26.319999999999816,33.0,195.0,204.0,94.91079999999762,30.812400000000682,2.3998000000000768,1.3997999999999875,21.53459999999982,0.0,0.0,0.0
64,0,85,0xd3525f16ad649ee1d37baec2a80f9acb027ab9569a5d3098c9d0ffbffb950c12,0x2014522052a908403fe0b1d789afef8ec8e950da19101fc62da82de4c7f22ef3,0xef44b10aa06f680c1b88d86924d867fe7aa46419342358199dfc54edd9b94c6b,0;1,0x3fd5a4ee30fccd59de425e38e51fb0e6532f79b9de08c698f40622b91a9fa940;0x8ae0ad3ef38fe487388a84d46aa9fad749578d2da68045ce707422e6c9c07d99;0x0619cd0c474e1984ffd99e216d1df492a5e03db78d6246476d0c53ce7279d714;0xd614560a509ef493e9a03f73b3c68efd6feace3a556a233a761a60bc5e8c3de9;0xd4ba8745aff404d77f4baf682e90ac44bb4bfb3ccb504d7ec0175b9613bd8285,2.179086,1.956981;1.15378;1.234271;1.12754;1.920922,64.0,9.0,0.0,0,0.0,0.0,0.0,0,2622828544,2622828544,583.1800000000026,423.7390000000063,8.111999999999789,1.963000000000008,41.81300000000165,33.0,195.0,204.0,131.55820000000097,428.5921999999997,2.691799999999991,1.5543999999999716,22.17140000000048,33.0,195.0,204.0,1.704049,0.930733;1.019457;0.809271;0.687917;0.76274,64.0,9.0,0.0,0,5.0,1.0,0.0,7720.0,2608021504,2603208704,520.2740000000011,392.00100000000293,4.487000000000068,1.3319999999999392,25.93899999999913,33.0,195.0,204.0,100.41540000000072,38.572600000000286,2.333599999999967,1.292200000000028,19.53339999999984,0.0,0.0,0.0
64,0,86,0x8160d58bc4e4478c38ea320ab7a8233ab46f19dd15a000584a18a45d6dfd96a2,0x5cb238e3ce382cdd79d5b07c90f2fc4cfe520202c769677c43f03d02fbad4aa4,0x4e02ff81d78044dc46262a5b13ce4e789076e49056396ddc539b123d3a94bf66,0;1,0xfda72b17752fb26a5c1200f00320c622b2074f3fdec1865f310b3708ed688882;0x88914a783e03d66c9652dcb5b1375501863e3cb93371ba76aabc765fb0494c83;0x683325bc6944ca223c018c46bfbf55887d7d27a6b2251ea9359740eb91c19e05;0x1e28755632240cef2728791ef7ecd8bcd2697c39032d1c3b232d03f618a7ccdc;0x2db648c101e831e7b615bfccac8eb745b8bc451357d75853963f3a316ff33e64,2.454851,1.926675;1.212598;1.098526;1.145347;1.062773,64.0,9.0,0.0,0,0.0,0.0,0.0,0,2622918656,2622918656,626.0439999999923,450.758999999995,7.641000000000071,2.3740000000000827,42.79500000000172,33.0,196.0,206.0,114.87079999999983,407.759000000002,2.9324000000000714,1.6004000000000018,22.800399999999694,33.0,196.0,206.0,1.796769,0.900018;0.757782;0.748308;0.773457;0.667707,64.0,9.0,0.0,0,5.0,1.0,0.0,7720.0,2603212800,2603225088,536.1380000000055,371.3099999999997,3.865999999999939,1.4620000000000344,25.45899999999851,33.0,196.0,206.0,112.08500000000066,30.488000000000735,2.3215999999999517,1.4238000000000184,18.069400000000208,0.0,0.0,0.0
64,0,87,0xd3452803b9d57faed27a1c0dc73c2f9fc716369058f2c5723ca38808f6ef12cd,0x0beb13af77374d7e1ccc6085c5d4078875e74b8b319603f5cddfa70950ce2d85,0x94af00f424df79ce3e23d5a3e1a34aefdf4f7d7201ddbb7ec30995a9e1697d75,0;1,0x1b82728e060832f87c8033faf49e0331ac5055f8b440b3f272e0a762941e6f56;0xc1ad2c86a43fa5c942cbef7c5451676938e1ec3de0b66a0fcc2abf60ed54ceaf;0xfb8da04f61767fa890d6f792eeb0b55c2296dfb56e960b1e56858fe201e6233f;0x70229c688e0cec3e3da6b9ea9dc3cf7ef1c89f74771ac32d7623c092be4c6747;0x84daee6875949c4f32cdc92d35ed83fa3e354c1b1a54d29db39ea29703fa4db4,2.89847,1.836919;1.104615;0.996563;1.017694;1.042562,64.0,9.0,0.0,0,0.0,0.0,0.0,0,2626494464,2626506752,779.8159999999888,449.65799999999166,7.510999999999976,2.152999999999964,43.70600000000099,33.0,198.0,208.0,109.47099999999988,395.4404000000022,2.7422000000000906,1.5302000000000022,21.103800000000366,33.0,198.0,208.0,1.755036,0.999817;0.722409;0.717141;0.57073;0.579994,64.0,9.0,0.0,0,5.0,1.0,0.0,7720.0,2604007424,2604011520,410.3490000000043,474.1649999999986,5.038000000000178,1.4119999999998978,24.566999999999645,33.0,198.0,208.0,93.98340000000006,30.808400000001406,2.22540000000002,1.5225999999999695,17.496399999999966,0.0,0.0,0.0
64,0,88,0x3b7a5d9c24d1e52569c0e947576fe69d173d2f6a4d6fc2aaac7994985c3c700f,0x9356022449b7907b0cdac1721e444e7cfbb16b159588aba56b9e70a34edebd52,0xff8c37e00a55e82dad53eda1d9d555b05db036b2f2fd9a3347a67e68e9d8bb9a,0;1,0xb5451f81ff0e04299fa981681a5b34bbeee67047588313d797c254580bdb7b3e;0x3a48009f8dade731fc8b1dc44890d1eb376dfb489ee906745551e79fc4b16818;0x9946ba78102cf5802b833c0e5bf22f31133af3c760436d01b98dc81ba57ccc7a;0x6d6d8ab5e9553feba8dc44a4863e4f1c9052e8dbe98f5f1c2668e2b36b938cb6;0x025c793914b0df3785a2b194218be424dc32be889a599bd84223234f371592f3,2.32117,2.059065;1.183374;1.170635;1.118336;1.078366,64.0,9.0,0.0,0,0.0,0.0,0.0,0,2624393216,2628009984,573.2649999999895,555.8280000000082,8.573,1.9130000000000882,40.790999999998355,33.0,197.0,206.0,110.84919999999609,442.2406000000045,2.946399999999988,1.5985999999999951,22.003199999999502,33.0,197.0,206.0,1.79091,0.981049;0.849711;0.754768;1.139498;0.693175,64.0,9.0,0.0,0,5.0,1.0,0.0,7720.0,2604011520,2604011520,538.4509999999954,428.37600000000117,3.976000000000153,1.6219999999999517,26.280000000000054,33.0,197.0,206.0,103.29380000000388,31.341400000001183,2.4977999999999283,1.3218000000000172,22.744400000000027,0.0,0.0,0.0
64,0,89,0x66a24dcc9f5a981b034062ef1965e6070b23c2e9287e54df09fa512608caa548,0xcae1147dedd1608c551abcc5687ffc7147342307308e53bbabe8ef09405eb7b5,0x93ffa8cde58852fa053a1ad610a0ae5e64f86ea2283b73a6acfbc58b71ae9c77,1;0,0xd3f0eb2282a861b2ffdc570b9b88a06b11a268c03a67d48331deb9d49362ee5c;0xe188ff6049a3072192bb8c971d12fbe0482f5503d4d9e940bf3182232f2c03cf;0x1c27620e874655b238708a5d404a8137f6664c63faec6b697ab53e4d38dcba15;0xfde9447a919d877c1e22b19e9192772064308160af42c73099a1232a1e023aea;0x2a187bfc0bff64cb4030a5a1bbc22887d0d9aba01197e04aff9cdf285fd37128,1.685471,2.599489;1.112568;1.0015;1.031185;0.962831,64.0,9.0,0.0,0,0.0,0.0,0.0,0,2628194304,2628116480,476.7189999999866,385.3620000000002,5.827999999999823,1.6020000000000705,28.712999999999656,33.0,198.0,208.0,98.85319999999864,390.58479999999895,2.2418000000000613,1.2719999999999918,17.734800000000078,33.0,198.0,208.0,2.420579,1.262294;0.819315;0.873477;0.783872;0.9489,64.0,9.0,0.0,0,5.0,1.0,0.0,7720.0,2613813248,2614132736,547.8460000000046,750.9829999999968,5.948999999999885,2.0230000000000854,39.580000000000865,33.0,198.0,208.0,111.5162000000003,32.30060000000007,2.5257999999999354,2.0971999999999746,33.757200000000125,0.0,0.0,0.0
64,0,90,0x4240cbd38f51824df5e5d0a3f8daf646fe6685cd8889c00893a8d111a70cc884,0x60a72b7f028ae576cab5332ac851de41ef5863065d8d454d5c68b201b673ce48,0x3694be2de44ccad5b9727ae1e54c8649492bf5d4dbc85842f95d007db1687fdc,0;1,0x4d42240d4425bd6ea04c296edcb715467fff06b60a4fc3b08635b3e9cc107760;0x29e397c5bc98e475d8e316661284815d95e8f642e5cf011589b105c80d40debf;0xaa5d88784db0de5d21e9c7b5699359969d2b99b42abf498865182c002c0a38c6;0x0e696eb237c784fc301f44d463208bbe60eb914c4d10f0711a7eb4a2c11cd25d;0xee610eb31e5b878338efccac675ada0f76b18fd08d28e90130e5174300e80e38,2.110041,1.995199;1.102042;0.978475;1.026137;0.958855,64.0,9.0,0.0,0,0.0,0.0,0.0,0,2628349952,2628407296,551.4520000000078,460.53400000001244,8.3520000000001,1.9830000000001062,60.541000000000764,33.0,199.0,210.0,111.07120000000137,411.7170000000004,2.5693999999998853,1.6144000000000054,21.161999999999573,33.0,199.0,210.0,1.767545,1.069333;0.720787;0.600255;0.621618;0.598812,64.0,9.0,0.0,0,5.0,1.0,0.0,7720.0,2614136832,2613829632,591.3720000000067,381.07400000000206,3.865999999999939,1.4530000000000012,23.70599999999834,33.0,199.0,210.0,113.87580000000176,30.08119999999975,2.1694000000000053,1.223800000000035,18.00679999999916,0.0,0.0,0.0
64,0,91,0xe6d9339f4ba516e1ceac3dbb8bc715c8129d970722c79682c886995a1cfe185b,0x2a4ab6713bcf9205dde355f1d277e6481d0cd273032299f82e02ea19cda6c26f,0x3bf73d34a10e0ed14d6ab5a42a466ce44957410685ed9f2f55abc3535812ad2c,0;1,0xbec27e97e9f4d2fcd3c3b37d9713d13122c8efbb3a83a36adaf2556dc5cbd4b0;0xa9494006634e54ba57f1697f201e70526606e8f621872c247b8e4fe858164be0;0x031828fbf2ce9bd328724ba506508a2a7729ca5f49ed8f170ff0e864244daf9b;0x4eba00c973ee12788da0345ca949c4f5ebff06c4b721a671be9914689fbe204c;0xe7fba2e7af088825bc33a7c9a6af0c79becb8e61cb67e23d9cb06c7a016778d0,2.400379,2.118133;1.529617;1.198337;1.210915;1.143474,64.0,9.0,0.0,0,0.0,0.0,0.0,0,2628685824,2628730880,604.8019999999876,469.3669999999983,6.780999999999975,2.8949999999999374,43.78600000000052,33.0,199.0,210.0,134.2245999999936,472.2199999999899,3.321000000000053,1.8773999999999615,37.041600000000535,33.0,199.0,210.0,1.96984,1.023614;1.1143;0.764393;0.771273;0.659965,64.0,9.0,0.0,0,5.0,1.0,0.0,7720.0,2613915648,2614083584,597.5010000000003,403.4180000000026,5.208000000000036,1.6129999999999183,28.533000000000726,33.0,199.0,210.0,103.10099999999434,30.66420000000097,2.6738000000000106,1.400199999999994,19.76579999999964,0.0,0.0,0.0
64,0,92,0xeeccf55cc71683214ca54f523868ad45a1e8f328a53f6c2e6f7d7c7c96b51961,0x556c0de5dc282e44dec91823f2572ec5ecb7f27290cbe5ed62617de3ffb33885,0xbcd1b69e32aa6c199225d889652e0aa04067e75d58d94a18761038742bb8df4a,1;0,0xe95ea0ca8aec78aa0fe8d43e8a166cc28ea14a4bea36803b18bd8df08e697a30;0xdf924a7632a83863928bff053b64582168a46c48f73f8cf3c62de7a56399d3fd;0x0d04c03284741ffe385201eeef5c4e0fe4443264cea71a6c378a7e1aad2cd581;0xf6e5a2aa92aadbcf103b1b50949c5106a63a55b206c0be3316a5334a4a2aad13;0x00b68ef5f5c447d2571ecc77337efebebcc9b174845302e0469c3d729b11c9c4,1.740204,1.951572;1.193429;1.138747;1.030974;1.038927,64.0,9.0,0.0,0,0.0,0.0,0.0,0,2628739072,2628780032,549.9599999999882,372.160999999982,6.690000000000168,1.3420000000000967,26.550000000000185,33.0,199.0,211.0,117.60939999999609,412.0194000000077,3.1388000000000247,1.7485999999999717,26.938599999998953,33.0,199.0,211.0,2.495433,1.115732;0.864023;0.66342;0.74898;0.708268,64.0,9.0,0.0,0,5.0,1.0,0.0,7720.0,2614149120,2614407168,687.226000000013,423.8589999999987,7.000999999999969,1.9530000000000676,39.81000000000123,33.0,199.0,211.0,104.23099999999907,51.5053999999987,2.3777999999999473,1.3519999999999939,19.980200000000586,0.0,0.0,0.0
64,0,93,0xc683be3b9a6e464fd90dc8122a65a8811a1d6db7bb66241d92e1f979ee82ff0c,0x99b70dcd0b9082b735a8056c56b320300a24137393956d80fbf56274e7d8296c,0x08cdcc5a6f8c0a6af56fbefd74b198711b807af84c50a23fdcf0137a4b2dc475,0;1,0xb227f9396ac957271faff1486bcaec88cdf56d82ef691b71e0dcf4d2263b6ae1;0xc9828e4691ea2d9bc1d5904c3c8b6932e4ccb01683d64e7610b778e3cf66aff5;0x9b2f17f55b069d5c42debc8d0538381688b43b22a3eb4b0d4113095fcc855874;0x0531b33a340128821851dc8920981867ff077ae4caada7c2f94f0793d98f1f76;0x9844bf78c7da5db7b92e53c321fd8de75601db8586ab4d1c36e64a36a6541e02,6.275632,1.914868;1.261422;1.208272;1.31978;1.10784,64.0,9.0,0.0,0,0.0,0.0,0.0,0,2629050368,2629324800,755.9000000000038,697.3719999999739,10.385999999999816,4.18599999999999,54.67300000000161,33.0,200.0,212.0,131.95879999999826,449.68840000000347,2.8799999999998964,1.514200000000054,22.505999999999222,33.0,200.0,212.0,2.326377,1.689999;0.929712;0.747687;0.825865;1.049072,64.0,9.0,0.0,0,5.0,1.0,0.0,7720.0,2614419456,2614423552,665.7630000000137,431.0800000000003,5.52799999999987,1.5130000000000785,33.41000000000108,33.0,200.0,212.0,139.332200000003,43.07719999999821,3.356999999999926,1.6946000000000756,24.17260000000046,0.0,0.0,0.0
64,0,94,0xfd6ff922df460a557d75f9a61635c510db129f6ee13d6faa0b771eebc0ed95dc,0x18664d3baf24ca7c2adacf2f18ded21cc46f24b5f346a7a49dc36b87bfd4c889,0x23dc9fd7b01a7f9d57d70e50ac6fa9d860b73dc66d9c1aaa98d4becaeafaeebf,1;0,0x703dc891d76b69d358baab5a5c045d36877181469b97a1b21bc60b38f50ab207;0x917a07f9c07e99b6e03467f011d08902d483d8bfb5f7d9cb8c07a483111e2af9;0x6b6e3911d7a141b1f2d41e7d885d2ff9b9522cc12c7eae75d6931d958fc7cbc3;0x9d0bb4f118cdf8967976d240119f246a3dfa46a5ca079cd72cfde120778c666c;0xbb62ee3426352089e5735a8fd492429bb2c9ff3a0ea0a701ee0f3c7bbae740a0,1.865372,2.025233;1.506592;1.185237;1.093549;1.02748,64.0,9.0,0.0,0,0.0,0.0,0.0,0,2629472256,2629615616,492.7730000000019,455.90699999997764,6.350000000000019,1.4220000000000552,26.1689999999995,33.0,201.0,212.0,112.45759999999882,454.64939999999564,2.8964000000000243,1.7506000000000033,23.26919999999927,33.0,201.0,212.0,2.588453,0.964284;0.886307;1.007549;0.740046;0.867779,64.0,9.0,0.0,0,5.0,1.0,0.0,7720.0,2614468608,2614472704,929.7209999999944,476.7779999999971,6.289999999999941,2.082999999999946,39.68000000000027,33.0,201.0,212.0,102.81120000000256,32.70279999999931,2.38359999999993,1.478399999999989,18.770200000000486,0.0,0.0,0.0
64,0,95,0x55ecb0a8b8bfc08c6b8ec8822650e36c3f8fe0b53dd437a6709566432e3088df,0xccc210f04e3428a63d20258799ae0597b93664566c4164c5bd3a8100efe80542,0x22a52234578da78d9627421260adcc8470a1b336e487abc38ab7879341e599d8,0;1,0xaac11b4737437d57fe11b51000bd2e9397228a3a2d7079842292edd5b1a24c8b;0x18797151f75ff1fca32d9259364d4cddba60a269ab3a3851dfb173aa37be5365;0x6a20320b80cebbe5c0e29effde8225086b5c0bf447264740c7d62dd01e019eb7;0xb714f5b8c04e7b69a10c589dee0f8de8b9b692bbc3db34003651edd49edd5bbf;0xa0ad8c3b9d383a4c210ce8d11c245eefeb64d0e220a57be79a1a9a741be04ccc,3.363461,2.271165;1.416425;1.018395;1.042792;1.128321,64.0,9.0,0.0,0,0.0,0.0,0.0,0,2630860800,2630860800,892.2460000000132,871.5839999999808,7.56200000000002,2.454000000000041,42.87500000000124,33.0,200.0,212.0,167.8690000000038,454.38079999999826,3.753600000000034,1.7628000000000001,23.214999999999346,33.0,200.0,212.0,2.284109,1.879765;1.006523;1.026267;0.739134;0.749209,64.0,9.0,0.0,0,5.0,1.0,0.0,7720.0,2615750656,2615762944,725.3540000000114,464.0789999999992,5.047000000000211,1.8520000000001036,30.34600000000054,33.0,200.0,212.0,161.62780000000265,47.96819999999952,2.7502000000000426,1.6085999999999792,36.769400000000175,0.0,0.0,0.0
64,0,96,0x207714d837d60af0ecb5e8db8b006fb7ee771e371c1c6c1897504761ec3be189,0xc5f0dab775c156a3f7751a0702e4fb501706b340ae2769ff75e9b3afe28aafeb,0x488ffce87fa7e1d6ba1fa005d6d136347553c70e9c3e19557524cb0df725aaa9,1;0,0x296b53b0abf417d04e4e84ee9a4988562abdaa02f43be5846fb6385ad7f1e692;0x41fe32c1490365b5a65e8f1e7329cd867f65cd0f45ff3903bb9b3c73625e8664;0xc82bdd6f52060e1f9957f247f7107b5b1dfd82336f50b248c40bbc202218f514;0xa3019e5a3464a2a2d72eff82aeada2fefde0b7bddcab91e3963423d89b4681ba;0xc4eef0ac2194cf9e7698b394117b0e78f399af6cbe6ed501492ba8811467015e,5.438049,2.475123;1.551209;1.835437;1.318938;1.277476,64.0,9.0,0.0,0,0.0,0.0,0.0,0,2631340032,2631565312,1932.9640000000093,507.86600000002346,6.710000000000049,1.7829999999999928,802.7100000000016,33.0,200.0,212.0,141.85999999999922,612.6859999999956,3.0523999999999654,1.692799999999982,21.897199999999785,33.0,200.0,212.0,4.212386,2.317089;1.260491;0.899356;1.031215;0.781598,64.0,9.0,0.0,0,5.0,1.0,0.0,7720.0,2616672256,2616922112,1365.9589999999998,615.1169999999984,6.420000000000037,2.3740000000000827,42.99500000000053,33.0,200.0,212.0,155.77699999999584,154.5899999999989,3.2045999999999983,2.201399999999989,29.45619999999982,0.0,0.0,0.0
64,0,97,0xf1a0c3ac60ec889005946fe355609cdda150b2229f2eebd2063992e6fc7c9238,0x42bf3c2ebdc558e1ca54cfb7aebdfb904504bbcab52374cd45bfa8dd51a68a5f,0xfe32509fcfbd997a381c0cfe2cdb0d3c74e6b3495f4d894f3c0ae299d65588b8,1;0,0xa02a51a89a20d81f2983c0f21f698b356e2dbcaa02ef940b1e897601880def85;0xd3830ded73d435941a2d422783fe0cc3097743b3d3d51bf968e2fb97c1bb9977;0xbc645022ce8bb36d445d486aec396ee9a4a7c6013e7b7d9c18768ad06de469e9;0x9f3ae9148f24fd3a5ec69e48dbd0b527aae4875a850ddfbc68c32b965aea8b26;0x26c3439bd2bcc0f5c91759497830e10209b69080255966a5686758aefcb46a6e,2.11536,1.958193;2.260498;1.107871;1.071045;1.18739,64.0,9.0,0.0,0,0.0,0.0,0.0,0,2631589888,2631634944,634.4169999999982,411.32999999998754,5.718000000000043,1.541999999999993,33.600000000001685,33.0,201.0,213.0,104.17080000000301,656.4519999999962,2.9083999999999532,1.297799999999986,19.303400000000163,33.0,201.0,213.0,2.614152,1.245779;0.841163;0.745189;0.768138;0.618132,64.0,9.0,0.0,0,5.0,1.0,0.0,7720.0,2614177792,2614190080,594.2160000000085,487.67599999999936,8.151999999999985,2.534,41.40199999999941,33.0,201.0,213.0,121.43119999999952,31.607399999999952,2.7561999999999203,1.5282000000000142,21.955199999999785,0.0,0.0,0.0
64,0,98,0xa298135f617e713ebd741282e3c9cbc5f6c297aa08d2385add01360a251f38fa,0x2bc0b737af0ca2c8c0fb1e5bedbdaefec6bb2ccb8c8221aaf22408cde08c64fe,0xd48df1711f8894cf46186ac6a18fccc7d61418249f1671700fb889360ab5bc5e,0;1,0x8fc6442e162f336c6929030d2befab66d29868b7a4c5d1185bb9411a98600dca;0xa8d66e659f4e10433a7d36786805a204037e3ba286d9d2c3ea034d824fd621d8;0xd730fb50872d01fdfba69dfc3e315e743c07e51411045b2b79d94f170c64e79a;0xccb59528d887140ede1d9c88f21d6c375b12e31390dedb6b3989f58f29d14702;0x5b7b4e56e4df9e737ba9fadadf8b630003c132e5f247adc6ecb39f62d0c1a8d8,2.42027,1.499451;1.242803;1.125467;1.087579;1.265097,64.0,9.0,0.0,0,0.0,0.0,0.0,0,2631778304,2631925760,699.3140000000064,499.68400000000025,8.462999999999786,2.3140000000000054,40.231000000001686,33.0,201.0,213.0,115.6124000000036,415.91500000001116,2.3014000000000023,1.426200000000013,18.54020000000012,33.0,201.0,213.0,1.792352,1.339639;0.82252;0.726596;0.777653;0.853207,64.0,9.0,0.0,0,5.0,1.0,0.0,7720.0,2618167296,2618179584,500.9759999999863,433.2130000000017,4.516999999999889,1.521999999999895,93.25099999999905,33.0,201.0,213.0,111.12379999999588,50.20560000000146,2.6118000000000325,1.6105999999999672,36.330600000000075,0.0,0.0,0.0
64,0,99,0xade2e309b885e8535951a59d6fb06fb48edb34bcae7fd0ed8beaa3cff235a31e,0x6d03bf6710f5744b423aec037e420198f2be129c6a325b1de5831e8a16cba35e,0x8fb5ccc88f58f211cd63b9e4714d583abff001630748214f158c2cd89a32faea,1;0,0xcd2aacf08617f506f3cd99a061cb7747a750936f7b1fba13be1618c890d3582e;0xe5c69b685e61aaa0b33734a8040ab73258ee73755619eb61998a2917de71e411;0xf917d2197c48013b1a8987eff899daaa5982f4e0fdba4134266c02126154f260;0x2e370ec7cdb951289d092ecc1cc5bc5f6a979d9a0fb48f96c3e0260834ed1ec7;0x025beccb303137c4c280bd253bb6aa0e462179467d5493880d6c96d4867c0012,2.120808,1.92313;1.188983;1.135181;1.114485;0.990924,64.0,9.0,0.0,0,0.0,0.0,0.0,0,2633306112,2633551872,663.4510000000093,492.3629999999957,6.690000000000168,1.7229999999999155,28.44200000000005,33.0,200.0,213.0,119.03520000000056,435.46879999999396,2.878399999999958,1.6144000000000054,22.419799999998794,33.0,200.0,213.0,2.290183,0.937373;0.8491;0.754919;0.890903;0.791063,64.0,9.0,0.0,0,5.0,1.0,0.0,7720.0,2619469824,2619797504,619.434000000002,445.34200000000135,7.141000000000005,2.0029999999999872,39.66000000000039,33.0,200.0,213.0,92.68979999999539,55.72219999999962,2.2371999999999668,2.087200000000034,19.216999999999153,0.0,0.0,0.0
64,25,0,0xa25ce5bfaebb95cca8b8e22181173be7f61116839dcc293352658f6d3d3da79a,0x2edcb0da1db957bdf490aa7b5dbbc0cbff72ed4f1670650ca8425960bf19fa37,0x2497f04dabf3bd02a57d339ca20b37b49fedda02ec03f5c1a09404e67db35077,0;1,0xcad40ff7677d9f578c3a963950c94c4ed7c2b03f2ae81af4984ca0a59f6e2b87;0x60ed160ac5f4269b75ca83844d2925e1ddbca289b22ca3ba94a1d2c0884b61aa;0x18cd596870f32fe1214ad1eaa3f2c4055afa5b67726bb3872aac723ca36abfb2;0xb1c3d96d98a7d81ba31919bde4a1318fde3367488f9e751349bc0d52cfdf80f3;0xdb4ab1c4473f66dd3e4401d2733a7ff59c364f358d65e52f20698a2a1824f62f,4.087593,2.359528;1.513161;2.342693;1.540773;1.298838,64.0,9.0,0.0,0,0.0,0.0,0.0,0,2634297344,2634305536,701.026999999993,502.32799999999634,7.680999999999834,2.3939999999999637,42.212999999999276,33.0,201.0,218.0,171.44239999999922,538.8966000000161,3.5934000000000483,6.968600000000066,34.02119999999994,33.0,201.0,218.0,1.913986,2.466699;1.208868;0.794528;0.896822;2.352637,64.0,9.0,0.0,0,5.0,1.0,0.0,7720.0,2619842560,2619969536,591.0709999999985,408.2550000000032,4.946999999999938,1.502999999999921,26.780000000000552,33.0,201.0,218.0,127.62259999999915,33.77260000000104,18.603599999999965,1.7625999999999753,28.54300000000032,0.0,0.0,0.0
64,25,1,0x66544f78e63fa5f50894555865ce9da5baa33bef7c55496f1b95c35bcb319821,0x29d78859eddf680b832491d82e883e2244879aa7619f456f5d732fc183ae2143,0x98f5ce803de81c10cda754b963d7abff58510543205876fccc5b343e114df11d,1;0,0x80e95fb4a40e5fdbcef605819d098d7c961c630274138b3407026a630d314afe;0x2699ec9a2fd3b9a1c075d0c4f5c2d0f11605e7a054006ff5f91e981b16c1d6c6;0x6beac4c83b4f75bc6f7e538600d2c14d4effde2c5c73be2036f393bb365a5147;0xdfa90798049e50110de7b197cb6fc82204e87721b4f6fe175ab9f15f2bbb4028;0x31bc595e348dd4e7cce8f85363e76621b89f43b99b5d7b239da7f8777d61e9d2,1.952554,1.513613;1.132808;1.251126;1.506111;0.990824,64.0,9.0,0.0,0,0.0,0.0,0.0,0,2634686464,2630365184,530.2500000000099,419.9730000000179,4.746999999999824,1.3319999999999392,29.0340000000007,33.0,210.0,218.0,123.27799999999888,519.0347999999956,2.9187999999999437,1.628799999999972,23.94639999999948,33.0,210.0,218.0,2.249171,1.369154;0.873737;0.795209;0.642879;0.710481,64.0,9.0,0.0,0,5.0,1.0,0.0,7720.0,2620563456,2620661760,557.8820000000095,477.29999999999995,33.31999999999988,2.24300000000008,41.040999999998604,33.0,210.0,218.0,106.7671999999964,33.25200000000029,3.0365999999998685,1.820600000000021,22.78219999999956,0.0,0.0,0.0
64,25,2,0xa356cba1dafda638f7558bf09e0e6edc66c1d8babed99bd5947d606542c132ea,0xd44c1026e9e81a80d25c4aa276168a8e25a9a200f76dfabd5a60f7646266d393,0x80da9fa56c0fa27c0ca3bdb3389328380b572015e1b9c4de25da3ba9a59e1197,1;0,0xcb4e28b3a5c7227aef49dac7d3bf6218a3b8bc0c31b96fbf0371ab1fd34792c0;0xc2a3f2889f025f43067193f8a8f85245db9d618c76d8d6f87af3f9d57033ddc1;0x024678efd9769a41b99645571bc6d50c6abc7651f134e44e24d84770478223d6;0x3724c170d5549f1bc412d8b091ba7e16864ef006b52d27c0b92ac139a96f4aee;0x8a62b1bc4dcdaac9096813e4bbcb0731eb4a40e97b7901f16c2d4ce4f90436c3,1.989404,1.59161;1.40582;1.162312;1.368363;1.10117,64.0,9.0,0.0,0,0.0,0.0,0.0,0,2630631424,2630721536,621.016000000002,472.5119999999805,5.7790000000000274,1.4819999999999156,28.903999999999737,33.0,210.0,218.0,106.46460000000025,506.8461999999885,2.519599999999903,1.4164000000000536,18.431400000000487,33.0,210.0,218.0,2.447956,1.321603;1.20682;0.668547;0.638222;0.657912,64.0,9.0,0.0,0,5.0,1.0,0.0,7720.0,2620755968,2616299520,691.0169999999882,516.2489999999964,7.290999999999982,2.4129999999999376,42.292999999998806,33.0,210.0,218.0,143.1895999999988,32.47499999999848,2.7280000000000184,1.858800000000037,22.325800000000395,0.0,0.0,0.0
64,25,3,0x16421224588bc23b4ad7450801f8b16261730d5c50e48f5520676415ed201f9f,0x660a33e2f3307ec8b264dc37396d0c1e93be96dff09479a14a50bc748fc12f42,0xfa72d7a81a8b2d6fa8b658e6975318d3f079ab473a0c706fbd4f4007e1c4fe31,0;1,0xc6dd5fd329aa3322ab628993c1a403e93fc3ef91f40952eef3b72cdd53d1ee63;0x1f617956d857266acf54b82b331e1c85d2f48e1dc02c696cb924eace5f22387b;0x3a4fdccbe038ce51253318d4b12bddbeb787f05b086d0147f572879d64e0f4fc;0xdf7a6c2824e6c4fd91ceb7c91092e40178343dc3e40c978887f9418e53b13838;0x8a11a0d4598ebee9ff578dcb7c683f729dad71fc7c116a8fbd7149449b1ad40d,2.336473,1.952855;1.221803;1.111385;1.115442;1.171636,64.0,9.0,0.0,0,0.0,0.0,0.0,0,2636324864,2636300288,544.5010000000028,498.47200000002755,7.160999999999886,2.4940000000000206,42.03300000000035,33.0,211.0,220.0,106.9552000000029,438.39480000000816,2.9246000000000136,1.614399999999962,23.03479999999983,33.0,211.0,220.0,1.713464,0.886116;0.787547;0.732224;0.827648;1.857611,64.0,9.0,0.0,0,5.0,1.0,0.0,7720.0,2615029760,2615029760,416.828000000008,412.19100000000617,4.467000000000186,1.312000000000058,26.27900000000058,33.0,211.0,220.0,90.26800000000446,32.07439999999839,2.279599999999941,1.2820000000000191,18.26580000000022,0.0,0.0,0.0
64,25,4,0x8da0a05b93fdb33da8b145f7f6c68fc0940e1cdfdf6ea74bdebc4a039dfec57b,0xe6ec2f44727ac48df022565cd97a41d399ccf60bc7a09e84a9a2b50c1b6c7ea8,0xe9d9744d85f7a22de8eb14a988d0a1a99e25d45056d165904984b7d057f15970,0;1,0xc9a894bc52d37c20e166011efafc4a5b0461a4854a0798770bd6dfd18eb6e4d9;0x228da478f532ac74dfebdc970601903f0127392b3b25e5781ac4ae10405bb43c;0x23f37b4a0776a1b83e1d949f6207ff0e977def260f0ec74b4de6e9129d91a5c4;0xf4ef752ec52b89b3e6ca407042d7105498a6387bf11ebc9077630c332251a0f7;0x4f56315639d79ded785cd1e47cd5915f323acdf8d9361c4ad8a465e42ca01a6d,2.513069,1.597348;1.478824;1.65791;1.927396;1.398318,64.0,9.0,0.0,0,0.0,0.0,0.0,0,2636824576,2636943360,734.876999999995,478.13099999999275,7.972000000000187,2.433000000000036,41.18200000000072,33.0,211.0,224.0,112.73599999999661,529.1135999999974,3.20479999999998,1.5461999999999942,27.34719999999968,33.0,211.0,224.0,1.758021,1.634189;1.234506;0.820382;0.895951;0.692454,64.0,9.0,0.0,0,5.0,1.0,0.0,7720.0,2615029760,2615037952,561.1670000000013,448.01599999999553,4.276000000000106,1.553000000000058,27.952000000001227,33.0,211.0,224.0,128.50139999999732,43.179200000001416,3.2911999999999524,1.6121999999999923,24.637200000000163,0.0,0.0,0.0
64,25,5,0xa00a966cbda999a0fb358518c5266ab518c8188ff86f3e8ef385a8be2713558e,0xaf0ae652377bd9e6c28dff4e2a21c035278b4e8f69ca86ca4d40c98f36ed3ee2,0x862281b9fb2c557a45e9b8876f725555e33ee5d8b818a0be1aaacdd38cb6a9ab,0;1,0x472c83dca083579eb0464a21853709d44986866481c178e744fe11e63849f7d0;0x966cb08a163f8f821d1a149ebe163beebafc3865a8ca573f43095389a0f6affe;0x58cbc905735e6629862385b67b742755fd70a64d317395ec409b2776a1270b31;0x5adbca61ad5b91e30b677e27d1c3e973ec4738ac03cb73ed9e2972422aa760f5;0xa1d97d5dbc2e9fd60b85335b6197dab51b340ff3fffa91afea4caf26c2d02eca,2.706536,1.765132;1.450076;1.206759;1.759703;1.080328,64.0,9.0,0.0,0,0.0,0.0,0.0,0,2632404992,2632364032,810.4120000000104,450.3390000000218,8.052000000000145,2.042999999999967,42.74500000000028,33.0,213.0,223.0,115.46200000000505,618.7470000000084,2.5757999999999854,1.4879999999999667,19.26279999999933,33.0,213.0,223.0,2.065935,1.381933;0.871604;0.654657;1.422585;0.684472,64.0,9.0,0.0,0,5.0,1.0,0.0,7720.0,2615046144,2615046144,577.730999999998,449.2269999999965,5.3779999999998935,1.5320000000000524,136.19499999999869,33.0,213.0,223.0,127.8164000000026,41.15999999999842,2.8924000000000483,1.7964000000000522,22.488200000000262,0.0,0.0,0.0
64,25,6,0x748b0a37743764717dfea8d49e6afd4faccea969f369cdb564d01d036bd034ba,0x904396a85174f0bb0180cfdffaed093c40e3d3b54b2d7b4fe73268fa4c0e4760,0x4ce61701e7a5e17fd3b90a2431037db3e0c9d620982360ff9669e2fe399faf86,1;0,0x9c2e0541e5ff79cd49b479f04b2e7d4cd4027e2082c5b22ab9c199a9931c13c8;0xdda6e03c0394fc9633b5dbe0b507a57d234fded62603e393e280942f3d5128d1;0x8834029cda1c3a113615eeeb7dee5c1830a50abfcf71d88ae2faf5603c635164;0x9ffa8e70b8020e86e76a3e0a5f2aed631bea86b0ae2757cfb572e84d56dee8e6;0x7f851215f00137fd7a887f721034099c07611f52b3e4de6f6c8fb124dfb2d2dd,3.27712,1.456435;1.217685;1.032256;0.956432;1.020778,64.0,9.0,0.0,0,0.0,0.0,0.0,0,2629246976,2632343552,560.3650000000071,588.9880000000124,5.467999999999792,2.8439999999998933,27.25099999999897,33.0,211.0,220.0,113.3007999999991,427.89119999999684,2.8061999999999707,1.5399999999999616,18.59399999999886,33.0,211.0,220.0,2.355461,1.407722;0.80214;0.71663;0.713015;0.640045,64.0,9.0,0.0,0,5.0,1.0,0.0,7720.0,2615046144,2615058432,579.4040000000056,482.0960000000013,7.540999999999798,2.2130000000000414,40.55099999999978,33.0,211.0,220.0,108.86219999999281,31.713599999996788,2.491999999999946,1.5521999999999585,21.299799999999202,0.0,0.0,0.0
64,25,7,0xe19ace15fc15a0d05ced09372a776a519384f0b6169d280b2e66cd7a3301b23e,0xf06f334d42ebe6d39956c150ef91fb3a9fd8b98147c45586b1fbfe3b060bd49a,0x5166caf5cd1995f99798ab186a2c679b2019d7808cd6dcf822920c8a203b324a,0;1,0xc73b05d96bc1078f8dae4fbf95fddb4dd823fc03b84bbb0d253aaa36522429ac;0x2715e140a8b8fcb27643cd5489012f682c14ad67861adb6e1db7a296cff6f098;0x33ed644bb8278a22837d7ec445db2fc4512012fd37c5195424d87fdb1731d74b;0xd288ec4edb8a183a26b08abd3ee99881302cd02c8599bd1c0299859602f191ce;0x5c8ca7de4c0f37a9c414ae757ab4b7aeb4ca61f12ee1f77ef6db3fea79a5b9ec,2.452967,2.008728;1.246449;1.240445;1.289724;1.072036,64.0,9.0,0.0,0,0.0,0.0,0.0,0,2637041664,2632499200,708.057000000012,449.7379999999773,6.690000000000168,2.2530000000000205,41.412000000001086,33.0,212.0,218.0,132.2773999999971,437.58360000000215,3.092799999999951,1.6386000000000178,23.12880000000031,33.0,212.0,218.0,2.086555,1.066798;0.865074;0.670151;0.91567;0.833196,64.0,9.0,0.0,0,5.0,1.0,0.0,7720.0,2615083008,2615091200,622.7480000000063,444.73999999999904,5.278000000000054,1.731999999999949,29.714999999999602,33.0,212.0,218.0,108.0167999999937,30.48380000000017,2.862000000000003,1.4801999999999524,20.671200000000475,0.0,0.0,0.0
64,25,8,0x3237310b59fcb1d379df4394e040cdbef62aec72b0daa3455f8f0cab803efdd1,0xa96b1a2672c1cfd21b6005124481778d15b19ec32de950668269eab143137105,0xa7e90d25632fda102ea2dc59c370e69f0ec3e418f103f60aad7bcb7481a460b7,0;1,0xe71f1e99ccc5833c49b8e92cf1e9100978e5d1b59a26081b9a877e23c6752759;0x4f1a5e593b63a24e68a166e4373592aaa9de6189aecf5e120746b5c6cebfaf90;0x8a912a3b6e33e2f875fb2093830492c89ec8da75d60ca1950ddf24713e203c40;0x4d16e77183347c1eb4f602ac156b9a7a1f6863838e5f4e5607531e5a2b3285a3;0xd3c2cf34e6c3052a5b50374020c40f2023df1df66cfd1a396703467f37ff8d2f,2.30832,2.134342;1.176193;1.007349;1.178306;1.062947,64.0,9.0,0.0,0,0.0,0.0,0.0,0,2632671232,2632675328,622.1379999999943,461.6860000000167,8.081999999999967,2.012999999999928,39.859999999999204,33.0,214.0,220.0,115.83279999999863,449.5534000000134,2.9201999999999875,1.5824000000000218,21.976800000000214,33.0,214.0,220.0,1.865261,1.087494;0.79641;0.672634;0.680716;0.651102,64.0,9.0,0.0,0,5.0,1.0,0.0,7720.0,2615099392,2615115776,599.3629999999916,408.83599999999575,4.596999999999848,1.6919999999999695,26.729999999999116,33.0,214.0,220.0,94.20800000000672,30.35779999999988,2.2974000000000254,1.4461999999999808,19.20099999999994,0.0,0.0,0.0
64,25,9,0xc5da21d3293689850bc9898703c5cfe504c7caa97b935a91854566452960d960,0xfd4b7b5a2432fafd2b49a63dd833f2f1573e44a2abbafe1ce0e3a3f175b9c039,0xdf5e3cbc6a691babbc2cc65f94a71f1369c652b639710cb1102421b3015bdca3,0;1,0xaf753cb08a704049d72dfbc05727375cc8b3a1e891842774b46d652f1ab2e993;0x43156ead0706c77d4c5b17e9e331f23d4e6337bf232d0d23fe3b37e8d29c9bfd;0xe3c7936ca92d2e1c88735349866663b4d68d4bb60cf1e52728c989a54be6a6ac;0xfda00425f4ac46383e4d4c36149d174c294cc1f50f6ffb826f7d664406ec30ff;0x9cfa8513f1585ab59fa0297aaa8a741314571829fd6d2405ffedde0b0faae3b7,2.31185,2.018703;1.287851;1.085326;1.278246;1.018505,64.0,9.0,0.0,0,0.0,0.0,0.0,0,2637234176,2637287424,601.7470000000136,488.9670000000068,7.201000000000082,2.414000000000062,41.89300000000118,33.0,216.0,222.0,142.17440000000025,480.2942000000088,2.884200000000028,1.5841999999999852,22.44939999999987,33.0,216.0,222.0,1.985744,1.033097;0.7232;0.658352;0.797783;0.691703,64.0,9.0,0.0,0,5.0,1.0,0.0,7720.0,2622275584,2615234560,612.1319999999874,451.54099999999977,5.638000000000084,1.593000000000037,25.809000000001635,33.0,216.0,222.0,112.29140000000304,33.314200000000845,2.225399999999933,1.2360000000000324,17.86679999999999,0.0,0.0,0.0
64,25,10,0xec4a89f7c6ea7fca1511284ce547b02ac24c63a3cb2847fc6994b8efd344bec6,0x1839a47b25b5f932a9e3f2fc2c54f2f3c5fe82de0695b6a851f753b0dd92e1bd,0xdaccff1d5841c84fc079ff1afff0cf9bd724c58b265b6565e8c0116f7c19060e,1;0,0x6fb397d6ceed79ebf4cb015c19c076d0f34808165bb08e3d09b7eaf009865893;0xf08d8f73b2b702b2a8b394f7318c573d130a61a60a05d3c923810b8fd3dea373;0xbc4712df3726b7a58f0444208a4e83dd7099f47d04848828aa9e21ae3e4fc017;0x0185e1617c10100c912fb43e693b46c4ec47a2c846adcfd4389298ba863f05e9;0xeb43f0ddec0c7d08c18844dd7ce100f98129b456884e8046d1fbef81612f6558,2.363388,1.646101;1.07433;1.242953;1.135241;1.116513,64.0,9.0,0.0,0,0.0,0.0,0.0,0,2637496320,2631954432,627.985999999997,440.2430000000068,6.148999999999998,2.2139999999999485,28.7729999999993,33.0,216.0,220.0,128.50179999999713,451.5765999999921,2.637800000000138,1.3959999999999926,18.01319999999995,33.0,216.0,220.0,3.348172,1.570978;0.841378;0.742409;0.701808;0.662038,64.0,9.0,0.0,0,5.0,1.0,0.0,7720.0,2616995840,2615361536,713.9070000000136,1105.8770000000052,7.211000000000023,1.9029999999999307,53.19000000000157,33.0,216.0,220.0,105.27440000000499,37.526599999995746,2.9363999999999604,1.6281999999999843,27.88999999999986,0.0,0.0,0.0
64,25,11,0xbc2c72e7f38d79c3a7ec62b37a78934644c4f6eee88103850fbbdd13f1347561,0x843b2bf566bee1b690b693eeebe659e377aaa6591d392ae8f0e097e64d9bb4c0,0x11efeae101df61cf100b181afd9b4d7ab9745ca7373b57da72a20e2d9b43a014,0;1,0x1727797c10181a100d0744a3adb661e8f70f8e85238cb91e7a10c6de142b4988;0x31c2c8a432498cfe8ccc881a392366c1bde50bddc54f659c4652c61cf84c369e;0x4cea1b1a939521679e27afa4ca63127fa1a6002372e707b5d1a06ed90fd563e3;0x6c47aa185595c89d4384705a844d2cb210a40bb47e88f92677e88f629f470108;0x0fd00db2e9ddcbaef4854c086911d577a2a73fb2bf15ed614d98137dc449e54e,2.313077,1.627022;1.116834;1.099467;1.038255;1.299008,64.0,9.0,0.0,0,0.0,0.0,0.0,0,2638561280,2638680064,538.9020000000078,455.50700000002166,7.38099999999988,1.9830000000001062,42.483999999998886,33.0,215.0,218.0,101.38100000000038,435.5404000000007,2.487799999999988,1.4062000000000014,19.150400000000204,33.0,215.0,218.0,2.005853,1.322343;0.810431;0.627787;0.70326;0.770381,64.0,9.0,0.0,0,5.0,1.0,0.0,7720.0,2622967808,2623250432,566.1030000000122,393.92400000000384,5.157999999999899,1.5020000000000138,26.871000000001228,33.0,215.0,218.0,112.29939999999883,33.3619999999979,2.3556000000000967,1.9448000000000034,21.50419999999917,0.0,0.0,0.0
64,25,12,0x33dcecaf1aba187ab573fffb2c9bb3d9ae0b9ba80ecdd01235ca739c770e997c,0xe94c673c08ee8f64ee1d26b76bf5feb47e6219481a60023a405884b476a22fb1,0x0c5d1b91a8d50daddba55bbb8b9c77de8341e8ddaec213f0b6b887721efda462,1;0,0x6cdb5ce0090137caf7c777238c2a124993413aa015423a68279f51e617885ab5;0x5198a9ed7179e5bb2a659d4984f07afab7d5f138a5f15805cc9ea5658179a0c0;0xe1fc28847dc9b6c3b674769c3edda57a454f69cdbd6d063266349f662326aed2;0xf400a336d08b3de3fee16a75167e49ab0656fc6916c84268ca3be30381b0a562;0x87fddd25cdfd2a6a3a5880aff19c20887845e6ac5805dfb437a2fbb2574f8dd9,2.022469,1.473671;1.168532;1.070443;1.150855;1.058075,64.0,9.0,0.0,0,0.0,0.0,0.0,0,2638909440,2639155200,582.3080000000036,481.4459999999965,4.828000000000124,1.5429999999999005,26.120000000001003,33.0,215.0,218.0,98.53479999999415,437.68559999999286,2.639999999999934,1.4119999999999846,18.62199999999939,33.0,215.0,218.0,2.425847,1.400971;0.870412;0.741318;0.741478;0.708348,64.0,9.0,0.0,0,5.0,1.0,0.0,7720.0,2623258624,2623270912,690.5309999999943,562.2380000000065,7.229999999999997,2.48400000000008,39.389000000000784,33.0,215.0,218.0,116.7560000000012,30.892599999998716,2.4897999999999763,1.6926000000000008,21.053800000000315,0.0,0.0,0.0
64,25,13,0x541c24bcf2d0edbc80a409241b43d429d5cd89177909fdd68e72b31122d493c6,0x654991728689b4a9dc0e0d762edec7927c244ee6f6e38dc41b7299e18abc1c1b,0xfc250c8ca5e3f03282f00de0dbfb82cbce9099126d960cf0d2cdbaa98a864b27,0;1,0xd9616f6faf2daede8525d54d67ea0a6f325cb60915aab0153366a9cf621645b9;0x354bb979ef4ec5a454bb7705d72c88c91e0664ed8d4998d2866b8907ef0ac019;0x85459d6cd520923461ab610731a17a923655774514f7293f2305ccdadb442e82;0x80cde992b588e3b83c21c370fde0ba3448f071bc21caa31728f487fe43e11ff4;0x76cdadc5aad1ea6e7f49671d54144a8f7495844737d43084d8d3d240c1688f76,4.116885,1.564909;1.800674;1.388403;1.215071;1.169954,64.0,9.0,0.0,0,0.0,0.0,0.0,0,2634014720,2639765504,1786.5129999999897,1022.3910000000113,8.602999999999822,3.235000000000087,52.83999999999844,33.0,215.0,218.0,119.72239999999968,543.188799999994,2.6077999999999695,1.6204000000000132,19.058599999999952,33.0,215.0,218.0,2.050481,1.302674;0.858143;0.647736;0.859336;0.776461,64.0,9.0,0.0,0,5.0,1.0,0.0,7720.0,2623643648,2623655936,475.7280000000086,637.6119999999958,4.056000000000112,1.5119999999999543,28.803000000000857,33.0,215.0,218.0,121.4549999999981,42.195600000000105,2.736000000000058,1.604000000000015,22.351600000000694,0.0,0.0,0.0
64,25,14,0x2210b600cbf0bf13c81d7e4a4d8caae6e87f436c6d144a43a6f8cfaea4edda1b,0xe4617c32fb61a2bbd733be04352ef5c0883c23ee4802d975e1d991462542e6dd,0xdb99e8b45abf7dd8d130f787512db340a7cce96764a45fc3d6adc52af60e9db7,1;0,0xb3d4737d4ade5631a7d518e1b17e6a493fc2179c30824b31e89f5d06499819a7;0xf10a7e8c412832bf46a4504ea3f17ca9b2557445dd73a4577a47e85b6bab8c74;0xd5b8aa9e2ca4dee1d0935fe07746697c8b1eed5d36ca684b8d14f77660d8ec6f;0x88c2e9ef30a81d62cce8f9ac65b21fce5bf676e3ab17dd25b69531d2f0d77e24;0xe52683c541214abc6e05fe74e9cf383d0feeddb8f3e868aaf66bfe079e92ec9a,1.94313,1.474203;1.102292;1.196374;1.015541;1.026337,64.0,9.0,0.0,0,0.0,0.0,0.0,0,2640097280,2640330752,603.1089999999906,399.8630000000003,5.358000000000012,1.5119999999999543,26.860999999999553,33.0,216.0,218.0,111.53799999999993,446.565600000004,2.64800000000006,1.5985999999999518,18.59199999999922,33.0,216.0,218.0,2.326388,1.330837;0.819195;0.657762;0.671993;0.745123,64.0,9.0,0.0,0,5.0,1.0,0.0,7720.0,2625298432,2625363968,523.8190000000087,545.2019999999947,6.26000000000012,2.6539999999999377,42.292999999998806,33.0,216.0,218.0,114.15420000000509,30.800400000000057,2.5158000000000817,1.7628000000000001,22.928799999999416,0.0,0.0,0.0
64,25,15,0x68454b344380a7b54d58b9c666f3731a9d01043dad0c6b7051ff33839e975312,0xcc54ee8fb384f82580289eb0f3fa658a71f3124827a37ef76d883f7af017605b,0xeba489e59b843e13de8ec358b5fc47accc22347493943c60b124e391cc7126a6,0;1,0xb4f03ee2d11aa3cd3a635f9f4ecef9ad56fbf99c5940702da49485f48ed86a1a;0x7a9e6f3544036bba508ce79125e5816d87758612d6b73a09cd065e15b1714804;0x578297a30eb06c67bdd8799c7fe331aafc12e44223c0651b1a3ca1534967d149;0x800ba1103486e720b169ec5981f03ad8e723fdbcf24b42a11783cd38c853c2c8;0x0a5a3af67d17e9de7432609d4d5023a48cbbdb270f9710f7a45caab7507d724c,2.367149,1.58532;1.225718;1.255844;1.085006;1.156884,64.0,9.0,0.0,0,0.0,0.0,0.0,0,2640408576,2640191488,701.6579999999939,488.40599999999677,7.240999999999845,2.3740000000000827,41.612999999999374,33.0,216.0,221.0,102.88480000000266,463.4350000000009,2.6482000000000414,1.474199999999988,21.49239999999983,33.0,216.0,221.0,1.840505,1.404347;0.78929;0.640075;0.665924;0.703391,64.0,9.0,0.0,0,5.0,1.0,0.0,7720.0,2626351104,2626060288,502.06699999999495,464.50100000000606,3.745999999999784,1.312000000000058,24.677000000000724,33.0,216.0,221.0,114.51460000000412,31.032799999997085,2.794199999999868,1.5844000000000102,22.077800000000483,0.0,0.0,0.0
64,25,16,0x647405de25306916b130ab548390dd12b56cb8afaf944ae6cccfa3ea03c3161f,0x18568dc81e4ae8e211c7a658f9c6e7f1766b562e7ab17905e19070d065627cd8,0x9860c833aca9702198b699dfb6a8b2a46dd377754da3e4dd1463cf625880fc91,0;1,0xb48fdbc9f5d108a2be929b7c84234d1344e5c1e72c80333e169f7a4bbd32afa6;0x3b7389577c3a8aacb4428f0b1c91e448824c308371f7d1dd705b9177293eb21a;0x2152fe6a9f1024a14329424fb48f2c0ffbb4ac0f800e41063b6f38e2742c08a4;0x66c969ca75a902afd01a2cf8918fbacd0a57b92da10b09018419e1de225514ae;0x5a23f3bba9cc7a92547cb803038c632b321210687aff2583c76832e26e43acdd,2.326028,1.504338;1.123634;1.050915;1.135462;1.082633,64.0,9.0,0.0,0,0.0,0.0,0.0,0,2640814080,2640814080,582.8890000000031,490.57000000002347,7.781000000000107,2.733999999999896,41.89300000000118,33.0,217.0,219.0,113.845600000001,430.6376000000056,2.479399999999986,1.3158000000000092,18.666199999999716,33.0,217.0,219.0,1.863379,1.375624;0.867017;0.7363;0.73648;0.640315,64.0,9.0,0.0,0,5.0,1.0,0.0,7720.0,2628395008,2628255744,531.8410000000051,449.807999999996,4.78700000000002,1.5119999999999543,27.350999999998376,33.0,217.0,219.0,119.30180000000458,37.5885999999992,2.715800000000108,1.616200000000012,23.022800000000593,0.0,0.0,0.0
64,25,17,0x6d682ed39ba81c4033335f7568364296a71bc8f5295fa46a19b675c05dd25008,0x9568e4b133a3ce0aadd84efcb98d9d1c2d08428987d18ed7eafe82e59acd4b26,0xb7074c4cfaa103f507d975d9df6231761e476d7ecb0b3c22770e857111ea8f8f,1;0,0x46579d15dc03531dde42efe92eead6cdddc8d130fd5e1f815c73ee07670202f4;0x23a62e988b1dc5be9bfca00434f0e219ef0cc886864f886ef57f9a90d0c15d96;0x25a0d3432bf6e42e088ca29882fe720d95f9f199179291e3ec87227032e5c7f2;0xbac70b1d31efc716cbddf99deba8087967b77f851ebf64ea57be7c0dbcbb95f7;0x4d8dd18db48795a62a4aba35c57dc4d78a57fd4fdc6529323d89a4fe5a59eadb,2.947525,1.47895;1.271181;1.276074;1.099067;1.349985,64.0,9.0,0.0,0,0.0,0.0,0.0,0,2634317824,2641461248,863.6820000000045,724.9529999999727,6.1190000000001765,2.784000000000033,31.276999999999695,33.0,216.0,218.0,116.64400000000464,487.5892000000048,2.7504000000000244,1.5983999999999703,18.89440000000034,33.0,216.0,218.0,2.657177,1.470788;0.992837;0.697482;0.708839;0.696049,64.0,9.0,0.0,0,5.0,1.0,0.0,7720.0,2630451200,2630455296,686.1639999999891,685.874000000003,7.331000000000178,2.274000000000026,41.54199999999858,33.0,216.0,218.0,118.38860000000228,45.864999999997714,3.150599999999972,1.7465999999999837,22.575999999999848,0.0,0.0,0.0
64,25,18,0xd6c9fdadf42b68b4f2f6f7d77a3248fa95f70b6be65f9e41d0e3128c42972e7e,0xf9bfa9431b34674a5d3b86c597aedb12b645bd8552e24ced8d2e41927fb1474c,0xe932d72357774f4f78d1d54019f6a169779221348c8ea6333c571b85c866ed92,1;0,0x2a0dccfef7192d0d62d1de95a34ba04ea8a10c93a1a700146e957673de146684;0xa19c7297db252d10051d9564c3a03dc8e1d2f5967a6e1ad4b7ddb841e23d78b3;0xe91b726b39f8c6c8349c616f0b20c9e3bb9363a69ca1ed4d086bd54fde1ec3d1;0x50e97ce86259c7d37e20b5fe61af132c069cfd5c3484ef6f3ab73c809c1c0b21;0xb632cc16594dc078d501fe5def3697af68d7a1104f3da0229369bea73b3597d1,2.370123,1.82396;1.324256;1.313811;1.442906;1.344958,64.0,9.0,0.0,0,0.0,0.0,0.0,0,2641817600,2641883136,603.1999999999982,508.9870000000163,8.713000000000036,1.9530000000000676,40.48099999999846,33.0,217.0,220.0,142.62919999999957,500.10019999999764,5.107800000000041,2.6602000000000134,34.319799999999596,33.0,217.0,220.0,3.705036,1.497829;0.832355;0.664892;0.7894;1.110274,64.0,9.0,0.0,0,5.0,1.0,0.0,7720.0,2628005888,2631061504,753.5059999999871,1535.5050000000065,8.011999999999949,2.2329999999999224,39.50999999999954,33.0,217.0,220.0,123.67240000000224,70.6623999999989,3.0723999999999334,2.141200000000017,23.29500000000026,0.0,0.0,0.0
64,25,19,0xff5d7fb1bbd7726b0a7db2f494d76a5d386bd7f017037acce2e55d79bc038fdd,0x685855c53113346bbef4b049bd604d5afe5f1ec74e7ec0b3fea0a1051cb8d8c8,0x5c01b096974013660afe9204c0ed631b58cab62e41e266958baf887b8ac92813,1;0,0x349a0189321e609757891f479990a734efbac92bd75f32e61bf251cace99feeb;0x6f55920791230e5174a24ae0168bd7c53bde15d7f0d1607719941a916a7c509b;0xf9fcdfb26751e23278c5e5f083609bda5ce358cadb4d8d38e76e652dc16d1159;0x183da8c12492e91e411c981009e8d65439873ab1813d7f1a52b2629bc091da20;0x5c5d2eb9b0fb0f22b75cfe91ad0e953483fcef9d0352335d4a16d02addc649c7,1.848968,1.621105;1.299109;1.157165;1.430037;1.163274,64.0,9.0,0.0,0,0.0,0.0,0.0,0,2646708224,2646810624,538.542000000003,428.0150000000038,5.899000000000182,1.923000000000029,28.31299999999856,33.0,218.0,220.0,118.89939999999989,472.10799999999335,2.5998000000000165,1.5104000000000593,18.988600000000023,33.0,218.0,220.0,2.50675,1.282003;0.806827;0.754137;0.578852;0.64966,64.0,9.0,0.0,0,5.0,1.0,0.0,7720.0,2629971968,2637406208,596.1180000000065,564.600999999998,7.431000000000018,2.272999999999902,39.78899999999841,33.0,218.0,220.0,110.51659999999907,31.72799999999754,2.619999999999966,1.6846000000000048,27.485799999999585,0.0,0.0,0.0
64,25,20,0xf82b11e8546a382dd3f7c599b28536f6026281233eb8e1531e81395483caef9e,0x02e68c350f9de9bf6fd27b23d5f829730c02d696542186732fa869c5b8d72c48,0xcb86e1e930c199365b886b494b31fd8930175dd5362d0fcbc7603d8154fabe1f,1;0,0xae18f75bae917f040466513a061f0a5d6e429573b4c9823abb19ece00c2ed6b1;0x6f986dd9266a93a9cb5ee1cc65806c8f0cbf1814b6d514deac020559499053ba;0xbd89e2c474eee8c793deaec77d56bc2dbed3612d20f26ffea2326f8a9d64626d;0xa1b92aab7fbc6cae726864200df3e6bd0549fd63228398eba3a6230e7c28ed1d;0x002072949ddb2bd34c13a625f38a9636f0054a7db8c8417a1e43a61ca139e5f4,1.947437,1.725872;1.487973;1.0612;1.006508;1.137996,64.0,9.0,0.0,0,0.0,0.0,0.0,0,2654142464,2649096192,573.9660000000091,467.36400000002567,5.718000000000043,1.9729999999999488,26.479999999998867,33.0,220.0,220.0,121.9897999999997,463.29059999999924,2.582000000000018,1.4601999999999844,18.019000000000368,33.0,220.0,220.0,2.220378,1.384247;0.905325;0.770622;0.783752;0.897444,64.0,9.0,0.0,0,5.0,1.0,0.0,7720.0,2638905344,2637684736,568.3870000000036,496.76899999999415,6.7000000000001085,2.313000000000098,86.20999999999975,33.0,220.0,220.0,123.26400000000069,32.022200000000886,2.7019999999999995,1.6286000000000338,22.487999999999673,0.0,0.0,0.0
64,25,21,0x28d4828afb2bfcda1d8dda80366fbbdaf01a5240ea43a0cc2379d6d00a1fac46,0x9f721ca80af339a66a313d5b4790a10d70666d40cb32c584364b43b0df0b6740,0x3cd1faf6e59588b0c2f3ac5d72ce5d17c1c07ce9f25b5de3b4c0aedf84a47627,1;0,0xf12d82733e5c3819898848adc2ad438e01adcf7ab882569b5ece32a06ef9e7a9;0x64618e92e36b1416c99ab3975087ab2b80716282b6ac8f4f8de81bc140cf32cf;0x83cae8b1a1ea519046fe8b9bc93d5cdd6c317ed95f6002f97bad20ce4c1cb25e;0xe20986a8cc463097cc795dca80108d317feb9f971e7366f30d0d1019a4fbce8c;0x484c6157099d1e5319e680716417685028f63f3911ff7eea8f5960ce9dc9fddc,1.778141,2.821799;1.225067;1.429515;1.05462;1.465544,64.0,9.0,0.0,0,0.0,0.0,0.0,0,2655580160,2655719424,456.8379999999872,442.36699999999905,5.51799999999993,1.5020000000000138,28.092000000000393,33.0,221.0,221.0,138.68300000000056,468.9794000000025,14.646199999999999,1.7406000000000192,23.713799999999786,33.0,221.0,221.0,2.373468,1.116383;0.991936;0.668438;0.794137;0.622759,64.0,9.0,0.0,0,5.0,1.0,0.0,7720.0,2639728640,2638749696,548.3259999999879,611.2520000000065,7.431000000000018,2.344000000000044,39.770000000001474,33.0,221.0,221.0,102.44660000000572,37.34840000000073,2.147400000000049,1.4400000000000783,19.1506000000001,0.0,0.0,0.0
64,25,22,0xe8a141e1f39eb320a0163df9cf3b3820613ee2e764fd3608a90a48ef07c6c6cf,0x1e348c259e910dbfc3ea5ba1cd400aa39ddbfb51fa8c7c2171571c743c14b8c9,0x73d1946c17d4e8cdf7a06c1fdcb55158c0d157581d306f104d3af6c9505d1520,0;1,0x638d6060f6700740677fcc79ab0913cc97aaf9f757e92447f00130e63ea9be4b;0xdd2c0f5dfadedfe676f355c520e0a061c0528d0dd2f44b58f6b84714231c22d7;0xaa59a5b20e3a303695ba3d60a07e8ba0210d62f850deaf8c2af788c61cb99fda;0x73755961cfbb8f91be62cfe8539516191ea25a7b1a0c52114755a39dd26acf7b;0xbee08d4e7e5259bf3bcc08e2a4620bf2c62f10340ba34282a427e944ea83d2c4,2.394941,2.130783;1.302664;1.072156;1.110068;1.0611,64.0,9.0,0.0,0,0.0,0.0,0.0,0,2657546240,2657546240,634.9180000000121,500.14500000000737,8.802999999999935,2.323999999999946,40.3409999999993,33.0,223.0,225.0,112.55980000000609,434.9717999999836,2.9346000000000405,1.6321999999999603,22.10900000000002,33.0,223.0,225.0,1.865162,0.925746;0.826456;0.664773;0.874633;0.746296,64.0,9.0,0.0,0,5.0,1.0,0.0,7720.0,2640678912,2640711680,468.7070000000126,452.23199999999684,6.038999999999784,1.2919999999999598,28.54299999999893,33.0,223.0,225.0,118.04599999999944,30.62420000000121,2.2251999999999517,1.4542000000000201,18.860400000000887,0.0,0.0,0.0
64,25,23,0x38bc538fc3c3add5f6c63b16dd6516a0433c9bc8be8dcd1f792bb58e97e131ae,0x177b01d6d612fa0600d508f8d866987480d14f4cff947cf69ffdb9c17dfe9c16,0xe1de21d7cc4b52a0231431d9ab3fdc2eb7914d353c019e061f21fdced3daabcf,1;0,0x1ab457c3f0420354c2ea3c369c2e4c4a88755566a83233c6910716423bb2dec1;0x6f58aac91d572fc452d49cd02383afeca26b4f2cacc03e660f8e683aabc29163;0xcaba06516e5e895d4e66ea2d24ec390740cfe3251fa1373074f9c6081e25db7b;0x641d7f637575713a1a339c89046ede4ca0c03a94a583b91f53b8c6167d3b7800;0x85705431607bb7cfe84f1597140a730adefc607b5fd5d42437f29ff56adf43c1,2.007867,2.221629;1.238338;1.09415;1.348042;1.476917,64.0,9.0,0.0,0,0.0,0.0,0.0,0,2657685504,2659823616,501.3759999999978,624.722000000022,6.139000000000058,1.9029999999999307,30.1150000000007,33.0,223.0,224.0,122.16239999999769,556.5729999999936,7.202999999999983,1.7885999999999944,21.873199999999926,33.0,223.0,224.0,2.908786,0.947219;0.79588;0.742029;0.717862;0.621768,64.0,9.0,0.0,0,5.0,1.0,0.0,7720.0,2641989632,2644639744,664.6519999999878,833.7570000000044,6.869999999999966,2.6139999999999586,41.612999999999374,33.0,223.0,224.0,111.44200000000603,30.960399999999108,2.6019999999998995,1.856999999999987,20.096200000000593,0.0,0.0,0.0
64,25,24,0x706f33e48fd06f31f8f7eaaef2b58f7172a40cce1bbb2bf526062adc4ed3d07e,0x6a815ebe7d0292a601a65c86e7a1c6bb852eb4738f86b92248ab0635d2ff4d2d,0xda4e2494ae41b72e65f32c22ebe58e6c233c2ad6958514f76b8a7a19febdb8e4,0;1,0x461aefa0ae8dea4abe948b2d82b63a3a469e90d5686de921f5eadd2ad56718a1;0x44db63e1767b033688a36e109cbb90e1fd8651df62095f00aecf456343d5a375;0x48ddcf6b297968bee428f5e4c2965bc4bd4a7a425debed8a318624afd34bbe73;0xa9df4c5c626a938ae2f75b3290ff1c14ba8a1c66db51a4847a8498f0e1e76526;0x99d24516beebe902b9cc012a53c116f396d12d335a4c104fd118d70383456abd,2.892982,1.998283;1.341252;1.086248;1.072958;1.026828,64.0,9.0,0.0,0,0.0,0.0,0.0,0,2661179392,2661400576,695.7089999999888,534.6059999999931,7.160999999999886,2.4339999999999433,85.7600000000007,33.0,224.0,226.0,121.97979999999941,479.78360000000555,2.8002000000000065,1.742400000000026,21.897200000000478,33.0,224.0,226.0,1.87717,0.957484;0.879056;0.807578;0.802029;0.643561,64.0,9.0,0.0,0,5.0,1.0,0.0,7720.0,2645872640,2645667840,493.3739999999909,481.4159999999984,4.676999999999806,1.6230000000000757,42.95500000000077,33.0,224.0,226.0,107.09539999999573,48.16260000000405,2.207199999999972,1.508399999999941,18.510000000000055,0.0,0.0,0.0
64,25,25,0x52bd6b4f764c894ff271b5a67707db487cae886ffd0abbcea67bf24dbb43fde4,0xfdf40b345401a5125cec6975d8d9bd7aea205b446da8624a9ec87203124b8691,0x0498332b990051c8b8abde76fee001147a83a8e4eaee01a104b0cf0f65fe752c,1;0,0x2157221e15e290978793275e3667ae654b23b693029179d197c8ad7ea98c8981;0xb7fa0b30c0d2d267ad82ed28a498b57c92d080763eb9412975cc99be66c37662;0x0557b7ad5ab8e537b9f41cea2e3d72d1ae025d9e4264ac477e3f531f30967a22;0xb0001880022cab51accbb427a2e591d7d1b585a95b397a0f3a8f31862f4b96fe;0x9a10612fd8b3dea27e649ecf1bc54b124d3d1a48165885c12133585cc9ad68cb,1.863941,2.017502;1.321452;1.422445;1.065296;1.351337,64.0,9.0,0.0,0,0.0,0.0,0.0,0,2662719488,2662719488,586.3339999999939,442.0569999999957,6.419000000000129,1.5119999999999543,28.442999999999525,33.0,224.0,228.0,120.73400000000012,555.3233999999962,7.016199999999948,1.8445999999999654,23.080600000000008,33.0,224.0,228.0,2.337735,1.038906;0.86907;0.785244;0.691592;0.647697,64.0,9.0,0.0,0,5.0,1.0,0.0,7720.0,2639429632,2639433728,732.2240000000036,485.5520000000002,6.6300000000000905,2.204000000000008,38.69800000000021,33.0,224.0,228.0,108.66219999999815,31.104799999998043,2.361599999999974,1.4522000000000321,20.75699999999972,0.0,0.0,0.0
64,25,26,0x72a0f085bf9799d68e3d1896a605ea0d6624638cf23bb36be97eb5bfae65a0df,0x70fdcdd2edb488489145b8046ab2994c4ebf66d03f71f6e57aa7ba08008d38b1,0x7a3ed26f2766ab927808f0468d8b9f3fcf0878ce45ca03720202c31c4223fe00,1;0,0x0d32bb28dfe46590471650f99be02b875a0de66b868c1dfdfa12e3ea4682406c;0xb1f009d578fc4fe8fa2b922f6a96ba4bfa890432264959f82f133fcc4858b2da;0x8148b5fcf2bc0083ce8b406bf43301f74dbf2d30c7787f952ab923aaf6196b6e;0xfe1d2cd568495d345f6c4ba77afd236cdb6712bb9e09b6ddd076cf8d3684194d;0x6880e25a1aaca68289c95a5de3bfaa279092ac990706ed05cd597fc76abc2f33,1.772893,2.157173;1.290897;1.274442;1.152257;1.110014,64.0,9.0,0.0,0,0.0,0.0,0.0,0,2663153664,2663292928,500.96499999999213,442.70699999998664,6.540000000000192,1.3820000000000758,27.330999999998497,33.0,226.0,229.0,118.92319999999846,468.58459999999934,3.3128000000000326,1.7685999999999829,22.509799999999995,33.0,226.0,229.0,2.182652,1.030504;0.876201;0.8023;0.788849;0.674837,64.0,9.0,0.0,0,5.0,1.0,0.0,7720.0,2647318528,2640592896,573.9050000000134,475.9679999999933,6.761000000000093,2.2939999999999072,42.16400000000078,33.0,226.0,229.0,102.45020000000382,34.934400000000146,2.510000000000012,1.4340000000000708,20.42260000000018,0.0,0.0,0.0
64,25,27,0x31981ac6e57984185ee3f4dafe7b1237b63ceaeaad015370c009965208d1c56a,0x723fa64e8b2ce9919681deca90537166f7b777fce020b738a4ade37ce60abd2c,0x106ae3b44496295bb05f76a078c0babd1ab93c202536e0aa2c670590f108bd5b,1;0,0xf8f8947f92cb500050ccbf565e1328fe165e56e3cd69d0fd5ea7284fe446a2a1;0xfe39cad70f671d776b2e176120b1ce3394e64dd68196a767d512ff490e64a39b;0xd97fa8ae5c08c76a21b14750a9e481c709e099a1ded0d8a1ab90fcca2d8a2880;0x92bfef820c7af601e19e1afdb86a7dd73d45dabec29021aff3c92f175553263f;0x1fb85fced2c4a3b960fbfdfa9b9e20c7aa2ec24f36cdc35bd96bc6fd6053ce01,1.889599,1.907987;1.424057;1.14027;1.192338;1.166179,64.0,9.0,0.0,0,0.0,0.0,0.0,0,2664960000,2665197568,571.7229999999962,425.99199999998615,5.60900000000017,1.521999999999895,27.670999999999946,33.0,225.0,226.0,122.5705999999993,462.78779999999745,2.9604000000000785,1.5982000000000323,22.760800000000415,33.0,225.0,226.0,2.539669,1.064535;1.088872;0.687817;0.779486;0.799776,64.0,9.0,0.0,0,5.0,1.0,0.0,7720.0,2650083328,2650206208,621.8879999999871,688.3470000000058,7.651000000000012,2.2839999999999665,54.36199999999877,33.0,225.0,226.0,101.96379999999894,33.27820000000037,2.641999999999922,1.5686,20.729200000000475,0.0,0.0,0.0
64,25,28,0xc1bb0ced01d4f326d03289da2b9c48b49f9af5ca5274412c90680d0f9e040f56,0x784f144b16578a00be218f89dd25900d22056c5e12336c863c06fea3b9eb146f,0xc2c1b19cfd2c7bb8a6fca4be942775995f7fb0e12cea737601f81ede3b6cd9e0,1;0,0xbad2cbd632791a60e249201bfa8771a1a6b241e38f3db603bf0bedd946a9b7a7;0x3f464c6ecf98542cc65b21997deb5d6978a4e8d2c1e0956907146520b580e76d;0x6a6a568252f74c785df5fa30bc4ce0a45945255cc0ecf0199a5ef3ee0be55318;0x0a933d0546387cf753fb18a3731f5ddbdec478f30a8a46ea606fb79316bcbe5b;0xf363a0851b08694b1113793722bf1ccab7291632678aadd024fe880dd4cace36,1.970901,1.820304;1.216464;1.052877;1.051886;1.10743,64.0,9.0,0.0,0,0.0,0.0,0.0,0,2666217472,2666217472,602.5679999999978,443.1280000000148,6.499000000000088,1.6020000000000705,26.390000000001134,33.0,227.0,226.0,111.24980000000173,460.3881999999948,2.626000000000017,1.5224000000000313,19.495400000000412,33.0,227.0,226.0,2.290684,1.251858;0.936968;0.797102;0.647066;0.700726,64.0,9.0,0.0,0,5.0,1.0,0.0,7720.0,2650583040,2650734592,643.4999999999912,545.091999999997,6.16899999999988,2.404000000000121,40.69099999999895,33.0,227.0,226.0,112.95640000000273,31.571799999999264,13.680800000000042,1.99299999999996,23.349000000000288,0.0,0.0,0.0
64,25,29,0x9c09d61f2c2acbef81ec74917fbcdaee01010668aee17ea3e3a081809ad93687,0x496c1951b2f7408c954acd73391ef8328264429511a3b6050565075d5dd74d87,0x8b25682526935af76dfb677ab009501a7e37b90d1a6735c64c24a2515c14f788,0;1,0xf92c546a7a2b63e25f1f2d33d0b718a7a2086e1e3451362fb919a34de84333f2;0xad4d07670f6825addee41b3a820f84fd9e45790639ebf1c0cc89e148d822d2ba;0xb7d510328aaa6e48733b79602cbb91adba3562ce8454ce8a7eaf74e7883eafbb;0x3f2077a493ccee5df20fbb9cc1d9517c89957034b1a796c5dcad979269aa159d;0xc6dac636605d4e5d9e7f6a35e724e35494b7c275071c9edb2477e49012417ff8,3.270562,1.759423;1.509991;2.202135;1.168442;1.062788,64.0,9.0,0.0,0,0.0,0.0,0.0,0,2666225664,2666266624,834.2580000000044,513.4139999999899,6.800000000000382,2.4029999999999974,41.392000000001204,33.0,228.0,227.0,122.01179999999368,510.3533999999965,2.9904000000000734,1.4762000000000195,21.079799999999814,33.0,228.0,227.0,3.224783,1.332168;0.887538;0.941455;0.775069;0.744378,64.0,9.0,0.0,0,5.0,1.0,0.0,7720.0,2639740928,2650898432,646.8550000000017,499.5339999999959,5.178000000000214,1.521999999999895,33.330000000001554,33.0,228.0,227.0,117.58359999999857,38.231600000002146,3.008600000000035,1.9307999999999998,29.432199999999966,0.0,0.0,0.0
64,25,30,0xaabd3de5f51d3179e35f68b3b672490b340ca30e9bd6d54bf25be841053048f0,0xf25fe699cd0116e1a136c397f511cebf7a16b027a13bb82e2f59ced2c745e415,0x1b2ab1dd1140ea2380dc30dc38a1db0d97e5846f8d1a0b671e889806cbaa4118,1;0,0x2483244f8c17e70888eae5310e00379a97d79fafe617a8b53e1098c7536e662c;0x4c2d1c6605ff7e12d06bbe6399dceff1e6aae3435648d0f7719e42ab05328fd4;0xf2d53ae4f7083a284d39898f650781b65537c438e2879c72daaa3e0ff8385a83;0x7c31730f6bad6f2b5caf821ee683c8e930a3829907f44aa5f401aae05b271fdd;0xfedaf0fcd5556d37552e9f6fe11110e294c0c12fe365c4bcbe10ad1d4cff0a77,2.248676,2.170313;1.456947;1.467132;1.224897;1.358543,64.0,9.0,0.0,0,0.0,0.0,0.0,0,2666528768,2666532864,856.9770000000087,489.77799999999627,6.518999999999969,1.8130000000000317,28.70300000000145,33.0,227.0,228.0,147.81500000000113,534.6524000000019,3.162600000000161,1.9369999999999892,23.411400000000054,33.0,227.0,228.0,2.601322,0.975365;0.893603;0.905666;0.737782;0.621657,64.0,9.0,0.0,0,5.0,1.0,0.0,7720.0,2641076224,2639802368,572.5639999999976,544.0399999999956,6.961000000000206,2.6739999999998187,43.01500000000041,33.0,227.0,228.0,141.83399999999622,31.192999999998804,2.7181999999999724,1.5781999999999776,33.881200000000085,0.0,0.0,0.0
64,25,31,0xd439df2cf414527c8f4e591552b6385fcb35f012d39577bc57df6a2e45a4cbf1,0xf63386ede46aacad80fb2cf84c9d9ea6ac1ab77a6801c255c4bb6403b4e36205,0x5c3f4953388503448bc3309599885f7e758917f178d3f5283c4ef81c658a1472,1;0,0x09cac8cb333325536a5e4b9e16a03898a165c2d348cc1badd717e528034845be;0x144893bff7a508b4f885dde9b1e1e0dc2401ec3c6083daf6269603aa9f9c8824;0x4abdc16b6480209dfb72078dc75ce802a83f0e13cd1d84d01333692836fd112b;0xa8afdfb6ccbcfdb0fb48763522ec13b07e56a23e1701945d8d05b4ce4909558c;0x572c7785e492e89a4be29b9357a03764e0059dc85d1b7ef7cdbb2f1ca730cc4b,2.157933,1.630148;1.149704;1.297607;1.100209;1.156854,64.0,9.0,0.0,0,0.0,0.0,0.0,0,2666659840,2666729472,514.2250000000071,701.0270000000207,5.587999999999947,1.451999999999877,29.30400000000083,33.0,227.0,225.0,117.54720000000107,486.4751999999917,2.3016000000000703,1.5483999999999636,35.41120000000036,33.0,227.0,225.0,4.011319,1.620924;0.884624;0.68339;0.766145;0.734558,64.0,9.0,0.0,0,5.0,1.0,0.0,7720.0,2651353088,2651389952,603.5400000000135,470.24900000000594,7.431000000000018,3.4050000000001615,42.01399999999994,33.0,227.0,225.0,112.5118000000036,31.69980000000128,2.637800000000051,1.7887999999999757,25.71880000000054,0.0,0.0,0.0
64,25,32,0xc7f910b57ef0b8851b18309bb54a3b6fd4490be710cd6281ca47a80650bf2b1a,0x3c8b6ba91ab2d2abe9199a93cf36e0f0b1401a92dcff31a0fc91d4e8a05040fc,0x7c59917712b2730ee3de104a6c5f8b2727c47b95b7587b3de1306564fb4fe86b,1;0,0x0de342f3ea130df295e1e3a664a41d82d142facaecab2bdaaac44d3bdddd2168;0x48a0d1f3ba3d0ee6873551a52b59348a48ce07ebdf499e3b6cabc4f3ab69496e;0x5d8dabb6eaa5505215d021cf39e7236933830b32238b0f57fba9baa8bbdda2f0;0x968f81c00b0f2731d8179ad8831e52279bf8715fc268f772166df623526e8367;0x0fc5688c503ff06832605b074279d04ad47243ba45b69f05f6ace90d5cf9cf3d,1.925288,1.723299;1.480983;1.23344;1.256685;1.297346,64.0,9.0,0.0,0,0.0,0.0,0.0,0,2666741760,2663550976,527.0739999999885,448.826999999985,5.648999999999932,1.7429999999997967,29.58499999999864,33.0,228.0,226.0,113.9440000000047,561.987400000008,2.780600000000001,1.4822000000000273,19.42939999999907,33.0,228.0,226.0,2.307334,1.583468;0.837463;0.702569;0.810853;1.060049,64.0,9.0,0.0,0,5.0,1.0,0.0,7720.0,2639900672,2651529216,566.9349999999906,508.4459999999957,6.349000000000111,2.4729999999997982,54.52300000000076,33.0,228.0,226.0,200.6366000000037,31.94399999999764,3.0343999999999856,1.8907999999999774,28.130400000000307,0.0,0.0,0.0
64,25,33,0x995aa17a357e64493ce2a9bdb77cac3bfaf67934234e56b78a149ed6054cea8d,0x0f46effb2305463cab64d15599105b050b7b1605c6c62dc4b7863e105258fff9,0x389803b6069d465316edf74e23cfaa644a1f598f2fc56665857f1190cabf1d55,1;0,0x72724e64448d1b2ffc947ff0fcd1678cfbbc464fb32c2152e045c4dfb39ba838;0xe956a6ade2a9e93faa17e4deb0333a87df225933b9c7539d29c3c5ed38751d85;0xa8133e986b9cf830152a5c14990059cc49ff0b1ca9cd2c86b813c15ecaf73617;0x54d597e17b71f1d988c8580e7c1d8cfdad40134dbb46ca772ae31a8e2bc2a885;0xd3ed5bddc9cc2d3b40f1bbd30a39e54bb88811e29f1fcebb76036e3f6e8f71d7,2.341391,2.094138;1.238588;1.159689;1.227315;1.087119,64.0,9.0,0.0,0,0.0,0.0,0.0,0,2663890944,2663899136,666.8350000000045,643.180000000021,6.789999999999575,1.5319999999998355,31.476999999998505,33.0,229.0,228.0,117.23280000000003,455.2624000000005,2.906599999999947,1.670399999999933,25.31820000000046,33.0,229.0,228.0,2.521272,1.122433;0.899306;0.669009;0.712415;0.639194,64.0,9.0,0.0,0,5.0,1.0,0.0,7720.0,2639978496,2651684864,551.2310000000132,498.0710000000027,7.019999999999943,2.172999999999845,46.14999999999828,33.0,229.0,228.0,108.02260000000175,30.29359999999759,2.7761999999999754,1.4901999999999798,19.991999999999233,0.0,0.0,0.0
64,25,34,0xdaaade1f6d10679e676112b45e272862107e8ed58b95b383dae99a1314467a70,0x1e04a55ea0b054e29ef5cb4ef3b5d8cf2241e64785c1a14e11ec18e07f6b757f,0x84b37e0bffcd08805e5f0c19556f2540a80a423b1d5657a323ae1506557bd0a1,0;1,0xca56adfda3bd74411256a3bbde73d5d4bbdd9dd78eb7977933176e2368275132;0x8917877bdbad015e55accad1edfd6949a09187939fb16f07f1d6f3ebf8d35a5a;0xc05296d8e4af8040198aa87939c1f5175a558426e8cf3909df6451a052dcd154;0xc529c683097fd2561e059f5fda62d7b07b0ddc1f48f95d998ccd59a025169379;0x9f62d44e1d68f94e18bc94a914deea8f3cc5930539fc595444258b95c444036e,2.787443,1.699753;1.37313;1.15425;1.382895;2.357219,64.0,9.0,0.0,0,0.0,0.0,0.0,0,2667278336,2667438080,656.7600000000062,633.7949999999926,7.451000000000333,2.7740000000000924,42.30400000000342,33.0,229.0,225.0,117.74940000000011,502.65800000000024,2.7883999999998856,1.574200000000088,19.89800000000014,33.0,229.0,225.0,2.330184,1.311667;0.903312;0.792555;0.932296;0.792195,64.0,9.0,0.0,0,5.0,1.0,0.0,7720.0,2651983872,2651983872,643.0900000000128,624.1609999999981,5.588999999999855,1.6420000000000496,31.086999999999087,33.0,229.0,225.0,117.97180000000517,35.08099999999792,3.5491999999999817,1.6608000000000422,30.131399999999697,0.0,0.0,0.0
64,25,35,0x647e4ef3aa7ffca4a804a9297b8ebcb8bad953a6777ef252fa1a311bf7d34190,0x4099223858b2ed975e16e995d46d191dd013ccc445224a2c6c7c36d70850bacd,0xd6136075fdd58b3c948d5df6b79fe58ebe96d4eed6f9ce979fdd44116e01a53a,1;0,0xac724520f1bee624eb5734166f0b486af71ad94dda3e358ce56295a133590a3d;0x5eb56863404b8a09482807c431c915b1e485cb7cabe3b2a53ad225eb52437df5;0xe38c3fc2aa0a7a5c859d6e16009b6d35cfed176eeb7c406686cdca21891a1d89;0xf2f45f698ca62377f409721f16197badf4b8cd9924f660e0707ed185ea4dece7;0xfbbe28e953fd180be949a2479c199172bb63b52e8f3709ca792de4693098b182,2.443475,1.982389;1.216494;4.005048;1.833024;1.317797,64.0,9.0,0.0,0,0.0,0.0,0.0,0,2667896832,2667921408,678.4280000000086,470.24899999997814,6.059000000000099,1.611999999999794,27.671999999999418,33.0,230.0,225.0,142.26039999999938,510.82620000000304,3.5153999999999046,1.6946000000000323,29.30440000000062,33.0,230.0,225.0,2.562304,0.90838;0.804433;2.108659;1.189865;1.014971,64.0,9.0,0.0,0,5.0,1.0,0.0,7720.0,2652282880,2652413952,622.3180000000106,487.3850000000068,6.6300000000000905,2.583000000000012,40.33100000000109,33.0,230.0,225.0,126.79520000000166,32.42680000000165,3.018600000000062,1.9148000000000083,25.286200000000644,0.0,0.0,0.0
64,25,36,0xa03bf733910b0da0e42159cdf002f32b66406818c3c2b6a4f2f01dc9b28f92f5,0x8537fcefc01a48dd600e66917722dcf482f7562e4ec718202f15029928cd7e0a,0xfceccd9096ea592d04c00101a79373a8bd5c7fc788efd7b9c0364a3991b38e0b,0;1,0x759e859a7a32af1c1e3100397dd70f105e5261d116c114ffca69d0ec454ebeda;0xb97dfaebc8c7b07de6b0b316214344f5c0d6b9f8dfb43f524ae4a05f7e366a9b;0x7ff1d494500e9b29a5a37a3de2d874ba6e855ba1c6d24c360dc0adca7ed73985;0xd109341eb5509db4be5fd995727bb1fa5d0a19e5c261d3db8efe736c4baa78a9;0xf360f572e3f0f47a650bd8ba93064e09c33dd18121e55d1bb1408acfe578fa9f,2.708504,2.217694;1.337988;1.214581;1.057355;1.155953,64.0,9.0,0.0,0,0.0,0.0,0.0,0,2664882176,2668351488,564.6709999999888,527.9659999999908,7.751000000000285,2.6840000000001933,43.16499999999779,33.0,229.0,226.0,133.3267999999943,511.8457999999992,2.9721999999999387,1.6624000000000674,29.39619999999948,33.0,229.0,226.0,2.349343,0.90837;0.826265;0.694887;0.809871;0.719715,64.0,9.0,0.0,0,5.0,1.0,0.0,7720.0,2652418048,2652471296,592.5430000000009,447.19399999999797,5.548000000000185,1.7829999999999928,27.221000000000885,33.0,229.0,226.0,118.9633999999995,32.26460000000375,2.8080000000000642,1.6444000000000007,24.262800000000166,0.0,0.0,0.0
64,25,37,0x7069ba70f5dfef318775af0980345e5a3188e4c241263ce5344958b95f08229a,0xa8303e4573d19907ff4c209c6306b7ad6950e026341c8a25aef2c5643ce47f32,0x427db78b86ad732edc76269187f7863bfff1fce3c4979fd887a24628199fece8,1;0,0x0c94760b7326aad7ab301e44b55aae5db2a5d45f93f77f83e1c00cc4edfa8948;0xc5d03ec4ffaaf8da8361c8f48d43423a496fbabe2ac7b0233aeab981def0150e;0x2900c566c717243fe57afdeb1d87634e404bf6524a454ff205d6a20461137495;0x1237b032ccc94af9026aea264aeb2dfa964f026585797f3d3649945dc4bc3e8e;0xd5a7c576bd8d2a194d41952e17c99cdfcdeb787974748584914f4c3191d2a34c,2.203072,1.594724;1.178216;1.193569;1.161281;1.1406,64.0,9.0,0.0,0,0.0,0.0,0.0,0,2668453888,2668453888,680.8369999999898,431.8509999999831,6.009000000000396,1.8129999999998148,33.19999999999712,33.0,230.0,224.0,114.76080000000222,463.90120000000536,3.8079999999999363,1.6183999999999816,19.875999999997838,33.0,230.0,224.0,2.629304,1.274301;1.27988;0.73641;0.792866;0.72322,64.0,9.0,0.0,0,5.0,1.0,0.0,7720.0,2652475392,2652782592,634.3259999999906,760.5970000000018,7.191000000000142,2.0630000000000646,54.48200000000153,33.0,230.0,224.0,119.87079999999928,31.84019999999954,2.936200000000066,44.30280000000007,24.2263999999999,0.0,0.0,0.0
64,25,38,0x5be88b9c52d03ff5093a9fc3e8d286db34bcf596ecc03289e97e6a0c28761bd2,0xa8beb033df83999d9d90c0a3826af3d3028200888ef51f4b5595ec90de5e5f8a,0x491960858add21a360f720e55bb820ac26ab4e27e15890630988acb0981885de,1;0,0x7f9ae58d692622c109b56b55ec11a465e35ee9a33ae5d2a29f2dd480059cb109;0x5f483a8bd9280b81a5f01b8191cc8971b4f74ea75990419c7a462e2d96626cca;0xf56c21cde2d072b141c034eb8ef429466374b8122ed0fe80616518abe42bea9e;0x862c115e8c0e61bf313622f6b428c6718ee18afd6892146426b34050d8f3dd10;0x1457aa7720fd9f2d29ed07fc736f2f17b9393f4f0a0e2effcb814d26abd7d26c,1.765482,2.067417;1.298788;1.414953;1.181041;1.114891,64.0,9.0,0.0,0,0.0,0.0,0.0,0,2664988672,2668556288,511.55199999999843,439.7839999999986,4.867000000000413,2.333000000000196,26.659999999997797,33.0,230.0,224.0,142.77540000000033,496.2792000000049,3.2045999999999117,2.0770000000000683,27.3852000000005,33.0,230.0,224.0,2.366708,0.951484;0.916211;0.739194;0.761297;0.728268,64.0,9.0,0.0,0,5.0,1.0,0.0,7720.0,2653081600,2653130752,658.7929999999909,463.42900000000134,6.200000000000042,2.5640000000000382,41.222999999999956,33.0,230.0,224.0,109.17680000000486,36.08240000000096,2.5736000000000163,1.4702000000000117,20.122200000000092,0.0,0.0,0.0
64,25,39,0x5f0539fac5e82bf5c0abe23815a2893ef193050766f88e2a9730d4ebbeec8245,0xf31ad4dc157679936b42cfa4fd54ed8ad5723375312a9dbc38577f63256f2186,0xa030a87ccfd905563ec868dc27f252449371bf8f192f1a45ba27c0ead6b1b10f,1;0,0x3a9b2c25ca542a2709e17ddd363e21bcd8c2d7ec6e50ac713f3823a1ed6bfaf1;0x959213310533849aa16faea971134108964b2dea31b8bbe848cf92c7911a1bcd;0xe0857970bcaff11c7b77fe586f960220230d3a0d63fd19e2c89cea423ab25a50;0x4798911c1f17aa2236d9957b1c678dec3d6f7fb590600dc7aa1a89292190ab47;0x0cf94683e6912c678215d33b006d63202faa47661f2347dd980dcaf05724e7ab,1.926455,1.51921;1.219549;1.083193;1.098597;1.218538,64.0,9.0,0.0,0,0.0,0.0,0.0,0,2668564480,2668625920,531.4309999999989,484.39000000000124,4.938000000000338,1.7229999999999155,28.532999999997255,33.0,232.0,226.0,107.309800000005,466.1429999999967,2.8104000000001017,1.4643999999999422,19.261000000000973,33.0,232.0,226.0,2.316333,2.086295;0.788319;0.75627;0.693305;0.68317,64.0,9.0,0.0,0,5.0,1.0,0.0,7720.0,2653147136,2653175808,615.4979999999921,529.4279999999984,7.670999999999893,2.2329999999999224,41.10200000000119,33.0,232.0,226.0,147.47419999999732,34.04119999999566,2.66600000000004,1.7722000000000397,23.21479999999945,0.0,0.0,0.0
64,25,40,0xfe238c51e8de3a2bda31c810aee7581067f5cf139e5fedaf1adf707f3a11ec82,0x7817b6718187ed74e98d310fd4c3719fba12ca96a659f1f20c2d89ba8e5b6326,0x6cc507bc0addc6e55b73e90de6f78c0ba9ae4c396925e0a88ea6c80251ae68fd,1;0,0xb911c421f477dd6ed905218824db8a0ca014e84cbc20c6245db96848a9ba06ec;0x559f0525c38059392f3bebffb028b5accf398c4bed8a43bf0eeb3763851b5985;0x46e2fada0a39cbaaa19a06f1a2115ef17fe744763d7491dd97de5a1120f9acab;0x73a20aad6ed2bb5925f58f3c3996c0f4e1044b24531e07ec6190dadcc5dec76a;0x3998ad6c5fc57e501078219d45a208507f8c144d0ff5a40fb7bd1649aedf7cec,2.131444,2.257784;1.640183;1.279059;1.262749;1.433702,64.0,9.0,0.0,0,0.0,0.0,0.0,0,2668994560,2669006848,689.3040000000017,446.06200000002485,6.650000000000405,1.9930000000000467,42.34399999999972,33.0,231.0,226.0,153.51759999999715,586.8190000000051,3.87380000000017,2.041000000000022,30.365600000001326,33.0,231.0,226.0,2.442152,1.164867;0.902571;0.660867;0.776881;0.783993,64.0,9.0,0.0,0,5.0,1.0,0.0,7720.0,2653278208,2653503488,647.4559999999907,506.29400000000436,7.041000000000166,2.13399999999999,54.48200000000153,33.0,231.0,226.0,119.19980000000275,31.13500000000158,2.900400000000001,1.8266000000000289,22.778400000000172,0.0,0.0,0.0
64,25,41,0x1ce630cae09d4f7f71c57d5e6e3665243bba31235e89687716ed615d5e039696,0x9d613aa36fd7c14eeafbef52d3d70b3c6f886353dc7c6b14db05408f9088b5a4,0x5667814f3fb4bd5d0334c33b446bb93c3cd7fdb698b07b458da9ac6f60b9c3d8,1;0,0xed24e6698c43cb72a2b8779e8d8266692385d30fdaef6262867ec6ee543009d6;0x6d18b80ac779cbd3f55e51140042b3ed83e3a05b589a5bbbb38d824fe5c81dda;0xeeb890736cb4a432212f83ea27323865d62e1e20789c80c4fe6860ef263407b4;0x59cc288370bfa5d56fe0f23a453cf4024203775e7a8a7df2b89c637116f681cf;0xf77fd3caee329b6d616c75810a2b9f911a6de2024ce4351a46e053e2a042e6d2,1.89703,1.567213;1.466592;1.062342;1.163955;1.229404,64.0,9.0,0.0,0,0.0,0.0,0.0,0,2669092864,2669182976,582.7690000000108,468.3859999999873,5.457999999999852,1.7120000000000677,29.094000000000342,33.0,232.0,225.0,124.66419999999646,485.9570000000036,2.504000000000048,1.540400000000011,20.07259999999844,33.0,232.0,225.0,2.622985,1.302013;0.878805;0.735268;0.765244;0.673676,64.0,9.0,0.0,0,5.0,1.0,0.0,7720.0,2653569024,2653569024,651.3820000000059,523.5789999999962,6.610000000000209,2.1430000000000233,175.65500000000026,33.0,232.0,225.0,119.81660000000005,37.742800000001296,3.102599999999997,9.007600000000055,23.681399999999492,0.0,0.0,0.0
64,25,42,0x145a0812a01130ccd70d7160d6f639629304fb625ba903ed3d7b7ccb999edbf4,0x8622ad34c46e3ff2041cc92e1ac630ad46515ea81d2de8394c9550498689b05a,0xfa6484fd79a737c7a1e521ce4f97005ea7368b44ccf7471936eb52a45defdc3c,0;1,0x64c6f0d585c586ec8141a121bdf0840f6145372babb1bc8b470ac32a4d96e0b0;0x9053c865eb835f7ecce3600495c1ab3ce96a61e0ab1db2769f241c7f3f5bb00d;0xbb5a73eaa7bf46a7779a07f456f69ac9567140de22c5d95265b0bc43d5de48a2;0x242480042fb2906af40d81cb6fd3092f342e5dc540e6badc5279d988801a2677;0x45ea37e524d833d6842e53e46f213dc36075d5a2a7a984fc525c34ae1a70eb14,2.312266,1.543828;1.336916;1.176624;1.090364;1.029132,64.0,9.0,0.0,0,0.0,0.0,0.0,0,2669256704,2669297664,609.8290000000062,504.5109999999853,7.751000000000285,2.8049999999998216,39.94100000000167,33.0,233.0,228.0,121.76580000000102,475.8637999999982,2.936599999999942,1.498200000000106,20.220599999998257,33.0,233.0,228.0,1.728667,1.235643;1.086509;0.656059;0.740156;0.614927,64.0,9.0,0.0,0,5.0,1.0,0.0,7720.0,2653638656,2653659136,497.32999999999026,470.33900000000017,5.268000000000113,1.2820000000000191,26.490000000000542,33.0,233.0,228.0,113.45680000000026,33.5063999999996,2.69800000000011,1.776800000000047,23.285199999999865,0.0,0.0,0.0
64,25,43,0xf6c93f5de413a86e0a97c07bbe5fb6341d0d3164a0e3991f340ad1144288aeb4,0x10fad1c93831fb3bc005adf6bae4f5dc1eb6eeadb9460b42b66c83da7b932c62,0xb0e83dc121d03ee18c60eb15de14d198bbcda562875b9e1b98b93b0d4df805fa,1;0,0xf722159db05eec597c36887ac099e62aaa2dfd6523488fdbf57bcb03531a74cb;0x1012ab6366a2f2bc13c83e8c3a74153c7e9c27625f2aa057379ac859e1bc25af;0xf0dd5524bf7bdb4d467dc2a9971b7f87c875c3aa0801f5c409793b493c3da153;0x7d2cab549a5c5f25a6fa6e30bb67998cbf630889bb8d3dedc877655a63070aec;0xe6aad16ce7c2bbc3d793024d08a957ee4c473488b1722b0e453c655897e533b2,1.997873,1.643338;1.233039;1.297426;1.188072;1.315753,64.0,9.0,0.0,0,0.0,0.0,0.0,0,2673750016,2673795072,526.0629999999933,449.9589999999998,5.068000000000433,1.4820000000001325,29.555000000000554,33.0,233.0,226.0,122.55080000000417,497.2455999999959,3.102599999999997,1.606399999999966,19.13059999999883,33.0,233.0,226.0,2.206202,1.494854;1.116513;0.672904;0.837032;0.819325,64.0,9.0,0.0,0,5.0,1.0,0.0,7720.0,2651713536,2652868608,532.0119999999984,477.51000000000045,7.000000000000062,2.1430000000000233,41.382999999999,33.0,233.0,226.0,137.1367999999984,31.912200000000503,2.6499999999998747,1.6763999999998975,23.90980000000001,0.0,0.0,0.0
64,25,44,0xd1aa5ea7d98071e38cc335d20a959d636dbd143c41d2b4a14179793252787827,0xb26aca16c2f10546cc15a7433c9c4c1db1f6872f806e108cb0b2520a5bef3b5e,0xc426d1bcff0dab7ce0a68055980dc9250497e6af0a48bcff10b16c590b1eb9bf,0;1,0x48f800efd1dd99a8f073b991c3e269980061ab5b0d15daa80eb0f9077843e4e0;0xa9499cdb75750dbac07054e365372b8bbfd11a9c594db91b10c37bcd41da2922;0xa5a310e81a94795b157172c53b5b3fc9fd4997d3ab7017688919f65b722f827a;0x2f4d45178fe30a76d1a29548a732459d971f25c47be85931000f19c46e672c8a;0x267f6b8349dffb098edf86fd09f17d464402ff198cc3d664b4e1ab8ace774cf3,2.51336,2.320889;1.232228;1.058666;1.317837;1.130294,64.0,9.0,0.0,0,0.0,0.0,0.0,0,2675552256,2669850624,580.1149999999922,708.9089999999798,7.581999999999901,2.0630000000000646,40.81200000000118,33.0,233.0,227.0,113.65919999999363,468.92099999999994,2.868400000000104,1.6124000000000174,22.18719999999841,33.0,233.0,227.0,2.151865,1.083143;1.025536;1.050865;0.731383;0.746606,64.0,9.0,0.0,0,5.0,1.0,0.0,7720.0,2657300480,2651873280,557.561000000012,679.7050000000027,4.907999999999649,1.4720000000001918,29.20400000000142,33.0,233.0,227.0,114.06559999999622,30.696199999999397,2.4080000000000976,1.6286000000000773,21.13379999999984,0.0,0.0,0.0
64,25,45,0xa4a6f8a0104d98ffd86405c7b02adbdde8eac3a3015a409a3fdf7a43bc64a8ea,0xfe5360be8a86fe019b0b18b4d37ff8021ee7fc6a164d22a25b5de8369d8f8375,0xe5aca654801a152ba22641d5fc1ff9602a79f3ec95d6fa8544f449f05fb376d7,1;0,0xfb7a0620dcc117c005bdcf75b0ab78d80ea6d6ae1b4b2e26a392b61e731db475;0xa2a1ed48abf76edaeecc851afa39c2bc096cdeeebd7303e563a8a3ea231ead19;0x461eb4aac0f1bd531b81d37508a1aa5ba03ad5fc78d715f74af7e2d7f9a9bfd1;0x796b59c4ce29f451ee794954b97e9b6134f359a81841750cfb9c0076dd9a5b11;0x1ac287cbb2ccc690d2811b2da49f76d0034e67da43f778e56d3b49dd5555dc55,1.816028,2.157433;1.365769;1.111436;1.153829;1.134471,64.0,9.0,0.0,0,0.0,0.0,0.0,0,2664288256,2664329216,600.9770000000026,433.60399999997634,5.859000000000419,1.6629999999998382,28.372999999998207,33.0,232.0,225.0,117.41919999999628,458.0927999999984,3.010399999999955,1.576200000000076,27.595599999999386,33.0,232.0,225.0,2.361231,0.967619;0.937974;0.690401;0.759024;0.659234,64.0,9.0,0.0,0,5.0,1.0,0.0,7720.0,2657427456,2657456128,628.6779999999936,513.3439999999989,6.850000000000085,1.8530000000000109,41.05100000000028,33.0,232.0,225.0,110.05800000000177,31.92999999999946,2.299400000000014,1.3782000000000376,19.609599999999975,0.0,0.0,0.0
64,25,46,0x891515f5100ee290698a031b9ee544a534de5b060a74f83363c8ccea2f571d7b,0xac4a1dac75fac7ce2af7df15ed65a92ad29b9afba0220722735e0146ca1f4661,0xebba08369e813f4ab03e6f2260e9cc55292ae4af034eb3c388d3da488055b90e,0;1,0xe4c86b895fd63139cace5b0cbb61b3175777ac6cb4f57b200899a806c971f128;0xe72a97dbf57947b427e33fcf8b2f1105d8fb978cb572566712deec098ed46742;0x2d0dc8ff3b10b5159080fda52634cd00948bc097883a7c97c80f2f25230833da;0xb9e875758f49758f364bb14bd5c39feffb3e40513f3e54c6421e00ed38fd59d3;0x09fd32919b47a7ddc0f5ad3646d3b40b66ee4a6b21555157fc5f06c6ac2254a6,2.450605,1.758281;1.237646;1.175132;1.156203;1.070645,64.0,9.0,0.0,0,0.0,0.0,0.0,0,2670137344,2670133248,693.4550000000095,507.5150000000139,8.22199999999957,2.624000000000116,42.154000000002576,33.0,231.0,225.0,100.43539999999851,519.3172000000023,2.9903999999999002,1.4802000000000393,22.097400000001265,33.0,231.0,225.0,1.763389,1.648526;0.93531;0.703731;0.901619;0.781218,64.0,9.0,0.0,0,5.0,1.0,0.0,7720.0,2657751040,2651889664,476.9789999999885,445.34200000000135,5.317999999999816,1.3420000000000967,27.432000000000844,33.0,231.0,225.0,127.16160000000309,32.38479999999877,2.682199999999926,1.762399999999994,23.717999999999655,0.0,0.0,0.0
64,25,47,0xe1eac8cda95d62d6973389536e3ec58102d3a531a4157d5b81c7361a2aabf303,0x45ab9ce461ba2023afe6e5dcfa851857cf67efe7ffaedfddc560d5c7d132ee1a,0x3e76e8257c1dcf0b6d084099dc108a8e509881301a1ed2c14a276e2a036365a9,0;1,0xcf29cbb74902f6327a6579e367b3d8e9c0f3b46e469bf3aa7ad2d4648082d936;0xcba25d23457d01c7d7a44408cc81935bdcac863e4b892a6b662a954cce32d623;0xf955b8d6212e18c741a806bd835a1249cd97f27d0bbf43fdae77ac1c62bf946b;0xc543a38e68a5e0cadeaad4b390ca7ee9efbedbac72a78337263a77b6ceb73a27;0x35b809286d0118eb03e2ff902d23a1baa1ffb8c9a660e04591f82edef096b226,2.446389,1.888944;1.39278;1.345238;1.035241;1.022782,64.0,9.0,0.0,0,0.0,0.0,0.0,0,2675834880,2675810304,630.0700000000104,494.8060000000143,6.889999999999848,1.9629999999997914,59.57999999999658,33.0,232.0,225.0,119.72439999999862,484.6245999999943,3.3070000000001363,1.5926000000001175,20.264599999998687,33.0,232.0,225.0,1.928328,1.42305;1.962499;0.678884;0.694517;0.638242,64.0,9.0,0.0,0,5.0,1.0,0.0,7720.0,2657644544,2657841152,554.2759999999925,498.963000000005,4.065999999999619,1.332000000000156,27.76200000000062,33.0,232.0,225.0,117.06679999999302,34.29159999999987,2.745999999999998,1.76639999999997,23.77600000000035,0.0,0.0,0.0
64,25,48,0x2467db05274ca8bb40183c1485d7996cace410e336c6968195d6e9fcea52996e,0x91c46baaf6765386b3995f187cf93b24969f9bb30cba0f36b69be8c42402990d,0x822d79c529ae59a02a1e04786c2f73e037813dc2a9b47b3a00033c85935fa1a8,0;1,0x80b881c73b7efcf522231697d264d1385916cc36be95de9acd66d40bebd014f2;0xeb709d0dfcffb40dd5c4d31572e24c0334eca176b913392596c55091af672cac;0xf70367139b9b9c35d1f0344e9cf485cd3062436f6358b3529d485662bfdfa92d;0x7f7083753930bb6e508391a8d38269375711dba6d7d127132351e5b5fe6fdb26;0x4d33429e55c9fc80aa828c3368b38cc9467d53d47197137aa6fece4112f04b83,2.789927,1.988869;1.318818;1.08745;1.177055;1.131626,64.0,9.0,0.0,0,0.0,0.0,0.0,0,2670055424,2676555776,719.0539999999968,750.7319999999762,8.542999999999745,2.6739999999998187,40.55099999999978,33.0,232.0,228.0,123.8987999999941,465.99640000000164,3.066400000000143,1.7628000000000434,22.315600000000213,33.0,232.0,228.0,2.058604,0.973598;0.857944;2.199036;0.899867;1.911331,64.0,9.0,0.0,0,5.0,1.0,0.0,7720.0,2657869824,2651955200,602.7889999999925,457.10000000000196,5.368000000000387,1.5129999999998618,27.94199999999955,33.0,232.0,228.0,350.3439999999969,31.654000000000405,2.980799999999922,1.8285999999999303,21.674200000000585,0.0,0.0,0.0
64,25,49,0x14abec66e29f60c8c93dd22948122c6296608ed885944dd9143aed207996eb3a,0x2da60b798ea65c8ca342a501bdfb82437edfcf2d399a2ca0d1f93a427cca3762,0x75cf7e839a000eeeba75d7df07a166758e8bca6f3e512db8b59eb17a656759f5,0;1,0xbd60a26e900f5910870bf0c6be760445e60a9f666d605d99e31fd1383cc001ee;0x8c3b342262a55427c19df3fc96282152db3443dd64b1f028cffe4ec826543143;0x600963fb04eebfd5ef3dd115d269567a678be776d236c750bbba682599c86372;0x6d28e2d84d0321ef515b6e2bb0f83848bf4c55b72c4cd7f240288fc2f5597005;0xf5bff24bf1eeddf7e15cb4ed3f86f868506cb98d4ed45c5d999279bc7e0e24f3,2.683066,1.637049;1.231307;3.023209;1.428254;1.150525,64.0,9.0,0.0,0,0.0,0.0,0.0,0,2670956544,2677075968,657.671999999998,615.1079999999754,8.232000000000378,3.065000000000012,56.02400000000174,33.0,231.0,223.0,121.73560000000028,570.6242000000028,3.6013999999997406,1.730599999999992,22.48560000000094,33.0,231.0,223.0,1.955779,1.390447;0.829401;0.77581;0.992016;0.765805,64.0,9.0,0.0,0,5.0,1.0,0.0,7720.0,2651983872,2651987968,555.8979999999991,484.46100000000547,5.41800000000009,1.5119999999999543,31.14699999999873,33.0,231.0,223.0,126.17239999999641,32.38680000000049,3.106599999999973,1.8967999999999416,24.681200000000597,0.0,0.0,0.0
64,25,50,0x13a7ca62fd32560133befcb0c732526328d1b4c1c665db240b2c259a95741cc0,0x4c26610386bdd417f6f6456fc2af14e47dfdd3cf622aff41b3ff3342138687b0,0xebff670b24a9cf0276f99e909bab560d3be5fbee2bca960515f162932e0aef63,1;0,0xa2c5f2b23b4b4076307dac18b7d876803eaa8a81b7bb569aaf83392954614c38;0x72776b103fffb13f0e8445c0d8a486a0daa90e44f517249fda5e0504b65e6d91;0x31bc4db8545978fd35af7ccd729e59b60b97a337fd2a55e323df57ec2e4f97e4;0xf596facd75e0a4fb43863c4bcd5e6348749df15a23d3f51a2d10d9f04b25a9a5;0x7e6dfa1aadc93f139bff48150ad8f1cd1f5ee2e962446f3fd36e8ed871b53fe3,1.954067,1.555176;1.25323;1.165898;1.122893;1.04767,64.0,9.0,0.0,0,0.0,0.0,0.0,0,2677755904,2677768192,589.7699999999895,524.7310000000004,6.019000000000337,1.7630000000001118,26.830999999997996,34.0,234.0,222.0,114.06620000000146,444.993199999999,3.2690000000001884,1.5723999999999947,26.391800000000188,34.0,234.0,222.0,2.504337,1.287802;0.911295;0.743622;0.803883;0.706476,64.0,9.0,0.0,0,5.0,1.0,0.0,7720.0,2652110848,2652123136,901.0389999999924,501.76700000000017,6.27899999999966,2.3029999999999404,41.942999999999145,34.0,234.0,222.0,119.63019999999824,32.57899999999647,3.066600000000037,1.6983999999999402,24.06400000000003,0.0,0.0,0.0
64,25,51,0xab5573b1e52825621dd09f492d37a04b958cc4c98abab5b63119863ba35f49df,0x0048e0ad31d2d9c4411a651f6e5cccf68d75baa2bba7da0718322cc99088f30c,0x9b055feea31af9440102458cb5a56a4bce948560ee11a187e70f3faca1b56b78,1;0,0x2ab7eff0e22c5859053682bf92531299c1bb850fc4be0e459217244fe31e5259;0xfa4544f925253de5a440ce5b7b81975d688f0836930437da45b2a9545453f741;0xb5ae50294f0fef8a19d057c1a1de2af1045299247cc0a0cc4c872f3a73d2c97a;0xe35487bca43fb83e57f0d5e3e9f1beb169ca4d2d0d2c07a98d99aa841aaab6c2;0x12068b196f408adc002786d99b59f81f9cf83e9fe7dc882914de37f14a2582ca,2.143883,1.646894;1.317367;1.290125;1.584399;1.538049,64.0,9.0,0.0,0,0.0,0.0,0.0,0,2679980032,2680074240,607.9069999999908,663.0699999999879,6.128999999999683,2.1230000000001423,28.91299999999847,33.0,233.0,225.0,145.95399999999813,542.5985999999994,3.519199999999813,1.63619999999998,26.199600000000046,33.0,233.0,225.0,2.352167,1.776279;0.834909;0.677832;3.223862;0.806176,64.0,9.0,0.0,0,5.0,1.0,0.0,7720.0,2652213248,2652237824,564.7209999999902,639.9950000000043,6.388999999999874,2.152999999999964,39.88099999999856,33.0,233.0,225.0,132.20760000000055,32.44300000000145,3.1950000000001073,1.8005999999999232,25.602599999999946,0.0,0.0,0.0
64,25,52,0x780b0bdd5b6c8c82740035226d1889e3186c50959e8712981546691711651b00,0xef68925c51fcab50b6bdd20731d275e62656ad1c28331e4e16ecacdf6c7f6e58,0x1b8bf8d5f221d8a64fd96c2baeda9262724014e9b9f2da39ec33d95fa279e8d4,0;1,0x2a1aa806b93a1c7c32701852947201eae7e488d6ec8a3a72ca3e66a9ca650905;0xcbb7479f1abb9f67d3313812be2e3ad8b68dde21a61fed0618ebc29a27d7c32f;0x04222ad7c8d2ad5f42e81a75e996e1caa7c83ae5dda2fd3928c8ba2eaff430bd;0x9ac398cbadb0e8974bbbcb713133b4d4ce31c0fa160c6b3aecb792a919882272;0xdde70aa7c7a4a7c50416ef15ff9143ba71eeb4d9424b4d5f94bc85c1d82cf080,2.767774,2.311275;1.353902;1.228953;1.126068;1.187241,64.0,9.0,0.0,0,0.0,0.0,0.0,0,2681028608,2681057280,757.8930000000095,599.654000000005,7.270999999999667,2.3639999999999253,43.526000000002064,34.0,235.0,221.0,127.06759999999706,503.32720000000336,3.218600000000002,1.892800000000052,23.196799999999907,34.0,235.0,221.0,2.57264,1.024755;1.169784;0.763782;0.825996;0.688298,64.0,9.0,0.0,0,5.0,1.0,0.0,7720.0,2652250112,2652266496,1120.7599999999984,478.42100000000664,4.216999999999936,1.9429999999999101,27.330999999998497,34.0,235.0,221.0,113.21260000000112,31.44960000000252,6.951000000000006,1.4702000000000117,20.496999999999876,0.0,0.0,0.0
64,25,53,0xeec4a461d470f2000d4b6a254292f5ab5ffb5f5faf9d026518854a509ca6586d,0x1bd6c54bb78906cbb2d05e4f2670f48cfd2ad7f91884c45dad47d115fd3dc3e0,0x1300b28a3f87ec3f92dd69e74ecf309353ebde56c1b00e643d4d197cda558bc5,0;1,0x5c233b03b03e86ee834205caf0e64e113191abd41499425c535141ef079a1df6;0x5c253cbbcf0ed23cc89e2cb43df2a0f234190397f827325b584b98d2155eea73;0xd8d9c6a8b645b9b0bb658b47527359141c363ae7ca4699353bd32957b11b1e44;0xf8dcbce22ae87613d72eadc9a6553a954ad07c0b0bc38f383afb3842357d226b;0x86167476699ff15a206ce78f6abebeb1f2b925fa20396aab9caabc2acdfaccb4,3.237812,2.291516;1.417448;1.484248;1.275313;1.099574,64.0,9.0,0.0,0,0.0,0.0,0.0,0,2681245696,2681249792,709.1989999999937,550.190000000006,7.932000000000425,2.5530000000001905,45.13800000000012,33.0,234.0,220.0,145.54760000000664,536.0503999999877,3.5031999999999077,1.9630000000000514,23.893999999999306,33.0,234.0,220.0,2.615644,1.080529;0.979156;0.738394;0.818314;0.730942,64.0,9.0,0.0,0,5.0,1.0,0.0,7720.0,2652270592,2652274688,653.9660000000058,589.138000000003,6.710000000000049,1.8530000000000109,36.274999999998805,33.0,234.0,220.0,112.40919999999655,31.05860000000016,2.7822000000000267,1.7126000000000987,21.420199999999667,0.0,0.0,0.0
64,25,54,0xd8fcdba1e813048fe2b9e50e1a74a3fffd9c6196bb179e7fe1b8c970a1100692,0x06f5121affecde83fdbd76fea84a1a57ef93e94d8ebf58472975647923c6730c,0x8fa764e0131817b05bd555b9a50bc37d401f9cdb3c67d6b489458aca141a39c1,1;0,0xb056b8267537bfe94136b092b6605e8c5444ca0a36d6bfe1cd73992ec8a343b6;0x901019559bd6ac96922485ded64ac97607ed1e4200285ee4017104d160ef1171;0x93de7dd86716bc5276e0a9c7b0fbf303dfa44a93c818cfa2227fadfa403974ca;0x58ed002a9b5d8a035547016695c3b411efdeb0ab1d1c28dc218f19312acb48fc;0x0194bc8c9687e3a74da1f93010038c7fd7e8fee8d8195c34354e2d90c48045b7,1.898072,1.864041;1.2668;1.282724;1.185819;1.065407,64.0,9.0,0.0,0,0.0,0.0,0.0,0,2681253888,2681253888,582.5279999999988,422.7969999999748,5.769000000000086,1.611999999999794,26.248999999999022,33.0,233.0,217.0,135.42619999999397,449.43380000000974,3.3889999999998226,1.8406000000001193,23.774000000000015,33.0,233.0,217.0,2.733953,0.974765;0.809581;0.699835;0.804172;0.937023,64.0,9.0,0.0,0,5.0,1.0,0.0,7720.0,2652278784,2652278784,690.4309999999914,622.3280000000053,7.291000000000415,2.3430000000001368,41.12200000000107,33.0,233.0,217.0,128.5179999999997,34.28960000000092,2.2694000000000183,1.5346000000000282,35.90619999999934,0.0,0.0,0.0
64,25,55,0xb51b3c14289f6f2f1fcee02474f1ca271462fc6c9daba1458162c63e4c160565,0x9d947a2b8c386ad45ef5a332de4dd6b1b1c4e9386fa54ac5882f386fde9aec41,0xdccd23248a3b48d0d28d73cffe1f03860b2804ceca84d4f377a44969e167e69b,0;1,0x4f078ad91410cb5dc5f614aae02d59f33f94e41a29fb73b7dd75c693a3b9c531;0x5c0500e8f2a6283f3aa95ca39e9e40d427cf8232ddefa4dee5381ae947c43cc2;0x73efd19dc66247e51dcb25f904f8e4a9144f74ff1fed31565ad45a342f361b2f;0xd0883573b26cd3718e4537112de8e1ea0e484e117e5f9a0175e715808bf3d30c;0xa7dd263d9469a7cf12b25395dc37e284aef9dc3a7d5c9b4e8eed6620af360f63,2.759691,2.322593;1.357197;1.420181;1.212528;1.209103,64.0,9.0,0.0,0,0.0,0.0,0.0,0,2681274368,2681303040,569.970000000003,520.0639999999868,7.341000000000118,2.252999999999804,184.22800000000154,33.0,235.0,219.0,131.72079999999588,474.18459999999385,3.438799999999978,2.0372000000000274,26.998999999999775,33.0,235.0,219.0,2.070663,1.00788;2.057613;1.421488;1.032476;1.137655,64.0,9.0,0.0,0,5.0,1.0,0.0,7720.0,2652286976,2652286976,686.3249999999877,424.77100000000434,5.568000000000066,1.6330000000000164,26.850000000001874,33.0,235.0,219.0,185.22339999999528,33.85740000000081,2.6261999999997387,1.7223999999998845,38.5079999999996,0.0,0.0,0.0
64,25,56,0x5b2f1106092b28629ab7d15fc1949647ba3f608a11eab0500ef21e7dc4f09d90,0x57d64b465204c7693021207851c9a0c237bc132f397258f8564623e138f08c9e,0x1c01f655c4da452e0294101aaba3289efdca20e6fce35a2d7a36c841e0280d25,1;0,0x6ce320ca7031eb21f85e5cfc5c49094f162c73c842af0eb7554eb20b1ccb655b;0x347fc6260c27511d6ef9d6a1b504fe2bdd5b19b9b7ded60f28bcd349da189cae;0x2c764ac9890f6aa19b4f4b5405c167dc2976ac5d24b312e1915553a7e543186f;0xa0d2167dba51d5cc3bd579d73686d8a7bac59fda8a7241e3e5c823d3d653fe00;0xae40a6be094f3dbdec3414a4676523031457345a0d9ab26e69389a7de1c75f8d,1.792323,2.077533;1.385069;1.142734;1.045837;1.018465,64.0,9.0,0.0,0,0.0,0.0,0.0,0,2681339904,2681413632,586.5949999999954,426.6840000000105,6.759999999999752,1.6330000000000164,27.039999999999008,33.0,235.0,218.0,112.00679999999741,466.6876000000042,2.771999999999844,1.6945999999999455,21.628600000000997,33.0,235.0,218.0,2.133998,0.883202;0.797243;0.672905;0.642559;0.589489,64.0,9.0,0.0,0,5.0,1.0,0.0,7720.0,2652286976,2652295168,551.7919999999954,506.83499999999714,5.929000000000004,2.0530000000001243,42.564000000001876,33.0,235.0,218.0,100.29520000000569,35.10280000000309,2.1549999999998652,1.3000000000000858,18.978599999999734,0.0,0.0,0.0
64,25,57,0x6d8584ce858a4025f6b70aaacac2a68311db2a1b21c61a2cd7c73b6b1d5b3dd0,0x9e76f19ad9e7f4f4a2c31e9c1b81a2461be8392eef4cca74399bbc9b61af4b58,0xa82a1ef8231a463a3dbb01a19267cd68729d23be011d6e63c22bb5afbe0e92cd,1;0,0x70f226a9e459166ad9c7db0a6248d7849250eb8bc088434cbc769d996ee26695;0x09094b2e797abca548131bd1cd048bc4f087f314f98177c486169c1bd9113dca;0x3a25bd5335367afaa69762003cc36358d34ebb80c771edd08f728e2a30cd14da;0x29675987bfbd3bf05bb07a0aef1e0fbc76562953d18d87d4c4225f8520ef24a4;0x866adbd836ad0af860de126a10885ecd0d77f86fb8321098dd08acd9f38f888b,1.783469,1.460933;1.137485;1.000078;1.185688;1.003914,64.0,9.0,0.0,0,0.0,0.0,0.0,0,2681651200,2681671680,536.0680000000007,469.4880000000179,6.128999999999683,1.4720000000001918,27.812000000002058,33.0,235.0,216.0,100.66560000000501,460.4680000000028,2.501800000000165,1.5164000000000668,18.770199999999793,33.0,235.0,216.0,2.246728,1.336025;0.79607;0.647757;0.634787;0.59652,64.0,9.0,0.0,0,5.0,1.0,0.0,7720.0,2660089856,2660175872,598.6629999999993,492.95400000000376,5.508000000000422,2.0329999999998094,40.19100000000192,33.0,235.0,216.0,105.42719999999673,35.02640000000168,2.8666000000000107,1.5422000000000178,21.95500000000128,0.0,0.0,0.0
64,25,58,0x0c22cc6585bcf04af567d7412208070951d10d8f468f1e81753570100df45054,0xb03005e24adeb4aa4c2a083d651505bacd0027c43851ec383d17d90ad3d65139,0xa0a7d292afad02b542f41a00e6752f9261e50fb6b8e825f54fd2c986faef4a9d,0;1,0x7f57067922bc91939cd1e4e36661c3a4d9769f2705069430ad62f3c56f643ff0;0xcfc74d6b0556e220d4328ca749c892fc1e4739c3ad177b889984cf02b49f2372;0x10ba0c2ae64761efb08c7976e0a7306a5c27ef46a093ef4b747c7ed5096823c8;0xe7a70dd9037967764cdb27dde46fb60ea5618a95bb835f0ba3f7484eac16b7c8;0xe1ef28fc8174fa1418f7a3532bf1db7bdb8026dc9e6831d0213f16e59df2f86f,2.456073,2.12865;1.182113;1.106218;1.321022;0.999958,64.0,9.0,0.0,0,0.0,0.0,0.0,0,2682048512,2682077184,673.3449999999918,594.7270000000171,8.122000000000163,2.2830000000000594,43.585999999998236,33.0,236.0,215.0,114.86099999999388,445.0151999999985,2.9546000000000086,1.7507999999999413,26.974600000000127,33.0,236.0,215.0,1.915028,0.840027;0.72303;0.719896;0.820577;0.615088,64.0,9.0,0.0,0,5.0,1.0,0.0,7720.0,2660601856,2660757504,653.5860000000115,449.62799999999356,4.656999999999925,1.6519999999999904,28.232000000003033,33.0,236.0,215.0,97.6052000000005,41.891399999999244,2.0889999999999103,1.4300000000000077,19.26280000000141,0.0,0.0,0.0
64,25,59,0x51361710324d7b28083b57c2ba0336cffc99d77ed944211c0e5fd6276133c384,0x205ad9ec08c7b77d63bdddc45e7c2cb8757b89a88ac1e2f875cfe6e025ba07ab,0xf63d3f9514b1658432cf8aeb16c1b9bd1ae0eb6e08cdae0b1a256283659e1af2,1;0,0x00e23d8a2b17c00b1f496e9190a1f9119846055f9516212ed6e83f44af65f6f5;0xabfe5ff585ff32d8fcea27f3da5ab9283605032554eb94637db8e0c8fa260902;0xaeea556187b707444da1e155b5f0b0f6b93d7f2770b364b33d34a168c10f8892;0x7f36a46c3c3b440bca6428e687873594bcf3df2465f60e87e2723c1dc63251f9;0xd61bc9c59902068b3e83bb95907a2e55bffd6a4f277b24beaed9e4c8fea6007d,2.031473,1.575876;1.35939;1.066598;1.061581;1.054029,64.0,9.0,0.0,0,0.0,0.0,0.0,0,2683006976,2682908672,527.264999999999,446.5639999999826,5.558999999999599,1.432999999999903,25.919999999998723,33.0,237.0,219.0,109.68979999999573,466.40099999999404,2.631999999999982,1.5423999999999993,18.790400000000265,33.0,237.0,219.0,2.489685,1.610129;1.008762;0.666395;0.701148;0.847208,64.0,9.0,0.0,0,5.0,1.0,0.0,7720.0,2641661952,2641682432,763.2609999999873,472.7830000000044,6.72999999999993,2.3729999999999585,43.204999999997554,33.0,237.0,219.0,117.68119999999715,59.73219999999835,2.665999999999953,1.5943999999999507,22.08920000000142,0.0,0.0,0.0
64,25,60,0xd1c263ac1b5f7c5e96933e17087faa823f193234bfcfc6c3c3b0e8215622f970,0xcab8379dfbd775d4ea70991dbe3198a55c29929af90f3874ddfd784ff10c0d8e,0x8b82f016169ca230c9e228124305ad553c0f1245d61643e86f11a1ecf8a9d10b,0;1,0x261c548d076ad6afbcf66ff2b544b313598f824678bee35b91b21042481d098d;0x10cb6e7a983c90ef9fa256a460619ac61ede607b03f58e7e8b899ce89b244219;0x16e30f03ed61988bc6e54c5109d87ae85ebc25b794f6a08af000a9c339952d3e;0x4eff9f928a6628142dc18884977c24b00b77ef4f27efcbe8db8b5a8970a965db;0x296810e286dc693cd1d60b889681729f8da22af4980b6a03f5c904e4fc62b0fb,2.395372,1.970822;1.768968;1.152839;1.062852;1.038056,64.0,9.0,0.0,0,0.0,0.0,0.0,0,2683068416,2683322368,659.9250000000056,525.8830000000048,8.201999999999689,2.4339999999999433,40.982000000001904,33.0,238.0,217.0,117.83980000000248,540.8277999999989,3.000599999999909,1.784799999999913,22.39760000000146,33.0,238.0,217.0,2.166026,0.998245;0.758795;0.704342;0.682319;0.681207,64.0,9.0,0.0,0,5.0,1.0,0.0,7720.0,2661478400,2661703680,578.6530000000123,527.1349999999981,3.6860000000001407,1.5119999999999543,27.751999999998944,33.0,238.0,217.0,99.51419999999489,35.900199999999714,2.7122000000000948,1.6242000000000514,32.296799999999294,0.0,0.0,0.0
64,25,61,0xaa5452d276672ee7088da939384d96018e0d2de52277990a6dfe45a086079561,0xf85e1659d44b2382e735e1dccb028ff7b63c110d5ec2755474115e1c8d46f927,0x6ce84100dee331a3b7e53b5ed9eb87b357b8c6b6b3b445a4559c289db1c65551,1;0,0xcb99d52f5b29828bd09b6d94270b95cd02dc0851f0bd49a9b4811e57191d89a6;0xb3622d9f4c4aedcfc05a860801df348eb90d2b58b14422d21c2ed99a2e6ffb08;0x6d016e34a968cc67f91c4dff48be9130a7ec1093e9627df16aa6a5654fdf5877;0xfb7d961c757a4927a239602682dba7653e14a3581f07b30e656ed96960fad070;0xbc45e44a75f723abf8ce4eabb747bd7ad96546064f98f9166df761735ec39682,1.952414,2.003952;1.260791;1.068561;1.148452;1.149814,64.0,9.0,0.0,0,0.0,0.0,0.0,0,2680066048,2680086528,652.7239999999935,413.7140000000095,5.17799999999978,1.5020000000000138,48.12199999999767,33.0,236.0,218.0,120.97080000000315,453.00500000002853,2.742000000000022,1.624399999999946,23.73759999999975,33.0,236.0,218.0,2.244044,0.940178;0.799325;0.744933;0.687186;0.682238,64.0,9.0,0.0,0,5.0,1.0,0.0,7720.0,2661715968,2661728256,551.8529999999911,511.1510000000014,7.501000000000035,2.1629999999999048,40.92099999999932,33.0,236.0,218.0,90.96320000001045,30.18160000000103,2.193400000000123,1.3140000000000025,19.299200000000294,0.0,0.0,0.0
64,25,62,0xab7f50cbb6ef705b8a616e8fdf5b11ce5cd01a9138ee6ae4b8e0ed56636d2408,0x01b0800afaa22048346f32b7b1367c80048ea9ef1744fd5dcdaf5740474373ff,0xb68ce9ef599f034d21ce6c08136825f87c321a99d523e285595993c0674ee525,1;0,0xb26d7e90c51d51ffc2c10509c450bb53fe14756e71a1b15b84fc3cb0658fa62e;0xb7946d8673e59c3e67729afa8fb14d1572a79bca6c51eef4dcf89bd2e602b721;0x69b46fca0da5bf7f3fbeb4c7359f2c40584d4f62ea089ba85d10d81b756bb39a;0x0c4e548e1579596b1380ab45c601a4c1338b4cbd385bb42a0073d4248b0e05b8;0xd5e3e74a090c1b6b8c9d634cb3b63419c7cf60b290e3d11a5bba892f48ce524a,1.806765,2.096661;1.230315;1.086138;1.382115;1.085918,64.0,9.0,0.0,0,0.0,0.0,0.0,0,2680086528,2680098816,576.7999999999885,452.0709999999983,5.548000000000185,1.923000000000029,26.869999999998285,33.0,238.0,221.0,116.55540000000131,526.2716000000056,2.8443999999999,1.8629999999999516,21.967399999998914,33.0,238.0,221.0,2.166637,0.907368;0.809261;0.660937;0.686595;0.646325,64.0,9.0,0.0,0,5.0,1.0,0.0,7720.0,2661810176,2661830656,580.4150000000008,526.4539999999956,6.110000000000143,2.082999999999946,41.06200000000143,33.0,238.0,221.0,92.8319999999927,30.22940000000085,2.645800000000177,1.5024000000000632,18.818399999999404,0.0,0.0,0.0
64,25,63,0x43e40bbdc6f9625e06ac12ae6ab0e41102d2302d37a789a32aafab77a11abe1f,0xfec205ffb854e95d52c3293b56eb1047769da7584f7452297b87f990cf534f67,0x27ddb9e6b0d5e89bb42f48989fde7bd271f797c0064aa915ec926bab29f4b1e8,0;1,0xe06d6de6cedaf27653495a339c203e9fe247a827cca1359749d1d77fe3d883e5;0xd1f8baaaea3828f842fa5f43b751ed7bd057e76ddac9b985cbd72bdee0926c23;0x90ae339e352d01f46f25e594bfde8ecbcce78a410aa0d930db47a45632395924;0xdab82905e44008e762bbc9e4d9d86ccdcb48a09fa09e02bb8326d8ea2447874a;0xf492641627a8f398f2e088426f8bee937a641899e43d1ee1dc68743e17022ecf,2.487411,2.236083;1.231938;1.162613;1.172919;1.105006,64.0,9.0,0.0,0,0.0,0.0,0.0,0,2683494400,2683531264,719.4849999999919,548.7979999999615,7.510999999999976,2.1430000000000233,43.505999999998714,33.0,236.0,215.0,114.64700000000106,436.18980000004194,3.2707999999999346,1.7567999999999924,30.439999999999635,33.0,236.0,215.0,2.04265,0.980519;0.872917;0.67649;0.775078;0.682529,64.0,9.0,0.0,0,5.0,1.0,0.0,7720.0,2661986304,2662023168,584.3510000000107,442.13599999999576,3.4960000000004015,1.6719999999998716,27.391000000001608,33.0,236.0,215.0,103.88459999999823,32.176599999997336,2.523799999999861,1.6101999999999608,19.052999999999432,0.0,0.0,0.0
64,25,64,0xadb5596f1b24cc1ba68da2193b5a46ff33c57fc01afd3720d30577cbb809ac62,0xa1a5b7bd46dd0302b5486c4d8af55f09d42b1df67278ab9e407509db7d4e765f,0xb850b9dd2fa877716d6d5aac8c4172ed14775ef55875731800bf9a6927dd3219,1;0,0x98b43738a280dcf8aaac747182b402667b9315c570d89a923b778da351064796;0x632f697515d4794c0fff81096b2d2d1ff105b4ccc9b9a27f750a0ccdbb34cdde;0x006786de58ab5cb7334e45a5d78dadc49fdc1098efe57a9a9b034f37de89e6ec;0xf3b662e0d9dbed15bb5083f959f1f918e1c53a1031e8fd9aab3a3c3fa0cf823b;0x1fb7b429ae27e7d04add1b421341cc6fd23ee27c582dfefeb6fd565b4388c5c7,2.007957,2.158084;1.303395;1.22668;1.231376;1.106549,64.0,9.0,0.0,0,0.0,0.0,0.0,0,2683588608,2683588608,656.4299999999856,437.93100000000254,6.108999999999802,1.7929999999999335,26.891000000001107,33.0,235.0,218.0,147.16399999999962,469.7982000000156,2.8202000000001477,1.7847999999999997,26.161599999999233,33.0,235.0,218.0,2.373509,0.936933;0.718133;0.757112;0.650581;0.650801,64.0,9.0,0.0,0,5.0,1.0,0.0,7720.0,2662039552,2662051840,673.2949999999904,489.66799999999864,6.390000000000215,2.4240000000000026,41.93400000000042,33.0,235.0,218.0,94.98920000000632,31.833800000002906,2.4993999999998673,1.3319999999999825,18.674199999998976,0.0,0.0,0.0
64,25,65,0x71433a5af5e422872ee02434a744cbd39bf6f5d48da29228b0003830b4962d17,0xfba96f805c63e595356db1d316837dac682fd8863f59f5e242530f8ef1ec9c65,0x46c90476b1d2f463cbcb9276febdeff69d6ad346c21b278577caaab06f083a23,0;1,0xdf8264e5ffaa199b980f041d1f8a18adc3837b2d47753ccb3e1f14eccb8d409f;0x12c70b1af4d97f8eac3ea7095df763b6bc4ce1648b7405354e985d843df1a5f8;0x513f51e1e5f1cdacb9e812f10021558ce3d60abbbdaf57245ac59765416c5173;0xf5b9e8db7b4e467108bb3b88210129d65147c16cad9507d0f01073934b6dbf52;0x29f426e4b05f4666219fda220e23ef289632cbb762122a8bbaa9782c49bab834,2.401541,2.138785;1.274762;1.243445;1.026899;1.106979,64.0,9.0,0.0,0,0.0,0.0,0.0,0,2680242176,2683609088,709.3400000000028,465.48199999996154,6.810000000000323,2.0730000000000053,41.602000000001695,33.0,238.0,217.0,130.14800000000773,543.106800000026,2.665799999999885,1.3583999999999643,24.449000000001384,33.0,238.0,217.0,1.898362,1.317276;2.797328;0.792035;0.720937;0.717071,64.0,9.0,0.0,0,5.0,1.0,0.0,7720.0,2662162432,2662338560,629.7389999999903,460.27399999999665,5.057999999999625,1.3729999999998257,26.360000000003048,33.0,238.0,217.0,122.66699999999854,31.607399999999952,2.5998000000001036,1.6505999999999466,23.008600000000435,0.0,0.0,0.0
64,25,66,0xd57054518b5f9a409bcd998dcf782f00f6711d9ca91344274002a1578087657f,0x16a1391cc71173a366ff4990cfff361ac38657b992df871925552fa56ab8f125,0x5ef5dedd5be889be46870d3d81ab30bbf6660cdfce3c4a4a4db00fd28dcfabb3,1;0,0x35b6c6ce82c0d6e2b4b6d2d8f8e3acad262f3c71cfec16ad6b9b951744a95e0d;0xb726d8075113172067700171557bd3a63cbf981c92885aec9f52d1ed32770431;0x404239df63e98eafa6c25c73f1b08425b8781c04bb4734d78f69076db37b072b;0x944547a3bc8c55bd85019fb5bb8b79939617b8425ef5c749eaf524689e9b46ec;0x2b03acdb1adabff7e800f0c3e3e0a223619fa1127b1ed950a8bd70d2ba819c08,1.959515,2.594232;1.218147;1.178997;1.028501;1.144405,64.0,9.0,0.0,0,0.0,0.0,0.0,0,2683883520,2684055552,645.5639999999873,448.91700000004863,6.329999999999704,1.683000000000153,27.09099999999992,33.0,236.0,217.0,126.1324000000008,464.59439999999574,3.0726000000000018,1.8628000000000566,22.92240000000001,33.0,236.0,217.0,2.225005,0.952516;0.865746;0.684251;0.705284;0.637371,64.0,9.0,0.0,0,5.0,1.0,0.0,7720.0,2662416384,2662416384,588.7770000000125,504.34100000000535,6.861000000000367,1.9030000000001477,41.60300000000117,33.0,236.0,217.0,95.88460000000133,39.034800000001255,2.742000000000022,1.3319999999998957,18.826200000000846,0.0,0.0,0.0
64,25,67,0xa60adec5ac1e2f3fb3a0bf7660c43880d81160369b3a6d2c54c10fd288d13666,0x99267d1c791abdd287f3173408f68277b43a660d6c2ea9e6af2e70932e56aa70,0x66a2a0b086860819b0b15331190ecebf9847c2d5bc69faaf6f86c18ac26d8d4f,1;0,0x16a0c0b1acab6a196e34ee13bca5e3dc603401610e6084238052c8409fd4c597;0x7b2efbc71a793e8e5742ac8d68fdd91328f70ceab4baba9037b661bf1c5dc0e1;0xa80d50ae0a7244118c13b3f65804b1bd2cfa5b38f866175e16505470b53568a9;0x0c85ed332a232c4e9878fa6677542fda2f48cf5e91b03c8f8fa8583b14a0cfc3;0x504bd710adc0c4642828a1a1fb34ff956eb998d76a5173765ed3438bd1861af8,2.715755,1.586332;1.385719;1.048571;1.138476;0.970043,64.0,9.0,0.0,0,0.0,0.0,0.0,0,2684370944,2684370944,517.7109999999763,844.0629999999505,7.211000000000023,1.7120000000000677,30.00599999999909,33.0,237.0,216.0,115.6943999999993,448.32199999997874,2.93680000000001,1.492199999999968,19.322800000000363,33.0,237.0,216.0,2.348471,1.296685;0.763111;0.703311;0.587155;0.617741,64.0,9.0,0.0,0,5.0,1.0,0.0,7720.0,2663002112,2663071744,593.834999999987,525.7419999999958,6.560000000000072,2.204000000000008,41.523000000001645,33.0,237.0,216.0,100.03499999999276,35.39540000000174,2.5697999999999346,1.606399999999966,21.18180000000025,0.0,0.0,0.0
64,25,68,0x52a8f3eb39b882033037a1b56fa3e07ce4b46fd7c32908092b80241370337a0c,0x452799a6ef0f83cff7941306356531a8be924819b5c4086a7eee4584a67fdf40,0x15353da757f0c63d62906102015f7a2ef8c4747776bf464f20868731db910075,0;1,0x29554b2e37fed126841dd096ee46d83efea48cbf9da8cf5d2c6b4210af259d0c;0x4f3b05d8d7dd0c151ba3e0fde60adceff20694819eefb90fe1c68b398961c76e;0x2e3be250d7963c212afc3eda0797cbdd50503ef96a54bf2827545dad4ebf87ed;0xd78aa53528bd4be0e46e5080292c6a82914604f4a6e108d776bb7e3b4cc74a2b;0xd8aaf7407da7140a4e493da81ba1522bcbcb8e2901d4c568c53f5b56bc810dff,2.382733,1.93673;1.222464;1.0547;1.020068;1.062382,64.0,9.0,0.0,0,0.0,0.0,0.0,0,2684375040,2684375040,567.7760000000198,500.88500000000647,7.741000000000345,2.0029999999999872,64.84799999999929,33.0,237.0,219.0,125.73160000000082,452.1817999999955,2.738400000000009,1.7185999999999764,21.92520000000031,33.0,237.0,219.0,1.805842,0.887809;0.707336;0.566243;0.653616;0.567456,64.0,9.0,0.0,0,5.0,1.0,0.0,7720.0,2663755776,2663792640,551.4020000000064,488.4970000000044,4.025999999999856,1.3919999999997996,24.576999999997852,33.0,237.0,219.0,93.48900000000215,43.19720000000304,2.3273999999998476,1.4420000000000233,18.385400000001106,0.0,0.0,0.0
64,25,69,0x6f622f2b9c2de9d8c911d2cd07a5432f46428140cb3f885ca606f0b4ef851684,0x180c19189ea87aff1bbe11cc0ec7ff3350bf0c239fdd06209e70341287b5b3ae,0x3a8c0e8a7ede8bc218efb8bb647ad277e46dad24b1adb6819c3356d31633e52a,0;1,0xd9e48dbce94862c3914246636ad8913faf514e3366a0c3b4168c6c8a92f8b845;0x083feaba50cc2d7cba146f0f0818284823659f297752deb621bd2d3c481278e8;0x170c9dfa8255452bc17314374fcdf80b1a87d4c9e4a8ced9242dd3797d771743;0x1ee959b8ca444421e3d9e1120780198b39339c953013f50f4f59fe4780928c7f;0x06b67e1e9107507a8ac5bfb0d3034068000f0a78cbb2bfd3b5c01ee7cfe6154c,2.320158,1.574965;1.155562;1.081831;1.117845;0.998646,64.0,9.0,0.0,0,0.0,0.0,0.0,0,2684424192,2684424192,646.1349999999921,485.3719999999839,6.710000000000049,2.0229999999998687,41.51200000000049,33.0,236.0,215.0,101.08260000000203,453.40379999998515,2.5738000000000847,1.299999999999999,18.013199999998562,33.0,236.0,215.0,1.854767,1.24696;0.75611;0.654397;0.635549;0.597641,64.0,9.0,0.0,0,5.0,1.0,0.0,7720.0,2663796736,2663809024,617.9020000000035,425.041000000001,4.236999999999817,1.3420000000000967,27.011000000000397,33.0,236.0,215.0,98.78099999999779,35.744000000001435,2.6780000000000554,1.5984000000000138,21.975200000000363,0.0,0.0,0.0
64,25,70,0x0ea74db99323e46d08851d422dda6f1c256f90c664bc5d94213b83ca82e8ed54,0x04d77ccf0427f19c3bcdf1e5ed250428c454d831cbd6824c39f02cb89c4db52c,0x99dc24b23e19e53be3cdf15aa6c16c34b0cf70d54c776c1a18a4593d4215b152,0;1,0xd7b5be9a66a8760b75d844f7a8ccb27422c10211e71928d485397f92f17e79cd;0x85f26f9855b751e970e8c805458791fe36e5d74468463ba42dafca66ba500711;0x0688afb90eeb14185afec1f5eb15ac07162764cb7cd922d51190af81cfa065b1;0xa645c1a4570c6e45c50049899bd0abb7fbc85825b4e44ea8f105fc0cf8e1ec1e;0x3b50d40063034bde4638ac6c467b3c109ea7f097da44cb0a9fe933d8f3c7bba5,2.348962,1.45912;1.411959;1.020669;1.436566;1.167205,64.0,9.0,0.0,0,0.0,0.0,0.0,0,2684612608,2684624896,547.1149999999869,487.2949999999987,8.583000000000375,1.9120000000001809,42.67399999999949,33.0,236.0,217.0,120.93840000001465,544.1164000000055,2.7001999999999926,1.5183999999999684,18.91440000000022,33.0,236.0,217.0,1.730059,1.347042;0.83584;0.744467;0.773006;0.66337,64.0,9.0,0.0,0,5.0,1.0,0.0,7720.0,2665521152,2665549824,492.29200000000526,458.5109999999948,3.6660000000002593,1.4120000000001145,39.970999999999755,33.0,236.0,217.0,117.61940000000193,31.428999999999483,2.8764000000000567,1.606400000000053,25.02800000000055,0.0,0.0,0.0
64,25,71,0x2e4a5717f3b6eb71603fd7a6197d9eac3c918a71a89dd50ab22199eeb5bb2c59,0x26aae47c87e671d988740c2dcb37475c5fad4877e76a7720ac67d16afb53aa53,0xfafed79970f3820b8bde930ba5798d1011ef46454581b8fe6b481b436d15ee5c,0;1,0xece07d1fb19b12693dfea0ff5e036884798d9f924f94abdd9e0d7545640259d5;0x82c841549248f4b98f74ebf66cd39ef067f1cec8299b7296cbecae4642a64310;0x7eb4059bd5029f18f063f10c566f75c696b229bf6dda1db7b742d0369ad85708;0x5026f1e9f575b631d0f3b81fd9bf0a9fd1420d81312d90329945f5d5dfe54091;0xc171ebd4dadd7e7457487506d108bf92960dcc396e3bfa127637d77a224faeef,2.888126,2.017043;1.293801;1.077065;1.018927;1.038236,64.0,9.0,0.0,0,0.0,0.0,0.0,0,2684628992,2684633088,1160.5009999999804,555.3069999999493,7.601000000000309,2.394000000000181,42.39400000000116,33.0,236.0,219.0,123.93880000001191,473.3080000000056,2.8264000000000067,1.774800000000059,21.858800000001953,33.0,236.0,219.0,1.913716,1.195423;0.718664;0.627587;0.691743;0.645914,64.0,9.0,0.0,0,5.0,1.0,0.0,7720.0,2665566208,2665578496,638.2430000000105,461.9260000000014,4.205999999999655,1.7929999999999335,26.819999999996845,33.0,236.0,219.0,141.42959999999817,30.409599999997596,2.2331999999999907,1.4919999999999862,18.59379999999966,0.0,0.0,0.0
64,25,72,0xec732a7e73b0efce0869962d229843195869c353cf7a8c12e9bae11979a2874d,0xf4d6f392b436292067422525b89e498f239f82e161c51edeb3bc171d0d865c2b,0x7fea77af6b6ed00a176c1d49947a7d205ae83a39e082f47e9f48c165a438a695,0;1,0xb25f64f072c1baa1bdc9e5ec9f9947788b39cbb2281d6481bf6574c7dbb6692f;0xcc597b0b70fd0a2e54ac1c4bd2a7ba3b6dc67afec68349c5452bc66592793f2c;0xc079e96d812a3143c7276a347e13cbb67c740965fc81f0e0f59b1df1e1cd2094;0x5b542bc47f4e49c6800f747e7ca19352d3bae3faf21144410c03aa140945e98b;0xb990307649dd37e88851032147393e7eb85dbed1a0649f3c5fef5e833d4c0113,2.267681,1.98212;1.150996;1.098652;1.288424;1.288564,64.0,9.0,0.0,0,0.0,0.0,0.0,0,2684645376,2684768256,571.3119999999905,564.141000000018,8.151999999999985,2.082999999999946,41.88399999999898,33.0,236.0,219.0,119.6925999999987,444.60840000002383,2.984400000000283,1.7726000000000894,24.480799999999913,33.0,236.0,219.0,2.043923,0.921881;0.708469;0.788209;0.801329;0.733587,64.0,9.0,0.0,0,5.0,1.0,0.0,7720.0,2665775104,2665824256,571.3719999999867,440.80500000000245,4.487000000000068,1.3220000000002154,200.47200000000015,33.0,236.0,219.0,92.0450000000017,30.992800000001484,2.3318000000001335,1.389999999999985,18.648000000000277,0.0,0.0,0.0
64,25,73,0x3e5f11dbc2718469a756599830c36c4928f6063b5e349842abb83268a2f32c89,0x5dcb37c9b647589e83345f85bf1e9ef6d6311a9c31bd84e997be2ee5c669a631,0xb99bece5017e599e390dbf9a3732207eb5080b0b3f7e0763d4333da860aefaf0,0;1,0xf8e3b3a0159039f54f31e3eb734adec7d272d576e2127e86ea10c0d38191a254;0x05d7c0333167beaf0a82b92a6a39de286e47885a0841b262126d99e0aa0de469;0x634a5e7b70faaf0615f49a3c3ab1dc5a1a4294799dbecda32c4cde942dae7e37;0x7c12ea0adc7e1f9112c3debc1a715fa98acbc4f0651ae83d8d4c44be1af48d07;0x874db050ffb84fd9c0dba918882068baa88f47860ac9081ffe3d59dce86f81ab,2.590207,1.971304;1.476918;1.391619;1.085187;1.097735,64.0,9.0,0.0,0,0.0,0.0,0.0,0,2684837888,2684850176,678.9340000000199,507.6659999999622,6.92100000000001,2.163999999999812,57.69700000000238,33.0,236.0,219.0,146.58680000000368,488.8436000000107,3.1289999999998055,1.818799999999971,23.10659999999881,33.0,236.0,219.0,2.016332,0.999828;0.783883;0.83551;0.891044;0.724563,64.0,9.0,0.0,0,5.0,1.0,0.0,7720.0,2665947136,2665951232,630.5110000000003,524.0710000000009,4.747999999999732,1.6629999999998382,27.261000000000646,33.0,236.0,219.0,97.69500000000319,30.3436000000018,2.319399999999895,1.3140000000000025,19.258799999999354,0.0,0.0,0.0
64,25,74,0xdf13047ea19420c10f4c86da9e2ca7ba97d84197de7441a51108e30ebb58bb65,0x2a5bf9d8ae69498029c9616c5c6a8fd9c1df393cb49a9205ac5b9a8465a0f604,0xd8b9762a75589ef5b2b6e65387e089726bea7931466f20b02fbcea04f340cd09,0;1,0x75bad7651830a9e9ebf5bf3773fda9af3a9bd91a621f4d55302dbf6154a6ab3a;0x900b2df3c25e231ea3c85e8534c44b5d18bc4431f8b616dce120575e26b9e736;0xb6d7e2817b65ec768afeab039bccc871d0a1c1a7fdf79fb8c6c1a7c3560c468d;0xcb6d1a6ad52cb73dc2a642f5e63ae6cfd90e2a1c5ff9e7af0f2511e11a1782b6;0x4f5b0444bd26ff5ce8cd6a49a2a19800bb72e6eceb91b15ebc0b5e703e8754e5,2.486296,2.137625;1.280296;1.303846;1.28607;1.070284,64.0,9.0,0.0,0,0.0,0.0,0.0,0,2687016960,2687029248,706.405000000021,511.7919999999554,8.321999999999843,2.743999999999837,62.333999999997225,33.0,237.0,217.0,118.15820000000699,484.5070000000007,3.120600000000064,1.7546000000000228,22.361799999999487,33.0,237.0,217.0,1.865914,0.923643;0.990555;0.624262;0.695409;0.611482,64.0,9.0,0.0,0,5.0,1.0,0.0,7720.0,2665959424,2665975808,558.3919999999908,460.53499999999804,5.187999999999721,1.5420000000002099,27.290999999998732,33.0,237.0,217.0,94.19020000000499,32.382600000002704,2.5278000000000107,1.4682000000000237,19.44539999999967,0.0,0.0,0.0
64,25,75,0x81970281523c15b8ea50e429d44c41f54e1698bed963d2aa4da6039b62dd0750,0x27edb2250dae587649f60ce30bca01de4ae0e95fddf2be7bab02002ac91992e1,0xf505405478bb8d16609de2573ca161f94c5eecbbc04a66d53d59c9ee667908b8,0;1,0xfb62df081c93d4bec56aee7c1f3ab232fd0f110f40e19e9361557f32537d211d;0x53365f96b6a47fbe35744f37c4ad3d590c451540515d0cf0a9fd9dadea4dd348;0xabf2fb2427a5bbd5b3838605163e1ff65a8b61e7a422abb4d2cb3f166370771e;0x07681a78863c0c441a23f3b46eb6c1cc41fd3f89823a9284bda18e40540dc3b7;0x1a1c4f6fca8ea4fb9fcdb1ac1a0ea0253b5e20fabab167f51e895ce1c4e7a6d9,2.261131,1.95551;1.234813;1.065798;1.092258;1.093399,64.0,9.0,0.0,0,0.0,0.0,0.0,0,2687201280,2687221760,571.8820000000235,526.3239999999669,8.2620000000002,1.8629999999999516,43.34500000000019,34.0,241.0,218.0,117.7233999999916,452.92919999999623,3.75979999999998,1.7948000000000268,26.135399999999144,34.0,241.0,218.0,1.913256,1.085307;0.790833;0.638082;0.704663;0.659395,64.0,9.0,0.0,0,5.0,1.0,0.0,7720.0,2666827776,2666926080,520.7349999999944,467.5449999999998,4.175999999999832,1.6629999999998382,28.052000000000632,34.0,241.0,218.0,132.94500000000653,35.058599999998606,1.9029999999999743,1.279799999999963,18.007200000000335,0.0,0.0,0.0
64,25,76,0xf99ee8077f72e5a5d0e6d30c5e04ad3f55da2d5093dfa2499f2b803112024e7c,0x3d48278db916c2d674448e436248a472001fba21bfd474cccc3f613fe5a997a7,0xcbe45c3a5d9eb5abeacc842ba8c7c485844fa2d58645c13af175f4373131c7f3,0;1,0xe8af48766b1601a65f3624786b709c082a0952d506bf913bf74c6fbe266645c7;0xa29657f7bf883e3d6cd3e45a55ec877af0646b4c9d6d51e7a9986d9f0ddbe579;0xee29b2dc3b3e4aa2fdd2e40b781bcc632dbc5156860334c83b579360713b4482;0x00a43242c6d0491a5d721bdcb6c3287ade9a3cc980197c8935c3d1a66b69ac37;0x79ce7dd1f5fd101d0068b7cf515462f8c990ff0a485f2566f63e264dd5f60110,2.26718,1.694025;1.181863;1.058136;1.059418;0.995541,64.0,9.0,0.0,0,0.0,0.0,0.0,0,2687225856,2687246336,587.4060000000126,486.0730000000313,8.372999999999887,2.554000000000098,44.36699999999655,33.0,238.0,216.0,102.93120000000044,445.5019999999976,2.626000000000017,1.525999999999958,38.17780000000131,33.0,238.0,216.0,2.033758,1.294723;0.809582;0.611052;0.583601;0.625433,64.0,9.0,0.0,0,5.0,1.0,0.0,7720.0,2666934272,2666934272,639.3339999999914,441.175000000002,4.076000000000427,1.361999999999978,28.513000000000844,33.0,238.0,216.0,111.76059999998823,31.39759999999936,2.601799999999918,1.6722000000000266,21.252399999999174,0.0,0.0,0.0
64,25,77,0xa128579f9b5e86139bd3d339218df11997768d7f841db9868bfb95e72b930a09,0x3024204b1a740170fc00369c2fd93130c03c18f2e643964f900ac93614fcaa8a,0x6cfc1d8ca061bee71b08c38bd4a1d1e55ea2c0515ecc60c99f77ed4100531206,0;1,0xeccd4d4287b39210eeea7b685f63bfd12f430cd8f5f89ff231f487448ad88a2e;0xba9fb923fd4f1d97f7ac7c5c1880ad97a5a10ebb582a96d166cd819c6ffcf6b6;0xbafceb7ac369da3516ade257bfdf45a9a69e148f3b8e10c14f5a82053029237c;0x6c49f09dd54fa03a20fbdf4d7a4b2bf3e67022d0afb5aad783c3a46b83f72749;0xa3588d372647d189ff767c882801c2a0d66d7472d99d788be985878f517a43cc,2.397677,1.960698;1.180691;1.110996;1.191998;1.116534,64.0,9.0,0.0,0,0.0,0.0,0.0,0,2687254528,2687266816,631.3820000000137,571.0209999999494,65.99899999999974,2.423000000000095,41.30200000000001,33.0,238.0,217.0,110.60880000000051,504.92360000000684,3.054599999999935,7.018599999999986,21.66279999999965,33.0,238.0,217.0,1.837232,0.880909;0.765334;0.809121;0.686776;0.698153,64.0,9.0,0.0,0,5.0,1.0,0.0,7720.0,2666946560,2666946560,549.0779999999806,447.3849999999946,4.686999999999747,1.3819999999998591,27.42199999999917,33.0,238.0,217.0,95.10540000000623,48.679200000001366,2.395600000000033,1.3418000000001151,24.17820000000098,0.0,0.0,0.0
64,25,78,0xc37e94a630706de80822a9f6b5a228c64ca733bc41b80fe140004c595f8577ee,0x5c0fab230fcb15b770860364f5ea996c7e71c926e0174ae087ebb90a41810f42,0xb072c9fce0e6bf3735b8f20c39d97a08787761c648f8266f68a7861482d80aca,1;0,0x4795fa0c379cd844238609f007a4414209b83ee6d1492d63bfeee9423de4980b;0x5ee94ebb103a3c1afedc33f9d58c5ad57047f8239cfbff091b083a0f5ec4009b;0x8f3c1b96fb59ce1d77cc0fdfa3f7167dde20c4fed82e93d6ea0fa3acda704c88;0xb088a4d44f0995d601fc852bd8872d45b140a456665896ad442bfc918a8a6373;0x2a4dd41e1cf9dd2801742801a89cb9eb239265c62c1dd35481c0f5d1775adb72,1.833246,1.905224;1.742299;1.111477;1.096374;1.004465,64.0,9.0,0.0,0,0.0,0.0,0.0,0,2687356928,2687377408,544.6109999999726,452.71300000004896,6.879999999999907,1.5720000000000316,26.07999999999777,33.0,237.0,218.0,117.49300000000186,465.1135999999889,2.8122000000000216,1.7124000000000306,21.944999999998217,33.0,237.0,218.0,2.224705,0.886507;0.739095;0.701909;0.646054;0.661107,64.0,9.0,0.0,0,5.0,1.0,0.0,7720.0,2666954752,2666954752,637.1210000000183,539.5039999999962,6.570000000000014,2.073999999999913,39.118999999997186,33.0,237.0,218.0,91.86879999999454,30.273399999999896,2.2375999999999303,1.2377999999999523,17.796800000000058,0.0,0.0,0.0
64,25,79,0xc51ca8573386bed95ab13b9875385aa24c848fede3018a9daab8b20ce88e36e2,0x181879cd72c86075321d55eee51753a586953d831e6810db2275047a5c32940a,0x23d2cde51d908e28b9e1667236e8b0cfb97ed250375119b1801243f710cc78e9,1;0,0x80fa41f873753d4299859b89eb59a2f48a8449d00c46cd5654093f6d129cc72b;0xfb37471399b795745ef45f4603d97fbd4c9db4a01b2355b2e10c0c919e3dd8fb;0xc1d5a13379a67d64828ed5623e76471d66119645e51d943e12e91832b7d7e154;0xe079cb029920a2f749edd6d114f7e733de1cad5f1f1d750105de981a0e4ee7af;0x3ece5fc5da412901b3ff2a1eb01939003ec31425c4e4c6b6dabafef280fd3a81,1.969351,2.005986;1.178097;1.336216;1.054481;1.235514,64.0,9.0,0.0,0,0.0,0.0,0.0,0,2687377408,2687389696,547.5659999999993,536.538999999947,5.698999999999635,1.4929999999999803,27.85200000000182,33.0,238.0,216.0,114.5407999999959,477.76699999999556,2.9983999999998527,1.6404000000000245,21.824800000000423,33.0,238.0,216.0,2.5253,0.991315;0.758775;0.690822;0.727627;0.725244,64.0,9.0,0.0,0,5.0,1.0,0.0,7720.0,2666954752,2667843584,719.1449999999766,524.9420000000005,5.719000000000383,2.322999999999822,40.11999999999766,33.0,238.0,216.0,93.56740000000529,30.367800000000166,2.15560000000007,1.334200000000039,28.68100000000123,0.0,0.0,0.0
64,25,80,0x902af5d50be73cfdfd10ab6947be05af016f669671096fb35dcc5eb12323784d,0x348e99c6657d6e6f745ae169626f0be636caaff386bc15419a123ca7398cfa61,0x12c2455d52f98987fc1524dddabfada9199b6efcdd7fe72f9bb3bdc1f9e2ad57,0;1,0x8bc55093a2914fb821b655263b16ff8004664c7d604161aa01fba80b26ed4217;0x0dac196ae3288bf540bb48ff689b9646b3c748e7771fb6aa4d1e78cb63b7bada;0x2c8c98d0eb1eb33a10394b98be34156b0c402c8add00fa5ab8a17ca353e6d14b;0xa20dcf0ef5da52b1f1d8728bc40407c5c0fdeb7a134a3edd6b684f5ca9060484;0x9cd061d85de363fee7b0494fc5f5a6bd6ca7335603eedcf6dcf580e5e6342af1,2.350746,2.478399;4.598982;1.573749;1.615076;1.278058,64.0,9.0,0.0,0,0.0,0.0,0.0,0,2687418368,2687504384,611.9130000000195,504.37999999997095,6.489000000000147,2.474000000000139,64.00699999999787,33.0,238.0,216.0,166.10259999999545,654.5274000000045,4.212200000000034,1.9490000000000478,26.04719999999977,33.0,238.0,216.0,2.277426,3.636866;1.272029;0.829371;0.78224;0.962832,64.0,9.0,0.0,0,5.0,1.0,0.0,7720.0,2667962368,2667966464,703.9409999999857,639.3840000000067,4.996999999999641,1.4730000000000993,27.351000000001847,33.0,238.0,216.0,219.07660000000106,33.84300000000284,4.048000000000072,6.64399999999992,30.163599999999402,0.0,0.0,0.0
64,25,81,0x4a2a8bd9df60642a10decf025a6a559e14e4367ed282e42530ceedb0e4615c5d,0x7bebeef71f08aa3d76239f3edff4f3bafe0633b5bad47bc67bf27f694de9a1fd,0x04a747671f35458377275176493a2708994bb0c994b33db01b09dad378d4cbb7,1;0,0x5345ba5ba3a82502e040a3e2b31453fc37f55ca47cb6a5ba61d367086315365c;0x7ae8f7e6ea59a68a929d5498a25a2adb634e9114bdbe1c3cc0541c7814ad70dc;0xb8311dc30fa231d5252db6fcbd748d938bf9e90664921b33cec8644952e3f459;0xbe7cb637e04a37b1f6aed55e16418300355dd515964c9b4c04e7bc2f7db8489a;0xa05f42fe5b96188864e965bd4580b528b61a84845f84618c2b0a7dbf740f854d,2.170312,2.041969;1.254732;2.744719;1.653603;1.373591,64.0,9.0,0.0,0,0.0,0.0,0.0,0,2687574016,2687582208,673.7860000000095,499.9140000000457,7.080999999999928,1.8629999999999516,29.564000000002753,33.0,237.0,214.0,121.27900000000747,547.9624000000127,3.299199999999905,1.8766000000000789,22.90840000000044,33.0,237.0,214.0,2.485298,0.929452;0.753637;0.698553;0.800917;0.685223,64.0,9.0,0.0,0,5.0,1.0,0.0,7720.0,2667982848,2667982848,790.9930000000176,505.84200000000635,6.9409999999998915,2.5139999999999016,40.630999999999304,33.0,237.0,214.0,102.8412000000034,30.381799999998346,2.535799999999963,1.3420000000000099,19.51759999999914,0.0,0.0,0.0
64,25,82,0x701ae981500bb0faccfd29c256c77f37ab947ade0038bd967a7435f467d9f8b6,0xa41f98170ddbb00be1f0a1d660a84b0fc38ad39d1a8add867a4e459a185dd568,0xc220aa5f71d1bde3deb080b9277733556fecb204f062470109df4948d6e9d724,0;1,0xb5ef042d89f5b4716917f4a75dde73880a03bc80426b8d7fd960b20400a5824e;0x74294a67858cee17e3a55e6e860cb4b4ae9c7608e1b71c0f52f6a3bc930ca004;0x60528a92987df8c39a5506ca7c9864995ac9908315d0d4cb7cd204cc700c6d76;0x351ad9a5cbbeb7b09996b8643d9574e1826e775db02cd1307f96d16b9e02b4ad;0xbf2872c8f258b6f731f12081f199a0697a570066e2ce5479a27fb5ec37d0df25,2.586601,1.632301;1.436707;1.092858;1.104426;1.059017,64.0,9.0,0.0,0,0.0,0.0,0.0,0,2688364544,2688389120,780.7069999999916,566.1129999999793,6.319999999999763,2.3539999999999845,44.48700000000277,33.0,238.0,217.0,106.23399999998284,476.4406000000054,2.7121999999999216,1.606399999999966,20.39439999999837,33.0,238.0,217.0,2.038504,1.464448;0.819055;0.769741;0.74953;0.708909,64.0,9.0,0.0,0,5.0,1.0,0.0,7720.0,2667991040,2667991040,545.0519999999904,431.3610000000051,4.597000000000281,1.6920000000001865,24.9979999999983,33.0,238.0,217.0,112.65779999999336,31.072800000001006,7.543599999999991,1.622399999999958,26.27159999999962,0.0,0.0,0.0
64,25,83,0x7389dc9df3bb1b611fa4fb52b672353799c29a399a74182faaff5e5f663e49fe,0x2b1c91b7ad8fc48cd926c8c4ee345549920b66a28e6a842d0a5f67314cbf4f72,0xd3d514fd80a1715b503426fe213bbecaaf3e1297a95f45765cdb79e6c7fdb097,1;0,0xdfb0421850703ca119017747b6cf52566980135c3d47af4ecc949c42aca80b98;0xa4d11850b29cfa88a369b0eb1f2a412b03bd10718c52615f1c2687632d588486;0x1c8da77d69e8f04460cece361f4b99f5f428e2a78052235bbfe790739778177e;0x1ff11e4210e8e3acb5302e1389f604d57bf4a4bd4fef23633e9b417b4be379b0;0x5172fbc5f01eb800044751e4f3d5ce82664fbd9fdbc90f55a8ac9031172eed87,2.010572,2.109131;1.227281;1.14708;1.145557;1.084816,64.0,9.0,0.0,0,0.0,0.0,0.0,0,2689110016,2689142784,609.1389999999808,436.68799999996287,6.139999999999965,1.5420000000002099,26.999999999999247,33.0,239.0,213.0,116.44579999998683,470.3911999999866,2.910200000000307,1.6448000000000502,22.431800000000113,33.0,239.0,213.0,2.590817,0.920969;0.805345;0.700075;0.686265;0.840978,64.0,9.0,0.0,0,5.0,1.0,0.0,7720.0,2668146688,2668146688,968.9809999999799,484.44000000000267,6.891000000000188,2.0730000000000053,39.37999999999858,33.0,239.0,213.0,91.23740000001045,36.22060000000038,2.1911999999998932,1.5541999999999465,18.083200000000577,0.0,0.0,0.0
64,25,84,0x362425771c68ff6372de6ac6507118c816b6bfd0f29ffc7e9dfe3ecc0ab1a1d3,0x8b21a19bbfcf4b3f30f67dd2c80ebc35e18cc9ee0c874a32bf6d0a3ac2b0698c,0x7c188b93382713a6af9d469e4d3b2745f87c0ccf572a1b4342a1f41b796e5fe2,1;0,0x985112421de18f1906c14f1208cf093ce80de4c7faafeaac2211b3ec72f254d8;0x5e61f06a8fde0f45e27850d588832e906711a0098911ff9da49b7868abdb21ae;0xc2c06bbda01084fefe8381bd1c91b6dd1fbb1cb1527a53fa02809e9d85fc3250;0x1fa94fc23d8955faee7cb16bb010b9476aa201ec483f55f48303e189285d507c;0x7c12b44f10e8e0d66addc6526a16991852b3a2daab93dfc630a2415327007c02,2.013997,1.69108;1.430357;1.227881;1.24054;1.107661,64.0,9.0,0.0,0,0.0,0.0,0.0,0,2685382656,2685386752,579.6739999999745,470.2589999999729,6.820000000000263,1.4419999999999364,31.308000000000725,33.0,239.0,215.0,130.74299999998874,477.63620000000896,2.9826000000000157,1.6242000000000514,19.936000000000952,33.0,239.0,215.0,2.604357,1.440212;0.90838;0.887788;0.754558;0.785104,64.0,9.0,0.0,0,5.0,1.0,0.0,7720.0,2662596608,2662596608,710.6720000000233,538.1819999999982,7.311000000000297,2.7939999999999734,44.55700000000063,33.0,239.0,215.0,135.6506000000035,31.40739999999975,2.654199999999919,1.7885999999999944,24.03420000000045,0.0,0.0,0.0
64,25,85,0x046485558ce1b9161e8a3e6efeca96dc6bd06a9492893bc70631e98e2d74d2e1,0x31f1187e63245e4d918620a71123eccc4ea28b3ac4e889117f5d4bf52df44cbc,0x025b5c366b297848815b4af188777fa04845d97eb0527ffff03dc367c17eafbe,0;1,0x7a2472814cb219bbf2f83b9953bf313244842c049a69de9e77d041f99252a343;0x3e304b048eb7c948e119aed6f6648b099a97ba50c10a1149edacd933b1f076a0;0xe483845e83805af6ea9341ab214f8484f166b559d2ba3b22316a7ae7e18d7af1;0xb5ab45b8b37ea837fba8f9b7d96223da030d51b22c1ba90fc6f70b67152612ce;0x1fae39ecf79db8b9e4e860fc1c8cdc787dabe1a3dd3f405dd374a1fdf22ceecf,2.650657,2.098194;1.395114;1.129433;1.145828;1.145327,64.0,9.0,0.0,0,0.0,0.0,0.0,0,2685394944,2685403136,610.1099999999971,803.9520000000522,7.670999999999893,2.252999999999804,42.50399999999877,33.0,236.0,215.0,136.79419999998998,464.22180000000867,2.858199999999922,1.992999999999873,23.07279999999995,33.0,236.0,215.0,2.166762,1.038976;0.824433;0.702749;0.764643;0.685994,64.0,9.0,0.0,0,5.0,1.0,0.0,7720.0,2662600704,2662600704,604.34199999998,588.026999999991,4.497000000000008,1.5819999999999723,27.20099999999753,33.0,236.0,215.0,100.20899999999556,30.586200000004563,2.5518000000000414,1.2739999999998932,19.83980000000024,0.0,0.0,0.0
64,25,86,0xafa214cab025719b058b7d483825ff381dc371744de86b2ec826d1d8719df067,0x06ca6cc303e35526c146ac121740f96196491fec4642b2f4bbd7e41d37d185c3,0xae2bdd7133b0cae9aac0fbd04e5cd157f4de56efbf592b775d0f546751c7f1ad,1;0,0xba7743b637387c0f29134a658a77762d865db37c0b809bfc2d43894a8a2d4937;0xac2b47784148fd2b3e93c5426cba0a7f116409d301870098e40bf71210096d62;0xf88f859752fcff9bab5af8c8c9bd4759d9d6b4cb3c86cf605f2d7c9752bceac5;0x0cbad18c1ceab7a3c8e770b5f4e5e6b225bba5e2c13d098b8fefe99562968446;0x2dcdb7d9ad34956a5ddd18c9029152f0e8809d97c9e7bbf0bb3a0462d2b6a78c,1.941207,1.67817;1.269965;1.082683;1.194451;1.144826,64.0,9.0,0.0,0,0.0,0.0,0.0,0,2690625536,2690654208,579.1740000000157,474.70599999999143,5.136999999999676,1.6619999999999309,29.043999999998903,33.0,237.0,213.0,119.04739999998303,491.3871999999931,2.866200000000048,1.6364000000000483,38.9688000000013,33.0,237.0,213.0,2.326888,1.69118;0.792165;0.772545;0.688017;0.632183,64.0,9.0,0.0,0,5.0,1.0,0.0,7720.0,2662604800,2662604800,620.5759999999838,483.7400000000103,6.228999999999957,2.182999999999786,39.900000000002436,33.0,237.0,213.0,131.89480000000975,30.740600000001006,8.420599999999812,1.7443999999999273,20.86340000000131,0.0,0.0,0.0
64,25,87,0x8f8501c82df308a1dae5bf744ff0bc7b464f384fb0fc3371fb8616fdf961dd02,0xfd364a1f0a2cf66d2b24a623192698daecae44f7a63d8e47e65775f48ea08064,0x6c38220ed97dd86448e728dbcf9a018fd3f45c7ba99aa7ae3182ea27edcc0684,1;0,0xa7f58005f3990f6eca976057a9641ecad6e38eb4dd84fcbb2be24043118cf7a5;0x39b7592872823115ed68ac29a2175c27a988647721a8ac2d986bfba49fdeb9f7;0x4a73dbcd70dfaf3b29a0462857594cfe76e29b49948aa81bcfe7c09bd11f4605;0xa72642ba99ee36222c41a30cb9351104c810a0c3f3830461f7dba57405e78149;0x55af2d247c3f2668fd93510d1b6905f615eee655f4191abd06b9c14280f83c1c,1.957412,1.706944;1.287531;1.077045;1.080499;1.310867,64.0,9.0,0.0,0,0.0,0.0,0.0,0,2690658304,2690678784,665.7939999999974,471.9210000000418,5.459000000000193,1.6330000000000164,27.83199999999847,33.0,237.0,216.0,114.31459999998728,445.087200000005,2.4956000000001324,1.4541999999999333,19.01259999999988,33.0,237.0,216.0,2.200187,1.423947;0.86909;0.785885;0.712304;0.781859,64.0,9.0,0.0,0,5.0,1.0,0.0,7720.0,2662608896,2662608896,619.4840000000034,472.9729999999877,6.390000000000215,2.0929999999998867,38.79799999999961,33.0,237.0,216.0,114.3500000000075,32.56520000000096,2.7860000000001075,1.6783999999999724,22.355800000001256,0.0,0.0,0.0
64,25,88,0xbdba97297be9c1214f362faf554efe185b9f5e0f246e605837309aee20fc3083,0xa9c6203a8af644ed272a04bf733e67a05026a87a7792112e1e00b147946aa554,0x2ed13ab81befaaf5647de701a3575864add444f897d33c76fd2190ce3b885512,1;0,0xea59e459c879d18ae0c7673a233649452943de817e1ecf2e2cfc3192db9e1414;0x4855607d770fd602f780a04f9401163606e9625c1d6f195dbe7b537236ef6f72;0xf539f68f042c0df35078a5d6eeff190e30fdd71ec7d8d882b9d66f0461167840;0xf0f1a8e7332bbc52db76e12d8b714492087a3bbc8d3e9af1dbf8b3e06e6df4a2;0xc6aecda62c773e8d49503ffb672599e4e0530d6a25804c89183fe9c4f2fe017b,2.390735,1.666132;1.907677;1.255383;1.201492;1.025406,64.0,9.0,0.0,0,0.0,0.0,0.0,0,2690924544,2691379200,643.2690000000018,707.2160000000105,6.9199999999996695,1.521999999999895,30.767000000000987,33.0,237.0,215.0,108.27919999999436,543.0285999999951,2.7623999999998663,1.426200000000013,19.575600000000524,33.0,237.0,215.0,2.603365,1.521694;0.846687;1.110094;0.734788;0.632533,64.0,9.0,0.0,0,5.0,1.0,0.0,7720.0,2662723584,2662723584,699.6550000000212,491.3910000000077,6.830999999999678,2.204000000000008,40.740999999996916,33.0,237.0,215.0,111.1217999999914,33.199999999999896,6.822400000000214,1.6481999999999954,22.882599999998753,0.0,0.0,0.0
64,25,89,0xdebe731c4ca08be038f3391906809a653e1338d956863468606b6cedd2542535,0xf6bb13db5718efe531e44bfe49930c19c839ba696a84dffe0e099c6ed4e4bab1,0x2acd483a747d97e787bcb8ce582c6f98b8220034b9a4bb6bfb64af4e00bf34a8,1;0,0x8a6e7b2d4a89297e1a9f84a17d9666b11b38292a54dc1b34139aebd60f6abfc1;0xf2a87a0170064bba333eed4d655d1b0a1b5ce3d94497d73b505239fa0c8fc284;0x0e76a242355f9caa29b080da67db87013096048ce4150185b9f8bbb5721afc00;0xd444a801ceda2f5b85afc654ea585694dc303f25317cec9769069ab99c128f96;0x1630c87818e1a1a3b5b151db415d9809b2d721179a87d0ba0c1bb56a1440e607,2.000437,1.965454;1.228162;1.156423;1.118626;1.309635,64.0,9.0,0.0,0,0.0,0.0,0.0,0,2691452928,2691461120,637.4310000000216,428.1750000000306,6.0889999999999205,1.6719999999998716,27.78199999999703,33.0,239.0,215.0,107.7363999999914,482.0767999999864,2.778400000000118,1.640599999999919,22.06160000000068,33.0,239.0,215.0,2.397855,0.87563;0.814859;0.700967;0.635409;0.70299,64.0,9.0,0.0,0,5.0,1.0,0.0,7720.0,2662809600,2662809600,718.7240000000039,519.7939999999901,6.749999999999812,2.1130000000002016,57.146000000000974,33.0,239.0,215.0,92.74179999999578,32.106199999992754,2.0812000000000257,1.4702000000000985,18.307400000000527,0.0,0.0,0.0
64,25,90,0x58a14e2dca3303922b56db4c877bc6c42783e8ff21d5e3343761d37f1d0159c6,0x4d9a0e24f2712e89305ff4485a0e1899f38fa977c0f73125daedcc9087511d78,0x62a3f37d50dd1a2b749094ebec517ac47c380fd6d62b8d95255ec810cf6c2301,1;0,0x3d70f1ab5116a122184c56d2593a190248a53022d729bf19350e38a5afbca736;0x3f9d66417aa4b9ed045e3024e8073a39e2a9b68c48ba764c728e7655ff7cf400;0x76ad9748d53f065f2a0627a55a523577810048884bdef5acbe43cd4c54fa033a;0x4a41d9ac00671c929b97a98ec229d9d57caf47ef67f6e6e93365713e5f1e4ca4;0xaebb9ea3e53e82772a6af6e3aceb34b0ea33dd522f999f9d7b5aacbdc93c5a02,2.03604,1.624529;1.516026;1.202754;1.304167;1.228252,64.0,9.0,0.0,0,0.0,0.0,0.0,0,2686275584,2686279680,643.8610000000233,443.78899999997225,5.337999999999697,1.7820000000000855,29.203999999997954,33.0,240.0,216.0,104.42340000000883,482.487400000009,2.8622000000000716,1.4199999999999802,18.622000000000085,33.0,240.0,216.0,2.383944,1.597569;0.755719;0.736771;0.738323;0.731943,64.0,9.0,0.0,0,5.0,1.0,0.0,7720.0,2662887424,2662887424,669.0080000000264,512.6030000000004,7.041000000000166,2.353000000000077,41.27200000000192,33.0,240.0,216.0,123.77259999999391,85.65719999999999,2.5220000000001144,2.121200000000049,21.786800000000994,0.0,0.0,0.0
64,25,91,0xcf5c1ea5afcbd009bf03d6534d9f95484545d2666619768010eac7938cbea8d7,0xbf80462f21d77a4bf81ebd9091678156adeb2ab8d4cf9a38b70e6974901c1cc7,0xbd81123744c8ff3191fae3f32092d0750a9004043251e36ea344ee197ab1d08d,1;0,0x79ad221e814f21cb7ecebc41df5b06db67760c8775d861bd3c7f2da617300823;0xbb54b7598d3268dc4ea21b8e9b9913013a2a702f02347b56e5f544f6eb6f9ce8;0x437c79459102dad990c52dc3f46311150e242ce76cbbf4c65888efbb25c2aeca;0xcb15280ba3f7631d2959c593f1beb0acdfdde9118bc26c0fe375518e16c62aa3;0x73d54ab72fcf86c25c59a7815f0e9d959d1968ef43e70a6a41010eed877525e5,1.918693,2.050122;1.31329;1.039668;1.11456;1.038466,64.0,9.0,0.0,0,0.0,0.0,0.0,0,2686382080,2686414848,627.0360000000253,467.7250000000299,5.798999999999908,1.5929999999998203,28.443000000002993,33.0,241.0,216.0,131.1116000000001,459.7189999999918,2.869800000000061,1.8047999999999675,22.360000000000436,33.0,241.0,216.0,2.450755,1.13375;0.724132;0.64355;0.581457;0.770502,64.0,9.0,0.0,0,5.0,1.0,0.0,7720.0,2663157760,2663198720,656.70000000001,499.25300000000504,7.311000000000297,2.0630000000000646,41.49199999999714,33.0,241.0,216.0,102.28439999999672,30.265600000001225,2.2055999999999463,1.239400000000064,19.026599999999448,0.0,0.0,0.0
64,25,92,0x7eed7900a71614fa3ada737c02dfc45029d7f4293ab47c4c0400428a728664ff,0xf2aca592c5294f0b17396a9fd4056c8b8f9e3cc72cf155acf20e22a1e6b684b8,0x31541cf702343692fd25972962202569fc51dda93fb3d265d2873d51031c60ba,1;0,0xa506c22af08b1cdae7f8d7432894d1962d436ec09a541bffa33493cfdcdcd657;0xded8aa82471b7d9f19bc77a9ca367d0ecc8fc3eba4d95c9735632f859dd6d89e;0xe3d8fa23517003dcaa58c558b9f3eb933c8fddb59cfe4e2b9ca3723a54dacb08;0x3aa918b9938a66b4e9798044b11b712c65a64213d69208be4b5e385ba8dd1fa4;0xab9623a9e37da9be90dd4d4a4872acab4bb2ece00d7760fe436eae41b7018ff9,2.249883,2.042028;1.375604;1.191176;1.159158;1.200435,64.0,9.0,0.0,0,0.0,0.0,0.0,0,2692165632,2692489216,606.7049999999851,438.0809999999791,5.818000000000316,1.5319999999998355,30.316000000002454,33.0,240.0,217.0,121.96180000000334,522.8801999999977,3.1288000000000844,1.7546000000000228,23.177200000000507,33.0,240.0,217.0,2.489454,0.949552;0.774098;0.744693;0.754568;0.743741,64.0,9.0,0.0,0,5.0,1.0,0.0,7720.0,2663198720,2663206912,571.5809999999876,580.9260000000094,6.349999999999585,2.1029999999998275,41.142000000000955,33.0,240.0,217.0,106.43019999999615,36.34300000000534,2.4235999999998663,1.3319999999999825,24.364599999998624,0.0,0.0,0.0
64,25,93,0x4c002e1c533961a53f63c126a7eb114d45c5f5455c4a544b691853484bc1508f,0xd1a78f1b1355c808dcb03359b2e2a87853a3ad23797403f9b16fcb48b807b5d1,0x61abc9fe548bc01d08c96a70ef7b5e59b903517a940c97f6da7c44a74a29262c,0;1,0x8f7bd2b085183e4a9133062f899f4de7885dac628866d5ecc938f087a18116d2;0x14d9d7c2ab41434386e9c57ecb0355a889ba13c65ba012fef0194591d62345cb;0x0403be87cd83e124b7210839d0b4b5724b052b5d1cbec17797cdcec1dc60e0af;0x6e3198aabbdaba972d19fb389fb4545c718bca86c9225161c8fbca85b84a4b32;0xef0ad40f6ea7f4c3117ff5cf6d4c92f66519495aff43157a542e53d228ba876d,2.617537,2.116;1.215793;1.102913;1.053599;1.295844,64.0,9.0,0.0,0,0.0,0.0,0.0,0,2692489216,2692493312,835.4090000000092,478.4110000000119,9.163999999999874,2.8350000000000772,42.3739999999978,33.0,241.0,215.0,124.09520000001841,442.11480000000415,2.9266000000000014,1.8305999999999183,22.682000000000258,33.0,241.0,215.0,1.842378,0.994339;0.746555;0.698263;0.662799;0.704362,64.0,9.0,0.0,0,5.0,1.0,0.0,7720.0,2663215104,2663215104,497.0799999999831,518.922000000005,5.157999999999899,1.6920000000001865,28.332999999998442,33.0,241.0,215.0,115.43159999999331,30.71459999999804,2.439399999999876,1.6928000000000256,19.111200000000714,0.0,0.0,0.0
64,25,94,0x261a5649378e99468f7c0a173e76fbc23b2743fc231d02eee08d776ff47d1d7b,0x5218cde864ae7bc0ef4a25304c194e68b2172bbcd38d4e48a7ebc6e132da8d65,0x466608e91932454146c87c754f2e5d43b9b4d7d871a34adf2e809a8a30845126,0;1,0x0e6aed37903ad6ed92ac478f50853788b8ab72977fca584995dc75096caae769;0xe019ee73d67a2ecbdb4db5fe137176bc84e2dd0c18c2a0abb573a9ffafe54137;0x8524176ad54040eacf988287d2d0a028428fca03c4927ab1d91a80df6b69d8d3;0xef2a9cdcb0f310b72a218955f6cd378cd1d83da07576c1b70a5af195c2357af5;0xc7754d165c23761fe972e809d0a4facdfc0404c18b6695ceadc627f98030fe38,2.65815,1.632633;1.237777;1.072979;1.331729;1.221533,64.0,9.0,0.0,0,0.0,0.0,0.0,0,2692546560,2692558848,722.771000000011,677.3420000000252,8.883999999999801,2.48400000000008,44.74699999999776,33.0,240.0,214.0,104.84399999999283,511.2891999999869,2.8846000000000775,1.4762000000000628,20.651199999999204,33.0,240.0,214.0,1.962601,1.584461;1.082914;0.873618;0.691232;1.000359,64.0,9.0,0.0,0,5.0,1.0,0.0,7720.0,2663243776,2663243776,552.2729999999921,440.41499999999957,4.4959999999996665,1.3919999999997996,28.50299999999917,33.0,240.0,214.0,119.52419999999853,95.80480000000446,2.5941999999999283,1.7165999999999884,22.125400000000408,0.0,0.0,0.0
64,25,95,0x8c8d9c42d190abc69ccdb063e288d2e32ae17d99cb9df155a2cfce87208e8822,0x7254951da5935a89ff13526b5728322b1abaff3eab3d7d78a9361c0197d23745,0xd991fe0a81f0668e9f0b1425496a16253709eab69692928d60740df5928faddf,1;0,0x837560039c28b968a585d6318345ca1485a1224e925224e5c95a0198fdcfb2b0;0xf1b05a03f31e32fc790593c2c7caaa58a178a8f8ed68527cc097fee0c35655ea;0xda4ae2a3e0d1410bee14feb775470467db4d129aef5a2a07f90cb83987677e43;0x498b8ca21394e9f6dc75f5e941b4826f1754d025ee87d91623a359a0deb8e0e4;0xed206dd2a9fdea1736ffbb9adf7cfe1d3777d7ae9eb5c97e925db1cd38b9efd0,2.069501,1.709729;2.783729;1.226851;1.128742;1.383357,64.0,9.0,0.0,0,0.0,0.0,0.0,0,2692640768,2692665344,603.0390000000274,468.68700000002315,6.680000000000227,1.9529999999998506,29.25399999999939,33.0,240.0,216.0,119.76080000000167,791.8023999999857,3.20479999999998,2.3394000000000363,30.3217999999994,33.0,240.0,216.0,2.621945,1.452571;0.904634;0.768499;1.778603;0.830313,64.0,9.0,0.0,0,5.0,1.0,0.0,7720.0,2663268352,2663268352,665.5039999999834,657.411999999996,8.613000000000197,2.143999999999931,99.6809999999973,33.0,240.0,216.0,123.10560000000636,33.37220000000362,3.176800000000146,2.068799999999961,24.501000000000385,0.0,0.0,0.0
64,25,96,0xd04c4378d5eeed4ce94250b24accc57710199914e17a32c391630cedd3d6ba60,0x1605356efe29a8e71c070bbba65c1304ba1050a342a3b3991750d131b2e252ad,0xd72ced058b3f11e2ac86aba2b11531f1b6ccba29fb051363b1f22b7f4c85a9af,0;1,0x571ca5d8af844387db6f6ca0e10d364e2589b6b7cabb0963485b35d73ca7b257;0x8513609be9595a31ee0eb7b0707def75ed640aa0d05e771a7a37d7edd490659b;0x0e982fc54cebdef8d5fab1cbc6cce77dfd344b7daa36137601e485675bf136d8;0xa9e86ddf90bc3c75e619c0e2d17e5d2a2f207c09f2a926315a9296c4c82441cc;0x6edabcf7d3966231fb214ae0d451d771b1999ab711f0c132d24702950e66dd41,2.668576,1.893556;1.337628;1.128882;1.173751;1.213971,64.0,9.0,0.0,0,0.0,0.0,0.0,0,2692694016,2692694016,688.2380000000077,582.0479999999461,6.990999999999595,2.8440000000001104,42.24399999999684,33.0,241.0,213.0,133.2310000000003,464.34660000000963,2.7761999999998883,1.7945999999999587,23.494999999999767,33.0,241.0,213.0,1.747176,0.896262;0.918606;0.796381;0.781249;0.740988,64.0,9.0,0.0,0,5.0,1.0,0.0,7720.0,2663272448,2663272448,479.9140000000257,436.9389999999973,4.597000000000281,1.3520000000000372,25.809000000001635,33.0,241.0,213.0,109.39279999999663,31.1349999999988,2.4555999999998495,1.642599999999994,20.33699999999944,0.0,0.0,0.0
64,25,97,0x29a5919b671135271ef8577ffc8f24043416290f38d5b4eec839c6dd51108357,0x43ac1ec84d02ff73701389a850be3a36965edc220b18c5e8d01bbfa54f56ad62,0x747058744c0f7ffa9091127016497572309dfd3ca2653fb7e2c0b46150b4a8ef,1;0,0xc0f68b558ac4cef8dea0b4a2abb5aa424020d89329a828c7e38fc8a132007c1a;0xa23db9d8928ede200cbfa8a6f4f7f061d9d7e25331aef45f5b872006f8768930;0x2984ffc3c81dcff51c63729d9287b08a22d61c7fc7904255d70a92cd7be88be0;0xc3d2e2c8d6c61155d0688bbbd2f8f531909edcd75d54df3fd5acf1d8259022c1;0x112ce17035f6c1a00a33f05ba1194b623391970be192a659388d95a8456dfa46,2.16099,1.759565;1.437309;1.143285;1.25962;1.281784,64.0,9.0,0.0,0,0.0,0.0,0.0,0,2692763648,2692845568,607.1750000000153,526.6739999999493,7.6210000000001905,2.6140000000001753,47.98200000000197,33.0,242.0,211.0,115.48820000000238,530.0453999999899,5.045399999999839,2.359799999999881,25.668599999999206,33.0,242.0,211.0,2.75107,1.437949;0.923143;0.846757;1.02763;1.00087,64.0,9.0,0.0,0,5.0,1.0,0.0,7720.0,2663325696,2663325696,874.2589999999883,555.5389999999937,7.461000000000273,2.3729999999999585,77.00599999999753,33.0,242.0,211.0,144.78639999999655,35.70560000000222,4.943799999999888,2.4502000000000033,27.13319999999991,0.0,0.0,0.0
64,25,98,0x7516e6913d354bf9f7bdb56582204b076e1e39b2ff7a22dfd4921c088d2c0878,0x26b3f06ad0e0d5bcaf1869816f622611862cc07370df0baee61c62c8072ef637,0xccf993846f73d67526c95885a3369dc4086d23982a44a56679e94104e927c369,0;1,0xa7064149e93d5368b9941cdce4365acce68538ac2a725f35cc62de7be81d909c;0xcf4cb81933b75393ffc2a383cd9457fb6a93512da0b991dc02b5729f307653e6;0xe405f2ebfe5133b4ebd440a3408751d581a25afb92714c33111480918c4677f2;0x454920651bcf16373bd12d31bcf1baf2ed5032357fd3c191ef2950168b384809;0xd4532a62a89859e7542b5f76a3173618fc21fc62953d6f18ce73c70125d55684,2.617038,2.251978;1.595086;1.129033;1.207341;1.572352,64.0,9.0,0.0,0,0.0,0.0,0.0,0,2692927488,2692939776,743.0110000000157,543.6100000000276,9.153999999999932,2.603999999999801,47.22100000000007,33.0,242.0,213.0,145.7896000000014,490.2997999999936,3.168599999999952,1.8470000000000464,23.963999999999928,33.0,242.0,213.0,2.050052,1.196029;1.275574;0.806858;0.772004;0.799616,64.0,9.0,0.0,0,5.0,1.0,0.0,7720.0,2663424000,2663436288,531.5320000000012,468.04599999999976,5.118000000000136,1.562000000000091,29.013000000001345,33.0,242.0,213.0,161.23160000000024,33.16019999999864,5.928799999999762,2.4716000000000147,27.703800000000722,0.0,0.0,0.0
64,25,99,0x7a08f2c00d85838f28d3ef0ddee3ca7f815770236a7e42a29839cb95756d7908,0x74de859f5a62ddb1793fe0b003c97f28a6a6b6a7147022b579772853d4dca6ff,0x72713674e04dfd6da86f76d2604f16dc8ff4084b597295c60f82bdb4130e86fd,0;1,0xb11cf7b30845ee3de34527401a52115cfff7dd40602bdece2793e39bcd14ba4f;0xbe29527d6ae221179f1706a36abd7011df491ee6adbe476fa6e603d4c4c817f9;0xe009009be060b09077986285126eb5a47b27aae132e6629adb74851197d8bf31;0x8e3e5768bdcfff8d68ffc5a9c5d131a205a9dfee83dec7b13f350be36febb091;0x29d3b5cd7ac34e1ff24ac12edead559c3e80362da32e33fde5b5cb41810b3ebd,2.388373,1.668938;1.478761;1.08727;1.128372;1.238419,64.0,9.0,0.0,0,0.0,0.0,0.0,0,2687324160,2687352832,717.6830000000245,482.7680000000223,7.680999999999834,2.815000000000196,41.74299999999687,33.0,242.0,211.0,105.04459999999271,493.61879999998416,2.7678000000001464,1.4462000000000677,18.611999999999792,33.0,242.0,211.0,1.827316,1.443257;2.938202;0.751584;0.711643;0.662179,64.0,9.0,0.0,0,5.0,1.0,0.0,7720.0,2663653376,2663653376,514.3060000000199,476.5190000000086,4.035999999999797,1.311999999999841,26.869999999998285,33.0,242.0,211.0,107.01720000001468,444.5083999999988,2.5522000000000045,1.5423999999999993,23.06319999999945,0.0,0.0,0.0
64,100,0,0xd55a4dbf66c3f66e5f3f81f1054624fedba8e24cb04cb64dcbb134aa834bf07e,0x167de4463adc20d0af644a210446e90db7aa3d33b1ee93d7c89d6de0e3b1e3b8,0x17a00ac288d121ee125b43caedf46f506fcb70d03a4011ad38264de9f3cf43e0,0;1,0x4899c8bbb8e7677adc14d211a71ee3dc2a28289377409980650da89fa2a6c475;0x79b94ca746aa498b92dc28043438b03094f1f9daafbda2b1a7aced9ea8854eff;0x0f2d7b0011b8332895c8d98348d9f51348435ae76ede44534a6dfa06459a7d65;0x45e754ca7d93e6319a639a1b3c8fb0efa0778b47da22b05676924a397cf16977;0x4fc2c54affefc9a9af5ff29be921a6d77ccb5f129cdcd8b22d01cee8aec51385,2.242994,1.476097;1.223676;1.154973;1.072368;1.122553,64.0,9.0,0.0,0,0.0,0.0,0.0,0,2691657728,2691670016,608.1669999999928,478.8719999999636,7.270999999999667,1.9329999999999694,41.91299999999759,33.0,242.0,207.0,113.65939999999908,435.3550000000039,2.663999999999965,1.3238000000000487,18.37359999999899,33.0,242.0,207.0,1.815108,1.414884;0.761509;0.666966;0.601698;0.716731,64.0,9.0,0.0,0,5.0,1.0,0.0,7720.0,2663657472,2663661568,500.7949999999983,459.5830000000134,4.106000000000249,1.4319999999999957,27.511000000000895,33.0,242.0,207.0,107.26599999999476,33.57459999999701,2.591800000000151,1.4141999999999975,21.917400000000253,0.0,0.0,0.0
64,100,1,0xdedd7911e2e1f05b11f57cfdc847ff95120729c78de3c6d4ea39cfc523db5f2c,0xe32a2d17e77d40f64ab2135929f04407cad15fcf8a59b0f4ab34556495147a25,0xb886e5562d205e4f9aa6e64c613fe32e323db25a51d1d0f87269d2eb0dd391b6,0;1,0xe6f8998dc53c77570069b5667b369acd77ec300f12b079079d0172ce22f32d9e;0x905c5a55545deddb7064af3f7ad0a2284738f00ae55f9a31565356b236ed9787;0xdef16ad874712d0d0f599514940c72c1df38cdd82ea1349f11ffac3d64f42034;0xf3d6de8c1adb1a3f7084e996daff5c4b212f36700510db52324e6c68e6d84861;0x774c9a395c4469edba907efc022936eba4c5684ac034f6beb2b4ef8a272a520f,2.583247,2.310976;1.254863;1.143174;1.135383;1.079768,64.0,9.0,0.0,0,0.0,0.0,0.0,0,2691670016,2691690496,891.395000000017,521.4569999999475,8.311999999999903,2.8239999999997956,41.262999999999714,33.0,242.0,205.0,111.00320000000386,509.5642000000122,2.4578000000000793,1.6661999999999753,22.113399999998396,33.0,242.0,205.0,1.747226,1.01421;0.852526;0.663121;0.664723;0.854949,64.0,9.0,0.0,0,5.0,1.0,0.0,7720.0,2663665664,2663665664,492.7339999999947,418.61200000001264,4.938000000000338,1.4529999999997842,26.369999999997784,33.0,242.0,205.0,92.29480000001455,37.704800000004646,2.3134000000001045,1.252000000000024,18.449799999999126,0.0,0.0,0.0
64,100,2,0x43d1d737203911131609a7bf1c3ae40c1d1e31cdfb97be0ef11eba80f56f55c4,0x31beca96be63b92966b98a8675160408d7209b9f7d59d1c8764aed3e50c80c9b,0xa1c19fbb4da9df163352a6dd839f047c9bb9edbd5d357be2d3da2a661eb659de,0;1,0x448018510fb307604d54aba3f4a5b7564fcad0789f53691d6de268437bbf9606;0x19fd0ab64b2a6d37ac23df5753ef5072b1b1525cdc03dae1ec4e67bc565c3d0f;0x1869ecc671942974efbd232009b0e6352cba3c27a0dc29c340b3b5ec14eda1f5;0x0a8c27e0fe07e9b84a5e1d69d94edce4e9fd104405368e27c68e39cdf36b3353;0xe60df2ec68fd3442fbf03afc4edc9af3404e36a48914ce47a525ee51f31945f6,2.447883,2.259763;1.607125;1.190992;0.992547;0.965146,64.0,9.0,0.0,0,0.0,0.0,0.0,0,2687401984,2691784704,646.6660000000179,524.140999999978,8.684000000000122,2.5640000000000382,43.08499999999826,33.0,244.0,203.0,112.6981999999943,514.9287999999918,2.9949999999999073,1.718799999999958,32.13260000000107,33.0,244.0,203.0,1.825013,1.25948;0.815651;0.604391;0.674438;0.608147,64.0,9.0,0.0,0,5.0,1.0,0.0,7720.0,2663669760,2663694336,551.2019999999728,486.9750000000006,4.025999999999856,1.611999999999794,26.540999999997982,33.0,244.0,203.0,141.284999999991,42.00960000000919,2.2091999999999596,1.3943999999999241,29.037799999999393,0.0,0.0,0.0
64,100,3,0x676fea5ba5f1db80359d9c76491535952b7d2c8c7c2e38d9b71d0bb2ddf9747a,0x4bb220c49551162963e9fb95bc8bf890465eee3d6dd566a9a6dec53871c4ea2c,0x56d9540a9ba83863e663bce729ec5d8628e1e37417f959c992c96a00e016593f,1;0,0x925c9a324053e6f1a2394d1b53d19da5fc1566d33342d72bab1db711b1d00c22;0x44f39f6202215953b069afd9499b81c400bd5b7e1aa6387bebf3f0dcde6876de;0xcbc972d69c3a28183ba0890e2a7c12922fef45b656fa22e5d9272e0408ccc690;0x366b08cd244ae4dc5c1cb01628df512b59d83ca43e769dc655ab0e5b934f535b;0xe26b8c90a964cd1ddff313ff24c6da29e2b21d1918758a08da724a3da9d3f338,1.892695,1.51132;1.269796;1.15997;1.108522;2.814836,64.0,9.0,0.0,0,0.0,0.0,0.0,0,2691784704,2691801088,539.0630000000062,450.14899999995527,5.629000000000051,1.4630000000001586,26.0789999999983,33.0,244.0,203.0,135.80300000000102,468.60699999999866,2.607999999999951,1.4901999999999798,22.049000000000376,33.0,244.0,203.0,2.261541,1.441355;0.793787;0.637031;0.657391;0.66302,64.0,9.0,0.0,0,5.0,1.0,0.0,7720.0,2663698432,2663706624,612.4240000000003,528.6680000000099,6.518999999999969,2.012999999999928,40.64200000000046,33.0,244.0,203.0,124.62199999998535,34.10360000000168,2.4916000000001564,1.8430000000000704,21.472399999998558,0.0,0.0,0.0
64,100,4,0x7db18fbccd0deeddab672ca46ea28c70178c99dfff18625fad0c3050dedbdb55,0x503fde4e95b3d0d00d009de78e64c2e8a87f201c6429a4dba0e2a3c1452d9714,0x3e550246e3106fd9c062eb28f0b7dc2eb578c82c1f90695c1a3996195e8832b1,0;1,0x83f0e7d3b83ea32856ad180695b2034e1e8739164d13df9c0304e017228370f9;0x1fcdcf47353fbb23f0eaa3d0fb96e8a5b9dbc7d07e550b5c75880924b5f58218;0xe292280d9fd8ad3e707b882fd97b65cb69ce606f6562db31ad6a1df2ce39503d;0xf098d1b4ef32046b581046999c6be1a2912e6745a02293193798a07df22adbd1;0x2843588a2aba466d279303cef0a7d458b5906d641c7d74d7b69f52674adfb9ed,2.294981,1.938423;1.215894;1.11444;1.162874;1.086889,64.0,9.0,0.0,0,0.0,0.0,0.0,0,2687438848,2691690496,614.3969999999888,497.7800000000032,7.351000000000059,2.19300000000016,41.32300000000283,33.0,244.0,203.0,111.7788000000064,454.9761999999902,2.6762000000001356,1.53439999999996,21.23619999999937,33.0,244.0,203.0,1.83327,1.11463;0.870583;0.811233;0.767577;0.726696,64.0,9.0,0.0,0,5.0,1.0,0.0,7720.0,2663723008,2663727104,564.1510000000127,474.05500000000103,4.816999999999842,1.5819999999999723,25.54899999999971,33.0,244.0,203.0,96.08480000000696,34.41599999999823,1.9187999999999845,1.2579999999999882,18.261599999999657,0.0,0.0,0.0
64,100,5,0x7b0ec188a897effa58abba77753676fdecd8275ce17903bc562910b39c96c42d,0x979d42b6060d7d40c646bb79c4312d0720be1ed2dd9e2ddd9b7cc5ee5d7d8202,0xd21b53f73650c611a468f4f326ca4c951a3a3608167b5924b40aeae38fe9c5b9,0;1,0xe575ae3d24073c319e70414fe850bc390ae34f913701274f53c6d139e73e4946;0xd89ece63fdba30ad1f2e34b8e50283320a248a6a9f9ca0a2974a721a6b937271;0xb3fb55a3a677b03d3690034337875d135c80625f4a73eb74404b7d488f16b839;0xd95085f3c1cc65180596084092aa41bd0272988883ec9012248c9d21082ba192;0x5f598e02e100e13f218baa70c57a8fca38232b59e21bb234efc789c8c1c834e5,2.206637,2.00918;1.263756;1.17369;1.017294;1.250576,64.0,9.0,0.0,0,0.0,0.0,0.0,0,2691760128,2691772416,586.8050000000236,501.25599999994995,8.552999999999686,2.082999999999946,42.17399999999899,33.0,244.0,204.0,118.62300000000658,477.4818000000014,2.818199999999986,1.538400000000023,29.888999999999612,33.0,244.0,204.0,1.769959,0.953638;0.755689;0.643991;0.764052;0.648568,64.0,9.0,0.0,0,5.0,1.0,0.0,7720.0,2663784448,2663792640,467.1640000000199,565.5230000000122,4.9669999999998184,1.361999999999978,27.12099999999801,33.0,244.0,204.0,107.68639999999552,41.70260000000425,2.1354000000001205,1.391999999999973,19.571399999998572,0.0,0.0,0.0
64,100,6,0x735a50a1c80be83bec846c06ddad64b3dceee7d60b8c333f43deeba6fc4aa6d4,0xddebdb22030debccba88d95e2a78c1275872cfdc776531730821e271482a596d,0x8f06ba0e66753c6048561b3737ad79829c2cae1136357e663a8c89071ca09024,1;0,0xfc46738afd9bc68fc56ce985afd53d806ecdec84e6ba1406afb3a29dc1f28cc0;0x284e49991cf1aab9113526163d18e5b59f14aad562d6252951f243be18bf75bb;0x5aca90c4f0a9b6e5aa7df8027aa597270929d60fb4f97dbfa4c9704ae69c672d;0xbefce00e2877162d771771fdedfe32d652135a6888a8ab749f190abd2ce65d58;0x218261f74a4bf032d200023c9e1fbdfe4719c357599a912d06e18ff067b9f2ef,1.822828,2.463615;1.28006;1.517739;1.124085;1.023213,64.0,9.0,0.0,0,0.0,0.0,0.0,0,2692235264,2692235264,488.23599999997526,448.3960000000176,5.948999999999885,1.6320000000001091,29.76500000000104,33.0,243.0,206.0,112.95599999999739,631.0455999999798,3.2666000000002375,1.4841999999999285,31.119000000000284,33.0,243.0,206.0,2.357535,0.898635;0.700947;0.633245;0.978085;0.567325,64.0,9.0,0.0,0,5.0,1.0,0.0,7720.0,2663862272,2663870464,581.4769999999969,612.6140000000113,6.4699999999997395,2.222999999999982,40.62199999999711,33.0,243.0,206.0,96.60960000000829,34.784399999998605,2.2451999999999197,1.3460000000000727,19.309000000000687,0.0,0.0,0.0
64,100,7,0xce294c210d4150f00cd043cf11dc151166358a885e7aa0b6fe8b2fa9cbbd4f0e,0xe7eb7c9e896773eed846c0ca515be79a0be704bdb6933c8325bbb4d6f2571fdd,0x0f4b4340e4758a5d1616e3114ce08d8205c9cdafeedbe985423af18ce4c5c662,1;0,0x0663a9a2b9341df5ffee5d48c5bad34383c54fa8beb4d7e3cbc339c070a526c9;0x9f3373b71bc0b9e7fc8314a11c2179865be0cfb56e7c7158f3b240a96c26852c;0xefaa87bce9dd45d4c7359dcd2f04292ce5c93dcd7e37eb9021fe114ed3d68487;0x9adf4c74af0fae2b44ee69ccc0a766a011450ffbae4c610a3b62a6b368a397d7;0x4b3fd3d58a00ab5a45c0dc2e73ab3cac1724216c04eb006b16ec0bb9a64b83a1,1.872554,1.471378;1.4061;1.178266;1.143173;1.103825,64.0,9.0,0.0,0,0.0,0.0,0.0,0,2692476928,2692493312,457.11999999997755,497.0090000000482,5.457999999999852,1.5819999999999723,30.495999999997913,33.0,244.0,207.0,128.44980000000783,491.86359999999763,3.139000000000093,1.4622000000000592,18.75039999999911,33.0,244.0,207.0,2.558628,1.377087;0.864504;0.677671;0.701908;0.709099,64.0,9.0,0.0,0,5.0,1.0,0.0,7720.0,2664062976,2664083456,604.3410000000082,796.1310000000054,5.808999999999849,2.4240000000000026,42.34399999999972,33.0,244.0,207.0,110.20639999999027,34.327600000005894,2.3978000000000885,1.502199999999995,22.507800000000355,0.0,0.0,0.0
64,100,8,0x977f6251616423fe9c3a624226d38c916dcc3e1da9207689391bfecb62f92333,0x31fd794230918c9f60a22d7f5474d95792fbecea78669c4f3bdf5b41f99c5702,0x47eb5c1a1dbc7e03e0203ce79bed30d7dc5978944edc35932561acf07267d4be,0;1,0xf2554e4f0574cd0f4c70b3dc746db622b6f5b3fe9ef8548c36814af6ed871f9a;0xd05ea6a3b6c243246dc4943e6cb05f97be11fadb889af50f338a8325e8c1654d;0xc62386531135390e201bae4a43a2293943b253d8f22962122fa65c1f07cf575a;0x810785d9a97b728fe65bf257346ca6ad20839dfb86741be80a1dffae42438961;0x57275226f09941fae100b3d93f02b5afd2100fad23fe8b4df6d15b655680aa54,2.465748,1.681045;2.713092;1.1937;1.06155;1.111346,64.0,9.0,0.0,0,0.0,0.0,0.0,0,2692755456,2692759552,692.3440000000114,514.6360000000127,8.232999999999851,2.0730000000000053,43.01500000000041,33.0,244.0,205.0,116.8201999999896,498.5456,2.866200000000048,1.3997999999999442,280.68920000000054,33.0,244.0,205.0,1.865233,3.438686;0.779045;1.045347;0.708228;0.658433,64.0,9.0,0.0,0,5.0,1.0,0.0,7720.0,2664087552,2664165376,538.741999999981,455.1469999999891,4.5770000000004005,1.4319999999999957,28.902999999996794,33.0,244.0,205.0,120.63999999999409,34.58000000000072,2.5576000000001113,1.5422000000000178,23.519800000001975,0.0,0.0,0.0
64,100,9,0xc693150a0c913f4abe0c8d4ad409955241702448f58818569fd77e94384b2293,0x779c3171ac9c35a38b934861ff19a7d2b4def633865f25ea9b7864b86e6d8e16,0x8a844563cc7dd1eaae9fec7268271ce93caf4cd56c2b4980c5e069b55eabf02b,1;0,0xf0f39de93798e245d572e5663481786b26f2950b39e5cf4ca4d87da46deddaa8;0x85839e4432ccd7e80238f949170714f118f7b191cc4ea36f5ccb908dbb0bc067;0xb5fcc40e3c640ff76a9ce51752487c5a9feb31401f6f479cf16dca8e226a9e07;0x95b0a2b0f605ea6bcbb094b3670e6552c2f597c65ac1bc3463153bfee61e032d;0x114df3b6c5cf8d66cc0e20ae259c397a017a86b7e0afdb1a5713942eb2f60755,2.114128,1.579972;1.384398;1.225268;1.110304;1.047339,64.0,9.0,0.0,0,0.0,0.0,0.0,0,2692780032,2692780032,581.8980000000251,538.0109999999494,5.9589999999998255,1.5729999999999391,33.27000000000191,33.0,242.0,206.0,115.8485999999903,486.33759999998637,2.8821999999999526,1.5442000000000058,19.852000000000757,33.0,242.0,206.0,2.14197,1.602927;0.774949;0.792285;0.893467;0.878885,64.0,9.0,0.0,0,5.0,1.0,0.0,7720.0,2664210432,2664210432,533.5850000000031,544.1800000000052,7.5919999999998415,2.1430000000000233,42.163999999997316,33.0,242.0,206.0,137.43719999999016,46.971000000006754,2.9083999999998666,1.7645999999999633,35.74820000000062,0.0,0.0,0.0
64,100,10,0x0ca74de037bbd8421c5b71f975564bdd794481e5711075ae5574352f66a72590,0x0c75f38271e7037228d440438987362f85245264b963247fafc4988482057b3e,0x20f9709c57f60a6501d9fc9dbcde919220afb2f0f38cc30904407f1ebe4fc8de,0;1,0x479a572a4f4502d36e4535b12d70d301b5e5aa97901b5561816c48d67078fd6d;0x958733934bec987cef794a28b0d2594b3886e5bacc4589697db685ffe4509bcb;0x97a537b6b8bf3d54bd8f18052076368b28819cf8b7385ae5f2899979f9ab6b9a;0xd7a0c2b8de87b34e6c59af567d95318fd869b5d4b4be6e95efcca8cb2e0a0611;0x30fcadd1aed8ec4930aa80b714b82dcec54446bcf983e55b405207295e980361,2.389754,1.679884;1.120119;1.066438;1.15395;1.03465,64.0,9.0,0.0,0,0.0,0.0,0.0,0,2692784128,2692784128,607.0449999999728,505.0420000000111,32.09800000000037,2.624000000000116,41.68200000000122,33.0,244.0,204.0,103.05920000001079,455.0984000000202,2.4598000000000675,1.4440000000000979,18.783999999999466,33.0,244.0,204.0,1.94943,1.497067;0.840167;0.628778;0.731463;0.671753,64.0,9.0,0.0,0,5.0,1.0,0.0,7720.0,2664214528,2664214528,431.0599999999831,624.5119999999937,5.207999999999602,1.4419999999999364,26.84099999999967,33.0,244.0,204.0,115.8946000000105,35.79160000000137,2.6418000000000275,1.6208000000000196,22.607800000000456,0.0,0.0,0.0
64,100,11,0xc23b22a0156e3defa710921eb665359c67c04c66af9960a33ce0a96c475d8025,0x8a2347c89c952b2854e1b8b9451109a4aebdbd4a681b2b46cdc5967fd76a1230,0x1cc02ed3df93ce2b61f1a728123f64217534040b1cd89e134b3cf9680efa6ede,1;0,0xa881db1237d42602e7aa33fde05d12a8c5de8cace52ad9ea6a633d97ee99862c;0x408fbe29911fe33f149d6258549205bc5aa88dd22fc09e9c1010ab09047e274e;0x090569b2d2d5d98620c17d196d78975fd6034efa67877c6574f3217fd7863b69;0xc75e87afa6f4b818f51b8fce3828d6bf2029a612752440c971d707e0feaa1555;0x3b421e23e1733086bf6bc19e2fdb2acb36c621d48686cb4555df27cce2cad60d,2.119436,1.812213;1.314282;1.399465;1.21357;1.121942,64.0,9.0,0.0,0,0.0,0.0,0.0,0,2692784128,2692800512,583.6799999999753,435.376999999959,6.428999999999636,1.6719999999998716,32.98899999999716,33.0,243.0,206.0,118.39639999999818,494.25540000000984,3.0185999999999757,1.6707999999999827,20.740999999999122,33.0,243.0,206.0,2.437786,3.503303;0.976893;0.826055;0.726686;0.61679,64.0,9.0,0.0,0,5.0,1.0,0.0,7720.0,2664214528,2664214528,557.5409999999947,505.8530000000006,6.800999999999855,1.8629999999999516,42.614000000003315,33.0,243.0,206.0,124.2214000000019,35.695999999996175,3.1849999999999934,1.968999999999929,24.613199999999615,0.0,0.0,0.0
64,100,12,0x2b89f661418372c8b73487558e8ee30b2eff173e2423d12b58a58b8ace5e6797,0x94f3e85fb993cc440eac740c735ce6d896ed46f969820f45a47bce2bcb579f03,0x6f17b764c86bf2316529776b1cca40a3b7435cb6a839e57d39c8661f81e15422,1;0,0xbba7779928e3c3346b505e45329d7018a724ee35920b1320ebb5add27bad6c3e;0x3a87d7d3995357a83b6bd1797f4ff9158290556dc0b549da912cbae5134445db;0x56b6d8be6852522fad88b4c163c5188ec3458656b1da28c304482e5358c9516b;0x35bbe449800a163f32ce4fb1148164058927d01d827e59bfd0e3029717e2157f;0x8e6c428745d800ce5fdaada48cf1b88a79e4a8271d385fe36d2d77ac5af6ac9a,1.950522,1.992715;1.442145;1.167861;1.266355;1.246179,64.0,9.0,0.0,0,0.0,0.0,0.0,0,2692837376,2692837376,579.7849999999993,449.75899999999405,5.968999999999766,1.6730000000002125,26.990999999997044,33.0,245.0,202.0,131.2397999999937,478.23259999999476,3.3047999999999065,1.923000000000029,23.77380000000151,33.0,245.0,202.0,2.406129,0.888309;0.895951;0.649479;0.987759;0.740527,64.0,9.0,0.0,0,5.0,1.0,0.0,7720.0,2664235008,2664235008,566.7440000000079,466.6439999999883,7.291000000000415,2.0730000000000053,54.57200000000273,33.0,245.0,202.0,110.08400000001029,35.61559999999964,2.6201999999999472,1.3983999999999006,21.57220000000015,0.0,0.0,0.0
64,100,13,0x2f12470d136770bd05ab0ca15063a7724a75700b10c1d56d1d2597c47d6706c5,0x49f6b3944c6556e530a2c85733435b0f2395694a4ada9f98f644173ce7db0fa1,0x6a711e4aa3d187b6e568502aaad11de78da3164e4b47ede6fd30db5614032158,1;0,0x437268dba1a4a1cddf28d7f60c29a3492ed1ef3f890ed4cd6202fde1ff23f6e8;0x392938a0849b3f10a5a3856005607159da29f72714d10a7692bbd80b35ec8104;0x7e2ddb69f8d5bc05ccb41b0abf4f91e8a6527806cd281af07d3c1e7cb8ba2683;0xebb2a0bc218dd12b33131b73c177ac6a773551dc117831ad63e1fbd199e14576;0x6d764c1581cecf03d4edfa50c77d9c5c96a0431de2ca5618db75a69ca37b5311,2.080077,2.066255;1.418554;2.012039;1.171827;1.254772,64.0,9.0,0.0,0,0.0,0.0,0.0,0,2692907008,2693500928,663.7199999999788,517.6099999999461,5.587999999999947,1.8430000000000704,28.393000000001557,33.0,245.0,201.0,175.5017999999997,531.4352000000077,4.561000000000148,3.59539999999995,26.00560000000085,33.0,245.0,201.0,3.528556,1.265233;0.939917;1.544249;1.181442;0.798564,64.0,9.0,0.0,0,5.0,1.0,0.0,7720.0,2664292352,2664292352,709.689999999985,474.4459999999895,6.950999999999833,2.1629999999999048,42.24399999999684,33.0,245.0,201.0,164.95440000000585,37.95739999999937,4.142200000000102,1.8708000000000962,27.036799999999307,0.0,0.0,0.0
64,100,14,0xb7936d1d51602abff047d4cee46791f97fc42c7cb608dae79e664602bca004ad,0xbd68de83f9d59f070f0593b580949809afe2cd2cf7ae24b4d16296e8c32111cb,0xaa48b6d5ec9f6daffad06fb41c669168225679a691362e390b0ae089b1675251,0;1,0x55900f6f8389fb335b5bddaef359e71590ed8cb053632bd8123728f208a50821;0xe157bd1a4ba0dfc8f0d521f18641178ff6b9bc474a4450e6cac3f8791196294d;0xbea584b206cfea9052aefea32211d2f1c8a25b741baf96ef55588a2c6722960b;0x3f50fe59a26293cd276ddfb7ec96c3585a4faf96da385259a7718d604603db85;0xad8bdaa584f802ac9fb436283d6b0fb104ce7d767064e34b899ac580e1e81533,2.615704,1.756544;1.533503;1.416506;1.592;1.397077,64.0,9.0,0.0,0,0.0,0.0,0.0,0,2693574656,2693611520,679.9949999999887,726.7260000000109,7.311000000000297,2.3539999999999845,52.980000000001084,33.0,246.0,205.0,129.32499999999126,519.7756000000276,3.703599999999897,1.6925999999999572,26.44200000000013,33.0,246.0,205.0,2.001268,1.615692;1.034049;1.107891;1.034169;0.74918,64.0,9.0,0.0,0,5.0,1.0,0.0,7720.0,2664407040,2664407040,700.205999999981,425.58200000000767,3.7750000000001322,1.893000000000207,29.02400000000249,33.0,246.0,205.0,130.0300000000032,36.729600000001696,3.705200000000096,2.1694000000000053,28.947599999999685,0.0,0.0,0.0
64,100,15,0xf54ee4dc36166b0ebe6f77e329a35c901efedafad7013d6009c28b8c0d548ad4,0x2e75175016da65887d7437dd4a3bb094c64bbd114b71d93e566e6f34b34c526a,0x5ebba4fd347860a91ce4f467db37b020998ebd9b08cc80911612820b39caf9dc,0;1,0x60806b20317883d34a72322f2b204b62097f29b87eebbe3df64f951e0e11e767;0xb093b2bf007c09b2d6e1c5d3d0b7219a1b073a08f4f0ef05dae18d45a5dc66db;0xbc7a29f9a990bffe5ec1ab4695c991f46ba6920d4a8a5d2948b76cb9e6857826;0xaf30fa8faaee8f323d75ac07b91280caf9526681ee94a8cdfe3f2eafc31289e0;0x9ea76d4e97e772d3b7bf2ae5958fc5ac019b0322ab35e452cdc7261f3b325cd0,3.602002,1.984232;1.294632;1.275313;1.280671;1.18705,64.0,9.0,0.0,0,0.0,0.0,0.0,0,2694025216,2693173248,1561.2150000000047,609.4490000000396,7.7719999999996405,57.57700000000006,43.145000000001374,33.0,247.0,200.0,124.38160000000087,535.9198000000065,3.2088000000001298,1.852999999999924,31.56559999999975,33.0,247.0,200.0,2.146847,1.100369;0.835079;0.669199;0.664021;0.599193,64.0,9.0,0.0,0,5.0,1.0,0.0,7720.0,2664525824,2664525824,547.8560000000132,565.5129999999897,28.933000000000085,1.6420000000000496,32.58899999999954,33.0,247.0,200.0,97.55320000000012,35.72020000000564,2.3515999999999466,1.5883999999999863,32.60300000000049,0.0,0.0,0.0
64,100,16,0xb405d66743eea747090116b9d1204fec36c728a895177dd71604e492cead456d,0x7d97551d1328f81f9b61e0bbecbe6b1ce857fc01e55dba4ccb7a1ca295412fd9,0x2e4beac654df509a088979110ff1ad77248b472d86e4f8d2f854b248a8e5dbb7,0;1,0x7d989a1528a941969175cfe5fbf10c0b46c4392fd7c00fa66baac6047671cfea;0x0806ef7bd354110a346163c239d0101df2e7fe15355fdd416306389c940d8926;0x372ab748cfb03eccec374029d4983c8a9a0271618f6062e01984193ab5035681;0xa732e1c15fc524695d3e284e084f26e0faece58751e8334c9e2eec320aec5916;0xb6f0d01433e1d4fd0f7ff0bb748eb5f13e8ed1764a19fa1fe02df86c3c240588,2.683418,1.925585;1.270006;1.099659;1.029763;1.087711,64.0,9.0,0.0,0,0.0,0.0,0.0,0,2693177344,2693193728,820.4370000000072,531.0210000000204,8.753000000000233,2.0430000000001836,43.195000000002814,33.0,247.0,202.0,114.02219999999686,480.17399999999986,2.667999999999941,1.6303999999999104,26.68620000000066,33.0,247.0,202.0,1.924303,1.041441;0.772415;0.730812;0.653876;0.602018,64.0,9.0,0.0,0,5.0,1.0,0.0,7720.0,2664546304,2664546304,435.7569999999811,497.5710000000022,4.047000000000079,1.361999999999978,28.11300000000322,33.0,247.0,202.0,106.27060000000243,45.72099999999857,2.3035999999998853,1.4462000000000677,23.802200000001825,0.0,0.0,0.0
64,100,17,0x1327def131354a7e8fc8d5e1091bd8e22b30c0a3590b0bd48bcd9a029c97844a,0x387150f1f697106bde7ce215fb91d99445bf93516566cb2f3acaaab296339ef5,0xfabc5a92bf023867fa658be1e53917e957628ec15383d8202a6a498e259e3433,1;0,0x8cafa4ce2e4e05c38b0a1b4cf2ee8a32d20d29f8fc12abb8d3a0f277839bec1c;0x0df770c872504068b97b1dcffb83189afa37800543ef17fa880c555ab5e87b7b;0x9b450d84827a15cc4600223fa8504bbd97dc243deb0e77dfd0c90635f9e98ee5;0x0fbc56c24756e1d312a62ee23b08f3d91c68bde0ccc705ced188d405c314fb6a;0xc6added3322a1dd6f1762f351e60d932984445c9ad0ad6413eaf3dd46c9884bd,1.947587,2.065085;1.233661;1.110725;1.123415;1.212219,64.0,9.0,0.0,0,0.0,0.0,0.0,0,2693193728,2693210112,606.3550000000029,485.0119999999514,6.990999999999595,1.5430000000001172,28.031999999997282,33.0,246.0,203.0,132.32719999999307,479.21279999998404,2.9661999999999744,1.7546000000000228,28.330599999999706,33.0,246.0,203.0,2.676867,0.891254;0.758504;0.726296;0.671973;0.719545,64.0,9.0,0.0,0,5.0,1.0,0.0,7720.0,2664550400,2664562688,542.8690000000014,559.8950000000046,7.471000000000213,2.172999999999845,67.52200000000042,33.0,246.0,203.0,101.8034000000001,33.39640000000754,2.679800000000149,1.4722000000000868,19.7056000000001,0.0,0.0,0.0
64,100,18,0x117d32d9a155ca90b290001aa9b38b48b508c0a0c2d1fe214b27274458ce4594,0x6bc65f6216f6b9c27708f3a3c7c693ed5c8044848e10cec30b321fdbc587a481,0x1665cbacd675b45040ef3d203467b0cb2d88b3126674b799c26be5ade8c96d9a,0;1,0x68552377b219fac0398f08238bcf416088ab7c043cdda21e7f8325b5a8e911a1;0x69bbd9dd4eb81a663dc1aef4a8be51ea3fa277ce1a7af9f9b3b480f842d9b495;0x738c97f167d7f5dcefe67e69db79ab68e1e27da6a7cf47ab337c96c363e8a43b;0x54d324ac687df03ae95288784b633a232850aa1fc1d27f8593d7264abbe07ac2;0xd088fa02e6c86da769a068757c8b1c7327bc5174900d32eb46a54e270ab7fde5,3.320188,2.036943;1.39204;1.137806;1.088091;1.125618,64.0,9.0,0.0,0,0.0,0.0,0.0,0,2693214208,2693218304,673.2260000000267,499.98399999995337,8.42299999999959,2.4640000000001985,41.39300000000068,33.0,246.0,199.0,136.7544000000054,488.2983999999979,2.930400000000083,1.7648000000000317,22.05319999999955,33.0,246.0,199.0,1.930121,0.91507;0.818244;0.744853;0.674468;0.66938,64.0,9.0,0.0,0,5.0,1.0,0.0,7720.0,2664562688,2664562688,499.7039999999897,440.7250000000029,4.3869999999997935,1.402000000000174,29.384000000000356,33.0,246.0,199.0,111.23560000000364,38.41979999999467,2.3294000000000095,1.4382000000000283,24.487000000000815,0.0,0.0,0.0
64,100,19,0xd40de21f0bee9ef19d9ff6465def13d2ad751c59c403ea768a384f77a9d7bd78,0x598199935b94adb3c7b34987c8a86675adcf9938685586b4e8d7e903f48c32b8,0x479bda9178ce20bdfea4a4cc80dc1247368e3f39083593ba8dbe42c58a2575ed,0;1,0xa4feae7e88aad019a4ea7afd163cf290914b0c2592fa5c499a02b0ebdb76c78c;0x555dcf25f69f3fbba3763f2b5104db2d9af4abe87917d6025cececea04e2e052;0x81591db2e47fd87faea801b4d5c4a06a44fbad84b0034187e822676d1bfd01bd;0x657a65c7d5e37462834f32fe1ca81fea111296ef2ece6a6f1d73ae168202831d;0x83b0e765a15519b133499cc63290229226c1de20ea70fc0752c60d0ff565cd0f,2.626572,1.98197;1.293892;1.091667;1.098166;1.260642,64.0,9.0,0.0,0,0.0,0.0,0.0,0,2694139904,2694205440,642.6789999999794,497.6610000000381,7.341000000000118,2.603999999999801,42.082999999998314,33.0,247.0,202.0,122.59679999999663,450.60740000000266,3.1124000000000427,4.057800000000031,21.484199999999287,33.0,247.0,202.0,1.98948,1.005787;0.719536;0.65673;0.770942;0.681518,64.0,9.0,0.0,0,5.0,1.0,0.0,7720.0,2664562688,2664566784,508.46700000001243,442.80799999998897,4.246000000000285,1.3420000000000967,28.22300000000083,33.0,247.0,202.0,89.97160000001614,32.78160000000363,2.517600000000002,1.3840000000000205,18.363400000001583,0.0,0.0,0.0
64,100,20,0xaf362325aa567870719e0578919c0202181e72a9e6286b4df19db1edfc49dd2a,0xa27bf01f83d4fbb76dec574caa424ca3772fb1e920a8171365ae2e1e11192395,0x646fc5b57b12144c5e8e149c1b16f262bdb0f1cbb7b2d7941360ceac8d3dbaca,0;1,0x1b82bfc8e737f3b28d61003d98f65dca5385b7290d84a2b51874b709555d2ec3;0xc1fe9b71f38c82adf149485fc5a13812115123e432aa39cffd03b3d89eb4fa8d;0x35f8197c193510df2c36cd269f89d4ac9bda1b2eae380159553fc33850cc2540;0xf9d8a438cdeb95a9fe04bda524798fc56f1e714bd7c4730ca9426f743bb95bfd;0x1fd35fc51f5c02b025d8eed018016ffbf3132e2873d2857cb0fee16c8d5e47f4,2.39998,2.080478;1.434694;1.179339;1.474003;1.113459,64.0,9.0,0.0,0,0.0,0.0,0.0,0,2694250496,2694258688,672.8950000000067,514.9869999999668,8.181999999999807,2.0229999999998687,42.02300000000214,34.0,249.0,204.0,151.13799999999512,469.1857999999938,3.0525999999999467,1.6706000000000012,23.27940000000084,34.0,249.0,204.0,1.733755,0.850172;0.808359;0.667097;0.738444;0.650692,64.0,9.0,0.0,0,5.0,1.0,0.0,7720.0,2664615936,2664624128,495.04700000002623,451.58100000000644,3.834999999999776,1.402000000000174,26.760000000000673,34.0,249.0,204.0,104.14519999999428,34.03919999999672,2.35920000000011,1.433999999999984,18.724400000001694,0.0,0.0,0.0
64,100,21,0x2712850f7fb94a8be888c4ee78b1352a837ca5f240c8301f99dec54c61563c70,0xd4d6e5899dc5c852301ac358f30e6d1225bf3f8118cf46ff978392d552e32e81,0x3c1012d021e6e81d192eef74f24c75473325648ed5ead9c68ad58336e3f5edd5,0;1,0xa82730b930b50b1cacabdbbabb900632375518029c1762f2fb65b5b199a2b250;0xd21b94dd684995fe733c9bcd28c168b62a773ecdcb3b105da6405dd3e710ad15;0xebd7ab359766d0a5514e4b348391239e1eb0c06273b88800bacd3ac0cb47f077;0x3686022d2e8a23cf97b4abea95150bc0b9900735642135df03ae70d984b5d737;0x6fcda8e68e18258e1b55a1f988ce967233dc11dce7b4379032f551deb306bb57,2.357586,1.984112;1.222334;1.025276;1.013919;1.151006,64.0,9.0,0.0,0,0.0,0.0,0.0,0,2694348800,2694443008,592.9949999999851,528.0970000000051,8.181999999999807,2.803999999999914,42.72400000000093,33.0,244.0,200.0,106.58100000000559,485.55660000000336,3.040600000000018,1.6328000000000351,21.74299999999907,33.0,244.0,200.0,1.850791,0.921861;0.804433;0.611532;0.598633;0.704212,64.0,9.0,0.0,0,5.0,1.0,0.0,7720.0,2664718336,2664763392,481.75700000002706,457.2190000000087,3.8060000000002954,1.2020000000000606,45.5489999999989,33.0,244.0,200.0,98.84720000000736,32.394600000001944,2.139399999999923,1.4722,17.8628000000014,0.0,0.0,0.0
64,100,22,0x56f042341c019280bea772c92dc1fdc9e92adebf60edac4f0b35e608817fd64e,0x61caaa35cf3345ceff3a56af2ad5fc1900a8c6f9621b81cb19ddd56c960d152a,0x0f9d7a1541c346f6a17a6c676273fdf764a0bd20a7890f0074867835114a8614,1;0,0x33ff77e41327969c26168b7345a6416ae22ffcf5cd4aa58534667a4797a38846;0x89646011bd6b7d566159a12f5208fc52fffc86eafc342aea53d112731689fd8a;0x4a24c1d28911cbd086117dff606e8be2c9bbdaad6beb589fc4e1c04cbc388767;0x0c20ddebdcef755e87dd05f4936e807c3829ebee31a83436ae124e34b405b798;0xf16ae50493038e66d8c55b2b7abf70d4e24bfa5d9eca23ab5d964713548d7a13,1.940637,2.693724;1.241402;1.490759;1.123615;1.271187,64.0,9.0,0.0,0,0.0,0.0,0.0,0,2694819840,2694819840,625.7530000000066,478.05099999997935,7.721999999999937,1.553000000000058,27.130999999999684,33.0,245.0,201.0,138.27459999999903,562.4102000000075,52.316999999999986,1.8927999999998786,36.43880000000071,33.0,245.0,201.0,2.277455,0.896402;0.963633;0.678102;1.109413;0.72273,64.0,9.0,0.0,0,5.0,1.0,0.0,7720.0,2664927232,2664968192,566.0339999999931,505.38299999999816,7.100000000000335,2.3029999999999404,63.73600000000174,33.0,245.0,201.0,103.65039999999937,34.58399999999862,2.6342000000002113,1.606399999999966,25.648800000001305,0.0,0.0,0.0
64,100,23,0x541b908bef05353eafc156f3ddc15a1777f14a5c9177009bb17754fc11df82f0,0xe9122f6a1ee48b8dad39cf72317032d90af36a40c5437b409e15e05acbaf6a53,0xf87ad12f5f609980ee76318bb34a6cc666e6d16758decd411a632586af446b2f,0;1,0xc7b6d60b757183edf1fb9a493f832305a506249aa8286fa618ae25541011f7ac;0xf5d8b3acee2147f266063749ea8a21fb9cd25eff1415cbd3ba2acd524b0b3fe1;0x938da2769b815a3b0d1e22ee0495252770eac6fdb276071a18a7b42b2aa0602f;0x504fcf92b818aa62b7b0a296f7f2657ba1f055c9ed5ccee5fccc3a2d4ed41c3e;0xea35324d7c86eeb9a3af077c03a029adecfb32de408c2feaecfeb798f488db5d,2.715015,1.702914;1.223005;1.274562;1.266451;1.019198,64.0,9.0,0.0,0,0.0,0.0,0.0,0,2694070272,2694070272,678.8140000000276,687.4970000000369,7.38099999999988,2.6639999999998785,41.95299999999735,33.0,245.0,199.0,119.79079999999698,490.21320000000037,2.866200000000048,1.6283999999999221,19.990000000000286,33.0,245.0,199.0,1.916862,1.290376;0.947799;0.704022;0.765906;0.719796,64.0,9.0,0.0,0,5.0,1.0,0.0,7720.0,2665185280,2665185280,542.2880000000018,463.0589999999879,4.215999999999595,1.4319999999999957,26.37999999999946,33.0,245.0,199.0,133.23680000000283,33.704799999995096,2.990600000000142,1.6403999999999377,23.465599999999974,0.0,0.0,0.0
64,100,24,0x3e0eced96a319add4a88c0dcfdc9dda64cce5d2f9cf1f4314a5acb4471a2b049,0x3bf059316ce234bdf20c8ac949836ee5db34f09c1c5298edba9022d0f6b5831d,0x396f8c6a5ea001af9bb9b6e988a12b308af9e2c96d0ec3123ff2fc304bd65d47,1;0,0x5c7320b1121615ff06af624624155468e64f40d87e2b830d144329004182f7a2;0x158ca66facfc7bcd146e034b5c2b03c8bdf90cd99b5c01415546bc2fbd07bc4e;0x16f0ba578798a4e63e8b2ecc77288e36f77c69664b9790af6e3d821cc5a0ffa6;0xae16ebcc8096f01e721d148a46eed96219c842444a54ceff6aa07a1dc7925614;0xa8925154abd7f9b000df4b680b21df76527cc991f576a99d4cbf4cc024724a01,1.853195,1.835979;1.311359;1.114431;1.020249;1.027801,64.0,9.0,0.0,0,0.0,0.0,0.0,0,2694074368,2694074368,570.3409999999742,436.35799999997005,6.550000000000132,1.8129999999998148,27.35200000000132,33.0,244.0,197.0,119.75679999999267,450.5218000000255,3.122600000000052,1.7646000000000501,22.51599999999881,33.0,244.0,197.0,2.292027,0.923173;0.814218;0.707748;0.948721;0.737452,64.0,9.0,0.0,0,5.0,1.0,0.0,7720.0,2665193472,2665193472,578.3420000000094,484.6109999999959,6.489999999999621,2.0929999999998867,41.57300000000308,33.0,244.0,197.0,93.53520000000559,32.2645999999982,2.4335999999999802,1.3500000000000492,19.40100000000083,0.0,0.0,0.0
64,100,25,0xb3ac9bfcea61fdae8c35dac326597e609d46748618a5ab0aabd1f842d63e102d,0x6d8797a0ad94fdbaac34fbc7140c226d58a3addfbdf0827eb70ece1b9ec02186,0xceaaf1755416424f4b91c84d9a1c6929d09f63d62a469af58911b10a67519325,0;1,0x7e07b25542f2c8e6d14a446b9d4e38cd96abaf95389a635d68c83ecdc395c5ce;0x4787355be3473808a3f694cc1d91b27d428ae05e4480ea8cf59d629b249875cd;0xe3c187bbffc73ad216cd1532de29d7f9d8c61d0589c8365abc09f097987b9aad;0xb01455adadc4c04b30f3bdc4e18baf2f6ed3f4af864e308f6791481608860439;0x6e0990a54d5ad8db1f39063fa0380270b148a8415f9c812ac2e9d36d2b3c907c,2.459169,2.112997;1.49152;1.30661;1.068983;1.22613,64.0,9.0,0.0,0,0.0,0.0,0.0,0,2694074368,2694074368,613.8059999999945,619.9550000000054,6.91100000000007,2.8340000000001697,44.00699999999868,33.0,244.0,202.0,126.96739999999983,467.5192000000106,2.9299999999999464,1.674799999999959,22.93460000000053,33.0,244.0,202.0,2.223133,0.99458;0.681157;0.753556;0.635408;0.639324,64.0,9.0,0.0,0,5.0,1.0,0.0,7720.0,2665201664,2665201664,508.7770000000158,456.63900000000865,5.147999999999958,2.6140000000001753,31.237000000003402,33.0,244.0,202.0,95.99879999999672,32.995600000002014,2.3774000000000712,1.5003999999999886,19.489400000000103,0.0,0.0,0.0
64,100,26,0xcf51df0d22d5cf155044911ecd7bb3b2d9393f212d2652223543aac68d50d605,0xd71db25ea39976d37d4bcc13b14d9b4721bb0e0f6172054c33fd678d93321fc7,0x0c140d511e8bf1c09f3de692d9ee320d3fe197371028593f9d3bdbc939a80e86,0;1,0xf2ad6d6a3433a967c9496f8e4cf9032d45b20d632664e8d144d034162d0a5621;0x73c3c9425dc1a01034367001d6b6f3bfbb95886d93b98ee5a5cf7353f5570ae5;0x4c7acf2b86eefa9f96e3b10ada5e6afa85d60ad0657f8362033b743d9259f90e;0x00f0b945fd6ddcaa7f51fbeb5573541341501eada761b51b709538f0505baf3d;0x677946ea84599801dc4c491b6596a3b30df25701f596c3af824b58882164b448,2.628945,2.202492;1.287062;1.107601;1.057896;1.55172,64.0,9.0,0.0,0,0.0,0.0,0.0,0,2694078464,2694078464,681.3979999999997,529.4989999999889,8.643000000000018,2.252999999999804,42.83499999999801,33.0,245.0,203.0,153.51540000000386,503.4675999999738,3.9677999999999587,1.9847999999999395,21.925000000000416,33.0,245.0,203.0,1.825443,0.912517;0.806006;0.72942;0.663461;0.890343,64.0,9.0,0.0,0,5.0,1.0,0.0,7720.0,2665205760,2665205760,510.71099999999706,507.2449999999895,5.258000000000172,1.5929999999998203,28.603000000002044,33.0,245.0,203.0,103.1616000000013,34.95460000000894,2.371199999999865,1.5425999999999809,21.17960000000002,0.0,0.0,0.0
64,100,27,0x1058a97c9c6470c11a1fc823789bf46e09cd2dc7edd6ded99737ff6580159727,0xd074da88458c8eb540bf2cf10dbb1c85bb6bff3dafff5c6ffc8124c076244865,0x1e1a00f41e1083315fffed6b663d6af2325ff951515d438a75bfff71039271ec,1;0,0x76c9f25909a18b077c0523312469c375a07ce9f4eee851ad9a3e8094aeac39cf;0xb084b929b6c67634904599a709214117d7bf1e3916c6b22e07ffd84da9c9f133;0xc5c13a68e3cdb6fd85ece816b043aea3721a165458de2594f62dbd2576cfaa5d;0x783d80851453e617d23802e32d9487fd49bac97d989174dae8f48e1bc0277a05;0x25130f2ac800a8d35dec3e25e3a8b09dddb7065ba8f2c570fd082c376b1dc584,2.019556,1.732443;1.381784;1.528115;1.213641;1.295404,64.0,9.0,0.0,0,0.0,0.0,0.0,0,2694082560,2694082560,639.4450000000163,505.4719999999513,5.988999999999647,2.093999999999794,29.25399999999939,33.0,244.0,200.0,155.26019999999585,532.4789999999969,2.7699999999998557,2.2231999999999634,19.96780000000087,33.0,244.0,200.0,2.262142,2.796388;0.865786;1.005287;1.043204;0.696871,64.0,9.0,0.0,0,5.0,1.0,0.0,7720.0,2665218048,2665230336,559.9649999999956,516.889999999992,6.479999999999681,1.8029999999998743,41.51200000000049,33.0,244.0,200.0,193.67600000000928,36.479000000005925,3.2288000000000108,1.888799999999989,24.47919999999798,0.0,0.0,0.0
64,100,28,0x219002951918031578ca0865806d1e86ef6f5e79d3f00fc81cec97b88e603520,0xb45823092b4e4a04a1f355c24e097ff09fdef0e356973647ea5690fd64494dd8,0x31b527378a1b9f2eb5af6f2e27ab6d71f1d2090d49cb6bb623283552d349a837,1;0,0x350d4abc370e336031dd9d497352c45dfe3a62a5543bb9d183d841859cd71244;0x0f0aad80a4bc8a6194769f62168bc32491d2fd75c9f7cb04799d6f4341157345;0x2b167d67479aa5c19eb27628c125cb8d76d3cd436808748ab79fabdce09ffa3f;0xaeb3c760041a9845b2e7b0f5ca1fc3ff3543dc61b6d8b6024d7456a46ccaa397;0x585b282ff678313a8b8a084a85d028640170f2078e7e7bb166da9ca1ddee9c2c,2.194169,2.084555;1.24593;1.042923;1.046198;0.967249,64.0,9.0,0.0,0,0.0,0.0,0.0,0,2694135808,2694135808,582.5090000000089,427.7249999999899,5.057999999999625,2.2730000000001187,27.07099999999657,33.0,243.0,199.0,108.33319999999924,440.2762000000005,3.024199999999977,1.5684000000000182,22.08140000000136,33.0,243.0,199.0,2.462855,1.000409;0.819907;0.71604;0.605954;0.763602,64.0,9.0,0.0,0,5.0,1.0,0.0,7720.0,2665263104,2665271296,545.2719999999855,694.5570000000123,6.228999999999957,1.7429999999997967,40.27100000000144,33.0,243.0,199.0,129.83799999999323,31.89619999999782,2.381399999999874,1.3063999999999265,18.86259999999973,0.0,0.0,0.0
64,100,29,0x2522b099d56f39d61f46b449df3548138e6d19ad279e0cb6176611c45ca5bb8a,0xfdf1b0dddc586cee7b5430587e968c9cdf2b71071c1c175ffccd9494197542d7,0xc3010be042e3621324e7126ee9ed5381e6e1ae12e0cec5a1b351638e15afa5da,1;0,0x7ec87c8b74de271359bf7ae0fc0cb6d6675f01f659f1da43a0e5f4b2a7892ccd;0x9fcd236576b4545078c4e6b48745ce806fa4e2cd077f4e8dfcce129977bafa99;0x7a333ed52adfc73675d5695f1a9482021c1f2ab7d06782830e38acf9f419171d;0x28102c4cd9d88ddb35024a942793f89515106a8ec769a29bee7823c087c1dee6;0xed3cbf381ea94c185728d6f8deb5f17c0b91fd7e05e7a67ffa7d03b5a7c8bd15,2.033456,2.155891;1.199809;1.18653;0.985406;1.082893,64.0,9.0,0.0,0,0.0,0.0,0.0,0,2694217728,2694217728,574.1360000000029,569.2390000000547,6.169999999999787,1.862000000000044,27.130999999999684,33.0,244.0,199.0,135.6828000000032,496.3203999999832,3.0282000000001266,1.804599999999986,21.087799999999767,33.0,244.0,199.0,2.377796,1.173189;0.750502;0.659905;0.712235;0.704883,64.0,9.0,0.0,0,5.0,1.0,0.0,7720.0,2665349120,2665357312,666.965999999991,566.9650000000026,5.828000000000257,2.2130000000000414,43.405000000003305,33.0,244.0,199.0,116.05079999998935,74.59040000000194,2.392000000000019,1.3160000000000776,18.51000000000075,0.0,0.0,0.0
64,100,30,0x12d19e8fb09fe6b9624a47a85e2f989f215c19b3cc88253d1cf3189e9e2f24c8,0x32272b3899ccfe61e96cd5bb05b217bacf0c306854a49e0d54a60589b49c7f80,0x232b21c9cd14ee255aa74a6a7f7e49509f976bb37aeccaca2d030d9c1be06257,1;0,0x146cbbe26b273aa1c187e5fd1e7c54c7c549c42c721faa57b939961c3c4dcfc8;0x6dac341fb7aa6036784aea123067ee9c3c6a7806b03e753fd4970a41553c1287;0x2d1ecd171b442cb0d861c16c4d72c3195d838860f672e921b70c53199581e537;0x216756821e7795f81f95a28fb6904ff1c54c03fe8e7e3810076bb9297715c00c;0xe118b63d311e64ed39f3cdc8765ec891b195b8e44ec0a4a485e6e27a81d332ed,1.881708,2.411387;1.251307;1.093919;1.124266;1.081742,64.0,9.0,0.0,0,0.0,0.0,0.0,0,2694307840,2694324224,544.8220000000003,425.0609999999488,5.769000000000086,1.6230000000000757,26.760000000000673,33.0,244.0,198.0,142.1042000000039,485.5842000000221,2.8583999999999903,1.5342000000000653,23.898199999999868,33.0,244.0,198.0,2.470235,1.44596;0.868129;0.730181;0.674447;0.752335,64.0,9.0,0.0,0,5.0,1.0,0.0,7720.0,2665414656,2665414656,589.2780000000264,476.8589999999962,6.980999999999654,1.9529999999998506,39.75999999999979,33.0,244.0,198.0,111.36999999999952,33.49819999999837,2.7222000000000355,1.6586000000000725,24.484999999999093,0.0,0.0,0.0
64,100,31,0x36983555924308885b984f4a6a8194047d4454b826bf9dae01478a0eadbf7bf6,0xd788e674a6791c534da3b53befcd10a4fd8dd42a85c57b8d91bb4b317555d211,0x2a281f95fd0a70f0d67802478374d13a4f744f2b8c2573f770a3f86f64a55b2a,1;0,0xbc3a6b0068299e0d18abe08a154bbcf837d8a2626fab51bd92b1ed1ec256a133;0x752a681f40a2f3ad398aadd8ada61e89d8887407d7e94daae0c1aaee7fb105d2;0x3bb2d061d523b7a5d5fe882ad32b5cbadff3a372e6b6b4f2df4adb56d605963c;0x57d41523e7e8e79d5c34cb15a949ddd8703b51de44b4333185d03a01bc068608;0xf553e4475f7d5283b089912e0bb957763246a6fb1fcf055920adde2452a8cc47,2.048229,1.63115;1.28667;1.133619;1.345019;1.164175,64.0,9.0,0.0,0,0.0,0.0,0.0,0,2694516736,2694516736,640.2660000000004,548.847000000019,5.1280000000000765,1.562000000000091,29.775000000002716,33.0,244.0,197.0,111.90859999999914,483.9636000000258,2.5220000000001144,1.3698000000000357,19.76779999999928,33.0,244.0,197.0,2.478508,1.307772;0.896713;0.917854;0.72262;0.821709,64.0,9.0,0.0,0,5.0,1.0,0.0,7720.0,2665897984,2665930752,517.6510000000078,568.0959999999901,6.2889999999996,2.152999999999964,40.75099999999859,33.0,244.0,197.0,134.9472000000018,33.39420000000315,3.0443999999999263,1.931000000000068,23.629599999999698,0.0,0.0,0.0
64,100,32,0x5748c0d8e66adb04e11385d41cb74a20e427f614b8ae9c1324ab7439b8155296,0xac0b84d02ce6248554c352ff38497a322c6825347018598f1b56009687fd465b,0x4d8f46a5553c4b8d1af2e4c08ef4e6a7087effb3dddb21e3b12b82779e6497a9,1;0,0x2c21873273ebb1ae40986805ade31e613a5aeae5799a76aa295aabaa5fbc4f0f;0x0ce714b1b9555bd7d5ade7ab792558651beeb9ffc37119971c8ce2b15625a63e;0x48dfb87adc27235b1d28444e58a4beba2b4f3fdf0ebeb1a8458b1ebc6e499b03;0x4897135b36211b590ba695e0c3d29ae17b739f047c470139c7657275a773aafb;0x819f37152846a2ee4dba32f7980cd68eb25a57791cb1cbf9373fb2d486e716a6,1.76999,2.019816;1.598401;1.357718;1.263906;1.199259,64.0,9.0,0.0,0,0.0,0.0,0.0,0,2694520832,2694529024,527.9759999999856,421.04499999995323,6.530000000000251,1.4720000000001918,24.456999999998562,33.0,243.0,199.0,140.84019999999197,586.2319999999866,2.6037999999999064,1.8590000000001488,21.642399999999284,33.0,243.0,199.0,2.02881,1.053028;0.993638;0.721918;0.754498;0.757463,64.0,9.0,0.0,0,5.0,1.0,0.0,7720.0,2665934848,2665934848,485.7930000000121,517.5109999999983,6.850000000000085,2.13399999999999,39.289999999997384,33.0,243.0,199.0,107.59819999999199,32.70719999999839,2.9342000000001645,1.378199999999951,21.30799999999905,0.0,0.0,0.0
64,100,33,0x4a1cbe119f4e29f138c283c5aa55ca96f4843d269993297999f2dd54c71ac460,0x7fe022c91a6b12d98ae17cbd6e9fe6caee9735023f1eea91e9f71cb29839b34a,0x757f480edb42b0227a06e5de4e3fe5b4ae14e2574e6ad35f60f3bf6552776003,0;1,0x0c2e3352e576ead5650338aeedb55edbcc571e9a47809f79569602571a1d2f92;0xe68bcba475137031774232af756f5c78249763b6c28cf4331df22b3472c69ecf;0x7f4d264c14ef13800bbc4ed3718905ea689993e376d0c31a4214c5c7d0e74631;0xd47f9e6e6b80232452c5f57486ccfec1eb4938993daf25f7008c49bad1c371e1;0x22979c3053b39a8c35bf86effe598696c82e7ef2b51bf79ba3b0abce621f94e1,2.489464,1.585211;1.198918;1.185378;1.129383;1.341723,64.0,9.0,0.0,0,0.0,0.0,0.0,0,2694529024,2694537216,700.3760000000026,564.3610000000132,7.451999999999806,2.784000000000033,43.145000000001374,34.0,246.0,200.0,123.54639999999638,495.29680000000013,3.2967999999999535,1.6883999999999997,20.50499999999983,34.0,246.0,200.0,1.709123,1.429075;0.715228;1.055141;0.625103;0.691162,64.0,9.0,0.0,0,5.0,1.0,0.0,7720.0,2665943040,2665947136,459.2729999999823,438.6710000000016,4.767000000000139,1.4419999999999364,27.90200000000326,34.0,246.0,200.0,108.58780000000401,33.28419999999999,3.1003999999999405,1.7626000000000621,22.520199999997992,0.0,0.0,0.0
64,100,34,0xa811551d8188b55de653f5e62050e48c9b36432c2f9b70e56c20066eb411046e,0x3492535f637d5c5411653c56461bc22b3340f6904b79545c5caa27833a523fa6,0xf503ce3d8c5735599ea352cf50b5012b1d23050f0e06c2e8a3dc25d9944abec2,1;0,0x2524bc7ba9d70c1a046d62a99dc6ef097f0f554f426c52b7be307323d6243ba7;0x14b2391fe44e3f9189aab5db800ac516e7a4328af0e8cdd436c985f5cbfcccda;0xd255ced433a8d3798d5695c0c7f8fd1256c5584b661299d0da1e74cd5140de30;0xe55c0d0a5a3b86729fde3b41adf2d99cd6ea3a07fa98e0c65a52b88234495798;0xa6cb13f54ebd7cd9dc5c43a877fbb12e145b70f4ab8f31be4702df2d5bde4522,1.832424,1.612321;1.452446;1.233525;1.12747;1.098677,64.0,9.0,0.0,0,0.0,0.0,0.0,0,2694541312,2694561792,531.3209999999735,468.5869999999648,6.510000000000369,1.6330000000000164,25.218000000000462,33.0,242.0,202.0,120.50980000000155,483.9237999999968,6.35559999999976,1.6942000000000692,19.33500000000088,33.0,242.0,202.0,2.272127,1.25294;0.803712;0.819175;0.707056;0.86898,64.0,9.0,0.0,0,5.0,1.0,0.0,7720.0,2665947136,2666348544,553.1540000000001,528.8780000000104,5.388000000000267,2.252999999999804,39.56000000000098,33.0,242.0,202.0,111.77279999999845,32.30879999999714,2.870200000000024,1.5605999999998739,21.989000000000036,0.0,0.0,0.0
64,100,35,0x6adf3b6ba3ac995ff16d940d6b2a7069f81c1566e1dc7ed9cb704d77f42c0c53,0xb91427a610a5c3f59f0778d43bfe10f884c92e5283c06fee6d51a40b4c00b6ed,0xfc47570f947e5e6819f862f3d5df7d7e0553165156ff61adabd57d5eb3f2c18a,1;0,0x5bceec989c44972768858c5d5787149a458a1a3d130d8506e65bd5db7e9e955a;0xe13ba2e8c15ff5dbc96017a958c4aeb13357e1dcc1611c377d202653e259cf8f;0x97c5568df20fe4ad0985fce2de85162a48c47d7f789795d4f02a50b4f8cd7657;0x4fc3957de97b6501120fafef6616fcb418c3b8a2ebcd09ee22395c5d9ae73dc6;0xc8d27a89617c1e6289514b4aa9c0d27f9fb88d26a33cdc5ea7ab5a1e7b53f8e1,2.075109,2.071955;1.305885;1.114451;1.500448;1.092728,64.0,9.0,0.0,0,0.0,0.0,0.0,0,2694565888,2694586368,657.4710000000206,476.83899999995117,5.4189999999995635,1.842000000000163,30.486000000003177,33.0,242.0,198.0,116.5095999999921,477.75660000002324,2.912599999999738,1.7703999999999462,21.89299999999922,33.0,242.0,198.0,2.325016,1.1474;0.88882;0.747037;0.813797;0.687677,64.0,9.0,0.0,0,5.0,1.0,0.0,7720.0,2666356736,2666364928,581.4069999999782,529.607999999987,7.451000000000333,2.2640000000000855,40.3409999999993,33.0,242.0,198.0,103.52820000000261,33.70880000000409,2.586000000000081,1.5781999999999776,19.79979999999909,0.0,0.0,0.0
64,100,36,0x5a5cd572b9e846a3e630f13fd9ba278cfc8dc78e441264e6b578c69dc84a8e0b,0x9bedad96cc95b99541f331771835cc14fdb72f780254a1021c57f767a8965298,0xdc3d51365d87c029b2e7c9a4e7c222d2d7de43f00185aaccf81ba02625357b00,0;1,0x387369ff78ed593ae9e42e4ba8ac791b5b5a4b8c1219c98c52d845277b549f8b;0x5d376f8e456c9874de1512959c4354c79bcc03765e3efe69f4817a3c43a0829f;0x662873313a5035f74160e457423d82d437b8663dc5fc7d4069cf39180da1cc21;0xcf2ad503912f3ec2458f36c55eefa8d7e61e3df79ffba1385281f946974ddb71;0xf2a09cd148df8641a58bbff5f0a919b73ee888c345553937c57e18d81957118b,2.794775,1.662898;1.288934;1.138317;1.16058;1.09436,64.0,9.0,0.0,0,0.0,0.0,0.0,0,2694590464,2694647808,808.1389999999855,646.323999999976,8.162000000000793,2.324000000000163,40.49099999999667,33.0,241.0,198.0,108.30520000000287,464.74699999998757,2.4480000000000337,1.4102000000000212,19.71339999999877,33.0,241.0,198.0,1.909839,1.422866;1.275714;0.793016;0.718173;0.66333,64.0,9.0,0.0,0,5.0,1.0,0.0,7720.0,2666373120,2666373120,500.43500000002126,459.7829999999914,4.197000000000055,1.591999999999913,26.78999999999876,33.0,241.0,198.0,116.50180000000177,34.560000000000144,3.351199999999943,1.7763999999999975,23.523600000001366,0.0,0.0,0.0
64,100,37,0x4598569d3f765a986b3dde63ba2aa87d68a723e79c1c625e66c697abe3198054,0x74dfc2df000888628b05d71bf985e7f802f804c0e192834d569af4647cc9da4c,0xac186d58a16be531f3551c743c414679c16be9220a1ea2f53b90642761aae602,1;0,0x8f52fef047b53c5207c2337e61ae6885d087da3ef00b506db8206a5e2735b4eb;0x5ee4303b819239532da2c33e6af604b489bb7aac018df23d41ca35e15757cf62;0x6d74c027733e78448a3514a0413b142af942d2a86f784902ba090b355f08b8ce;0xc234f549d1c023c0737c0b1eb6ca2ace3c93e56cf0325628b0661ba10324ab38;0xaa655ab586bb6bb9d5ecaa80ff8447efd163ba6311b6ff83196b175f49c70db5,2.557427,2.013717;1.254942;1.2202;1.021681;1.015471,64.0,9.0,0.0,0,0.0,0.0,0.0,0,2694725632,2694742016,613.3850000000218,504.6509999999671,6.189999999999668,1.8829999999998328,30.7959999999996,34.0,245.0,200.0,140.5417999999936,454.1207999999797,2.958600000000158,1.6364000000000483,21.83280000000176,34.0,245.0,200.0,2.524146,0.971766;1.366861;0.679916;0.607776;0.640907,64.0,9.0,0.0,0,5.0,1.0,0.0,7720.0,2666385408,2666385408,577.4809999999908,513.3240000000094,7.011000000000343,2.19300000000016,41.882999999999505,34.0,245.0,200.0,94.3861999999851,32.86359999999932,7.4713999999998295,1.3598000000000081,22.62019999999948,0.0,0.0,0.0
64,100,38,0x162bb6f7e042e28b74e48f1f3f731f291ff349b55c2be1337038bde9820c5f0e,0x0876b5356981dcd36e84ecf1d01699d6cd39c8fedcc63c7faa7728dc1679fb1e,0x022dae94c5c3372b53ccce95208393af91a366021beba0864139f6dfad11235e,0;1,0x26fe733ede25c20639216cfe83734775eb15c0d828a5ac4d55757a6c8d5c420e;0x67a782b49e29e1097e83a3b2c4caa454d9404f6261d23bbdfd7ff56ec8fbbe71;0x22f658a4ffffcb520fb9c08c865bfeff25e6821bbf271e47df4c43aa9338f683;0x30a024683559bc31b5da1af107532b5841d1dfd01895c4592ed6c0c56a38d312;0xe8e8119fbed46cc5fd7e9f57c54f75cc58d00be40a89c7dd1e40e5b20d00ec81,2.574322,2.191495;1.319009;1.102333;1.124085;1.063234,64.0,9.0,0.0,0,0.0,0.0,0.0,0,2694815744,2694844416,722.539000000022,538.0320000000216,7.6420000000004125,2.0430000000001836,44.45699999999775,33.0,241.0,200.0,124.47760000001696,521.7564000000064,3.0883999999998384,1.716600000000075,26.547799999999956,33.0,241.0,200.0,1.890561,1.05447;0.806686;0.710662;0.645554;0.651543,64.0,9.0,0.0,0,5.0,1.0,0.0,7720.0,2666455040,2666455040,579.7739999999774,436.42799999998874,3.516000000000283,1.311999999999841,27.64100000000186,33.0,241.0,200.0,101.31479999999637,34.09540000000044,2.7419999999998486,1.3522000000000185,19.5055999999999,0.0,0.0,0.0
64,100,39,0x34e05212951844c29f7e649c67dbc6081205bd5d976c822fade3f9f52339f1e7,0xb18875d16e301a54e79b5a67beba5ad03d9ecc17686efa1c272ca5975e9325aa,0x8fa85f3a800fa59bfca307bc96a013d26a55fcee3597b0c230b4e2bfcc0908ab,0;1,0xeb1b7b165be74d7d5d2995229d2da7b7e019cdc867fcd8c71260e0684e332d95;0xfd2ab55821dce2fd90e399a79a461769bbbcb6dae5f45fcb51477ae63e979791;0xd5498b391605874cc85f8b83d64e03244bfdf66de61060ea6f18f2b31d79e1b5;0x9dfed66054e877d84b648fe6eff2bad8ec4560b7d73ab5b7ce1eeaae1d70372e;0x3511a6c284a359b9425190cfdd8b03ab5658d3400747e788f6edd1f31739ed23,2.289193,2.791622;1.315414;1.202764;1.031186;1.068782,64.0,9.0,0.0,0,0.0,0.0,0.0,0,2695122944,2695122944,599.463999999994,508.30599999995843,8.061999999999653,2.0630000000000646,43.29499999999875,34.0,245.0,199.0,121.1446000000116,476.4829999999831,3.2350000000000434,1.5948000000000004,23.15259999999958,34.0,245.0,199.0,1.934919,1.018216;0.999668;0.863993;0.684863;0.669099,64.0,9.0,0.0,0,5.0,1.0,0.0,7720.0,2666770432,2666786816,620.9360000000164,471.17999999998773,4.887999999999767,1.731999999999949,28.031999999997282,34.0,245.0,199.0,116.55360000000226,31.672000000004807,2.5599999999998886,1.5004000000000752,36.735200000000134,0.0,0.0,0.0
64,100,40,0x280be8f0eb6465534d4ab1783cc25c85e9c6660ea09a3ef6fa25636121a1f276,0x507936a509664be5897ecaae98c7735e1d0cf6f8e110194010906f4cf9711c0f,0x20cacdef41bf6c4864a7229a68c55bf28dc935b1bc9decb99fee6d5a0f19a586,0;1,0x529b9501b655d73d805bc6a34216ff1b6481adefe2863686bb83b0f1b8c113a8;0x7a1f1938d0c589bb752fcd506986a5afbd3bb5faffefdc2ef799f5e9a7c56b69;0x3dee67520585042bb37c6771701c9af303358a034fbfcac483e05f35aa63a742;0x9d945f7916cd4d1834ad1500b8fd2ac5868062dcf706a559d622f7e857eea67e;0xc1bc1c3eb3ed194ab43a7598ba83516977b9ced3ed9f1b1940b2101886b5adff,2.421131,2.078656;1.304418;1.10662;1.14688;1.043123,64.0,9.0,0.0,0,0.0,0.0,0.0,0,2695127040,2695127040,651.3930000000001,505.8430000000058,8.222000000000437,2.182999999999786,42.413999999997564,33.0,244.0,198.0,122.28039999998553,469.2738000000141,3.1848000000000987,1.802599999999998,21.61639999999909,33.0,244.0,198.0,1.864593,1.144336;0.837273;0.771835;0.913276;0.711904,64.0,9.0,0.0,0,5.0,1.0,0.0,7720.0,2666790912,2666803200,478.540999999999,447.37499999999983,3.595999999999808,1.8129999999998148,27.761000000001147,33.0,244.0,198.0,105.51100000001368,34.85019999999728,3.0264000000000335,1.6768000000000338,20.857599999998808,0.0,0.0,0.0
64,100,41,0x8331426aa187b71caa723fc8d18fbf22a55da6293665aa9750f98026b19e2cbc,0xfa4ecf214b274cb1b50da238173c2191e76fc53d9381b834b0e184d66a50cf39,0xe055c339e9dc783da90d8cbc494d57f7c22d27b908cf0551e62e46f8611feb25,0;1,0xede96f90b10d84b245addcdda4080dce94c20bef2b7c562288228a1b85cbc38d;0x3e069dbcfc7c63616ca96f20cb60482d27e26327765b658e9533ce110788a4f3;0x3881b6e1850bcf484fc02c3ed9620b96f15a7d9b240414cfb3b52292aed51be8;0xad4e932bbc3c22dcb983b686871864f5669d6dda2de35fb40b21c0858234f2de;0xf1d1b3c9e0d60c289fdbdad65b8883efb5bfee6e83daa7effb3e91b21e1b0291,2.603447,1.691341;1.325179;1.243876;1.276145;1.118226,64.0,9.0,0.0,0,0.0,0.0,0.0,0,2695131136,2695143424,638.0830000000115,619.1340000000212,7.8720000000007815,2.152999999999964,43.25499999999899,33.0,244.0,202.0,119.99340000000691,471.19879999999443,3.123000000000015,1.5302000000000022,19.699800000001765,33.0,244.0,202.0,2.029652,1.505441;0.868029;0.77519;0.687487;0.716371,64.0,9.0,0.0,0,5.0,1.0,0.0,7720.0,2666811392,2666823680,504.961000000026,479.4929999999975,4.126000000000129,2.3539999999999845,26.270000000001847,33.0,244.0,202.0,112.85020000000313,32.41660000000146,3.006200000000084,1.6383999999999497,22.77460000000009,0.0,0.0,0.0
64,100,42,0x8a648de81da657a9509bbb42b84fde23e8498fe77ca914f224bceb2e585bc1a9,0x77374770e874a2b3d1a8085da720b819a6e7d7ed5f0f8a8771659dd2afb26737,0xd4d9ac7bf43fc77342b1d12e53338017104e36be17b13466b5e27cddab901aef,1;0,0x551402a35db0ef224e994ae869e10867beb70f5397e39011e47dc6ef9cce458f;0x85d1f6d4585a0a0f5f99642488c1b4ae54b4968ab70c2aa77c109236457a8507;0xd9585494917edc381d61728d5730121ba291e250900908bd13fdcb31572623bd;0xa65d5787c1466651c7979601b0632e39063f98c2fb66d8dde5e848fae542769d;0xb1deca95924dae25d461bd6da4b3bbe4ff2ecb662c8ed410aa13a4185b815e23,2.211736,1.658061;1.367843;1.203275;1.148502;1.178408,64.0,9.0,0.0,0,0.0,0.0,0.0,0,2695147520,2695151616,523.1789999999847,575.8089999999827,6.179999999999727,1.502999999999921,28.813000000002532,33.0,246.0,197.0,126.6968000000035,460.28999999998547,3.058799999999806,1.6183999999999816,21.48840000000124,33.0,246.0,197.0,3.142511,1.794947;1.082213;0.865165;0.761709;0.719846,64.0,9.0,0.0,0,5.0,1.0,0.0,7720.0,2666827776,2666827776,619.9949999999843,532.1229999999955,6.589999999999894,1.7829999999999928,41.44200000000264,33.0,246.0,197.0,110.69679999999859,33.24839999999662,3.5934000000001354,1.9491999999999428,23.993999999998014,0.0,0.0,0.0
64,100,43,0xca559d985f05ec46885d5a36be3ddd9cee4149496b1f578435ca6deb2e1328fa,0x10b305d0f65353de8f7ef51db4bde2731ab7e42f8221282b9e3a3dd046632855,0x7db538bae7a11faf165f3a699f5fee2d37f4594b2d20936d095d6e6355e4eb5a,1;0,0xd2736cbb573803e7aab324a2b4a065cc2a898fb20b18cd5b9c38b3c9717fcbcf;0xe3bbf9d2e7c261ed28e284601c7bc1010e5ec2acebec78146649501a5bf752cc;0x0c37c8909d8877e06e5c83fead0e39d373e3f779d95ddc09d614b05096d76744;0x9231271bb6232c366feebd68eda43545d0798588def56ba256cc9d8df31903c7;0x1b923afc207f725a931a4a9de44f0d3d2862b01ca848432d4cf441f561b1ec26,2.447371,2.266288;1.318049;1.136353;2.350766;1.254943,64.0,9.0,0.0,0,0.0,0.0,0.0,0,2695151616,2695168000,487.8859999999929,733.3959999999972,5.478999999999207,1.3919999999997996,80.92199999999717,33.0,245.0,196.0,346.25420000000685,488.56299999999743,3.2911999999999524,2.01139999999999,21.921000000001133,33.0,245.0,196.0,2.57223,0.9811;1.015892;0.990404;0.783152;0.865205,64.0,9.0,0.0,0,5.0,1.0,0.0,7720.0,2666827776,2666844160,734.7990000000082,530.7009999999946,7.601000000000309,2.3729999999999585,41.89300000000118,33.0,245.0,196.0,99.30979999999145,70.57240000000188,2.6699999999999298,1.5181999999999871,19.51140000000101,0.0,0.0,0.0
64,100,44,0x16c4914dfc687fb08dcde8d78f37f3f5d150803c6e169b0fd87d6d00aa5b043d,0x0f4e5a4730e3f1cba984fac277c68fba6ee553921946ed6ba0d7bcc8088f2c4a,0xc5ac13fd638ac2ca5a706a400b499e112554ba9c4b30694abf756d2082276ea8,0;1,0x2f89a5e5276f4552df8b5ea627c107ae326042cac64ba368398aa9924a5ebb74;0x39958375aea11add6f6892fdab103c69e14e9a4904376225c4aee79ce4d5b83a;0x643ed687987b4fb61e51479cddd33b20a2a9679690f80cec90f4c88d701f97f2;0xdcb0311acb573e2166e7f600c989d9b28e8bb6501b51b15e71d7ab29addf6936;0x6f7005c5ca86b51687c2abada556c8b2e68af880abf36ad7dd6785385ec23dec,2.636352,1.682829;1.184207;2.755206;1.427223;1.116825,64.0,9.0,0.0,0,0.0,0.0,0.0,0,2695196672,2695221248,653.7059999999761,616.0100000000002,7.121000000000557,2.5530000000001905,40.80100000000003,33.0,245.0,194.0,128.08919999999225,799.9746000000085,3.3108000000000444,1.6286000000000773,19.184999999997952,33.0,245.0,194.0,1.973076,1.411609;0.781028;0.707607;0.98821;0.758154,64.0,9.0,0.0,0,5.0,1.0,0.0,7720.0,2666844160,2666848256,621.2070000000125,476.54899999999276,4.737000000000317,1.5229999999998023,27.191000000002795,33.0,245.0,194.0,111.64839999999731,36.52499999999281,3.114799999999994,1.6143999999999186,27.52740000000059,0.0,0.0,0.0
64,100,45,0x248a5843dcac4d14de0d8f4261b5e4424d98e381f3dcfe3a721e30702a5daf1c,0x3b87c23d07e07702f725d10951051aad0f71546a1fb8d59612dc3ce507b7a08b,0x530e9f7836aca1863059a831cedbfb3aedcad301c02046bdbaf046c018353b40,0;1,0x0d3ef45315be3a88870dff6c60dbb87e8aa427a1705ff75981ae2f1f70d338ce;0x4c6b13a692d1d7d6a1b74770d114e0e5faaeca2efe45b53b174a9ea4c2cfe0f5;0x5eaca6e8a014d30a1492b759eaccf0dc77ae0fcfd27cc125e3168526c9e5fead;0x424c253e7ad29a06c0ac6570307c4e9e196b803e8a5f77753137873d05b7dbcc;0x04a9a45eba4fea89545c2b104257263ebbf5a17b7b133cd25e512ccdb13ce7ac,2.819614,4.253997;1.601025;1.400683;1.685863;1.517809,64.0,9.0,0.0,0,0.0,0.0,0.0,0,2695352320,2695385088,852.8970000000191,533.6449999999716,7.801999999999462,2.2640000000000855,43.99599999999754,33.0,244.0,198.0,132.83039999999468,562.2302000000135,3.975999999999633,1.892800000000052,24.423199999999703,33.0,244.0,198.0,2.019647,2.850665;1.654936;2.462976;2.441894;1.426482,64.0,9.0,0.0,0,5.0,1.0,0.0,7720.0,2666893312,2666893312,661.3979999999797,463.9999999999922,5.769000000000086,1.4820000000001325,26.840000000000195,33.0,244.0,198.0,133.59360000000376,55.632000000005455,4.474600000000002,3.318999999999978,31.877999999999073,0.0,0.0,0.0
64,100,46,0xc116f402fdf79cf82ead76ed043c675ae4a205e3971b85271fb10ac0969fc1bd,0x1bae252191222bde813bb32d2e54e10f208d2f881591c3be2a12b05c2518569f,0xa249ee3a4945a45e3db12762de86166906a872c50443ab1ad7f76db77db99fed,1;0,0xf49a4c04ddb993f540650a97e71830d3b2114156398a4410f33d49d44897405b;0x22dfbceb7aceb4c542e17baf716983c5c7b8d874c8dcfe1156a87b875c2654a6;0x85c78a45c8574891bc06dc38606c18f6c87cb7f7889b7ae47bf8a9404bb00fd6;0x0292aec08d946ea4ead7f965edc02d626edac794e66286be4328994e00b36dd7;0x1b96fcf5440aa37c6b377e8b76992a0746115b1249df96476453c4a98ce853d7,2.245897,1.758989;1.422886;1.360151;1.179839;1.275574,64.0,9.0,0.0,0,0.0,0.0,0.0,0,2695467008,2695479296,531.300999999984,482.97799999996727,6.980999999999654,1.4619999999998177,30.746999999997637,34.0,248.0,197.0,122.40479999999775,491.4614000000262,3.0223999999998834,1.562400000000054,19.79379999999947,34.0,248.0,197.0,2.514693,1.510609;0.952782;1.234582;0.941199;0.813692,64.0,9.0,0.0,0,5.0,1.0,0.0,7720.0,2666921984,2666921984,684.9829999999723,495.5470000000128,7.37099999999994,2.2929999999999997,42.88399999999998,34.0,248.0,197.0,117.24880000000272,35.726200000002486,3.5093999999999403,1.791000000000119,24.79499999999968,0.0,0.0,0.0
64,100,47,0x9e593aa929f7cab685bc27b5ef50e0c695b12393cf273fcafd338602210e8ed1,0x12acbdf32ed115cca0eabf73319e6b5b53b85b7b9df59559f927ad9fc17c6836,0xfd6c33f0779ca333381f0f90dbf76fe87a0a559e203ce2008017130a796464ca,0;1,0x87f9ce83fad0ec99defdc2e988e15b55d78eb6a6892c06404b59e3d260766d82;0x2c8dcd56de84bbcd10ea565c2eb0e53fc323c62b28405ee99e3e5eab241f01e8;0x0aa14ce1e65bbdcd19db2ab54d785cb9274cae51130c5fabef5d97f4ce6f4614;0xb7ad81d7ef614aa6e3cefb691a6558dfd183ad558511ccd4775340d94e3e796d;0xa42645771ec93d5921bfc142799d2f244b05924fed9a2ad060bcf5fa39fe3944,2.280951,1.569447;1.252079;1.11366;1.02814;1.102197,64.0,9.0,0.0,0,0.0,0.0,0.0,0,2695557120,2695565312,527.8670000000152,472.0219999999609,7.129999999999289,3.5849999999999596,45.26800000000109,33.0,245.0,195.0,111.21760000001312,460.8033999999872,2.964600000000123,1.4219999999998818,19.285199999999335,33.0,245.0,195.0,3.305006,1.35941;1.315279;0.760758;0.701788;0.64319,64.0,9.0,0.0,0,5.0,1.0,0.0,7720.0,2667110400,2667114496,1448.8659999999932,563.6709999999878,4.3470000000000315,1.8829999999998328,28.47300000000108,33.0,245.0,195.0,107.56619999999774,34.94900000000079,3.0883999999998384,1.5859999999999486,22.82060000000086,0.0,0.0,0.0
64,100,48,0xa8a732ef6bb38c8157968cb0d0329b5763edad85124911f695331c890403f2ce,0x390aea15b9cb3841746e0c3e114d28089bce634300a7eff8f0439c3f9c59aaf2,0x60f3debf0bb0f30520f671069007060afa1df82835bd2a2332404d6ab2da4a3f,1;0,0x9913245046bb099ee6507aaec04f9293a6e9b2e24a513d3c016dc45d0ed88e05;0x7267e2959bff777c9e66c328dcdbeefb764b74a274d8f65ee5ca10c66b04f016;0x13dbba9e678467aa70484974cc8546943e23e2df703f79b7857d4e06c5cecc73;0x35411a2aaf1519e745746edc6cbf25de2b7bc46cc3b1ae8b8267ca362d7627f6;0xe8008ebdccf036939b160c1f5f3fe5c3cf8ca8a9bf9c7c01e16617734ba906d3,1.993487,1.976502;1.257948;1.022162;1.010955;1.158823,64.0,9.0,0.0,0,0.0,0.0,0.0,0,2695569408,2695585792,561.6680000000151,440.30399999994694,6.950000000000359,1.6030000000001945,27.07099999999657,33.0,245.0,196.0,107.15980000000069,455.1948000000028,2.888199999999744,1.570200000000025,21.16760000000217,33.0,245.0,196.0,3.153636,0.962041;0.759165;0.681388;0.699535;0.680076,64.0,9.0,0.0,0,5.0,1.0,0.0,7720.0,2667114496,2667114496,623.6510000000028,836.2120000000028,7.341000000000118,2.082999999999946,232.49100000000135,33.0,245.0,196.0,100.37519999999134,32.963799999996546,2.5818000000000367,1.4142000000000843,19.145000000000966,0.0,0.0,0.0
64,100,49,0xa093c442b545805a8ff8a8b2768fe033685efb63ad88eb80aa26f6ada408a5af,0x3439164617d4666e30fd5b8af9112d5bca98bd71c491c98f9fd68adcfde396a8,0x1e594858d7c4fc9634eb304516d4d395506e8f2f1d0f1177c6fa246044a6b5aa,0;1,0x455df0dd81930a6c0ebd47d331d21635367b5623debc5a628bc683c21848975b;0xe2af0334cd6e52c51e63377a363963bc8f7b9a0710ee08280e0ce5989635cd49;0x130a52a158a8224023be3b759b7a247f82f7c529ff6f82e7e2760e268db8fd8a;0xd16f620fdcd978dad5e344095c3516d25d57569be0f07f316223cf323584a7b9;0xeff5148f9b38e313a76f8a328c1ffcde9a9eba4e245aa85b2d700ce17b6eaf66,2.155461,1.920356;1.212238;1.164156;1.121822;1.199539,64.0,9.0,0.0,0,0.0,0.0,0.0,0,2695585792,2695598080,532.6239999999816,499.60400000004233,8.822999999999817,1.821999999999848,41.66299999999734,33.0,244.0,200.0,109.81580000000157,458.333199999994,3.080800000000022,1.7765999999999789,23.56139999999951,33.0,244.0,200.0,2.449825,1.093249;1.004535;0.744353;0.773927;0.659755,64.0,9.0,0.0,0,5.0,1.0,0.0,7720.0,2667126784,2667139072,524.7210000000058,553.9350000000054,4.137000000000411,1.3719999999999184,26.87999999999996,33.0,244.0,200.0,91.6281999999935,32.72120000000211,2.59219999999994,1.4679999999999556,23.86399999999983,0.0,0.0,0.0
64,100,50,0x2681fbbdc16eb651882d96b298e86c666f9e60dfd5da01ef1fb84c49d7c2dc70,0xf69367e9422fd8440f18e8b2b3116011e2289db5755ddf42e2ca874bab66588f,0x697a9511817981fe75ea3535c2ad1043dc4ae80630331c167d4d7bec4927229f,0;1,0xa6e3a5de28b5a0acd524d8cf38dd9807a7c4762e1126f8e017a67b73ea67573f;0x39d3838801fdaaa35b43efb281d7b4d0bccdedb166c47455da58bf9c9aeadee5;0xa9afb0583d9b6353b9c6560fae14eb14a7ab30e03256b0fc7fa376725f372461;0x282229f566a0ff179364bb012b129bdd7a1aa1a1da51cdd0f59975f393695cf6;0x1d34d4857dc9359b32c459b542f75e4d62bd57f9c3cca428988b44d386df58dd,2.333799,2.232206;1.354352;1.215303;1.074891;1.141241,64.0,9.0,0.0,0,0.0,0.0,0.0,0,2695598080,2695696384,641.6679999999841,491.8919999999938,8.02199999999989,2.19300000000016,41.01199999999999,33.0,244.0,195.0,117.70740000000002,490.0028000000001,2.992200000000167,1.9167999999999095,21.778799999998267,33.0,244.0,195.0,1.90349,1.112718;0.832606;0.721288;0.663951;0.657381,64.0,9.0,0.0,0,5.0,1.0,0.0,7720.0,2667143168,2667155456,665.4739999999993,441.95599999999337,4.365999999999572,1.712999999999975,28.312000000002556,33.0,244.0,195.0,105.32860000000977,33.04799999999664,2.4135999999999256,1.5367999999999111,19.70200000000061,0.0,0.0,0.0
64,100,51,0x9b1d881bd052a06bb6bc4802318fc059434c0912d799395a9a7fa506694441d8,0x41ee168e839e2f69c7cb1e7afdfd26f15461e9d8294eecc52b4681150e33151d,0x9f42817667ca4906577e17ca63835c723882ccd22fa945b8c7bde2555ceb4921,1;0,0xf07829ac621fac52cd3bd89e82d01690b0ade7105c4e9c8ed0112c437d529b04;0x8df9e10c808f3c31a2077abc060009c4c937c7f2554e485d3fe9c2430ffdac78;0xc59d536a3f2f34555c75e840b270ffaf413ba21f086585fe071740a121043dce;0xd7c430700eae4c612bfe74d331373a5ebd5432c274a668f63307b3757b723726;0xbce7dfb05d945a3fe9bebd5e839db4e4a53c3bd8411f2a592e11b1378d15046a,2.044383,2.690527;1.247552;1.198317;1.024766;1.368203,64.0,9.0,0.0,0,0.0,0.0,0.0,0,2695700480,2695725056,586.5139999999824,484.7510000000055,5.147999999999958,1.821999999999848,31.116999999997176,33.0,244.0,195.0,115.96259999999693,601.1585999999846,3.06020000000011,1.5061999999999716,25.20199999999917,33.0,244.0,195.0,4.213444,1.06109;0.726305;0.721578;0.765044;0.730592,64.0,9.0,0.0,0,5.0,1.0,0.0,7720.0,2667159552,2667192320,746.7059999999859,569.5990000000039,7.321000000000237,41.61299999999981,42.02300000000214,33.0,244.0,195.0,110.10039999999054,35.060800000003006,2.638199999999841,1.4824000000000086,18.908200000002097,0.0,0.0,0.0
64,100,52,0x33195cb9328854c0bc957ad6a8ced340533c984a92ea5bd75be2231eb286e178,0x4e596b2124707faa48e0b299001f8acca3208ef8284e5fe79f6b746a6d7da459,0xe7950c11815b4f4ccd24fd6454279354e1fbebc0e62e5fd1468e7f9ab661d571,1;0,0x0662daf8e5dbd512bd767cbcbc74538912815bbdefc0e0d5650eb05b16e8526d;0xdf71ebbd47ba527828f389074d14ca1f116494097a9dd62762130cb19fa1652b;0x50b442f48f3155136b91a45d7e4d11de88f45f82768988ef2573707507985b57;0x6b30988300dff18f70529ce7ec2d7587cc5ae59f13f2862e979c6ded8cf89882;0x4756f8aaea45444c520a4f4ec2aadb4aae206a8d94825079d50bfa020bb20c9c,2.109291,1.804772;1.31309;1.152558;1.083083;1.229434,64.0,9.0,0.0,0,0.0,0.0,0.0,0,2695745536,2695749632,647.1860000000217,431.62100000004864,6.71999999999999,1.6920000000001865,28.393000000001557,33.0,244.0,197.0,109.15620000000459,480.67899999999497,3.0426000000000064,1.6606000000000607,19.939999999998847,33.0,244.0,197.0,2.457125,1.47865;0.913677;0.771052;0.890163;0.786206,64.0,9.0,0.0,0,5.0,1.0,0.0,7720.0,2667192320,2667212800,734.5380000000068,486.81400000000207,6.27899999999966,2.4739999999997058,41.24199999999689,33.0,244.0,197.0,129.55340000000425,37.22620000000121,2.984600000000004,2.019199999999874,29.90459999999973,0.0,0.0,0.0
64,100,53,0x75956e75626ef21804ecd93ecd43f35ddc51bd40758909994301bdcd30fe9407,0x61a12f2eecf3bd0ba7a4a85448e442efba4bc6638beb4634ddf158a3d32c2691,0xa9342bfd29cd2587c86953eae61f64f1fd1493f62c2dcba83562262874d4a709,1;0,0x0db70490ccaa14c7b141fc1823b9ac9e8c9c2d2c3f446cbdd18c9314b7094580;0xdd0938afcbf9f730186a7901ea3cc7fbe9d7037884f2be3d509a06587177be87;0x2e3bde8542ce149eb1ff328ebd79a05c63cf1a5356d94fbdfe773a409be9c1de;0x9e0a5be454c32031dd2aad37551b7937fc112631a4fa4abdcb266487e119f509;0x1393b177f05b1cb2002a9da44622ee2c338397bd1a3ae0be18fb25ff6eb3b5a1,1.893295,1.950902;1.27963;1.096088;1.068912;1.03412,64.0,9.0,0.0,0,0.0,0.0,0.0,0,2695823360,2695839744,518.9219999999773,463.3389999999515,5.899000000000182,1.9329999999999694,28.86299999999703,33.0,243.0,199.0,106.20400000000973,447.21639999998337,2.982400000000121,1.3379999999999468,19.10679999999887,33.0,243.0,199.0,2.257153,1.895689;0.973007;0.728439;0.664882;0.778565,64.0,9.0,0.0,0,5.0,1.0,0.0,7720.0,2667356160,2667495424,596.7900000000137,534.0749999999949,6.560000000000072,1.8830000000002665,64.85800000000097,33.0,243.0,199.0,112.96439999999296,31.41919999999909,3.5495999999999444,1.846800000000065,24.817600000000272,0.0,0.0,0.0
64,100,54,0x9611a5b67a9f8b0e85e6cbf6668d974790fea8cb26077bb81a48e0ddfe2ef64d,0xda4302e9646b93cb889b73007460968d99d6b84bf97b9be0f57087b333c5466b,0xc02c44de4861b15bf6ecfea2b89e4616e97c42a7e32bbac078bf31fe86a214c6,1;0,0xc8b5a61ee9a2456ee44409e13ddf24e57062bd37c2f2f6710bd0aae18ccb6068;0x0902feb0f3389e0d79f39b66f45291c412debd846e8dc61c76b45664d79d3bf0;0x2d621a4231a8a7769b154d27502adae484009d871df79a296a37fe26fac8634c;0xbedf3e64b3949502084bf331a0f17a8ad1c03a7cbdd323414086d30d4d9cdd95;0x4984be24142a799fac38c67be071d513f41b0eb11bd2c08d8a05e5d2e85594ec,2.072815,2.080587;1.375424;1.1544;1.371538;1.109303,64.0,9.0,0.0,0,0.0,0.0,0.0,0,2695913472,2695925760,540.8259999999942,459.5530000000014,6.710000000000049,1.5119999999999543,30.887000000000274,33.0,243.0,195.0,120.69800000000797,522.4879999999877,3.1308000000000726,1.5704000000000067,22.798600000001333,33.0,243.0,195.0,2.668314,0.90543;0.926728;0.683751;0.783191;0.681418,64.0,9.0,0.0,0,5.0,1.0,0.0,7720.0,2667565056,2667569152,722.4800000000254,525.8529999999928,7.37099999999994,2.603999999999801,42.59499999999944,33.0,243.0,195.0,104.91639999999913,34.89459999999611,2.2796000000000274,1.7326000000001534,26.38380000000023,0.0,0.0,0.0
64,100,55,0xc261788604ed8d53c1770a303ea1267785b146d6c01cd12f83d89a13949638e9,0xabe689ce04266152980989d1a94c669dbc0133d5198bf8a266c7071a51c3ac75,0x2090f6c780dfa59ee713d340379f4a699b2f3b5764d0fa6530102ddbfb0632ff,0;1,0x30572238f29a45644ca660a180890d9b3c9eac26ec134e600bcd7212473e0cf5;0xbca22ffb2c53a665d85bd2d7cc93f3048435d467a4e9913690f286e94add91e2;0xc4fbe5ca236be6f63599344ad36148b6348f82c1315b0056631717919d451970;0x9c274861c54a4b05d4cfa7e66869c5ccd16c8a00051a816555c848611ced04ec;0x0518e53610a033c0d687c094626fad7751f70a6af42e3079136eada50f832824,2.303985,1.555545;1.401033;1.164446;1.091376;1.257466,64.0,9.0,0.0,0,0.0,0.0,0.0,0,2696699904,2696712192,610.2000000000052,503.99999999994895,6.479999999999681,2.1029999999998275,41.48300000000188,33.0,241.0,194.0,108.30340000000938,441.9124000000219,2.978400000000145,1.6886000000000678,24.356800000001346,33.0,241.0,194.0,1.78672,1.510287;0.824464;0.75632;0.812986;0.750882,64.0,9.0,0.0,0,5.0,1.0,0.0,7720.0,2667720704,2667728896,532.1719999999974,485.0520000000136,4.2360000000003435,1.5019999999995801,27.07099999999657,33.0,241.0,194.0,112.66580000000026,32.78139999999818,2.7199999999999793,1.8447999999999036,27.519400000000637,0.0,0.0,0.0
64,100,56,0xcffe7e1303793ecd118f4955851d657fe947f165ed8cc9b78c8618a6a5d4a996,0x6722f1a37a5c23e5c41e8dc0a6e4b387629082791cc8ddad19de0c106e747faf,0xf7aa3217cbd4c5b24e38a891dcef36df37ec30c87a7a26d6ca1b7e36b4b48f9c,1;0,0xb5166bfa9e5b61016cfadc3208d9a83569cd879f711428ddb6ecf9d792c6127c;0x8bdff0d7b4886d5dd62269f6d112c6172f6a8b3691b8347061ff15bd4296f177;0xf6fcc8d70f6d279a2df3f26a11ecf709a4e220af18522b5c9d84e97588a975f3;0xc91ea5be6bb5aa7aa38485b076abf6ad8f713fc74f6ddfa0d6a5e54459646dfe;0x16e0caf2dfa8a8333e6943eddaf448b8e526a49f233b6f298bd2ecdaf0a8b7f3,1.775878,2.088149;1.31312;1.085287;1.137571;1.194331,64.0,9.0,0.0,0,0.0,0.0,0.0,0,2696712192,2696720384,460.5240000000177,444.5910000000497,5.998999999999588,1.4419999999999364,27.530999999997306,33.0,240.0,196.0,111.79460000000363,483.61719999998604,2.9802000000002384,1.7744000000000093,30.79039999999977,33.0,240.0,196.0,2.23423,1.171287;0.746126;0.655368;0.662689;0.750442,64.0,9.0,0.0,0,5.0,1.0,0.0,7720.0,2667728896,2667732992,569.378999999981,501.20600000000405,6.990999999999595,2.003000000000421,40.75199999999807,33.0,240.0,196.0,119.15780000000264,31.311400000005875,2.539800000000113,1.5402000000001166,22.331600000000115,0.0,0.0,0.0
64,100,57,0xb45d7d021bc2abcf509edb69b840b9b6b28d909fee1a83cace55fad27dc06de0,0x57e2123ed9f1dfc39c0709d5f02b9b720ba059421c6e83ad306692055c5214a3,0x0d0dab5d8ba30c704f57ac8c6cd8ff102db22b3bb7ed375c0974dd9f3a8880a9,0;1,0x2616b2c4383110940b98c501975863d6c6534a86afe80e49ece2c5284a501396;0x8d363687eebba28301d7876a62f33137b3a55b6e9d35d81c6bcd805a65e0b750;0xd27d1423dfda5b0ebf54f9f621bde5f692516b90bb2f996a7f845300bc48b1d3;0xc055ab8718a3c0d2c8cc54a724d799153c2820753ca4899c65334f854d0d466b;0xd23f92a62e32d41f87e30d11d60f60f8ebeb74ad1a2f3dbb6631fbd9ead0a31a,3.017461,1.716208;1.269004;1.309394;1.084576;1.030023,64.0,9.0,0.0,0,0.0,0.0,0.0,0,2696720384,2696732672,763.1810000000016,585.8730000000145,7.741999999999819,2.3439999999996104,41.73300000000213,34.0,242.0,195.0,149.6317999999941,478.3953999999868,2.9305999999999774,1.56819999999995,19.77180000000134,34.0,242.0,195.0,2.187283,1.337687;0.856522;0.652904;0.724613;0.68303,64.0,9.0,0.0,0,5.0,1.0,0.0,7720.0,2667737088,2667741184,632.2240000000146,444.7009999999918,5.248000000000232,1.7230000000003494,29.104000000002017,34.0,242.0,195.0,103.79240000001344,35.355400000003364,2.6136000000001256,1.680599999999942,26.571999999999708,0.0,0.0,0.0
64,100,58,0x00bbf01f90a12ea19fa6fe9ebea974cd8834b4fc169845fdc75071acba438e55,0x74a360c5fc8708230e7040db10779c7f36060b486e8b90b06f9701bc79cf9a7b,0xf29b52746e07045d4a1ecdd4e5127b2f37cbdcb8199dd53b2311d5cc8071d747,1;0,0xbb19ea8864cdd8552af7628064a7cffb636836c7cbc8fc54dd77a9dbf4dad203;0x21ac460281732979bcb090bf87e46733166e502f054581159d8a4aa49897f44f;0x00739c7da35139d84a9b41f183cb2391f5ef1ec51d7eccc51e9c3a754eb13d11;0x4b6bd5548cbe33320b75db69441223c44271b87139c69ae4babb52249f887e39;0x9a5a1da474b3c3f2b9493cd976d2b132ea1bad23d9c62820f45aef21d7e991c7,11.72423,1.593873;1.209274;1.211797;1.095862;1.202995,64.0,9.0,0.0,0,0.0,0.0,0.0,0,2696736768,2696736768,9508.408999999996,476.1079999999751,6.120000000000084,3.696000000000081,35.81400000000207,33.0,239.0,196.0,128.756200000002,480.19620000001595,2.656000000000186,1.4643999999999422,19.601800000000612,33.0,239.0,196.0,13.338425,1.64497;0.828209;0.691783;0.675518;0.700877,64.0,9.0,0.0,0,5.0,1.0,0.0,7720.0,2667745280,2667753472,11498.881000000016,504.30100000001255,5.587999999999947,3.114999999999715,40.90100000000291,33.0,239.0,196.0,131.29619999999733,34.80040000000129,2.644199999999805,1.716600000000075,25.89900000000006,0.0,0.0,0.0
64,100,59,0x5571f844c1bc864472c570a6e1e75adfc202f5cdd646d32b7f231a836686475a,0x4facaf5da6d3b39decad89e8a86d9fbd544aa70155713c46afcc0a050e7bd9c9,0x3de936455cf3fcceeb3972600e638319fc0fac97fc78b7fdcbbacb8aad597e5d,1;0,0x37b3d2d42241697c28f3a45834f00e36cdd3fd2eb23f84c91b1e23781d530f3e;0x68447d47a685af5a1cdb6e7f215de0e9145908f8693093ce00ba3ba83c448c6b;0x80bc0c35c806d31d71465b02384dc13705919edd0ff8f397f131d7571c4de36d;0x8c67455b296ffc20920528d19609890b5698898b12bd5dc42fb3afbfe6c67101;0x4128be9a57fa18ec1e3028874edfbb6ee1d3fe9e1030a6c0e4fd4b8a5bee9d14,1.914697,1.569346;1.266029;1.162283;1.184807;1.04783,64.0,9.0,0.0,0,0.0,0.0,0.0,0,2696740864,2696753152,475.0259999999895,528.3969999999582,4.686999999999747,1.341999999999663,27.861999999996556,33.0,241.0,197.0,111.56019999999377,449.36940000002147,2.874199999999827,1.578600000000027,18.927000000000525,33.0,241.0,197.0,2.515383,1.259769;0.831174;0.706325;0.727207;0.70965,64.0,9.0,0.0,0,5.0,1.0,0.0,7720.0,2667753472,2667757568,758.283999999998,505.9229999999915,6.731000000000272,2.1129999999997677,39.78000000000315,33.0,241.0,197.0,101.96980000000133,32.70300000000059,2.4835999999998566,1.5466000000000437,22.153399999999547,0.0,0.0,0.0
64,100,60,0xc47be8de3e16ca1bd00d509e9213243ed4fa6e19666064edf7cbe2c062026e1d,0x425d0baa2cbc5c3e4e15d85aa81004cd365a87515c91b5f0d4522e52a4ac920b,0x8ed928d9e86de7bbff58e6a1d58a2ff651b9c6032cccd5541233384123b49a63,1;0,0xb4d77b3632aa434e252e37b7a54541778580eaf931e7de7283785df7ebf52716;0x2947ef43dc154b60185016655028d3c2b75137257dd3b65bf8c3fe2a420c8b96;0x49ddd99bb62d8a3aca15481afacbe3891b8c5de97952e5501cff91db93af20ff;0x95c96da464d9a16a33daee7576d91fb1ed1bdf587586294a9402d852b9441289;0xeaa4ba7125832ad7073e6ecddea4b3d6d5616d04b3af2e372654f4e6c995c8ae,2.127779,1.98276;1.375104;1.181111;1.085257;1.353371,64.0,9.0,0.0,0,0.0,0.0,0.0,0,2696773632,2696781824,776.8309999999778,436.11799999998533,6.749999999999812,1.7730000000000523,29.57399999999749,33.0,241.0,192.0,127.15359999999622,476.4243999999973,2.9800000000003433,1.6323999999998118,22.70619999999862,33.0,241.0,192.0,2.285827,0.889582;0.681888;0.654407;0.684953;0.694863,64.0,9.0,0.0,0,5.0,1.0,0.0,7720.0,2667794432,2667794432,743.5459999999838,485.24199999999684,6.390000000000215,2.4229999999996616,40.19000000000245,33.0,241.0,192.0,93.06439999999805,34.37000000000023,2.373199999999853,1.6226000000001128,19.202999999999584,0.0,0.0,0.0
64,100,61,0xbd5361dfb0a558ee061579b8e1907724e98bfe667ae4715b01acfbbb14fdf038,0x79900dc253d33a9a552f2daaa9a483b14dba6123dc5b17109dc061feb3f4861a,0x97297dd57da02ec54cd7c5d886f81bff243deef2b7c881f14eb2f070468f7e2e,1;0,0xb8c2b0e1b6cf3c4f62d66352e26f0ce67a5cc5c13c61147e42171b4082c92997;0xac018cc0a2650122b33a52ddaf6f06cf167fda07ee68abc7d51cfae3dca28e1b;0xdc722fd69e5140af6eb39b4ec4c30b37b0c41580544b313ce970e21c60b52e5f;0xbf324320ca295528952a093dc8e5b454202553712f4b3c71e04ca9074c48ce02;0x1fe3b7b09cd16be5941bab352bb6348fc243ed2d3096417f61f78d2e773d68f4,1.963441,2.284465;1.152789;1.004425;1.08755;1.132729,64.0,9.0,0.0,0,0.0,0.0,0.0,0,2696851456,2696871936,580.0449999999735,454.93600000001686,6.509999999999502,1.7929999999999335,28.773000000002767,33.0,241.0,194.0,119.37639999999305,458.5897999999977,2.8903999999999734,1.8467999999998916,22.121199999999842,33.0,241.0,194.0,3.715312,0.879777;1.003033;0.803101;0.714142;0.765094,64.0,9.0,0.0,0,5.0,1.0,0.0,7720.0,2667798528,2667839488,742.7700000000037,533.7350000000074,7.601000000000309,2.163000000000338,39.368999999997435,33.0,241.0,194.0,95.41779999999721,31.597799999999456,2.0651999999999475,1.3519999999999504,19.02079999999834,0.0,0.0,0.0
64,100,62,0x9527b9ad403ad6a5d80fcb7ec28e05d8e91f3ea0b4304f4617c695860c485eca,0xfcfde5cc28864f6ba05f47562ccb09193ae8fde51da298af37827f36ccba0965,0x5f92423d108b47bc699a21cf897a6f77424509a98a7f64ae0d1166ab8950fbae,1;0,0x85bf9655f091d5bb5406c452b5f6b6fe02fb36145a49cc7e4507f8b3ce341c3e;0x776a80d4b6d7f48ad58b2e5871d8f9355cd51e1b983a49b4ad49bdfc98f3fcd8;0x34deb772967bc5679e20a05ca6fc876bb960e6af65309e33a45d268b74dd1d28;0x944a62eafe2af2dc83814e336d237f7cc9ac8d5c6bc2c1d9dc3f60fce3a95d2d;0x44bff23acba50a316ca19c44cf44549ffe3359cf11f3aeef8e56cdf3a2831b06,2.016451,1.509055;1.193139;1.230246;1.084285;1.165668,64.0,9.0,0.0,0,0.0,0.0,0.0,0,2696945664,2696957952,519.9850000000006,423.0880000000159,5.849000000000479,1.4919999999996394,27.732000000002532,33.0,244.0,195.0,113.93560000000357,494.507799999977,2.817999999999918,1.5946000000001057,19.771600000000056,33.0,244.0,195.0,2.377496,1.317767;0.775249;0.786516;0.708899;0.707397,64.0,9.0,0.0,0,5.0,1.0,0.0,7720.0,2667905024,2667913216,640.3449999999866,480.0040000000061,7.019999999999943,2.163000000000338,39.088999999999096,33.0,244.0,195.0,138.42439999999232,33.166199999995484,2.8303999999998095,1.9528000000001293,22.361799999999487,0.0,0.0,0.0
64,100,63,0xf621cd0fa088015feab030a92dff96dd6555c9121ec63b03c1e638f37c968f05,0x6184ee0e73d870ad6cce6800a422ef0017ea7e508ecaf10e19963885f24d0bae,0xa119011e6e4d918b412c939dade66f615af340930e46581c4cb7c341a66f4e07,1;0,0xb4e763df727f55547d3ac65e2a080da249c6c097087cf72cf3d5f2383337b481;0x7f11623d514beccd56002f941599f10c860cb5a0e856a8d753ce9c4144b60914;0x898ee37b465987ee98796b86e72e5f8a4380857ef9190b968b5a539135f3b655;0xbd704dad81ce5133ed1f4ddb0fa9f17b1866fc700d28c7866762c7142868e5a6;0x15c3a9e565410852eb213209e23ed30af78e010a005395fad62ca61f52fbd734,2.058734,1.776238;1.064004;1.035111;1.174241;1.079648,64.0,9.0,0.0,0,0.0,0.0,0.0,0,2697056256,2697064448,476.8989999999751,446.89399999997545,5.517999999999495,1.7919999999995926,29.874999999998654,33.0,243.0,194.0,100.52539999999554,492.40820000000525,2.8402000000000287,1.5504000000001255,18.69419999999955,33.0,243.0,194.0,2.384346,1.493472;0.905155;0.708698;0.828459;0.611172,64.0,9.0,0.0,0,5.0,1.0,0.0,7720.0,2668060672,2668064768,586.5749999999781,544.6209999999951,6.540000000000192,2.2640000000000855,85.66899999999656,33.0,243.0,194.0,111.9808000000111,32.61279999999811,2.758000000000274,1.6485999999999585,22.21759999999906,0.0,0.0,0.0
64,100,64,0x97f5bb530b7c105a0d9cb14e076e5ad85b2dd8f4b97b6f126e811a22d787b0d3,0x8b785e5a00275132f4c519f0b9e06db0e3a7d201b0d54ca780b5688d6b9d0881,0x9c5889c5e7cdec832b1425c45883ecc03bfd46ef26988c8a9760e9f8dc44f60e,0;1,0x7157aefb1a24458af26d74eb59b0a6fdc9776d964aadd1d63974bc0df09471f1;0x3c0ba8fa4cd7771e400f015da8ca83f0a7375160dc707417a20057a3d95e50b1;0xaf14249c824fc2572919dfd1d38b13dc8a63ba68511ec7b166d10e06e43406fd;0xca9412949311dd2f7bf572070e97a49824eef50f5a3a0e1b5a7f70b375109b25;0xf598457a0606c9b85daf632a8602bd4b304f7f800dfcfbf2adc6021e6f269fb8,2.402093,1.908148;1.797742;1.20708;1.447793;1.030924,64.0,9.0,0.0,0,0.0,0.0,0.0,0,2697068544,2697084928,606.6550000000115,608.5580000000368,8.202000000000556,2.1029999999998275,41.75299999999854,33.0,243.0,193.0,156.6366000000041,536.8095999999989,2.5437999999999152,1.78260000000003,29.955200000000847,33.0,243.0,193.0,1.864242,2.623947;0.910062;0.860187;0.692594;1.487803,64.0,9.0,0.0,0,5.0,1.0,0.0,7720.0,2668068864,2668163072,488.70699999997714,565.693000000006,4.487000000000068,1.402000000000174,27.41099999999802,33.0,243.0,193.0,101.42680000000404,31.497200000002447,2.7360000000002316,1.6665999999998515,22.121400000001124,0.0,0.0,0.0
64,100,65,0x162594ba78bd643cb39c20c2e682d758fe233ec11e1ec439fe5f96a89fc3a417,0xeeba7b16cd4bca71fcce3d40a34d9989e0c2a812c363aa3d6ec69558ba0854b6,0x03ec1abc170e50f4d0033a0b9ffddc7206e0b533135f832d9ac3256f47f56e2e,1;0,0xb07b2b251dc5cd61d50c6d0d2dbc14313f0a5eeb2c2528e4c718f2e269c6d2cb;0x39c581fd0eb3ebdaea6bf7564cfdb474d32576c416e265f64189731ea1431695;0xd3691d147b89ee392b5f4fe74216d83922fc96182c0e11cac8045cdcee2c8914;0x855e0f2e220d8fffa7c5c665110bd56ed3c0b4f346813e468c692e54bfabf1d1;0x398e96c12ae3a56a4754045c657818a1e7df000486c8daad1757d63834d6b181,4.048456,2.32701;1.469617;2.033517;1.180901;1.289395,64.0,9.0,0.0,0,0.0,0.0,0.0,0,2697134080,2697138176,515.0170000000065,456.1579999999843,6.20999999999955,2.1839999999996933,29.775000000002716,33.0,243.0,193.0,141.18680000000384,594.6727999999845,3.45299999999979,2.076800000000087,65.03999999999954,33.0,243.0,193.0,2.503736,1.533473;1.308022;0.890563;0.869772;0.725594,64.0,9.0,0.0,0,5.0,1.0,0.0,7720.0,2668224512,2668224512,715.4790000000188,542.1780000000043,6.71999999999999,1.8730000000003257,39.52900000000342,33.0,243.0,193.0,133.0865999999986,53.831199999998525,2.5137999999999203,1.3878000000000152,20.184199999999375,0.0,0.0,0.0
64,100,66,0xf87c958b3c6b68cb55a1eeff915a3b5b71e60f6a334423e5e4db4e772a837c74,0x8009d479226de8a0275bfce80b42d000aed9ac9ea0905ed6bf0154c5ee65afb5,0xb4217c2dd711f77cb4f3ffc75a98784c228d84ce68f70084c9ea84ec6705e7d5,1;0,0x4a712c9c687d055463c704a7a54b0fe3e434a61fcfa3526d82b9010f7de0d181;0x8adaecd61147637561aef47f80bf7454c4033f494dab0cb2a10c5523955b2723;0x3287abf5cb629d4c1abcd90b5f208ba22727fa9fae6ecbde46ed379c38d8020f;0xf7f41db16b71591b1eb50bc7b73bb026f84227d3ab17892a96d33a5099480d2e;0xe1c9c07e52cad44ed0b357a6d38e958a7e48ce4dd0f0f4a6556a29559b89014a,1.832484,2.146076;1.338939;1.211748;1.097586;1.075172,64.0,9.0,0.0,0,0.0,0.0,0.0,0,2697142272,2697154560,469.578000000026,464.02999999994864,6.580000000000822,1.453000000000218,26.920999999999196,33.0,243.0,193.0,130.5107999999944,469.16779999999216,3.0464000000000877,1.9012000000000544,24.565199999999898,33.0,243.0,193.0,2.597688,1.252399;0.874329;0.807418;0.860357;0.808449,64.0,9.0,0.0,0,5.0,1.0,0.0,7720.0,2668228608,2668228608,655.0679999999809,537.0199999999992,6.909999999999729,2.1739999999997526,40.330999999997616,33.0,243.0,193.0,146.76500000001536,38.40820000000078,3.006200000000084,1.6826000000001036,23.874199999998623,0.0,0.0,0.0
64,100,67,0x75033ae65dade106b92fdcbdfc3699869098a4d712d3047e71b512e7ca8b6c7d,0x4e5d42835aea99b262a7c510c8532925846ee5cb0a353156c68fbd8ff15a4366,0x0e5455315da9c63d818d14f8cb9b990c5d8c79fb734617853da307d39fe381e1,0;1,0xf65009d7326321935f94cacf3026fc10b051bd84482ac169263700a031d859fb;0x09bb2a616b9cd9f458f2387055a68b287901f43b114bc4a992a12ba54b81923f;0x43482bbfbbc422f7efcc1630ca248e0dbe4cdc12c3c11ace2178b22112695ff7;0xdf3d7fd882478d6184d54a5d562a42d3294b74f115a4c52fc95cb8ec001494f7;0x660523c02d2d4eacb54f7b5c51559e6a50b1e4ddd93cd95eb85df00f3a3e505d,2.525138,2.029871;1.467654;1.47253;1.428444;1.301943,64.0,9.0,0.0,0,0.0,0.0,0.0,0,2697158656,2697166848,698.6540000000208,589.8490000000312,8.532999999999804,2.432999999999602,43.64500000000188,33.0,245.0,195.0,159.3624000000182,522.2398000000128,3.357000000000013,1.9630000000001382,30.940599999999815,33.0,245.0,195.0,2.15504,1.142483;1.06064;1.257967;1.004275;0.811944,64.0,9.0,0.0,0,5.0,1.0,0.0,7720.0,2668363776,2668421120,594.4159999999865,480.8960000000084,4.34599999999969,1.3920000000002333,28.63300000000013,33.0,245.0,195.0,124.11300000000347,33.52660000000007,2.696199999999843,1.466199999999862,21.838799999999992,0.0,0.0,0.0
64,100,68,0xc4735f05830b74c6470f38b86160e991e84f0ef8ad21628fcf0cb89966cff7b0,0xa0b3dcc98ac98597c2ee763bf6b327b855be898b3ae3fb676ae14cc0d34a3501,0x7765bae8cc099738e707532a1fc0bd98c5043d96e0f6fb5b914834e30d8d6af9,0;1,0x93892dc34438d3058e4e178232cbff00a72528982eb74132017265bb674013a1;0xb84e4b37f514a31df635be5ee1af4e71f58b9c5adc9ddd95b5e4569c26a87657;0x9f77635ddb2f6d8b0dff6d5061049fc027fa512276ad94f41b6c6bd86616a38b;0x6c40038b00109f869d4552468ee4d00334aba063133919cbfc254b99a2e0a80f;0x97e0bf2c1f666aa1a861435889957dc6b6c902c4fe2a6d0dac14e156bf483c57,2.207479,2.200108;1.433252;1.21691;1.301603;1.118466,64.0,9.0,0.0,0,0.0,0.0,0.0,0,2697170944,2697183232,573.3640000000206,468.81700000001024,7.421000000000511,2.2939999999999072,44.53699999999727,33.0,244.0,192.0,152.15139999998905,471.6331999999879,3.152799999999942,5.864799999999969,23.126600000000774,33.0,244.0,192.0,1.648536,0.882701;0.741848;0.710081;0.813127;0.716726,64.0,9.0,0.0,0,5.0,1.0,0.0,7720.0,2668433408,2668433408,491.75099999998474,431.3910000000032,4.126999999999603,1.3019999999999006,27.261000000000646,33.0,244.0,192.0,99.9424000000082,41.576400000004064,2.6195999999999167,1.4484000000000372,19.19680000000007,0.0,0.0,0.0
64,100,69,0xde4ae1b5e6415a82f9ba955f5ef5a143deb8f0462b8b89d0d35bc364831f8145,0x971e287a11e298683d14b99967d92f890395d8d180f0a8e692d10d732f99cd87,0x83aa73cdf5e471b1975c2782a6399c68531b75b0a4782670ed2e10eccf524ea0,0;1,0x008dd4e46e7244da48ea7d12d50a79cef414724160c6118b481d588175311e37;0xed0d9be5f8242479453595ff1dcb8c33f1a43d1db99e4b62c6009572b79a5c75;0x96817a73ae0df15f8cdc5b28fa5ed174170f46ebfedb1b66218974301ec57ff0;0x8fa3af4d486e8cccbfac5c1cae2230ed1ba765042042665a2a7d8550ba85d207;0xbb5f6c77e8e08f834f677b0b99bc2fb3c7a7f27ef66936179662d53ca3fd7c1e,2.341431,1.547113;1.148021;1.031055;0.991666;1.078065,64.0,9.0,0.0,0,0.0,0.0,0.0,0,2697269248,2697310208,645.4240000000055,496.8490000000214,8.141999999999177,2.013000000000362,43.3960000000011,34.0,249.0,193.0,95.09319999999599,454.7259999999831,2.434000000000117,1.4439999999999245,18.6180000000008,34.0,249.0,193.0,1.751131,1.347332;0.713035;0.684232;0.657862;0.630481,64.0,9.0,0.0,0,5.0,1.0,0.0,7720.0,2668445696,2668445696,514.5160000000204,437.61999999999966,5.047999999999685,1.4120000000001145,25.609000000002823,34.0,249.0,193.0,99.4798000000019,32.759399999993114,2.479999999999843,1.7384000000000497,22.509999999999195,0.0,0.0,0.0
64,100,70,0x0c1e12a2e48d2f9240da1a45a37ed8155a859df48c39950185d4d5b0ae1bfca9,0x545903450b344c3f853cf66496492477fe61d810602c60ef9da6ca61bfd2c845,0xa24302664145475765f9155dbf9b4b1e12c42a606963a0bf19e9dfec31fd7adb,0;1,0xb2f34270394f2163113c9429d09dce77f9733219068b13f9d5a3006aac022367;0x459667de97f3523f63bca06b8cde1f4a6ce4f17ef0c1db7f7e4dfa7d89422b8d;0x3a56ed79335f3b30c6027d150e0a3537e83f03600c592d19f5f0600078ccea87;0x76d21169d4e20c5740eefae0529e7f41140958fe25501927964564e9e89345ee;0xcf55f7b615bfcdbc3c661e0d53dc91706e6f7c0616bcc60936df09e067250268,2.727213,1.588155;1.198828;1.064325;1.036203;1.099078,64.0,9.0,0.0,0,0.0,0.0,0.0,0,2697396224,2697396224,1074.3710000000183,481.1460000000434,24.04599999999979,2.2930000000004336,42.112999999996404,33.0,244.0,193.0,104.3352000000053,448.36019999998643,2.836199999999706,1.5964000000000256,19.028600000001173,33.0,244.0,193.0,1.732498,1.388995;0.8091;0.744092;0.715444;0.775209,64.0,9.0,0.0,0,5.0,1.0,0.0,7720.0,2668503040,2668503040,531.351999999985,449.43799999999646,3.976000000000153,1.453000000000218,25.508000000000475,33.0,244.0,193.0,117.34879999999447,32.5291999999977,2.5516000000001466,1.6303999999999972,22.46780000000059,0.0,0.0,0.0
64,100,71,0x7bba2ed7151ecf4187a1c6f9b512d81166c4c0578eae18fed1d72869d2bd27a2,0xc555bf479a22ecbba7f84528955d5f46322b596d970777b323b2f75074767bd5,0x0ecc74fb3d791715bc9a48157b8c53075677e154a90ba018a2bc440192e66a47,0;1,0x3973bcf77c01de604799f39e30a83fa93dafde1112e4c2075099d47779ad67e9;0x53cdbd88d25c0314fb0bf6f88fa9cea5b563a2d23bf54ba0a3c056a254bed8e0;0x01f41589f11db99cbe94a09d57c0511966149a0fe2d91c9f9899e715cc5ca67f;0x45746a4093048f127aee0764490de331bb6dcdc8a348ea93f4ecc466c1e74542;0x94323c87889aa7e571eb0f31dbbb6abdf348c7b55022f0a309d987988ab604b6,2.260514,2.000827;1.39892;1.222955;1.169294;1.202183,64.0,9.0,0.0,0,0.0,0.0,0.0,0,2698035200,2698039296,615.5090000000141,502.45699999995617,6.809999999999455,2.0430000000001836,42.033999999996354,33.0,244.0,191.0,108.57779999998708,521.5946000000082,2.9445999999998946,1.7343999999999,22.073200000002902,33.0,244.0,191.0,2.08881,0.885426;1.227161;0.674397;0.945055;0.658863,64.0,9.0,0.0,0,5.0,1.0,0.0,7720.0,2668847104,2668847104,561.7769999999855,424.20000000001346,4.206999999999995,1.402000000000174,26.739999999997323,33.0,244.0,191.0,133.3207999999919,32.89140000000135,2.2634000000000545,1.4544000000000015,18.742199999999265,0.0,0.0,0.0
64,100,72,0x15609b670a391556cdd00ddeaeb1918846817095e096c8f8f988e455e86d5ffe,0xb1ca3242bfcb1f13657acab0065ed50e7207226efea3a4ce997696332448780c,0x89b5f1f7f956b818c211581939cfaaec51437695411e39d0de0288c5962d5d3e,1;0,0xe4b29e4b833d19b369382afa3f64950ebcef62f45a76f45d449b82384da7a862;0x1eff056dfe278d55ef3fa30e18f7b417e611107adab0bd1f58b5529ccfa8959c;0x903421d7817a893965aca0ca34c947f780a4d09d82652e5991f3df23309aeb47;0xe2181c65d1c13045be157b7604f85cc8e75c9cedf6dc5550f6120e1c85705508;0x88e7d9487fc7912db6829e6ab769b93a689dbb74222338b914b517549a7ff9fb,1.797872,1.990722;1.224176;1.129052;1.146258;1.176464,64.0,9.0,0.0,0,0.0,0.0,0.0,0,2698043392,2698059776,481.79700000000605,420.34400000001693,6.159000000000373,1.5220000000003286,27.42199999999917,33.0,243.0,190.0,106.47700000001592,461.7505999999994,2.657999999999827,1.7486000000000586,21.600599999999083,33.0,243.0,190.0,2.397024,1.102042;0.859116;0.626365;0.691954;0.576329,64.0,9.0,0.0,0,5.0,1.0,0.0,7720.0,2668847104,2668847104,803.2909999999838,544.5219999999917,6.118999999999743,2.19300000000016,40.97200000000023,33.0,243.0,190.0,94.32240000000203,37.98939999999917,2.341600000000006,1.3560000000001002,18.912599999998392,0.0,0.0,0.0
64,100,73,0xc549abb3e903ad9a031633da6cec30a66cc5b6da3631715fcfa92040257d2d57,0x7177d422c774e093d98ecca3a3ea328dd9f4f60ef968f656a6286fc45fd01910,0xee8a3b7ee6c119310c690012802c06a2fdc7469686430411c54b53c96a0a9569,0;1,0xd4475135d0ad22b4c91d0d7a498e4547d1d37e548a530980c1b3c9dc8b8cb5fd;0x5c4cb07304cd358acc0a0a79914b2634834d4eb703ccbdbcc362b6772b5d21e0;0x045afb7b2ae476e38398c5dbf165cca8508a74de91f1732b531284a982db6fba;0xed864c1bf75fac4dd511e23765906d24bed67c29ddda9ed0436f3b554302a737;0xd3daa2b3b3b548d1c07d7dfdc5e862a67a5339a75885096997bab6910e9b129b,2.378607,1.676398;1.290987;1.077194;1.056213;1.058556,64.0,9.0,0.0,0,0.0,0.0,0.0,0,2698059776,2698072064,586.6139999999854,472.54299999999193,6.539999999999324,2.412999999999721,42.78400000000404,33.0,243.0,190.0,148.70019999999596,484.20219999998346,2.8061999999998837,1.6383999999997763,18.50580000000157,33.0,243.0,190.0,1.884272,1.782037;0.831473;0.823092;0.722509;0.754117,64.0,9.0,0.0,0,5.0,1.0,0.0,7720.0,2668859392,2668859392,619.7139999999935,422.22699999999725,23.42499999999966,1.5120000000003881,26.949999999997807,33.0,243.0,190.0,119.05120000000879,31.994599999995987,2.9804000000001327,1.7609999999999502,24.853600000000753,0.0,0.0,0.0
64,100,74,0x6034ae035b3679992613fd63ce93bf956572c8d17e93e0c024de849d61779427,0xc7e0d9fa7b3ea70b4d340bef4c06b4716202075531e5c00f1abb9e9fe3164b84,0x3307b5ca689603433215a06f9e36b8cfbc0662f763c09a2e95b0197bd0693fdf,1;0,0x4a1faa345f36d0cc001b6f3c14e48f20a55da55c23d8d76c0ea7486e31888eaf;0x7bf378038b9f810d28284a2b4bf370682d2873578be8f06a20bd3c1ae5f33793;0x118bb9131881ce2c7507e039b4a7b75814fcf507c4abab3f8a984400d933f871;0x77e32e14c16de0cbb17b20b993aac3096db5218f7e5731b9a606b1270603a16e;0x48e099e90046bff94818df146999fa9386a50a698e755f5272bbc4ddb41bd457,1.971484,1.940446;1.373612;2.436364;1.401363;1.076844,64.0,9.0,0.0,0,0.0,0.0,0.0,0,2698076160,2698088448,559.3340000000225,493.02399999995305,6.610000000000643,1.641999999999616,27.55100000000066,33.0,243.0,193.0,106.8930000000079,766.9442000000082,3.46519999999996,1.4320000000001691,56.43100000000123,33.0,243.0,193.0,2.224785,1.383967;1.100229;0.986368;0.794899;0.962011,64.0,9.0,0.0,0,5.0,1.0,0.0,7720.0,2668929024,2668929024,571.5020000000015,521.3560000000006,6.52000000000031,2.1830000000002197,40.732000000001655,33.0,243.0,193.0,118.73919999999538,38.181400000003585,3.1727999999999965,2.1271999999999265,24.605199999999662,0.0,0.0,0.0
64,100,75,0xde5ef3d100ba53013cbfa36cc5aa813673623164ca84fd49a41a6458b53a6295,0xc31cfdef32d0f461431f3c997bc48bba9068d73284a1efd70cbb46faa84358a7,0x4c926d160bb90fdb4d6647985966b71dfbc5d549a10cd24f548847eb7d893918,1;0,0x2a8287a1cb9195b7d1d9621d11e0fcd01812603a492c2918f29abab1974742d4;0x396e726bff8e63ef4b1f0b6f3a84c2316e1e5a7594f8a3601a78b0dac833e4a7;0xc02f30ff4c5e9575f0837611718f9ba100b43e72660ebb5d88ffec4cfc34995b;0xa1cf0eb0461561524f5278fe5d2bf84b8912c58c8d6ea59c4f6f20dc82fd3a52;0x5f30e9ba4c38fc8a810844dd04c4c03624e3c2814f4171bc364a260b8197407a,2.102791,2.015019;1.208723;1.207401;1.066518;1.238017,64.0,9.0,0.0,0,0.0,0.0,0.0,0,2698088448,2698108928,516.7300000000208,650.0809999999691,4.998000000000849,1.4929999999999803,29.063999999995318,33.0,244.0,190.0,152.12359999999813,466.24879999999087,3.140799999999666,1.8507999999998679,24.100399999998913,33.0,244.0,190.0,2.213508,0.917494;0.681999;0.705814;0.803041;0.704883,64.0,9.0,0.0,0,5.0,1.0,0.0,7720.0,2668961792,2668969984,558.8730000000153,481.39599999999507,6.26000000000012,2.3729999999999585,41.2119999999988,33.0,244.0,190.0,93.09020000000112,30.962600000000727,2.51959999999999,1.2639999999999527,23.24299999999918,0.0,0.0,0.0
64,100,76,0xbdcc9aac0739fb2df5b36acc2ce172e9d6a93a27081f505645dcc4898b133481,0x185f2a3b40b43cf42ab66a1faea7d6ac74741b10a7c3ece29ee72d703fca6ba7,0x4af405ffdba4021fa4d5826567dd7ce62a844e454bf8409918b48cdd7051a533,0;1,0x9f13f981c782a73889cf2221b3928141da75ac25c99dc67994534837a44d2690;0x98ab24be15ed9962c7bac5bdf21d62c10ce71b8fa0496029515c5c33fde22267;0x8bb2a25aee9a6ed4b86764e66811b5dbd5ed600f6cab0408030f00adfe137f45;0x719cbe7cc865da0722efb530924341c136bf1d12ff4459475d15d96c85f4a92d;0x75001558d7aaa79a1b5ccb74b05c9d97405ff59ecf674e1f7c573f442117bae8,2.306919,2.007628;1.640994;1.177786;1.077545;1.064316,64.0,9.0,0.0,0,0.0,0.0,0.0,0,2698153984,2698178560,586.5640000000117,530.2390000000435,7.230999999999904,2.3230000000002553,40.770999999995006,33.0,243.0,187.0,127.46400000001044,451.1520000000102,3.28900000000007,1.9570000000000005,31.998199999999642,33.0,243.0,187.0,1.89012,0.953498;0.697212;0.952717;0.746886;0.638333,64.0,9.0,0.0,0,5.0,1.0,0.0,7720.0,2668994560,2669002752,524.0000000000244,445.901999999998,5.108000000000196,1.563000000000432,29.14400000000178,33.0,243.0,187.0,114.25620000000691,32.62119999999924,2.6037999999999064,1.4180000000002524,25.083799999998934,0.0,0.0,0.0
64,100,77,0x6bd4ecc5184852c8b32520f647734b5939e378ae08885091498d85907a4723d3,0xcee61dbe7d8b00b5f8e64e47c1d7668f2ad7d95eb30b42f5ac9ef1396fa01a22,0xa7c41dab7882a8c8e3f8e4e12b252f499a8055686394fbbbf80ce95cd9018f8d,0;1,0xf33204bea954ba25efd37086e6df094b66b09df5ec5aba8e85b09661b3c96cf4;0x10307b632f4b116a1395b0887c54b7edfb6e41aadfbf1a0fc2a5789235f5d3cb;0xbe9b05325e3487172dfee97a38319f4ac9caf8620ff7e399ca4100bb63f126af;0xff71577004edb94cb49bfe24d49744d7e3d47d50ba4312ac2a73cc3015ca63d8;0xdae107c7c49c82239ce8dd77bc17e28e02bff2a2aa721046e455722f5add85f5,2.441842,2.415573;1.22678;1.249554;1.315163;1.640664,64.0,9.0,0.0,0,0.0,0.0,0.0,0,2698256384,2698268672,687.186999999978,582.4989999999585,7.371000000000808,2.082999999999946,41.59300000000643,33.0,243.0,187.0,203.51499999998745,480.58060000000233,3.038399999999789,1.5626000000001223,28.192799999998684,33.0,243.0,187.0,1.98299,1.080319;0.854128;0.845415;0.675919;0.959367,64.0,9.0,0.0,0,5.0,1.0,0.0,7720.0,2669076480,2669076480,538.3520000000198,510.60999999999467,5.67800000000028,1.5730000000003728,27.991999999997518,33.0,243.0,187.0,122.61059999999492,33.460400000001606,2.9928000000000243,1.676400000000071,21.24200000000187,0.0,0.0,0.0
64,100,78,0x4fd77eaef4baef77ec984e95b026ece09d438a6a9e2407395aebf224f9cc9c79,0xd64a8dd4423ce262d992e147faf44f8a6564fd41847abf570f906564c56a114a,0xf275df83515319f3421f85c7095f74efddb345d6793e8dbb47360f550b734a64,0;1,0x2a84da914308ed21173f3a2b84fcf6b0e7f838e4ca55f7126ce2941a8eabfd25;0x5727192ba87662985593a4094dc39aabc1b422d86697fd7313b6a3ad66865ce0;0x5a5335e33767534e28499da4a3308f6b7639b6871c3d86059e838ccf1625f6f2;0x5a45dd82739b731eb046649724f79aff0b1a7364b297e829eb11551876009d05;0xcf174def32eddca8c68b079710b78970e6a32d8bc058f326c58bca6bdda33eda,2.282982,1.530819;1.12061;1.079658;1.06087;1.149062,64.0,9.0,0.0,0,0.0,0.0,0.0,0,2698350592,2698358784,618.1829999999944,517.6009999999786,8.423000000000458,4.34599999999969,43.16499999999779,34.0,245.0,188.0,100.21119999998884,449.3756000000015,2.6299999999996464,1.5603999999998923,19.052799999999536,34.0,245.0,188.0,2.797699,1.306991;0.971655;0.680427;0.664081;0.808018,64.0,9.0,0.0,0,5.0,1.0,0.0,7720.0,2669166592,2669178880,629.2290000000089,1328.6140000000057,4.307000000000269,1.453000000000218,26.811000000001584,34.0,245.0,188.0,145.60800000000816,36.681200000004964,2.748200000000055,1.7768000000001338,22.35540000000008,0.0,0.0,0.0
64,100,79,0x21db8209c8bf26d4465d732d6b6f3998650ed1a78de823977b336536e8bac6b5,0x3b32fb667dec51422ce0974020f91c5083d8223445d800bcf23a51a3a33ae379,0x3a2d75c1c4083e43bcb0fce424fa90ac20eb50b113ffaddd0978f6e15d427955,1;0,0xf0e40a1aedf78cddfb2d83df518cf63711101a2e4522541ac1bc5865a0a798eb;0x50aec731b491bcff219a8e59b3e38e030f4bd0cc85ed784f05a25509661e8e6a;0x89944e5625da949500a72772a6232e3d294a999ad7ef8c13bc3e941d638c46af;0x0afba614e72eb02f3bffe763b83273681a0782621e94e199a4383a91e7cd33ba;0x00c16616059fc8c8f1ee2b939e607d020cd6d32a7a6186091a730968a99c476e,1.819414,1.572021;1.219159;1.024054;1.110625;1.002602,64.0,9.0,0.0,0,0.0,0.0,0.0,0,2698530816,2698539008,494.41599999999755,493.3129999999952,5.487999999999674,1.5720000000000316,28.233000000002505,33.0,245.0,191.0,95.904400000002,456.2122000000057,2.447599999999897,1.3458000000000914,18.512000000001084,33.0,245.0,191.0,2.258555,1.3525;0.708759;0.657452;0.877173;0.611742,64.0,9.0,0.0,0,5.0,1.0,0.0,7720.0,2669465600,2669469696,565.6929999999783,520.9559999999891,7.181000000000201,2.0630000000000646,57.10600000000121,33.0,245.0,191.0,110.46480000000969,33.3581999999999,2.4596000000001728,1.5682000000001237,21.83080000000004,0.0,0.0,0.0
64,100,80,0xd8d2e270d7b77df562d17b19601b7420b4d3bfec214188034431b37474421f64,0xb3b5598444251d56e313f3feb0aad8dc79838dfd6c0cb6da44e99de194b98566,0xca70c08a922376fb9f5c2dca8a941ad2c6123cafb7b79e74e75ea16f3421e923,0;1,0xc10ab5ecad7d34a46ddb87d2315162328854fabea528c4701920893472d25a7a;0x77ef8677a1dea0eb90443992d9f106926f07d0230021454cf360c9cf4e7267b9;0xb2e94b81fc0fc190739493b08c4705b1d269fdbdd69e168af34f8e2fe2f7b4e0;0x12638f9a23d711bc58a6256cc74ac111ac75d606c9862a8dec4ccfd44428415e;0x529966d97152f51437232ef2e34ac373715e805792df99fcc485192cc2bc2e8c,2.434721,1.934717;1.158677;1.012497;1.026078;0.979046,64.0,9.0,0.0,0,0.0,0.0,0.0,0,2698567680,2698575872,601.3169999999901,495.4270000000482,7.982000000000128,2.404000000000121,56.16499999999691,33.0,244.0,189.0,112.13679999999559,449.5256000000003,2.786600000000486,1.6543999999998544,21.578399999999665,33.0,244.0,189.0,1.797641,0.959977;0.72992;0.724312;0.679535;0.624402,64.0,9.0,0.0,0,5.0,1.0,0.0,7720.0,2669707264,2669875200,517.9909999999954,450.9299999999883,4.34599999999969,1.372000000000352,27.351000000001847,33.0,244.0,189.0,94.69699999999914,58.06959999999916,2.058999999999915,1.3440000000001715,18.516000000000368,0.0,0.0,0.0
64,100,81,0xbf0f4c34ef8ce0d596e7f7ae268e79cf4987d67e400c702a15c8cab8ba7c0da5,0x8ce2f2d88cdb6e37e0523faa853d251543940285339a47f1b83adc1e6c6e7090,0x4b0fa59adef0c9449c00efd3ef1c1ae6b037858c911e5de68e1953edee8f0a5e,1;0,0x7008f66d7a8e4ea87be51584f82dd2bd21ee53cb76725c049f6f5e3dde052003;0x14946794ebf0dba084023fead4f2756a114d53fd24af98a5aba1ef3cc9bd44b4;0xdf3ea58a978a69ef70a4b4a991f1be5e6b3f7c69387276bb85b0ef293d951577;0x96e7df48786a44887df25c3480e014a260748cce4c8af122732dd6ea4fa78dda;0x864be223749f58191a5da290ac2af714d8c7ad0b588cadc427199d1d4f7fe6bf,1.766774,1.723679;1.641796;1.169839;1.110965;1.012938,64.0,9.0,0.0,0,0.0,0.0,0.0,0,2698588160,2698596352,512.8429999999851,468.44599999995575,5.748999999999338,1.5019999999995801,29.07400000000393,33.0,244.0,188.0,106.9552000000029,579.1874000000031,2.6355999999998216,1.5064000000000397,18.752400000002222,33.0,244.0,188.0,2.224224,1.327913;0.814529;0.710762;0.659795;0.658163,64.0,9.0,0.0,0,5.0,1.0,0.0,7720.0,2669993984,2670075904,587.3149999999772,493.9449999999956,6.629999999999657,2.0740000000003462,40.53100000000337,33.0,244.0,188.0,105.0525999999996,35.50360000000308,2.663999999999965,1.6623999999998071,22.64039999999995,0.0,0.0,0.0
64,100,82,0x052a54adbc1b7313fe5e8ee9d9c439e0178c7feff474058947f7f9a5c289ee13,0x7435d4708a61c722583a898ddfe637e7ab7d08f5142478909d814e2419f6738a,0xa7ccc52f6fda3c3ef598baa9264688c1d3f532bb8a583f4146dcea7654d227e6,1;0,0x6d23e1f499c88c5082309f68d4537d471be481ddedf0c84eac4e049cd2e795ad;0x846cc2c9d0eb03d3f2234cc40741d846b7b00898fbc3952629c9d5e4e2ccc33d;0x195e5be07bcc748860ae24bf63c73b424696135fa219ef29ad6c14cee335c623;0x99ea84fb215fcac45d8d85d431a893ee799383c8021ce633aa9ee843654f970f;0xe586ac51e86fefcccda73c20fad411cec60f5918ff8d073dd4044cbb32b41d26,2.895526,2.155831;1.33991;1.308123;1.085988;1.078917,64.0,9.0,0.0,0,0.0,0.0,0.0,0,2698665984,2698768384,608.9679999999876,775.0989999999458,8.47300000000016,1.9629999999997914,30.375999999998626,33.0,245.0,193.0,117.92399999999148,487.7293999999921,3.240799999999766,1.6064000000001397,23.551799999996238,33.0,245.0,193.0,2.537016,1.010113;0.996352;0.752665;0.723201;0.648578,64.0,9.0,0.0,0,5.0,1.0,0.0,7720.0,2670182400,2670182400,581.8280000000065,554.8969999999987,7.942000000000365,2.222999999999982,48.14200000000102,33.0,245.0,193.0,115.5383999999926,48.683399999993604,2.353599999999935,1.4624000000001274,19.647399999998814,0.0,0.0,0.0
64,100,83,0x9ca8b2ce1ab3840431be0a64699086813aa8eae5c40ff1ec8afaaa1ec0ee09d7,0x055ca60a1f41e3b51a203805d33511b60fbbc6e436ebc4b5d84109421197f46c,0x2023697de403f699b22cb97859849a2408e66ceb633adbe0330a61d34be6fa00,1;0,0x7bb3680e3c6cecac6502578e04cfe8bc09366af65cb396b7862cb84dc86ab657;0x0d3cfe645f5bfefb723855226995700a18cc9905e9097cea62fb782cfe03a31c;0xac06ea7909cb204f27a35169584c727a3e3cf99fd87a4734c54673c5b8459711;0x907afdb8b4ca6978836f62cae9dcfe9476847f6655b08be43f1936e7a060e09e;0xaa01faa2885612e80707ecfe3a48efa1fe62c4964105d6cdd7b5451379b2dd74,1.726474,1.415144;1.416316;1.404297;1.124996;1.12409,64.0,9.0,0.0,0,0.0,0.0,0.0,0,2698776576,2698776576,480.8949999999812,425.26200000003735,6.258999999999778,1.652000000000424,25.879000000006425,33.0,245.0,190.0,150.511199999992,449.087200000009,2.751999999999963,1.538400000000023,19.032800000001735,33.0,245.0,190.0,2.33453,1.256515;0.814429;0.73598;0.75622;0.888866,64.0,9.0,0.0,0,5.0,1.0,0.0,7720.0,2670272512,2670272512,677.9519999999817,519.102999999993,6.629999999999657,2.1240000000000494,56.67599999999856,33.0,245.0,190.0,104.54340000000117,32.45319999999885,2.5138000000000935,1.5597999999998613,22.638199999999717,0.0,0.0,0.0
64,100,84,0xfc582324db6a0003ddd457b66d09a1a160b1ba34752120739edd2976b6f777f8,0xd5db342100c68bbb63dbe331e0638637c876cd2409d4223defbce915661e2dc0,0xe9b1d970ffe70379a29f90c530a7cb4a2e7a0422c256380663f717766d387aa5,0;1,0xd446a52cf064786981c87c2ec32e906096f038976336ec59a4707026eb99fa28;0x85780926bc320fea7bf0385211281596cae0eb2a1614dfa318b6682335616d0d;0x98edc7040e055574b83d172341f94efe1bf9c28fc0d7c8bdcb36d7c361d77c71;0x1533456e1c73942a04567eab30c35665e9333efb12c05d68943b8c366eb06cf8;0xf2883f18ab4aac1fa7e40b4993512cc5d9ec22f7b9671ec158724493b72490a2,2.424737,1.922039;1.167641;0.984025;1.135542;0.959968,64.0,9.0,0.0,0,0.0,0.0,0.0,0,2698797056,2698797056,675.0680000000009,529.9090000000506,8.331999999999784,23.495000000000115,42.75400000000595,33.0,243.0,190.0,107.56399999998223,440.43839999998727,5.884800000000023,1.5463999999998022,21.124200000000037,33.0,243.0,190.0,1.791892,0.86184;0.727076;0.658543;0.640096;0.624001,64.0,9.0,0.0,0,5.0,1.0,0.0,7720.0,2670403584,2670403584,523.8799999999766,469.91900000001306,4.807000000000769,1.4129999999995881,42.97500000000065,33.0,243.0,190.0,92.2950000000089,31.99220000000835,2.3294000000003563,1.4683999999999184,19.13279999999906,0.0,0.0,0.0
64,100,85,0x91706f72de960dfd12e135860998d7f15fb7da596c21f60963a3acecfde7bf78,0x8a58fcf205c38b2b1113e6abbf39b9db71325f7da8b339047a52b9ae7a108c13,0x8f0873a24ad40d54ceed91112a8497d67dc2e47adbff66669d719cf96cdebbb9,1;0,0x0882e0d36daa09f357ee0c2493072fa39fb6bb4eeaa916e6c5d377ff5aa69fe0;0xccd7f188ee779061c54decd86aeaa6394ddf7499052b3c2925d34fa9e19026d3;0xa616af42a6cd13db46745c4ac6e3a25857226db74dc5e9eada05b22c62578192;0x498390bd0fbae0bf0ff064dfa623ac832daefe055616b98fa1c0f982b0cc3bdc;0xf906027c1ee213591a3df1c502ba0893ff4ea2a3c8f3023d536ab3c800d08d7d,1.985565,2.368162;1.277878;1.112938;1.007399;1.001159,64.0,9.0,0.0,0,0.0,0.0,0.0,0,2698887168,2698899456,630.2300000000093,486.6839999999595,6.620000000000584,1.7730000000000523,29.293999999999155,34.0,248.0,190.0,118.58859999999137,534.0871999999885,2.972600000000075,1.7164000000000068,22.32340000000166,34.0,248.0,190.0,2.289273,0.944785;0.791855;0.635929;0.713737;0.7625,64.0,9.0,0.0,0,5.0,1.0,0.0,7720.0,2670436352,2670436352,631.7730000000022,519.1129999999878,6.841000000000486,2.1229999999997085,38.348000000000546,34.0,248.0,190.0,96.64780000000484,30.67840000000044,2.177400000000218,1.3337999999999892,19.497399999998667,0.0,0.0,0.0
64,100,86,0x803a03e3e6ccc9f456eaff1bb3d5650ed1ca22d1bcab51f736f3a79db3dfec49,0x423cdd149456a1d0627fc819a0e9f816097782e00199ecfbef20f7a7ffd36dd4,0x0aeb2a5574588ef457801c3e7d82c8aec7442b1cb325dac41b868eb0b771d990,1;0,0xd16620b74fca9423a9d8e2dc56d61504dd15cf8bd7ddafb7540dbb9a7e1fae75;0x47b9736286594b253a83fab9e77c1f169b79d4174532c2f63ee4ac75252bc7d4;0xb0221f3b0c4a79fe5910120e591dde1f10a5de479252ee67dede034b5ad1498c;0x694d4b4d252a6b74b0bd2179a5b63be7fe3a609ab8d86486b34d6509f88c3d77;0xf1b94d1a875e2d9e5104f02a023bf500dcbeb900eb7b56e36769fc83ba29b15c,1.936581,1.868679;1.367813;1.070064;1.106689;1.016543,64.0,9.0,0.0,0,0.0,0.0,0.0,0,2698977280,2698985472,638.6939999999952,445.94200000003246,6.199000000000135,1.8229999999997553,29.013999999993878,33.0,243.0,188.0,111.43799999999705,530.5441999999827,3.0468000000002244,1.4401999999998432,20.783800000001573,33.0,243.0,188.0,2.411627,1.388093;0.789931;0.803442;0.705905;0.635709,64.0,9.0,0.0,0,5.0,1.0,0.0,7720.0,2670510080,2670821376,646.845000000007,572.3940000000039,6.328999999999363,2.013000000000362,62.354000000000575,33.0,243.0,188.0,113.62300000000714,32.5389999999981,6.533799999999812,1.7266000000000157,22.52600000000049,0.0,0.0,0.0
64,100,87,0xcc92ad01d86e2cf48adf050cfa384eab5a36d057000d907ec5104bb714cf91c1,0x16c578e842f8b4cf24dfa9dd0fb2a73d985dd78288227ce7477816da1e5a6303,0xfb5477fd317c37a89a27292908c1c5783fbabb56b409ec239106da56fae5c4a9,1;0,0xccdc642aec15736099df36c5e2efb3c43b36bafcec7da0e8b96ef6f0eae592eb;0xadc3ff310b1450b116ea2a1a4caa7e381d21d32d530257ce796edc2e105e29f4;0x62e1415deaa94889a40006f4fb774a6fe0ea9efd9d8dd9aa9c0f81640e93b7a7;0x507e9f5c57e087e8caa7eb9fd07f4c70a4ecd347d38c9bf2d8c85019267d97b0;0xe24a8bdd592652ba3d558ed7ae9c5f21dacfe4ab2816eb45e605a0da0569dec5,1.945233,1.563518;1.187181;1.088581;1.097114;1.248933,64.0,9.0,0.0,0,0.0,0.0,0.0,0,2693877760,2693156864,536.8989999999795,488.6969999999824,6.739999999999871,1.5420000000002099,27.522000000002045,33.0,245.0,187.0,99.2756000000039,494.67420000002255,3.148600000000071,1.4461999999999808,19.455400000001344,33.0,245.0,187.0,2.240119,1.285328;0.890803;0.760747;0.748088;0.657201,64.0,9.0,0.0,0,5.0,1.0,0.0,7720.0,2671063040,2671063040,518.281999999981,514.6259999999903,7.111000000000617,2.0530000000001243,42.49399999999709,33.0,245.0,187.0,109.23840000001128,32.206599999995426,2.3654000000001427,1.6862000000001167,27.285200000000398,0.0,0.0,0.0
64,100,88,0xb7ccf212d1eace10442a215f3f6c8af835b23dac9b86641d0c6e4fdd60884637,0xb53e8d0dd320d107ccc75801c0deb9ac3af1811ec1556bc7444b3fddbdb16202,0x0325de4f7a8f73785f8696ff2ca6dd9e18adb3ea7d44dd13a9c31c11ce64cde5,1;0,0xe672d3fe74fe6793b318a26ea321915c90d094b44dc5435e97baa14dcac4ab4d;0x0396e126995250b95e78013cfd400be3ee76cbe5c2281820420c96f4c56f1d6a;0x01cfc8ca269cc41289376842ff8ee385d1d915f4709d6a5b3c83376a5b0cf219;0xfdda49e03b6467f992e707d1d15d49dd121262d0bfcfbf06aaa277bd826fd296;0xc6204b6e263ba20ed229a8e45754c2d841d0f5b6d91827f53da3790d283bf88e,1.809034,1.54437;1.261753;1.092788;1.078427;1.029292,64.0,9.0,0.0,0,0.0,0.0,0.0,0,2693160960,2693169152,531.8819999999836,427.4250000000368,6.749999999999812,1.5720000000000316,28.48299999999582,33.0,246.0,186.0,116.55400000000205,455.47080000001296,2.712199999999748,1.4802000000001259,19.807999999998938,33.0,246.0,186.0,2.150263,1.244547;0.7889;0.589569;0.741458;0.572634,64.0,9.0,0.0,0,5.0,1.0,0.0,7720.0,2671181824,2671403008,500.3650000000026,532.7629999999916,5.708000000000101,1.9529999999998506,40.44100000000217,33.0,246.0,186.0,109.13259999999481,30.886399999996424,2.53179999999964,1.8629999999998648,21.931399999999822,0.0,0.0,0.0
64,100,89,0x490526283c698a04515ae1ef83461081be3ffac6e4d63811f50131ac36dec30e,0x9eb9bbaaadaa04a2f53594be4f70575b3d3fbddff313d983efdc43d881a1589e,0x187b7e13d03c8b4ec72b094651a437f4d93f21e099b4faf6fa7efd2045576c50,0;1,0x1bca7b4484c1b9274b8b1eec5fc8eab2f502ae5a64c873dbd9b5f28e01746b6b;0x66464487cad064f78872ea4c6d0b7eeccc4e7ed8a59b63baa2a8304cb75fa760;0xd15393f21d51293babb5d8c3ddb5ba6a9551abba465be092b91a6a2fde5c599b;0x74182a251fb46b781326fe1f83eaa5c1bd578abad61126f039f3d71c1bc03b5e;0xe52992746458577e52569fd272fc878b0bbc1bb14401fb59a83d589bd87b6b86,2.228761,1.491229;1.278708;1.413902;0.990374;1.137646,64.0,9.0,0.0,0,0.0,0.0,0.0,0,2694823936,2695106560,581.6869999999974,495.4870000000167,7.310999999999429,2.1240000000000494,42.6939999999959,33.0,246.0,188.0,108.07299999999742,500.3405999999711,2.8182000000001595,1.510400000000016,20.460999999999395,33.0,246.0,188.0,1.673855,1.342094;0.825225;0.664923;0.82218;0.705334,64.0,9.0,0.0,0,5.0,1.0,0.0,7720.0,2671411200,2671411200,460.66500000002674,452.2819999999983,3.8060000000002954,1.311999999999841,25.958999999999012,33.0,246.0,188.0,114.28820000000117,31.421199999998038,2.501800000000165,1.5726000000000628,22.934400000000633,0.0,0.0,0.0
64,100,90,0x2af682215de06b01c6c561c975e8c8bf31408c93e807d6f5c5c64ed24cc700dc,0x5ccf0d55281030cfa502c64a36ebce7516fc707cf1f678457bfb90ca30bb0f4e,0xbf6eaca695883b8a54dde60909f9be2a87b41e768bded34f6da02c3e6b439a65,0;1,0x8c6bf66a3bd8c4797bf016f0e29ac7e6e35ca312540ad309921c474c513c57e7;0x38c02bbcadb548e1ca1778cf783d0759f6b6bc585c0c0a2379c1dd4dcb0a750b;0xead417bcef5a39cf0f49d94caafe922596918fffcd5ee18834b44dac5c51dba1;0x1dd8783748ec26fc69143e48b143719282f0bf5315aeac3aa756e65bd56df757;0x04da5661e992811bd83a6d6bc7eb912261873ff3367315590c02ae71888e2f9e,2.285547,2.117874;1.35921;1.083995;1.095002;1.051706,64.0,9.0,0.0,0,0.0,0.0,0.0,0,2695110656,2695135232,614.2359999999902,487.36500000001735,8.81399999999935,2.1429999999995895,42.67400000000643,33.0,246.0,187.0,113.92579999999208,456.5844000000041,2.902399999999902,1.6182000000000003,26.24000000000237,33.0,246.0,187.0,1.804131,0.930033;0.808299;0.659785;0.674097;0.807518,64.0,9.0,0.0,0,5.0,1.0,0.0,7720.0,2671640576,2671640576,535.5879999999758,451.26000000000886,3.545000000000631,1.402000000000174,26.880999999999432,33.0,246.0,187.0,92.07900000000048,35.34160000000508,2.2452000000002665,1.3961999999997574,18.71260000000097,0.0,0.0,0.0
64,100,91,0xbc237b78d23c13b2ada4cdbb31c5170c7a7ceb4c29d8dcf39d9765863a3feae3,0xb9883e0838ad237699b63c94c34b5fdc780b99b82303eae21abdfeea7d803e42,0xea4ff2711faa02c3d78fd388914fce4464bf2c6d05e22a993d9374615d46d129,1;0,0xe694acf1d1e9a67175cf600dad9eda42ca3d5f2e3a9ef775719317ab37140432;0x53e48aed12a59179e93374a9d4d3f8087edf199e4fa006ec766051ef6a7e84aa;0x3d89a40f9b184d2f0de0c089854b8b27aa390644d95c3847c65b9f3ecd949f39;0xee93fe6fddbfe700b0aaba5d99297f9d632f779b3826d1b9fb2a9de3b62e44df;0x153cb32c3931429b1d7475fcdb734c95dffbd36a0d8ea575de5e9b7b41e1a455,1.917442,1.623398;1.295424;1.138627;1.307111;1.348143,64.0,9.0,0.0,0,0.0,0.0,0.0,0,2695139328,2695151616,598.9229999999734,461.78600000001956,6.549999999999264,1.753000000000171,28.302999999993418,33.0,246.0,186.0,102.08200000000333,519.3594000000301,2.656000000000186,1.5983999999998402,19.681799999995974,33.0,246.0,186.0,2.282733,1.300131;0.886687;0.72307;0.816381;0.698994,64.0,9.0,0.0,0,5.0,1.0,0.0,7720.0,2671648768,2671648768,580.1550000000266,487.8060000000073,5.43799999999997,2.0929999999998867,42.27400000000186,33.0,246.0,186.0,118.1842000000044,36.815800000000735,2.5920000000002195,1.7147999999999817,22.8841999999993,0.0,0.0,0.0
64,100,92,0xae376a703f4751dbe37321cab0ddfba1aad91deca8b333aabd1048a76fe731cc,0x318a2d228664d822977f2a57d80dd21d1fd654a3ccee4697f795194a9c126cbd,0xa0d7d330204a3cf051fccc61c20e1285ab0e857d2d38277088f79690cb2f491c,0;1,0x6c00032014dd8c4b38d76344e5cd2a9581357950b82b1a06f70be81a73eb6e24;0x069fcb8250af1175c874c9f467c8827ce61899a9b7e118b8d6c71e20bfddd821;0x4e93fb2d3bb69494acb8d1e9c2178796b70383c51f8764f22f7c3c07c17e8473;0x162650e9ba386b3b3f29011d92376711f18d753360f36375382f6516a78a9ee8;0x622b8b36dcb0b15b9c180a2fb1879ac875bc93b09a8e2a621264e8e299bffdf4,2.332307,1.947246;1.369916;1.110876;1.094201;1.053809,64.0,9.0,0.0,0,0.0,0.0,0.0,0,2695176192,2695200768,646.0640000000018,496.59899999998646,9.033000000000305,2.44300000000041,43.15500000000305,33.0,247.0,186.0,108.29720000000708,479.5855999999876,3.15700000000016,1.7911999999998403,23.731600000004295,33.0,247.0,186.0,1.762848,0.966698;0.861159;0.777773;0.76914;0.699494,64.0,9.0,0.0,0,5.0,1.0,0.0,7720.0,2671689728,2671689728,493.2029999999976,457.37900000000775,3.816000000000236,1.402000000000174,26.589999999999947,33.0,247.0,186.0,97.92579999998719,32.819600000000285,2.0993999999996404,1.5344000000000468,18.9927999999992,0.0,0.0,0.0
64,100,93,0xbc3b5618ddc407b8f54ef853b29b8bfea2a215dcafd598bca0e441cb44c9ac82,0x06f6f8562275f123b427b8568cd06c70d2393030fa43f15cdbdaceb5db8ca994,0x365f8f8f23ec3ebbafbbc976b3ab22bb9812f199e48ea2ff51845261e4fd61b1,1;0,0x4d4d4eb27b4cc724c8d1657c6d22f43d9e7f531087dbd708a11773b7a2c53335;0xb5d1c4dd5f9c5dcc7f23b3f206b8b7c7336598d35e5f9762c62bf96e41ad8ff2;0xd79997158b8b7b022fa0c1fbedcbd23781ec980deaea72397752de5910815496;0x7c8b259addf752ab2d5588eecafddfe269ec91be2a09de347138b5d4b763ac15;0xe8c0967e90ecfb6826cac3a41a32d662f0f9f527a562a878bc0e503a29b4f563,1.881467,1.937672;1.335905;1.045156;1.072598;1.032337,64.0,9.0,0.0,0,0.0,0.0,0.0,0,2695278592,2695290880,559.7039999999942,435.45700000002796,5.288000000000862,1.731999999999949,28.88299999999344,33.0,246.0,185.0,119.87699999999046,458.5536000000001,2.657999999999827,1.6845999999999182,26.227400000000678,33.0,246.0,185.0,2.187319,0.892957;0.743141;0.739556;0.658553;0.758745,64.0,9.0,0.0,0,5.0,1.0,0.0,7720.0,2671738880,2671742976,572.8039999999824,484.0700000000031,6.680999999999701,1.9130000000000882,40.89200000000071,33.0,246.0,185.0,105.56320000000285,42.13960000000183,2.531600000000092,1.6225999999999394,20.036399999999453,0.0,0.0,0.0
64,100,94,0xf134e7766b6884ed1f9f9ee828fbf55aff0a7a32cf9b86606afbe921b0c64761,0x45820a074841c03cc255de8bb567c233e74cfbd31da7f072e76f90b11d3feabd,0xe3927ccbf89332fe0fc74c44dd7ab5a36167b97ee244c5b8bdbb9b24ae6404b4,0;1,0x3e53f7370fb403cfbbda851ca87568ab9797805bd0086b14272f8c6f412cbaa1;0xaaee680c7baf1fecddfdf388e0f91fb7f7811aa040c1eb2283ebad50d022ac57;0x8de1841c2b9fa9fb2b2b20ccabec7541591fcd8e283d0f3d9381f8d7d90396d0;0xf8d2342ffc934b38da7d83fec56dfdbad210d298bb486ca953432894d995bbf0;0x564bb481eac8c5ccc4ae5575c6eb7999cb9d6194844ae729342074276917e359,2.480051,2.078294;1.333231;1.156344;1.11397;1.091026,64.0,9.0,0.0,0,0.0,0.0,0.0,0,2695438336,2695446528,643.3800000000267,670.6210000000378,8.47300000000016,2.0730000000000053,42.34399999999972,33.0,246.0,183.0,112.91239999999814,493.8224000000213,2.916599999999714,1.7045999999999728,37.66880000000139,33.0,246.0,183.0,1.977152,0.916652;0.866096;0.797483;0.752515;0.737823,64.0,9.0,0.0,0,5.0,1.0,0.0,7720.0,2672021504,2672021504,485.36199999998917,472.79299999999915,3.915999999999642,1.5420000000002099,27.78199999999703,33.0,246.0,183.0,112.73000000000533,31.112999999999282,2.5120000000000005,1.45239999999984,40.613200000000354,0.0,0.0,0.0
64,100,95,0x3a767f84f200f4a1042db49b305b5c53ce16a911b9ec1680c27b1ac3254d7a17,0x4852701c4014df0af71b732cc4ef94d37c92f977a62db06d7ff87ab6bdffd8f4,0xb33bb37eee94b779eb0a5fa4c9e74357f3194732816561462461d1bed85896eb,1;0,0x1195d468679be40285a3bbc4ccae1c93e071a49d36b2e056a2a32ea621e9882a;0x83d158268c94e46b4d6a021996ad323969a8c77d47703cfe08f27e375f478168;0x8f22c26ef9cc83dd384d6308832cd76b23f387bc39076971d9ae9903f03039ec;0xabca6a1c983d7f8913d8806ff787e6d679e88729a6f756386045679b107209dc;0xea70b5af1bdb5a8efe89754ab7672c4da28adcdb56c378d2746dd615c452e847,2.229192,2.311687;1.334052;1.168122;1.19959;1.106709,64.0,9.0,0.0,0,0.0,0.0,0.0,0,2695753728,2695827456,538.88299999999,559.3240000000277,6.239999999999371,1.8730000000003257,31.367000000004364,34.0,248.0,185.0,122.80359999998768,479.15860000000697,3.1044000000000906,1.6748000000000458,24.819400000003487,34.0,248.0,185.0,2.260709,0.921921;0.879897;0.75588;0.747257;0.659475,64.0,9.0,0.0,0,5.0,1.0,0.0,7720.0,2672279552,2672279552,607.4460000000115,501.29600000001216,6.090000000000262,2.0730000000000053,39.45000000000337,34.0,248.0,185.0,103.58600000001105,31.832200000003752,2.419599999999716,1.3059999999998766,19.54720000000021,0.0,0.0,0.0
64,100,96,0xe110bda4b203d3581c7d9c187c405f9ecbe81a40314332860815494818cda994,0x9f339bdac3ba030b406fc543c63ccf232529e0a9dcc7d0e6b3475a4ba14f6eb9,0xd99e20e096f9d8e7e32b633eafc5d2235780ca47fbcfbb1d3fbfb5f8905288d3,0;1,0x5eeaba67aeecec34a2420a95a1c007371252d6d1bd743a30ff70eb0b90025183;0x3e4bf35f5e294160d07f8b2952a2d97132ddbe272e866ca0cb4c58439e51da47;0xc5d534fbfd22f24c1f95a274ea3a8908d709e5eee36433699df756f94f866baa;0x01a66725531cb140f251bc8a3567a69b40331c10a80d2bfa8d1eaa9505df1460;0xadb0ae50aef1491a63bad40402918d3a0299160b877d50b5e255108e150b3df9,2.599921,1.612542;1.260101;1.334583;1.198528;1.175824,64.0,9.0,0.0,0,0.0,0.0,0.0,0,2695827456,2695839744,626.4750000000153,486.62399999999104,8.06300000000086,2.412999999999721,42.35399999999445,33.0,247.0,186.0,107.26359999999602,504.5206000000135,2.8521999999999577,1.5844000000000968,20.150200000002005,33.0,247.0,186.0,1.689659,1.256094;0.797192;0.691613;0.707277;0.657702,64.0,9.0,0.0,0,5.0,1.0,0.0,7720.0,2672283648,2672283648,482.2380000000237,450.5690000000118,4.346000000000558,1.3019999999999006,27.151000000003034,33.0,247.0,186.0,111.92260000000286,38.71060000000259,2.8682000000002095,1.9250000000000171,22.517800000000644,0.0,0.0,0.0
64,100,97,0x21808f5d7c2814a1c1d4accbe290ae74e9adef4cf293419b180aa0d6134740cc,0x885941884d1389ea66af343dbd8d685b3e008ca74f46d2a146ffba385eba9e2f,0xd39c3372fea1b7653394062420bbb97198bb939156afa7bee09631f08bed28c8,1;0,0xffb90de0ecd32a987f8b2c8f3da76063fa5d788f8c09c9ea18c3a07cb95a8748;0x8719f0ff8df5803eaa3d2353aae59b191d20e1501268e39712151675d4fb2d65;0x999f2a659f1230bd16cfa00b6fd32647d9498299851f2a4eed97bbb0aac6bb06;0xaeb57d0cdd71e9cb617f7e57508e9fda446519d7c6f9854db28333dd33aca013;0xcd9f898aad6a8e975a89c3e58e789f8f7503e599c25468f1dc5994468a92fe6a,1.90993,2.183874;1.279029;1.159949;1.074181;1.007139,64.0,9.0,0.0,0,0.0,0.0,0.0,0,2696806400,2696933376,509.3580000000153,488.09699999996513,6.0990000000007285,2.603999999999801,32.05800000000147,33.0,246.0,185.0,134.49460000000136,441.66399999998606,2.7699999999998557,1.758399999999931,33.46479999999929,33.0,246.0,185.0,2.446069,0.919327;0.880688;0.699635;0.863842;0.601438,64.0,9.0,0.0,0,5.0,1.0,0.0,7720.0,2672332800,2672332800,690.1409999999775,505.43200000000013,7.0309999999993575,2.4939999999995868,40.35100000000097,33.0,246.0,185.0,113.04819999999883,31.505599999998026,2.1527999999999827,1.3982000000000923,23.97600000000055,0.0,0.0,0.0
64,100,98,0xa950235a4c0ea2773d67a59d5387c410b71e9e371423ec8ffb770a452d2898a4,0x5067d1475ad8bd731fdc690e51c43404fcc6d9c9cc1f8f127ac95c0bfc6e5a8d,0xf66e5a020abb4313c0a18ab8c974dc6f6f88462409e3baa6e68622bf6e39e2ee,0;1,0x3c43a635f5fcb5568123357a71cb3dbacd4c8ed450a5751485684858631bb131;0xb0c9fcb698db29cb15509bbb81d2ca9789eb0d471125a1017f4afaae79e594b9;0xd926d6d1108e0c944457bf877be555f2a7c06ca043354dc6091489b651260106;0xdbf0101c0b69cc6aab2afb446c85abf0b437539244447af699b031b733f168bc;0xc4e86302525b7ed8ea634e17e974044a7d886462241d74d800a56e7b3a157d64,2.44056,2.126157;1.323105;1.134962;1.187281;1.097685,64.0,9.0,0.0,0,0.0,0.0,0.0,0,2696937472,2696949760,622.9890000000182,498.97200000004193,7.531999999999331,2.003000000000421,42.044000000004964,33.0,245.0,185.0,117.4454000000158,477.61660000000813,2.940599999999918,1.5883999999998994,21.72859999999832,33.0,245.0,185.0,1.801236,0.88827;0.902541;0.909011;0.685794;0.729159,64.0,9.0,0.0,0,5.0,1.0,0.0,7720.0,2672336896,2672336896,530.0500000000042,533.9149999999959,5.589000000000288,1.562000000000091,26.19000000000232,33.0,245.0,185.0,97.46279999999219,33.11020000000275,2.3318000000001335,1.279799999999963,20.50499999999983,0.0,0.0,0.0
64,100,99,0xeb28d5b72ef70ee5413aa78c2a59430969eeb4bf5183297b19fcce96337a3005,0xc1f8c2ad0c86046ec68d574d46c5bb6374acd9a4f0e374f90401ea5c6bc465b4,0xe446bc27955366120a002e141d5ccac490144eaef310c7a786937d4849d25940,1;0,0xd8060f0f74a8f093178fc50cd08e9e48e9e624280edf1870670085d3121bbefb;0xf9cd43d49a0c86c836af8177ccda5911801542ba5d30e916437da1a2503efc07;0x9aed02010368087a6c51c51e82cd73470160f6c4f397ca8e0b1afcad94749b4a;0x7bcca02a094830a0811d370133b0a972064d69729ed9855fa828c7d29cb5b56f;0x453b07e26d356e414727cc76e34c369f47b50442d850798981ccd01b1f0c13f6,1.868908,1.534905;1.27934;1.211637;1.152197;1.096754,64.0,9.0,0.0,0,0.0,0.0,0.0,0,2697060352,2697101312,545.4730000000185,430.1390000001071,5.819000000000657,1.7929999999999335,29.744999999997688,33.0,245.0,186.0,100.93219999999238,479.46479999994017,2.750200000000563,1.371799999999937,18.926200000002336,33.0,245.0,186.0,2.307701,1.26015;0.797863;0.786557;0.771884;0.645634,64.0,9.0,0.0,0,5.0,1.0,0.0,7720.0,2672345088,2672345088,675.20900000001,502.4879999999954,6.479999999999681,2.2130000000000414,40.611000000002896,33.0,245.0,186.0,110.97719999999534,31.299399999995536,2.6842000000002613,1.7183999999998214,22.063599999999628,0.0,0.0,0.0
512,0,0,0xf88bad6a039b9394e30257cb8b2cf8c0c1f2d9612bdaf15c5abae3b1c95bd91d,0x812fde609f4ca8db4892d67dacd50b836937088b44ba98d26551c72e8c0eda21,0x45d75bf212c6fcc9d4f32584e09c2a7985412cc1644a23d316564b11f1db2482,1;0,0xa144e975c883c09f5bf116764f229559f39a5558037dca04e93242090054a27e;0xca7f6dbc224da3294ec058336bdf4c3bfaf3bd528a11fd60cd5af9db00b59ca9;0x322c2dbd8ed47a001c291b85f12042017b5a54ff6d201f171d86b6eef595a652;0x1e773541b3a09863bd41d648f3fa402a86159a601237f825991c0ba7008fba63;0x2facedf9412883bc0fac9041f8d7d1de99bf5c713f4d08f2fed89c45cbbfd18f,4.0242,2.933585;2.499009;2.676286;2.468323;2.398278,512.0,9.0,0.0,0,0.0,0.0,0.0,0,2544558080,2546995200,1463.647,1344.7379999999998,4.917999999999999,2.7039999999999993,49.204,93.0,533.0,944.0,389.50160000000005,1370.7254,6.017199999999999,1.9147999999999998,31.136999999999997,93.0,533.0,944.0,4.69414,2.236343;1.578521;1.58483;1.34601;1.327753,512.0,9.0,0.0,0,5.0,1.0,0.0,57896.0,2546384896,2550116352,1762.8990000000001,1378.4100000000003,7.730999999999999,2.434,51.167,93.0,533.0,944.0,437.64600000000013,229.92880000000002,16.192600000000002,3.6976,35.7098,0.0,0.0,0.0
512,0,1,0xd6097f1bfbc4a120dada9f7a4474ac3f787b6ab9aa62311bda8524b68f3c5414,0x76fdf33c43906d45fa17d6cae6f85411598c7ebbba774e4a5c0703fa38ebc4a3,0xafbba0ce57bf21965fecf132a7fac96573ef4869b0d23871a9207c0dbd2264bb,1;0,0xda1f5d19d9e0ccfe983e2065c10f13f9bd2d86264ec94ccf2a82dad6f072097b;0xf3abcbc8a818c4b6437bf061e098f5de088e745d79597797da7c6f03d55adea0;0x1473c08c781c89d42a67e73b571b608bbaa759567e496764a85d0bc51850efdc;0xb4e890ffee6bb8413f0cf39469ed2f3539b2c3595a6cf2b0b7684fc3ede86b40;0x714b306ef76ee1cb2baf41863631823b7b770e70b671aa9377d0edfdf7a63367,4.193054,3.139145;2.639;2.909509;3.015389;3.217002,512.0,9.0,0.0,0,0.0,0.0,0.0,0,2555596800,2556071936,1452.681,1508.5659999999993,7.180000000000002,3.7849999999999984,50.126,93.0,533.0,946.0,455.06239999999957,1512.6180000000004,5.736399999999997,2.7118000000000007,31.871600000000022,93.0,533.0,946.0,4.015953,1.937472;1.408715;1.448335;1.599994;2.119727,512.0,9.0,0.0,0,5.0,1.0,0.0,57896.0,2552639488,2552926208,1030.204,1415.8349999999998,6.960000000000001,2.7239999999999998,49.28400000000003,93.0,533.0,946.0,430.25699999999983,251.42740000000006,18.005199999999995,4.6212,37.923200000000016,0.0,0.0,0.0
512,0,2,0x5f8602368bf9bda84e813d4d65c3707ac2ef330bbb0983097e1b690b5d72ddbc,0x95683c158e6f2aa67f1f5026bb92502e452c81440edd9a66aa4caedd21b5fd98,0x41339ae80570fe4f14c53e74d259cb99940b9469b8f5114e98441a666a98c109,0;1,0xd18ed579c39f398f55291e1a1a8ed6a24bce66b5ec2f736e21a2366a84bb9cd9;0x94db122a5d89c7746165a5b9c2ffd7a31d60345b17cbb4248654badfe2badc61;0x0e9794e3db6b11ec0f5eb9cfd694654cb07f80fa073f1b0f774bba0a57913516;0x392e517f510809223cec1e7af9f9bec049a7854afbb79c89a264478011a47e1a;0x6b6bb27790f50ad03c74d9872eaeb7f68241bc870677291d84739eb8dff284e6,3.690647,3.387219;2.642996;2.458438;2.466049;2.418468,512.0,9.0,0.0,0,0.0,0.0,0.0,0,2558373888,2558730240,933.4679999999998,1368.2240000000013,7.650999999999998,2.6240000000000006,59.950000000000024,93.0,533.0,948.0,457.1772000000002,1404.1076000000005,14.545999999999998,1.9948000000000008,27.994,93.0,533.0,948.0,3.298815,2.569396;1.47846;1.388184;1.382996;1.333492,512.0,9.0,0.0,0,5.0,1.0,0.0,57896.0,2554212352,2554601472,939.2370000000008,1361.9649999999997,4.447000000000006,2.353000000000003,35.734000000000044,93.0,533.0,948.0,446.97019999999986,250.7122000000004,5.770599999999998,2.313199999999998,31.627800000000015,0.0,0.0,0.0
512,0,3,0x35fe1fd5d8d828ad2be4f48e5cde3377834bd0616a88a784937b6f63c64a85fa,0x7bef8889997ba0911e4ff23fe745afd5dced42a3728a1e3a88530c7f19a52bc0,0x664d3cf7f3cd1b76bd641db94cb27910edcc15880bd7a181d2e4c88e7cb95ae0,1;0,0x0a1b76f04e8036773a84bf19cabb7f5af390d9ec5c1288d4b8449ccb81e4cfab;0x92adb24e8debd66cc09d3242309cd1402f5c31763aaa5fc749f60249213f2944;0x537f6e90b269eaa0eacb6b4ff1df162eb4d4c2120db2b665628a58322a831709;0xd12e71cdd1927cc89ee5252136805ecfc24cbdb14593fb0eb2e415a2ad2785e1;0x0e174d52289c6db60488bdfa810f9a538bdcc06ac9d61fcb391678428da9c654,3.565088,3.302962;2.586261;2.492398;2.468373;2.370656,512.0,9.0,0.0,0,0.0,0.0,0.0,0,2559881216,2560045056,1057.5649999999998,1426.1510000000005,5.3080000000000105,2.234000000000006,37.05600000000005,93.0,533.0,950.0,435.28860000000003,1334.5767999999996,6.014999999999998,2.0951999999999997,33.72500000000004,93.0,533.0,950.0,3.823476,1.86306;1.603979;1.317146;1.31254;1.369315,512.0,9.0,0.0,0,5.0,1.0,0.0,57896.0,2556002304,2552934400,1177.6560000000009,1437.5180000000005,5.648999999999986,3.4149999999999934,50.80699999999994,93.0,533.0,950.0,426.7413999999997,295.1111999999999,5.247999999999993,2.1152000000000006,28.192600000000006,0.0,0.0,0.0
512,0,4,0x762d3483e92cf38fe69f58331da5fdac23875d86db844f456cfd2a6009ac4ea2,0xcce8694c125137d33ff17916d4df75c5250f9a68ab4d2eaacec31d71e147cdb3,0xf97c20f26269c08c1986cdd094761e979f6df11e989b72172708667d261ec3b4,0;1,0x5417b7bebea65a3f91e435c464585d01ad451f8144f01124a5b6a366ba54ca42;0xdf734b7cb375960420c4690309dc8a2d64226033799e63c39812c0e6b7bd97f1;0xeb38e09803ab47c922c8c41f9ba77f066e411e10cc220ce5940de5574db5866e;0x9568d14c36946c7820c09b0563696196eb59fc33962a17cc69ed9f7da6727e7d;0xfe8cbdbca0234b4f9982bc70e7ba23845ea9fc8d9ebce5ad90222f2659ac1cba,3.69925,2.865953;2.674183;2.650498;2.683217;2.443816,512.0,9.0,0.0,0,0.0,0.0,0.0,0,2561478656,2561601536,1137.0950000000012,1344.548000000001,8.372999999999996,2.1429999999999962,49.6540000000001,93.0,533.0,952.0,435.48479999999944,1381.5555999999995,6.1312,2.662199999999999,28.232800000000054,93.0,533.0,952.0,3.992452,1.989391;1.799093;1.492721;1.454444;1.254953,512.0,9.0,0.0,0,5.0,1.0,0.0,57896.0,2557345792,2557640704,1299.3399999999995,1716.9799999999998,4.63699999999999,2.4839999999999987,36.09500000000009,93.0,533.0,952.0,421.1911999999998,268.59499999999963,5.496199999999998,2.3895999999999975,31.83600000000006,0.0,0.0,0.0
512,0,5,0xa6375dd38eee2ce1afa530fd35adbe8129ccc04bd8502c6095a51ce60d6785f6,0x57fd098d6a92374ea2ae5437678ca18420afeccfcc435c89a9ece2655c2ff7aa,0xabbe609754d519f13248b74c33e77075ebe6aeefa61dcc08a265c37f81da651a,1;0,0x160a11129ac530f3a384cb24934e6b1e206323954d2b6d1ef90ec2bc05d9a964;0x6453d3a6aa5b0eca5410bf11a56c7ff5e9c51f554b649c2736207608db70545e;0xd95523c28eb6ded67c8488e8a3f8df79a4b6c0aa19ea366d2241ce7cdd88a3cf;0x1ee6f3e9ffcc2992ae558d74dd6bcd140ec44318d4dbf617883fa083275e7baa;0xa7aa099b2d6e31ac5bd538bbebc88a5739d64d2d53bc507fcb57baa81324e524,3.511206,2.922688;2.533341;2.623898;2.4069;2.427041,512.0,9.0,0.0,0,0.0,0.0,0.0,0,2562396160,2562560000,1126.7299999999993,1317.3469999999966,6.2400000000000215,1.7729999999999981,37.27599999999993,93.0,533.0,954.0,409.7644000000011,1320.872400000002,5.716800000000002,1.9687999999999963,27.977800000000006,93.0,533.0,954.0,4.19686,2.037483;1.506813;1.399251;1.282805;1.27941,512.0,9.0,0.0,0,5.0,1.0,0.0,57896.0,2554789888,2558947328,1220.6509999999996,1678.2020000000002,5.46800000000001,3.185000000000004,50.87600000000005,93.0,533.0,954.0,444.8430000000003,257.47639999999933,5.516400000000012,2.4498000000000024,31.76580000000002,0.0,0.0,0.0
512,0,6,0x52fe7d9d15971ab14905c4efcdba66b3d469e4f82dbdbd37f15225d24701603b,0xccb64260acca8295c34eb2c63105be5757b4c5ece8ca6860f3b1c107d2970de6,0x7943f61b6c1d6ab5df5c4cf7a59b7e1ecee396aa1f783dd5aa573dd1472ce161,1;0,0xd159dfa0ba3acb09f0dce54787f2b731d2a994f74f41c83d5c242d1de049dab4;0x553822da99ea392cf2ba8c8370209d4933d3fc80f72e4c63f4c538dd39426bf4;0x7c346519d5fcce46bdf844c232966762216f0a841c745603df51ea9b33b01ff7;0xfbdd277cab200a34e9af49b102e7c3eb709084bfce903e1db7978947c9595483;0x8c585e0ffe98689d4a9583d35a2315f80887aaed3acccc8fd77eb294be81f23c,3.650256,2.95034;2.652551;2.453;2.638489;2.575114,512.0,9.0,0.0,0,0.0,0.0,0.0,0,2563969024,2564190208,1106.0679999999982,1409.1349999999989,6.019000000000012,2.212999999999987,36.014999999999915,94.0,536.0,956.0,401.5794000000003,1460.434799999999,5.157799999999993,2.064999999999999,30.90660000000002,94.0,536.0,956.0,4.133475,2.279017;1.470939;1.406141;1.339149;1.347442,512.0,9.0,0.0,0,5.0,1.0,0.0,57896.0,2555576320,2556678144,1267.672000000001,1391.6690000000017,5.5780000000000065,3.0449999999999955,48.623000000000026,94.0,536.0,956.0,417.4615999999999,306.2981999999999,8.696799999999998,2.3654000000000015,31.56579999999999,0.0,0.0,0.0
512,0,7,0x1ab42a4219ebe7c30ee862de6fd4e126af271bf33592c81432609922a6bf882e,0x922ebec2944aaef781dd44dfae517387c73fc10e7709e4bfd085c8741742627a,0x93a9c5234cd3d85ea2a9f094f1be0a65e24ff0866d5f8c00b2a65f7e1fb96cf3,1;0,0x782996bbbd993b0e1d7722a95285dfca84db4e267f69855b73a4b654e7305dc0;0x97bb627c51862eeb19ace1fded3664cdc026c6f04ff69a7ceafb81dab533d1f6;0xeab39bb0b390e64e3abf2c6b2be959eaa2352dcd45c934b7379c394801aba49c;0x699a55c733fe46f510375f38e093c960f48112a710cf6e81d907d6c79f0ff75f;0x073b3149256f5712c4f1215b58c58a5f3152a534082fdac92bd6e2bcee2a0ec0,3.574972,3.274735;2.764751;2.554263;2.322754;2.546496,512.0,9.0,0.0,0,0.0,0.0,0.0,0,2565079040,2565165056,1195.504,1369.5660000000025,6.229000000000011,2.3439999999999896,37.25599999999984,94.0,536.0,958.0,435.67919999999845,1330.4343999999996,5.6244,2.4176000000000046,31.885999999999978,94.0,536.0,958.0,4.187586,1.517178;1.327462;1.308824;1.255784;1.489938,512.0,9.0,0.0,0,5.0,1.0,0.0,57896.0,2560761856,2560921600,1152.5279999999998,1549.5969999999998,4.836999999999994,2.4740000000000038,49.074000000000076,94.0,536.0,958.0,410.102599999998,227.88379999999984,5.239799999999972,1.9088000000000058,27.326999999999995,0.0,0.0,0.0
512,0,8,0xd5258ac431abe783aed1188214ba035398d170e9226166dbe6fb010ffab65b88,0xaca30ed0461df2f8c7ab86fe61dba90a9b907e6bebe6c7028b76e5861f0867c6,0xf3515e2b8910ab1f51cf6f0f21befdcdb34a823103b073d6df2c479c5141a1b0,0;1,0x078b0cd6a964d6dd1c00a35caa4499ba880bd70d80f0a4d15aa319a03399b1d4;0xcf775bf1711ba435c5cacf3809057a93557a09be680e4e8a9e1e5a6313c531be;0x538ec4119b212f0572bedd55320c292f4aea5d4b14da8c8c0f2add5b145b805c;0x475440395aa8f43363ca9108a24edd1a0f16468add5a1590af5af57c1d43a33b;0x93e60aa5a07c669c5c00a11bbdf92ff64bd9afe5e8a6d714b409e7613ef3f497,4.106134,3.403904;2.675165;2.3665;2.605109;2.664719,512.0,9.0,0.0,0,0.0,0.0,0.0,0,2566049792,2566242304,1395.0839999999978,1363.1469999999952,9.394000000000025,2.4229999999999867,49.38499999999988,94.0,536.0,960.0,411.6365999999996,1447.5574000000017,16.983600000000024,2.3094000000000086,67.38139999999991,94.0,536.0,960.0,3.668984,1.707565;1.510588;1.324098;1.25361;1.395786,512.0,9.0,0.0,0,5.0,1.0,0.0,57896.0,2557345792,2561884160,1252.7690000000007,1389.4150000000016,3.205000000000048,3.1339999999999875,36.00499999999998,94.0,536.0,960.0,417.621600000001,252.42880000000068,5.860799999999992,2.4977999999999994,28.371000000000038,0.0,0.0,0.0
512,0,9,0x19e3af1a43cf76f5f338c1988cb5d4aecd1f3d1c2bbb693ae336992f68974511,0x11ee59aeee8563709dd7fe12fb9a599d7cc0a8220f848123c39b412baa14cdac,0xc0e05330215d8039c8265b9bf59560e626b800f90e2efda54ec81dc799bdde2c,0;1,0xdbc39f6e39e66e9a36ebb7c596fb6e6e6bfe47fe292c8ef44261cb5e542acba5;0x8945dcb20406a928e86a6420bff06d25bbf90db29b9475fea86383c696511f15;0x2dbaefe8822ef549781c19e39217ad26e99c5bba149852ac33e04d74ec131939;0x9373739f6ea5a2e202300f405c57d63bedc646a917322d5a1e43291f8bfb417f;0x33c4744e2441b4254d640a987b66b352b6c7582ffb16d9a6140b36ee6b43f2e2,4.120254,3.349657;2.887996;2.729727;2.681014;2.454192,512.0,9.0,0.0,0,0.0,0.0,0.0,0,2567098368,2567225344,1331.1780000000024,1414.693999999994,7.411000000000028,3.0949999999999966,52.72999999999996,94.0,536.0,962.0,411.8813999999998,1417.966599999998,6.846399999999985,2.720199999999999,31.579599999999925,94.0,536.0,962.0,3.828946,1.623949;1.513312;1.287903;1.502977;1.534269,512.0,9.0,0.0,0,5.0,1.0,0.0,57896.0,2560012288,2559954944,1337.8780000000006,1508.7649999999987,4.176999999999957,1.7829999999999928,36.9760000000002,94.0,536.0,962.0,430.26700000000085,240.23239999999973,5.804599999999997,2.2152,28.346600000000045,0.0,0.0,0.0
512,0,10,0xa969f39206456a0b5f5a5b6b19d57aaed918966b7c40c1a8fb01c821b93d34a3,0xd6fb392a4fe372220d2a1cf12c68c9528932b0e29dbf8ca6335f5020e410f2f2,0x2a995818f3676649f44fe3f5d229169cb193d0b4be8ffd9cd38a987be8bee205,1;0,0xf2dd6999b9130d30099fd9ebe4af28e6a3c70eb43a844c8ea1177a4fb01559d6;0xb5331027168f6b233da993c761b23e24ee50a532da86758e42c2a8b095e3c279;0xe15801fdc20448523af9db1bd95189bf6db3d6eda3bdd200622b2bdcac20ae13;0x0af42812d88037c3ec70e0b1b14ec3a996df3644277b2ff7f0834801826a468f;0x348ad37ad94e6f7f3d4f17b6b6e3e2921458d3ef16bb1e1cc999d26234d85938,3.970229,3.648283;2.635005;2.495915;2.592671;2.279859,512.0,9.0,0.0,0,0.0,0.0,0.0,0,2568175616,2568163328,1303.6459999999986,1546.1719999999984,6.440000000000026,1.6919999999999966,37.50699999999999,94.0,536.0,964.0,404.92300000000006,1377.9645999999977,6.098999999999992,2.493599999999998,30.86440000000003,94.0,536.0,964.0,4.28297,1.679644;1.678862;1.276075;1.304357;1.250577,512.0,9.0,0.0,0,5.0,1.0,0.0,57896.0,2564018176,2564046848,1456.0969999999966,1447.9240000000032,5.3880000000000505,3.254999999999995,49.77500000000017,94.0,536.0,964.0,385.5373999999995,250.90659999999903,5.472199999999989,1.7363999999999964,28.25859999999996,0.0,0.0,0.0
512,0,11,0xb1b809b7039a176f2b79b89660400bbfdf7ea68caf06f54b1b1ac5cfa77661ac,0x660fcd8f42590b08eeb56b1f87359ca16fdb11835096a885c45dee68eba2a3aa,0xe916cc87e3da574fc6a4238da9b4afcc66c90c10b7baccd1db0dd98ec10ba43a,1;0,0xadd985a4e0fc287c703d95b34475451ec89ed9940c54ef5d61dc4f6ebd731be5;0xbff8085594b91a4a3332dffa14958f98b9a1e84eb839c611e18ab10ec94ee5e8;0x66366256b03b66695e432ed6166c7855885707fd0191a9bffdb5680fa25cf668;0x3a417ea4fb476a6fd3b44d41b676bc175a797e7aa20cf05c6519812b47c17d88;0xe6564f0231414bb67d9ab10e78d6f6340346528867e884fdbcd5649198bd5c49,4.16351,3.20906;2.65242;2.383965;2.558078;2.407431,512.0,9.0,0.0,0,0.0,0.0,0.0,0,2568867840,2569097216,1628.2459999999999,1499.4619999999932,7.231000000000012,2.534,37.31599999999991,94.0,536.0,966.0,449.20759999999973,1360.8466000000012,5.395999999999982,2.3009999999999957,31.000400000000003,94.0,536.0,966.0,4.293115,1.672572;1.483998;1.340341;1.342225;1.371219,512.0,9.0,0.0,0,5.0,1.0,0.0,57896.0,2560483328,2565099520,1360.7419999999981,1474.7040000000004,5.558000000000017,2.674000000000009,48.1930000000002,94.0,536.0,966.0,399.04199999999946,241.46020000000158,5.150000000000012,2.2995999999999954,27.76380000000002,0.0,0.0,0.0
512,0,12,0x563c28350eaddbc055ab9580a122b15af44cad3a6cf70b396c0a15809098e9a8,0xc61cedfee0995623e478e5d53f9281a63c11ede99fdd0995be6e468c4950ab73,0xf7395e79b0cb2236dd4cc7af2172308b75e7b0c790f508e227991b42285576b4,0;1,0xff872b68a47a87957c34c93fe680f14f794c7bef62f1247a56180c358a6617d8;0x37a49363ae4939236d6080015ef0e5c2f1301135c80c36c9dceea4d55dea45d1;0xbde704567f1230bfc5c90666d1327caece8b70f0b1a2782f7b26e7e9f6b91e06;0x52dc20bcc97fbea0588bbbc4d759c55df9b315ec300c1d7fb35ee37e669c212f;0x45835fdf07b1de2b70dbf225c3d5064844191763f30eb803d8e8fb271958ece3,7.09748,3.460519;3.557075;2.827114;2.667434;2.673392,512.0,9.0,0.0,0,0.0,0.0,0.0,0,2569957376,2570403840,1777.2309999999973,3521.963000000003,9.565000000000008,4.3560000000000105,51.60799999999986,95.0,539.0,966.0,465.7307999999999,1454.9123999999997,7.341199999999992,2.497600000000001,33.144199999999955,95.0,539.0,966.0,5.650343,2.935273;1.998224;1.925103;1.472671;1.666733,512.0,9.0,0.0,0,5.0,1.0,0.0,57896.0,2566598656,2566791168,2124.754999999999,1860.6160000000025,5.979000000000032,3.455,45.47799999999984,95.0,539.0,966.0,499.78800000000103,343.93259999999924,7.517400000000012,3.3693999999999966,40.33520000000009,0.0,0.0,0.0
512,0,13,0x6dec8f26db693adc95d906899dfe7140b000910eed47e526184d14d09e2ea9f2,0xba7ec55b5f01daa295cdaad5273c22123b179049fc4cbd09f6ea360f62b26c3c,0x856693d68f7dc5df9d3e207e1ec704ecb4472c78a08dec7f694314cd381a36f9,0;1,0x1fbb529b83769743e865afcc898ef4b59e89004110f9a6aa6ed3f2f72518d5b7;0x6347fcbba585b534f042c412cb39096f8718746cceafcb5b4b2f16ab7a784d91;0xad6ee805e2b71a1bf81c5e0421f93c5e68589555073d63ec8668441a03876e97;0xb65f5a09d0fb633d5a2c3aecb1b438454b3cfadf9e1c6b1cebfcff1defffd9af;0x45d84d4b7fa18668a24b340bc7811285f5a47a11eb8d4d838400ae271c0b023f,4.515501,3.296722;2.774205;2.8371;2.444707;2.504137,512.0,9.0,0.0,0,0.0,0.0,0.0,0,2571235328,2571419648,1696.639,1461.6749999999956,7.901999999999952,3.6759999999999833,51.597000000000016,95.0,540.0,968.0,451.9780000000001,1474.3258000000037,6.988400000000009,2.683999999999998,36.64339999999988,95.0,540.0,968.0,4.004925,1.629588;1.583579;1.294973;1.379901;1.407874,512.0,9.0,0.0,0,5.0,1.0,0.0,57896.0,2567614464,2567766016,1360.161999999998,1605.721999999997,4.18599999999999,2.3539999999999845,35.643000000000136,95.0,540.0,968.0,430.32100000000014,254.00700000000055,5.606199999999996,2.12700000000001,33.04559999999998,0.0,0.0,0.0
512,0,14,0x6907cc47146aad7dcc2cb855c331b965d2954a84109f6787b05d9eb3bd93efe0,0x4edb4979f8d9162628cf874f8eb1902f0a63804440b31de9ab113f5b329fe79b,0xa79a20b8f0f94d7f882c9e8dbcee11ec3f5b2cb548fd3c7fe904dae9caa9a082,0;1,0x1804fbae489b4b7111a8e7a9d33c586a8f06bf513228e6d26ca081966277eb07;0x3c64e876c19e05d6de96a4f4255fdac0604786569748002891e0af27a925e1f7;0xcb4000ed4fbf07336c84ea6d578dd88db8a0db963e33d0b99b22f6211685ae0f;0x30a4822d363c6e997205eacc63bc7ee60d3d95e9c13437b86f179169e925000a;0xc617ab4c1ac4861ffa17b8e143e3a045c02b117acb2fd6660eb63f0a02c51186,4.336571,2.86365;2.691499;3.02988;2.825662;2.507582,512.0,9.0,0.0,0,0.0,0.0,0.0,0,2572111872,2572279808,1548.4560000000035,1404.4390000000074,8.592999999999991,3.0249999999999786,50.72600000000007,96.0,542.0,968.0,399.29640000000154,1505.154000000003,6.347600000000003,2.139000000000004,31.730199999999847,96.0,542.0,968.0,4.416802,2.157625;1.572732;1.879304;1.347252;1.398459,512.0,9.0,0.0,0,5.0,1.0,0.0,57896.0,2568515584,2568691712,1766.904999999999,1525.521000000002,5.138000000000018,2.3439999999999896,37.34700000000007,96.0,542.0,968.0,437.21160000000094,271.5900000000007,6.201200000000018,2.4518000000000066,32.17059999999997,0.0,0.0,0.0
512,0,15,0xb02c7a153067462bc5b670915429ea682ce539b2cb939cb6b40ae5ef3086ec65,0x8cfcaf870134128b776ffa841e68a9e674295a7cd3946fb840a944618056ecd0,0x479b9ef13039899c0e6413ae4fa140f5f24c7ccbd742bcdf527afcdac537aba0,1;0,0xf02a00d5b6bcbcd14c6abdeb672392a25aa866f50f9075dae01983c11d2374ab;0x219e9e79fea15f62b6870ec1b889e635856fa0f1ef6b0d8e145d30c03f9ae443;0x19750e9f4339257b08c1f22839d6e8746c16c19dbaa66cf91921dd135b1f2214;0xf99fe12a08f1c3d7b9d06be34cc7463255a0e7943359df63172d759e3e8c65e5;0xc07eb7ec9a0a2c17cec5fc0296ce3ac87a3bf91f30541ea767a0f3c90ce7e0fb,4.221337,3.03634;2.81085;2.516576;2.494322;2.76475,512.0,9.0,0.0,0,0.0,0.0,0.0,0,2573127680,2573209600,1715.1970000000017,1426.0610000000063,6.579999999999954,2.573999999999979,39.32900000000027,96.0,542.0,970.0,389.8637999999982,1431.8879999999979,6.150800000000005,2.0752000000000077,27.495599999999808,96.0,542.0,970.0,4.612797,1.865313;1.53825;1.467113;1.483448;1.382996,512.0,9.0,0.0,0,5.0,1.0,0.0,57896.0,2569482240,2569707520,1744.7020000000007,1654.9059999999977,4.776999999999972,2.804999999999984,47.63199999999971,96.0,542.0,970.0,406.3648000000003,272.1881999999995,6.133200000000009,2.4674000000000027,37.52900000000003,0.0,0.0,0.0
512,0,16,0x347dd9061c3e9e522182e2720126205a003dda68680c42ad35111213b1a34c58,0xeda83a15a3509cf9f40930774f3ef62ed043c82da3a1d0d0c02ce3ef93b380a9,0x8f0754019f663d096415b26d34a8bf3bc1f8257b9267c746dc2a1ffebf198e23,0;1,0xa45ff4ce2f8d242cb7c145720b4a5fec372d43a6ec9479fff1d4ff7d4ea8348a;0x7b45a9378987e92f10fa3974685e2348d6d4522e1354fde3bef84cdb135e7970;0x47263189db227678daee298c3b14d7683975572baa04fae215e644e292350504;0x6a2733a327d3b59fa4217fe19c5eacbf9687dc3a8b1839d486a319b4620cc4ae;0x91caf33f6fd29f2e9a59de26b620ec43c3c5e9d80925144c2d4bbb98f36f3346,5.653936,3.54735;4.241837;3.238243;2.716617;2.698289,512.0,9.0,0.0,0,0.0,0.0,0.0,0,2573971456,2574491648,2104.514000000002,1770.4000000000053,8.762999999999957,3.145000000000025,51.05700000000019,96.0,542.0,971.0,496.39860000000033,1417.5820000000062,7.721999999999981,2.6318,40.28499999999997,96.0,542.0,971.0,5.041643,1.930442;1.75774;1.396556;1.786444;1.437117,512.0,9.0,0.0,0,5.0,1.0,0.0,57896.0,2570452992,2570702848,1955.4890000000048,1759.7830000000008,4.756999999999982,1.8630000000000058,44.68699999999985,96.0,542.0,971.0,421.9202000000005,295.34959999999995,6.754400000000011,2.6520000000000037,31.347400000000107,0.0,0.0,0.0
512,0,17,0x78718dd97c1948289d54c662d33296c06fc517ba77d10776e082b061eb4322e8,0xb20deb4b8006c756b432d99e84fca5277197d8ea61aa256ad7e2ff3dc99e1e12,0xe761588022292171f0e15f561dc521e4d2647324a1901a4da69a9475e0f3723a,0;1,0x474a518a11a2d303f926278f0563e2a2c0cf6e7734cf30d73b7e172800b368fa;0x57472985aa8b3832e02cf8bdac8a440d778589c94ded8ffd1ffe7366e2244191;0xbdec4f3f760af155611d56b7d69cbf0db77e019f79de31d7b60a39481d312456;0x790c6a73b5053a9f088f18a60048105b31fa525228a39c57072ea5324882014d;0xc488d8bbee8113dd0a341712ce538fcb7741e506f9679432b400699dd46b5e39,5.12583,3.569013;2.807003;2.789447;2.443344;2.326349,512.0,9.0,0.0,0,0.0,0.0,0.0,0,2575167488,2575368192,1907.2170000000028,1532.261000000007,7.000000000000062,3.075000000000007,50.99699999999967,96.0,542.0,973.0,452.0598000000015,1380.3539999999946,6.988400000000009,2.482000000000005,34.776199999999974,96.0,542.0,973.0,4.697705,1.719152;1.672852;1.274712;1.424167;1.271608,512.0,9.0,0.0,0,5.0,1.0,0.0,57896.0,2571939840,2572181504,2074.808999999997,1535.856000000002,3.8959999999999777,1.973000000000003,36.144000000000105,96.0,542.0,973.0,416.2456000000009,262.64579999999984,5.628599999999958,2.3513999999999977,28.364600000000024,0.0,0.0,0.0
512,0,18,0x5209384ba248b650e6e72f7e5e0471974d723d471d4dc91d23b1bb84a3070a0b,0x1c6a6d9735950b44ce15cfd325e9726f03dba4e9e3b237a72c2252bcaabadd6e,0x2dc34b7158f0c5dc009f0ffdadb34dabe9b6f1d4209e73074a84560040fd3acf,0;1,0x975a518fdd4a705a479601b5bddf52cef439429e84880c436bc1dc66df9c1a63;0x6cbd4256b98296de6926a6687614c389525c9c46e9bcb794cd6dae1971db8fc7;0x82ecef4bfa9ce46a67909c2ae159a403e8efa735ad6f8dea36737747998708ea;0xd46b77d14cbce8281aade9d550987911477f173e2d47284bd59e0fec9f9ed30a;0xa85c3a549ec28fe13b4d9cce043c8a492907bd549c03b84f10da7a5976c22710,5.706095,3.108197;2.747103;2.492129;2.528293;3.118103,512.0,9.0,0.0,0,0.0,0.0,0.0,0,2576216064,2576384000,2160.918999999997,1620.0929999999892,12.810000000000034,3.7150000000000007,50.22599999999957,96.0,542.0,975.0,426.4090000000026,1478.243200000001,5.9889999999999946,2.389600000000014,29.08779999999979,96.0,542.0,975.0,5.81551,2.310505;1.701166;1.592361;1.581525;3.241409,512.0,9.0,0.0,0,5.0,1.0,0.0,57896.0,2572828672,2572972032,1820.7360000000033,2808.4449999999997,4.466000000000062,2.2830000000000052,38.258000000000216,96.0,542.0,975.0,431.2607999999968,261.49239999999907,6.017199999999983,2.9562000000000013,34.874800000000114,0.0,0.0,0.0
512,0,19,0xa162854194bdbac8fb4d5ee130c5b1863a781266ee47da37a17b29c91a3d204d,0x0a27dbb4ee4afdd58460856137fdd974ee922118436f6d625d7518fb17d20a08,0xdcdfc797554a82d925450e51628f4435d5c29c3063dacf7966ceedbcca2497b7,0;1,0x3b872b098730c259fd23cb242035ccb192a2521ead366ef5cbadd2491783f8a3;0x5e8d625db226ebdf77020906e07182cff2910a8ce9c7a9ef5913a2d407d9fa9b;0x8016f96066a0df64dda6e0261152412d0455a44c4999d26bb83ba21906f8a767;0xf49f0d625dbea1713d232e4e72b40e941964abd2091cb2f51e1bf35888aefeed;0xc1841542e9210b57d86738a156ba73cc43dcde900a052550243402b568d9b0f5,4.561279,3.491756;2.643947;2.641314;2.604979;2.65918,512.0,9.0,0.0,0,0.0,0.0,0.0,0,2577002496,2577145856,1775.9940000000029,1418.588999999998,7.611000000000033,2.8040000000000225,51.207000000000164,96.0,543.0,977.0,436.24559999999866,1408.149399999997,7.062600000000028,2.9539999999999993,32.68139999999982,96.0,543.0,977.0,4.092502,1.587004;1.688736;1.420893;1.457148;1.440302,512.0,9.0,0.0,0,5.0,1.0,0.0,57896.0,2574323712,2574479360,1724.2809999999943,1375.5250000000024,3.7760000000000398,1.6830000000000447,34.852000000000146,96.0,543.0,977.0,462.52760000000114,246.08100000000076,5.634600000000009,2.6197999999999846,29.63480000000001,0.0,0.0,0.0
512,0,20,0xa0251ec38efdedbeb8fec7a25640a61e27c3e5aff537dace54ed1a4014dde25b,0x62e68bedc22be9370fa15b39e60fc17e9bee107c8ce6dfc72164420172568c42,0x76a94090e6ac55f3b4fbabdc48ae0650d55b2d3856d9109af810bf8c53824629,1;0,0x6072b8a5511b9f948ce39301fffb79cfb01d806b350f619b9d1010dbdecd3db8;0xa5a27126b184774026bb9fd07f81e039f8fbacd167c3ac31a1373deeb642e32c;0xbde02196f76ec70de6bd73593479519f93817dce22dbdbe1d03cbd7fb412421c;0xf2b413c24eeb0e3b8c28973d10a20fa33506e825566cfcfa9cd6d698cd7a8b31;0x270809677dba2c8af0f2af06c00c3e1302b5320118c7c2a81be7fa56033b8f1a,4.309308,2.942037;2.821996;2.502304;2.477927;2.683647,512.0,9.0,0.0,0,0.0,0.0,0.0,0,2577940480,2578055168,1812.904000000004,1428.3539999999928,7.340999999999902,2.594000000000023,39.980999999999696,96.0,543.0,979.0,428.7367999999986,1408.5162000000041,6.455799999999972,2.327599999999992,28.372800000000044,96.0,543.0,979.0,4.572026,1.954698;1.773094;1.46546;1.576177;1.308423,512.0,9.0,0.0,0,5.0,1.0,0.0,57896.0,2575278080,2575446016,1933.0260000000044,1369.024999999996,5.889000000000024,3.254999999999968,49.47399999999987,96.0,543.0,979.0,477.89280000000156,281.17200000000173,5.782799999999979,2.359600000000008,35.855800000000016,0.0,0.0,0.0
512,0,21,0xbaba2b2c1015a4588c0805d0f32afc3f190a01016efc377ecf08c27c10b51aea,0x1654b983b541fa9e62fb00ad0ae72980c0099a1d653d8026d21fc04fbc870efd,0x8d88d3909f6f680e0c8c4886ee1c7eeffb53a91b2128e21d63313c6b9452f372,1;0,0x0f8a290e24a757a8a9a1f709eff66f7ad12e796383779fa562c4e75611ffd852;0xef4f0df19a3746068b52eba8a185c7feb1854cef49522626ddeeeb0744e9cd77;0x01dea6c5313f88d444d033139ccc10125124a0396675789ac326bc39769b196d;0x189af755084f94a7889889fdcc20f5732d62dd0fa0d58c71a8c8ecf0b6fabf85;0x042b8aeae463aa5cc2814d85c8588f65c27553222b7b57792aa2d80eec062c5c,4.579766,3.566789;2.588674;2.782657;2.679611;2.515764,512.0,9.0,0.0,0,0.0,0.0,0.0,0,2578800640,2578923520,1874.3459999999989,1505.7509999999995,5.989000000000081,2.7539999999999942,37.44700000000035,96.0,543.0,981.0,443.81739999999894,1432.384400000003,6.497799999999982,2.5235999999999987,31.52759999999997,96.0,543.0,981.0,5.395457,1.840866;1.458339;1.338809;1.608406;1.461625,512.0,9.0,0.0,0,5.0,1.0,0.0,57896.0,2576179200,2576379904,2297.7649999999935,1573.663000000003,6.659999999999912,3.3449999999999758,49.61500000000025,96.0,543.0,981.0,436.3017999999996,278.78859999999895,5.45239999999998,2.331200000000016,28.522799999999847,0.0,0.0,0.0
512,0,22,0xf72e75841fcd0b374cf50a48e864429d3ac89157e7efe465d9c99e5dc215fa39,0x9c64f586e6dc69fc5fe615a87f30b91c56828c85f644e1446835eb2e564d16e2,0x3240983c66f5ab0117b7376b1091c40fa05e6cea1b2d65333de2efbd118dee2d,1;0,0x241681c034fefa5cb6cb64ab451579db3c1a9833f27fe4d42dabf5a73a16b1c2;0xa83ca4bf5202a207aa8139d788c97aedf5827564f680ae3467bfb5d253390a2f;0xf442cf762bc3e03a3e42b35e25c92fd8b913971c7705f62524c6ec3a6fadfd5b;0x97375dea916f2a2296b336a40deb007806e326debdfc20f51e9e2d99722ae436;0xc349dc85e995710a41870414144258b64bb5a66c38a65c5c7645064e015f2638,4.775421,3.046374;2.541463;2.492439;2.516936;2.642104,512.0,9.0,0.0,0,0.0,0.0,0.0,0,2579931136,2580008960,2257.493999999999,1343.084999999994,6.048999999999942,2.663999999999987,38.13800000000006,97.0,548.0,981.0,426.8957999999989,1383.562599999999,5.8290000000000335,2.275399999999994,31.236800000000038,97.0,548.0,981.0,4.744295,2.330895;1.568135;1.356886;1.385079;1.307863,512.0,9.0,0.0,0,5.0,1.0,0.0,57896.0,2577080320,2577223680,1909.6799999999969,1514.7640000000017,6.378999999999933,2.7640000000000433,47.992000000000175,97.0,548.0,981.0,486.29540000000304,239.17039999999668,5.480399999999987,2.283600000000004,31.116799999999884,0.0,0.0,0.0
512,0,23,0x5fd0da93fca8065794756da9ad272d34398d6e4956fe8822b047a9ef2c175a2b,0x34a4cef4d552f20acef903948e97e6e59aedc7cad6ac841fa94569b1702cf1c2,0x1d2ab2bf0aa289116cce9f8b69c80195460503cf291bf46a5385a55f16a03dad,0;1,0xfeface622cfe6c31a83d5a254d9c27fd3cdc4a3d190a9802f1ca0b257204d34f;0x51266973fb1db07811e367fccc78dd9ad6adb025eeab26b7cd3e24e4ea808939;0xa23fecebce0137c9efe010076a9bd2b7673becfcc7601c545fa5a5cd1bbe5804;0x39ea1545dd3d5ed1d28dc9f25821e1a0cdc798dacba9b4440aa24eec83c2175e;0xf1771043c85a019020e6374bacb788b8ef48435a5220058097fc034a5e409d7e,4.598014,3.307158;3.278033;2.536045;2.566081;2.493,512.0,9.0,0.0,0,0.0,0.0,0.0,0,2588438528,2588610560,1849.8900000000067,1446.4409999999928,7.761999999999917,3.304999999999996,50.0450000000003,98.0,551.0,981.0,408.1975999999987,1435.769400000003,5.82040000000005,2.223199999999996,28.29659999999991,98.0,551.0,981.0,3.894663,1.963301;1.486181;1.617189;1.370247;1.373611,512.0,9.0,0.0,0,5.0,1.0,0.0,57896.0,2589536256,2589601792,1552.3610000000022,1361.9339999999952,4.026000000000073,2.323999999999946,35.28299999999967,98.0,551.0,981.0,397.25499999999914,262.0771999999966,5.801000000000026,2.6675999999999784,37.212200000000074,0.0,0.0,0.0
512,0,24,0x99604a801d828e873fd30092b373c71a557cd3e9986fc5e4465577ca7ae5e9a9,0xc4d77880215467503df39443d309e1247c6730c00e626b4a080d77965cb8f9c1,0x96f6a1f3502f2b0954e72141ee242712dbf3a5f42d195b9473e9eef9b28446b9,0;1,0x9660852998f533b4305d9377d23f9836618091340c524752e4bc6a7f445c9088;0xe0e0c39e2476707030c43b51851824636c3fa98b7a1878f4ab99930c76df96ba;0x2f3839c5a1a602ce8684db8dd134af394443ddc5cd858b0f38f8ecb7e6b9d668;0x83457ca410fde7f0bce846d78f66d307d7a234fa9f1eae7a07b097f7e0f5c3c7;0x8b72c75545543d739583e410bab76d7c451678019748574c5e384bcea7932721,4.809443,3.400419;2.694128;2.722245;2.602915;2.766051,512.0,9.0,0.0,0,0.0,0.0,0.0,0,2597126144,2597097472,1627.1840000000038,1586.793000000003,7.190999999999925,3.5659999999999856,50.05500000000024,99.0,554.0,981.0,407.2599999999982,1540.514999999998,10.19939999999998,2.4697999999999865,28.194600000000165,99.0,554.0,981.0,4.022837,2.050037;2.012675;1.468014;1.37294;1.290486,512.0,9.0,0.0,0,5.0,1.0,0.0,57896.0,2589790208,2589798400,1599.8019999999974,1372.1990000000044,3.7950000000000137,2.082999999999946,38.02799999999985,99.0,554.0,981.0,411.2724000000012,268.05440000000067,6.211600000000009,2.445799999999999,32.06859999999988,0.0,0.0,0.0
512,0,25,0x2ee25f531ff625e93c593354f57bef2f084d12a88d779b29ef1f1fe4f6691000,0x7046f391809fb4c32685873b6c2d449bd062077110c02ebc9e04e689f21d5706,0xd0b2338bdc6720208ca78f68ad07119ae2177286910999cdd2270c53e7de0d9d,1;0,0x640e4db43d50a47dd721de85cad4764d7af8c86294227d734a81e6a11c6efcfb;0xa634195526662365120941c94d5238af7576ee98f94d9d76ee08a52a15c3b22f;0xfd73c0001a100b17365f2aadaf453c942e229df5673940a4b031857e4e51d263;0x054833bb82723bd3d7bc9ca52118328e49a2b0f1ca121f2e48f1d5dbdb716186;0x80247cf78b5e8c7f6ad0143463a750f728416874f2b76c11ffa1d870cc93911d,4.291417,2.978151;2.615795;2.31372;2.467261;2.359989,512.0,9.0,0.0,0,0.0,0.0,0.0,0,2597126144,2597269504,1559.2209999999995,1685.0210000000088,5.737999999999924,2.473000000000015,35.883999999999915,99.0,555.0,983.0,394.574999999997,1396.1957999999997,5.951000000000003,2.171399999999993,27.80000000000022,99.0,555.0,983.0,4.441518,1.867627;1.51806;1.337968;1.31964;1.249675,512.0,9.0,0.0,0,5.0,1.0,0.0,57896.0,2589798400,2589835264,1806.1840000000022,1467.6740000000023,5.46800000000001,3.18499999999995,47.02100000000039,99.0,555.0,983.0,380.7986000000041,265.36040000000037,5.654600000000021,2.4158000000000035,31.23940000000006,0.0,0.0,0.0
512,0,26,0x14d0879323fd853c2132b4e4be8cf9b2084f5ca7fcd8ccc08b198df531765738,0x3fba087533938451879529fd85ed73b350f8cb68e055039ecc068eafb047d98c,0x84ff8d09d1c8460792ad9c51868a0b703c766b2acd63b4b1029e295c62e613d0,0;1,0xd63ced21edb10d6324539d90439a17586e2fb3d9736a1a9ae25a7a2fed626de1;0x915927e0261c8a125dd736270ea82831bdc048d920c5f2890767fb8b74c9fd7a;0xba0ecf20a0f6ad0abe616b66a8e0e0f0ab017a016b9cbd603109f8c44e13fa9b;0xb76020ab2ae603a6026b7471be08ec884c2102b877bc989b5d382e2d30f37ab7;0xd28314cbb29fb7b07001e7ccbea3c10afa8e52c352c84ba345d59ec1877901c2,6.877982,3.585167;3.621301;6.078598;2.736507;2.591288,512.0,9.0,0.0,0,0.0,0.0,0.0,0,2594111488,2597605376,2343.555000000011,1504.1590000000049,10.365000000000027,3.875999999999988,52.44900000000042,99.0,555.0,985.0,1050.4141999999993,1598.8891999999978,7.197200000000001,7.9175999999999815,39.64619999999967,99.0,555.0,985.0,4.823845,2.219397;2.152446;2.375442;1.685612;1.448334,512.0,9.0,0.0,0,5.0,1.0,0.0,57896.0,2589839360,2589884416,1986.5649999999957,1472.6099999999992,4.627000000000104,3.0850000000000017,40.20100000000013,99.0,555.0,985.0,519.4592000000054,329.56500000000113,6.852400000000037,2.8962,34.63439999999984,0.0,0.0,0.0
512,0,27,0xc213e15ed6370f9df479fcb92c5d4ba90bc6db0580a1bf7e05fd8ced501319a4,0x7c73dc1d81bd4d237e3fe0287596a53cb25c1ee880ce9b56c39dae6fd3bd6143,0xf6a5d8774bce8fddc181a9f6ae28caf7832ad58e34f65a1e311c6dc319f36921,1;0,0xbe3f622acd12e1d1d1dbbff884424cb701028450a0a7f0be5320ad24849b2316;0x0f4dce031ffd3b053fa0938baed333cce59795b63a6a7c027ab4a3cc5918c455;0xc241eab9d43c58c02b4a36ce4bc4c0472df40bb87b9f58e8016105bb68b7e674;0x469edad6d33641438e8f560a42a239302c5663a21738582f6855ae3dffefe1b2;0x1f23a687e2236cd017cbe1c174e1bb95ed5b80bdbcb6d6c5fe3e34da84529017,5.505233,3.137702;2.948146;2.786212;2.525128;2.458718,512.0,9.0,0.0,0,0.0,0.0,0.0,0,2597609472,2597777408,2912.4419999999873,1448.2550000000094,6.090000000000045,2.773999999999984,37.33700000000013,99.0,557.0,987.0,413.68199999999854,1497.6568000000134,6.623999999999953,2.2794000000000025,40.30720000000009,99.0,557.0,987.0,5.025509,2.107067;2.118245;1.664971;1.827376;1.440482,512.0,9.0,0.0,0,5.0,1.0,0.0,57896.0,2590048256,2590060544,1905.3139999999912,1767.2549999999953,5.498000000000048,3.6160000000000143,53.49100000000013,99.0,557.0,987.0,422.311000000003,301.4928000000028,6.371999999999975,2.245399999999988,49.574600000000004,0.0,0.0,0.0
512,0,28,0x4f851e007e51d16e19843ae339c0e8f538687de609bb7ba9481a9a78598d95cd,0xc43c90c881e5c2a06a43098eb53e3edc9c935fea81dbddee05143e0cff86ec21,0x1bf7dfd6d48d675248718f071205058bdaacb9dd6000175d8e922274314442ef,0;1,0xd2dcfdcd80e7979c8dd1b72c7a8edca45a82fafa0a2a71debbcaeafa75bcd027;0x9d9c7a87a5fdf3fa5e68b74c09946c6b7964e959c69b4582005bbfd69d8c31e2;0xabfb430f264f3165d90022b35d4299586ccd9ae3c7374cd9adc5dab68237f46e;0x4ab467a708189386ac033c9ea8a3b7bc066758a80ccb45a683407777568183c8;0x4525e55ce18bd36e45623bb5bfe9f2be2766c1958a7dfbafbf5b2433c65c9e2e,5.086662,3.091221;2.712331;2.773463;3.005253;2.659191,512.0,9.0,0.0,0,0.0,0.0,0.0,0,2598068224,2598014976,1960.6070000000032,1434.1529999999937,8.933999999999939,3.285000000000007,50.88599999999999,99.0,557.0,989.0,478.0070000000025,1497.2921999999999,7.090800000000017,2.79639999999999,32.781800000000054,99.0,557.0,989.0,5.487917,1.988048;1.856871;1.522556;1.698592;1.43221,512.0,9.0,0.0,0,5.0,1.0,0.0,57896.0,2590076928,2590093312,2606.8419999999983,1482.3459999999955,4.436999999999931,2.0439999999999823,36.23500000000078,99.0,557.0,989.0,461.56800000000663,295.88640000000055,6.161600000000001,2.6682000000000095,32.937599999999925,0.0,0.0,0.0
512,0,29,0x876a581fb3caf9ac336f8e5ce865ebe51e92d937228728d6c34f9b7326345e8d,0xf80079ffebfbfb6469b602d6da92cedf82f516b7a40b6ead69e8b7908dba1b41,0xc5fdaf396833df39794c293db40e733a734c522c21e2e7f3d358fd62d7e20d84,1;0,0xcb085c07cabcd27a9b06ce74753a019cd6bc7db829e169f4782da5f42f5c5c72;0x19e99d3a2919d271e28e5924faba0f51dab2ef98b0989b495783bcda0519ecee;0xc2190831b5d3dcad591b6cad03cb52b230d4aeba817687cafe4acb9522044b31;0xdbafe90a82eedf2c454b1c5804234864c16aca201b527b9243b4acf8e26fcf43;0xb31db5e4192b0ea430a3dc38c7653fcacff8ec82929740a3cddc8a7b2ca6fa28,4.620308,3.536243;2.762636;2.621233;2.531769;2.575434,512.0,9.0,0.0,0,0.0,0.0,0.0,0,2598146048,2594996224,1809.8500000000017,1583.9990000000025,6.219999999999923,2.1329999999999742,38.82900000000064,99.0,558.0,991.0,423.5665999999971,1402.0162000000003,5.736400000000029,2.527999999999992,31.61939999999988,99.0,558.0,991.0,4.677305,1.691411;1.489817;1.274782;1.31962;1.411128,512.0,9.0,0.0,0,5.0,1.0,0.0,57896.0,2590375936,2590400512,1853.355000000001,1510.1879999999956,5.807999999999942,3.265000000000017,48.08199999999964,99.0,558.0,991.0,433.0650000000047,247.20680000000215,5.0916000000000246,2.1107999999999936,27.842000000000144,0.0,0.0,0.0
512,0,30,0x6346b8639c8afcf48f49e29784358b7eb1f8ec34d89f2a76f72b72e5306057cd,0x4ded19f3aa729aaadb7c628e0c65b4f191ef43e5c389ba912ca1e05036d14f3d,0x8e29874236b76deeec5e8c14353a72a86a45340930ebf34f542b980a306f39c3,0;1,0xd64c29fcfc631a0d9db545da8514be1e88459e27ba50bdf1dc5245235cfea975;0x94d19bba915daec005ecbc5c383f4b5c7ac8d840ac93d1b6cdb3500fdd00853b;0xf89972bec1143a67a25b67273b1baae0b1c224158e5ae4e387acd8acccf48732;0xe51f7ef05229dc54a083fe2c66db807a54182fe4033b4efb40af5da9c6c6f0e3;0x506d1ad80fc7a60d1b501e7f77d0a0936d7b3878587dfc7085d149af828edbd6,4.732287,3.372947;2.83153;2.465668;2.773021;2.43999,512.0,9.0,0.0,0,0.0,0.0,0.0,0,2598875136,2598887424,1904.853000000012,1476.6469999999977,8.362999999999946,3.9760000000000444,50.44599999999913,99.0,558.0,993.0,414.79739999999987,1560.8056000000036,5.482199999999994,2.229399999999996,28.004200000000118,99.0,558.0,993.0,4.319114,1.904993;1.705041;1.433693;1.503978;1.209363,512.0,9.0,0.0,0,5.0,1.0,0.0,57896.0,2591080448,2591096832,1861.9679999999917,1382.043999999999,4.307000000000052,2.663999999999987,81.57299999999971,99.0,558.0,993.0,399.9894000000004,253.72460000000208,5.606400000000019,2.437199999999993,75.64819999999992,0.0,0.0,0.0
512,0,31,0x79023032b6123e9959d60ff5f4d423226ca88f819bcd9045d3900e4831a758e6,0x1468e5e93ac6266e8cd26a2012538af83c771f3c5da7fb3dedfaa757dd340db9,0x50f65b1773fe0df65b641e737ed8569496ae227895a6582a66c267baa53da655,0;1,0x5c45b9ca75096e7f2e03b6fa516d7bb412738e12341612c2046dc2e475e41d84;0xbd43d2e58a5738154b7b7593ff3e22ae46ad94642fd9b06b6a171515f8ddb676;0x0f1dfafbb548d7a45dfc12020552392e80afb750361ce9fceab3d78ca1b36373;0x3e7448143e3ebae33f8574397cfec23041dac651166d4c0b7d708125e373752c;0x268dc13e9d3e740ca0c671cfcb92cd4fe447cae1a2a667b70797cc8ac100d4ca,4.494669,3.436894;2.939704;2.67223;2.726422;2.795706,512.0,9.0,0.0,0,0.0,0.0,0.0,0,2601185280,2601226240,1593.2230000000047,1546.7319999999952,7.852000000000032,3.886000000000037,49.665000000000816,99.0,558.0,995.0,477.05599999999794,1544.9627999999936,8.14019999999991,1.7925999999999924,31.35919999999979,99.0,558.0,995.0,4.081245,1.718853;1.512871;1.280952;1.413512;1.435325,512.0,9.0,0.0,0,5.0,1.0,0.0,57896.0,2590953472,2594529280,1694.7360000000022,1411.8490000000068,3.865999999999939,2.3840000000000234,35.58399999999996,99.0,558.0,995.0,440.81699999999887,256.9515999999994,5.5945999999999865,2.019200000000004,29.94519999999987,0.0,0.0,0.0
512,0,32,0xb97c248cd8bfc08fdcafdea40e6707e7ff892f3ff18dcab6d3d12ad384bd75c0,0x0d31fc785e4f2a8f89ad1b1e9bc59d915204bdec684821810436ec26451c01f2,0x3fe547f82728fe0ab46bd24ea1e36fd87f56a6187647626ad28a6e62060015a6,0;1,0x51f9176466a9cc53e30d8ac0aebf9110c9610acfa034298cd1df0cab397f64b5;0xc9fe88873777e68abf7b38db03e6a7f7fe5f2685114aa55b6f6791ca031b462f;0xbb8e9a9d7d7a6a5eedac8783420063dc3c803ad5c4e78a69f6b1d463edaa5ae7;0xb5230dcb2deb61075a07beb8cd245da30ab6198ee9c76494a9efcda6bb5b71e3;0x318a780ac111af4db289d59b61209be81f6c3fd1f2fbe477dae1277d2236b4b5,5.220843,3.526298;2.743738;2.916298;2.793944;2.575174,512.0,9.0,0.0,0,0.0,0.0,0.0,0,2603184128,2603139072,1832.0330000000106,1869.6699999999898,11.978000000000161,2.4839999999999716,125.63999999999977,100.0,560.0,995.0,436.32199999999455,1485.9029999999996,6.992399999999986,2.0311999999999975,31.866000000000184,100.0,560.0,995.0,4.069217,1.775287;1.663088;1.430607;1.501395;1.328173,512.0,9.0,0.0,0,5.0,1.0,0.0,57896.0,2594873344,2594852864,1506.1319999999935,1439.5110000000045,4.9780000000001,1.963000000000008,34.21099999999927,100.0,560.0,995.0,390.2448000000003,255.16700000000336,5.794600000000012,2.4579999999999957,38.52420000000009,0.0,0.0,0.0
512,0,33,0xd7cf21c447457c81e59e0f3bacc5955f2583e101a7b249f32b61cab72b2a4f01,0x27783aa2524ebd3afbacf2ffcbfc830be997fb0b8b257ee42540a3d5f1ae2871,0x272fa9f97cecdfd2de456d618feb624dd0f4422e2ac76f0188e3ddf2256bda0d,0;1,0x208ffa33e48aec136a84a14571ff212cd28b72382c0445b85ffd5d4e7d41e6a8;0x247c993bf558d56f08b3847d4fcc362f6a3b1dde640916ea81a168e491c43876;0x44e9228d9033a480b5b9e61638ea91647ee07f83e6daca19e0a960f7b28bcddd;0x9fa839f310b1fe9df9109bd49d849d2971adf38bd731354dba159e6624f4718c;0x10df31da944d2ff2c433edbf775712e3ff1acc414053c6b1a2e27c365ba4fe4c,4.585195,3.525492;2.729967;2.526585;2.453891;2.50654,512.0,9.0,0.0,0,0.0,0.0,0.0,0,2603139072,2603282432,1701.5059999999914,1545.7609999999788,7.6210000000001905,3.6959999999999726,50.787000000000056,101.0,564.0,995.0,438.17100000000386,1419.076199999991,6.612000000000024,2.087000000000009,33.87299999999989,101.0,564.0,995.0,4.117299,1.60417;1.387122;1.41213;1.370186;1.184857,512.0,9.0,0.0,0,5.0,1.0,0.0,57896.0,2591571968,2591571968,1591.1989999999876,1465.6110000000056,3.6859999999999236,2.773999999999984,36.02400000000082,101.0,564.0,995.0,398.11019999999587,261.69080000000014,5.6286000000000005,1.836800000000016,27.427400000000144,0.0,0.0,0.0
512,0,34,0x55bee6fba4e30e8b7f413c367b29cf779675eb1ad7be146106b09b89591905ed,0x9975cf036cceade0b316a8cfc8d07225a544caffcb60545eeaac94e7da773f8e,0xd3873ecf8e8b8eb959b502d5023f12f67ce5ce1dd301931d5b30007e1aafafe6,0;1,0x622966aa4bd0dcebaa050c7f574498be4788862d23789e0ae5d0a9b1b1de563d;0x734098af6a252fc720ceecc4b4b1d83e606e3a60ad609133fb3634a5556842a4;0x5263cc2a877e7246a486b7617c6e1270f24a21a70a4a5f6e1d177889247588ed;0xac68cdab549ea0c9b0528e78a8921ec145582a2afb59241ddbc5bbf62c33b562;0x2b0b89b466657c8d58b802823102acb4ff0f302ab2c37b8afa54d1d41c166d16,4.523257,3.314529;2.79808;2.494192;2.55928;2.472559,512.0,9.0,0.0,0,0.0,0.0,0.0,0,2599735296,2603520000,1616.817999999992,1466.2320000000118,7.982000000000128,3.1449999999999707,49.304000000000016,101.0,566.0,997.0,416.0073999999958,1417.9566000000032,7.0124000000000395,1.872600000000016,31.705999999999747,101.0,566.0,997.0,4.18698,1.633534;1.516487;1.309065;1.386832;1.222904,512.0,9.0,0.0,0,5.0,1.0,0.0,57896.0,2591645696,2591657984,1720.409000000006,1417.1570000000022,3.324999999999986,2.474000000000031,35.27300000000059,101.0,566.0,997.0,387.7528000000019,229.5724000000027,5.4764000000000115,1.9466000000000103,35.16719999999973,0.0,0.0,0.0
512,0,35,0xa9bc6a60efc18508689d7fcb4a6fdd8ec0492be23e9b13542f3fa7586a411e7f,0x729d512adab1f120dd9352a4575b98839733db8c07b65055652be3ea45106d5d,0x9c5a149f1bad08cf20adac50a16223a5e46bc70fd4508d8d762840522d3e2ea5,1;0,0x877e59fa1338247b02f72839ece32a7aba3e39a30117238d87f87117fd9c35e8;0x5d6f215bedcdf2c31ec5d0ec34cc33c6e5ae7d085715ae3216a339dc15865288;0x34b282f8ea2153ef5929ae07e2c9e2845863e6f591caddcde6c2d419d15c4466;0x4e53b310d0eedc741442befdc64b337a383af1a14b560e0f903879f05202c05c;0xb98c2c4ccfb20cf6a4aadeff019fb0652db2f64ad79befff6c4ddc197f78bcd9,4.38979,3.040715;23.560462;3.234258;2.927305;3.055388,512.0,9.0,0.0,0,0.0,0.0,0.0,0,2603544576,2604044288,1672.2319999999957,1558.6899999999737,5.929000000000004,3.1449999999999707,42.82499999999981,101.0,567.0,999.0,480.48039999999406,5653.430000000004,9.33839999999993,2.7141999999999964,37.3705999999998,101.0,567.0,999.0,4.682813,2.062961;1.656809;1.677571;1.606332;1.376285,512.0,9.0,0.0,0,5.0,1.0,0.0,57896.0,2591698944,2591707136,1836.188999999988,1467.7540000000017,5.938999999999944,2.9140000000000197,49.11399999999941,101.0,567.0,999.0,435.2304000000029,261.4381999999999,7.248799999999989,3.3230000000000195,34.489999999999526,0.0,0.0,0.0
512,0,36,0x01cb59dfc084e8195f6ad17c634e2cff4d14b63c221fc7502d0a3f86e98350f9,0x7f723f926d12bf9e895a25ed9c96436910187734811a03340f23afd1b236c6e6,0xfb64d43f11c015702060743112942ade5f517383b526f75edd5a79e36fac574a,1;0,0x6b4725ac6b7a67eb112d49b576f4ce721bf682efeda4a5679e62106c6b9359c7;0x56e57836a1db7a00aa12b9ed952237edf298ae2ea77fe089a935180bf431b0ba;0x5e7b563d6235ffaf490e78ce97e57c1e53d187040157e77c0b1c135304ceadbe;0xa6baef6dc4bb67a4ee3d5999342cfeb0d6b632f07d71e6bad0eb6ff0c671354a;0x02a466a56a97416de0295215d2eba35bf53ccf681fb7395b83f0da9c741b284a,4.841902,3.047596;2.761225;2.585018;2.554682;2.426189,512.0,9.0,0.0,0,0.0,0.0,0.0,0,2604670976,2604703744,1877.4709999999916,1468.1440000000046,7.020999999999851,3.265000000000017,38.76899999999926,102.0,575.0,999.0,421.29919999999714,1430.210600000015,9.674800000000154,2.343399999999991,27.97640000000018,102.0,575.0,999.0,5.188366,2.130954;1.640644;1.367953;1.471659;1.340661,512.0,9.0,0.0,0,5.0,1.0,0.0,57896.0,2595123200,2595041280,1863.5860000000005,1745.7720000000065,5.427999999999813,3.364999999999965,49.25400000000031,102.0,575.0,999.0,415.88519999999903,277.6485999999995,5.536199999999978,2.6118000000000103,30.88080000000007,0.0,0.0,0.0
512,0,37,0xf01c6429c9abb4fcf97e8980688741dd942c0dd34bffe5c3ab674b5cdaef6bc0,0x4a1bc4e669038e01027aa77faf01df6bb9701e41064be8eccb324f43b288a38c,0xec52bb19ec2faebdb815b66fb03ae3ef978eac03097184ebd96991b2a2b66e6d,0;1,0xea118c9d6bc0a5fb754a8d77cec58b5817c6b049f29c45690e1d9fdffbc4eafa;0x5b9560c0aab2eb7ca38ec23d2f506a0e065c41c30fce30a644b3784a39620d71;0x717fabfdc898329045e3c41faad480027d7836da15fbaf74ef73bd29b11604b7;0xd40a1d719c7b4d321d1c1100f2ee18d13c58f9d2b92a6433088a78212c6c4f35;0x8c8747bfcf0f885e65ed8014ffeeaa7ce95d6ab19fbc0c57b21f4fb4835dbfae,4.785267,3.584717;2.769898;2.633853;2.480981;2.534192,512.0,9.0,0.0,0,0.0,0.0,0.0,0,2604941312,2604941312,1847.0459999999912,1493.0309999999781,8.273000000000048,3.454999999999973,50.90599999999987,102.0,575.0,1001.0,443.0739999999989,1400.0293999999913,6.495800000000038,2.2194000000000123,59.11720000000009,102.0,575.0,1001.0,4.523913,1.725652;1.469416;1.311538;1.344668;1.292589,512.0,9.0,0.0,0,5.0,1.0,0.0,57896.0,2592083968,2595405824,1721.0149999999924,1778.7829999999922,3.7950000000000137,3.0349999999999735,38.46799999999983,102.0,575.0,1001.0,393.86380000000497,248.1803999999976,5.4023999999999734,2.0349999999999926,35.413399999999555,0.0,0.0,0.0
512,0,38,0x07188aca2baeab81896e149abd2465cd7bd93c0493b116072a70b47c28d954fa,0xb745410fc39894e415fbbd7edb7bae2f8c9dfbee95825fba8625e3d87f3150a0,0xbcf4b67b3b20f10d4ac101127936cbf1ab0a9e91ee88b4691c9da0bcb6aa7367,1;0,0xb4c542a0dfa042900c7b561ef5409a6c8736323ba26dac2f8f21c2d9ac2e90d4;0x37bb772bb312d57a73c9a02f7d4cbd56c03a56f6184f5e948ddaa00c22980252;0xe9f532e75c3830ee669c985dc8301ca16fa234d23d289aed5b23143c8e75641a;0x261b6957221cb1b8ae68cb4020249297f1aed608ae2e066510f4fb4caf12dd95;0xa14afd7b8c1bb1c717ab1527141d63edb66169964c2635d743f1f255126c42a7,4.508128,3.346427;2.768405;2.9113;2.509144;2.596406,512.0,9.0,0.0,0,0.0,0.0,0.0,0,2605649920,2605432832,1965.5839999999926,1446.912999999994,7.160999999999886,2.8050000000000384,54.883000000000365,102.0,577.0,1001.0,446.26520000000113,1455.7395999999944,6.551400000000002,2.4153999999999973,36.89800000000014,102.0,577.0,1001.0,4.729863,1.742748;1.554284;1.495225;1.476216;1.575497,512.0,9.0,0.0,0,5.0,1.0,0.0,57896.0,2595971072,2592579584,1957.7229999999945,1475.0050000000015,6.028999999999844,2.4639999999999818,48.433000000000504,102.0,577.0,1001.0,462.8259999999995,258.3919999999962,5.496200000000042,2.0648000000000066,49.068000000000026,0.0,0.0,0.0
512,0,39,0x58c009a0ad9c152e92f4590551d243a19a94faf5743c7c15e80932ae67ccdf92,0xac6eafc8153e351d75f28f0b30824f1b3d7ebecccaf2c0726194390d625f708e,0x5d92151e19986734b1a3cae8b0ddb80242c8e4ba75ccf26da8e74d1ba5750084,1;0,0x0a0d9b32a78e15f5acc85221d25ce4108600a030b04ff7cc2b44d2814b327f31;0x84f5ba36a3d21dcb62ecff54bef27d992d5f67f98cb1eabe863962b9439b1ed6;0xa3b5130f24ab6bf80b4984399ce5abde59cd4570e2ff3a8542cc0252c56d3876;0x174bf53ac02d24415830f1298721383f8d6366841b9b76dc7fd7ff93a49f41b0;0xb2574832a366a02bb7b521abb4b903681339540b035765e77eaa88cd4ffbe55b,4.408028,3.619018;2.649135;2.610748;2.766042;2.746542,512.0,9.0,0.0,0,0.0,0.0,0.0,0,2606370816,2606395392,1688.276999999988,1480.7130000000225,6.378999999999933,2.613000000000051,52.57900000000051,102.0,577.0,1003.0,451.8889999999997,1507.3234000000045,5.921000000000052,2.473800000000006,31.116999999999955,102.0,577.0,1003.0,4.610363,1.549106;1.37258;1.378509;1.41218;1.271427,512.0,9.0,0.0,0,5.0,1.0,0.0,57896.0,2598424576,2594684928,1558.9410000000082,1793.6550000000052,5.549000000000092,3.6059999999999652,47.85199999999927,102.0,577.0,1003.0,374.6732000000031,228.711199999998,5.272200000000071,1.9989999999999897,28.84740000000004,0.0,0.0,0.0
512,0,40,0xd60af07fe2939d5d9b5d263c89be9d5de661ae96ed5bddc4cb1d5918651eba65,0x1af4efeafaae5f1f245910a1dd5cd545e885381ac6f26ecfa41b54a1e92941b4,0x21fb643466d65024d3360a2954f5f34c5f9a7ad7b37cc955ff3e82de82011c68,0;1,0xf709d91b1e6ba477ca6d5e3bf5acf994f4583cbc1b10eeebf58f153aa18a7e18;0xabad20c85a0941a0a38da3b144a871c71d0691cc09fd994f1be9a6be92a25658;0x549087545744ce271428ec08f62e07ca21f2a1dfefd6c28be8f70af5d4a1e73f;0x111a7e9af744a19672226a3ef427bee791bc1fa1badfcc04855d88b732c48243;0x5132863734d4054028bf8cfbb43042a9a558c057fd9e63c7c7764819bf34cc59,4.863485,4.085792;2.833213;2.552749;2.872061;2.596245,512.0,9.0,0.0,0,0.0,0.0,0.0,0,2607316992,2607390720,1809.4180000000072,1598.4210000000164,12.349000000000041,3.8459999999999495,50.0450000000003,102.0,577.0,1003.0,456.2642000000061,1669.5717999999915,5.770800000000007,2.2775999999999956,29.764800000000104,102.0,577.0,1003.0,4.410943,2.059806;1.813976;1.591931;3.836796;1.378039,512.0,9.0,0.0,0,5.0,1.0,0.0,57896.0,2598674432,2594799616,1632.160999999993,1627.7550000000085,4.126000000000129,2.784000000000033,37.87700000000039,102.0,577.0,1003.0,425.41360000000196,274.2455999999949,7.07679999999997,2.9965999999999977,34.62240000000026,0.0,0.0,0.0
512,0,41,0xd52a585fb13eeb56fc8e0d557a623e55a138a5a18718125fd28bf3c7000f12c8,0x499a279e601ef0655dc616a8c6f283c7bf20a00c3ea2e99f4ca5c39a394baeed,0xf6b6e1239f1dea291be2b445438fe169fbaaa937075a83df6629849daf180535,0;1,0xaaa2b578fbd39d37f3cf360954aa675cd6b287df61edb1a6439311b93ec0ca7d;0xd695b0df5588af97636850e571a05a72f798352d0ecb4ca10c375024cf7263eb;0xf1213a4f52e4db7548c628784e4b2253f22f729835b32ba7d9a1fc64644ffcd0;0xade877a6947556715bb28d918eb6b3c627eb8b01dffc421ad372e52dcdf0e859;0xcb2abcca300e59d8590e16483d99b340f7b1d298826389dee6b9abd40db9ec5f,5.402238,3.526588;3.178865;2.878221;2.523025;2.57975,512.0,9.0,0.0,0,0.0,0.0,0.0,0,2607403008,2607403008,2424.997000000012,1469.2060000000006,7.671999999999801,3.0349999999999735,51.758000000000706,102.0,578.0,1003.0,461.2557999999989,1511.1190000000051,6.633600000000017,2.3718000000000043,32.751199999999855,102.0,578.0,1003.0,4.023528,2.588073;1.51189;1.481364;1.490458;1.291287,512.0,9.0,0.0,0,5.0,1.0,0.0,57896.0,2598805504,2594820096,1620.2730000000054,1364.557999999988,3.444999999999924,2.4940000000000206,34.89299999999938,102.0,578.0,1003.0,413.51160000000493,236.1763999999933,6.1132000000001065,2.161399999999988,29.422400000000266,0.0,0.0,0.0
512,0,42,0x93fcb245dc3e3a39103e3bc7124892b4c725464dfa10da49af32d273b5f64eb4,0x993a40be05f00c2fed128a72747fc490a5f2514fa30406de06a0b4f600ea117f,0x5af91207649602ffa212bbcda948ebcfc59f92deb443e45ed276c1f050da2309,1;0,0x44574988c19bb5296b20dff5c07737ba06d7c4037c9b65784b2967c2865986e1;0xadc1ba63e951c73ae0f04c72586f67c8a2c6116b0cc5a0895263bab9ea9e8cad;0x178847afd82ce0eb2d476893e5e0d5a2d94439796d3d23668945012aa20bbebc;0x83a2a7169c0d09b3a82bffe7a6cac517e4c21c07318d116a4c861eaccceba622;0xa05f6efd29adf3d6957b1a82c63fa1cf84744fe955413e5c66251650fd3b31aa,4.961562,3.672559;3.12281;2.872011;2.713898;2.636636,512.0,9.0,0.0,0,0.0,0.0,0.0,0,2607501312,2607542272,2148.95100000001,1529.9169999999917,6.690000000000168,2.544000000000049,38.98899999999969,102.0,579.0,1005.0,493.2115999999986,1532.2145999999925,7.214600000000036,2.539999999999964,33.41419999999991,102.0,579.0,1005.0,5.117067,1.725782;1.771582;1.496517;1.595276;1.562877,512.0,9.0,0.0,0,5.0,1.0,0.0,57896.0,2598871040,2598817792,1930.1610000000135,1698.8619999999955,5.52799999999987,3.816000000000019,47.781999999999684,102.0,579.0,1005.0,437.4700000000009,287.6119999999982,6.507599999999985,2.796000000000005,34.64599999999963,0.0,0.0,0.0
512,0,43,0x456a8c7e63a9767a815506e3e981a63500a08570a8199d9218a9a9bcd224df6b,0x63cb9a2b6050f06cda70687f5660bc03d99ed319f67eeba3f2a25616745fe807,0x05fdfebb6b6130ecb934ffc541568c4425108d84092f76d0a2d6b1e5534867a6,1;0,0xf119ea09d507b2a5572234e039a0647122420708ed7eecbf4f8ebe700771a47f;0xbb9aafe6847dce272cae61fe71b5fd0a4a30c088ef7727be517c3dc3b2036d37;0x73fe6b585652f60b7a34ebe44464334f7ad4e73fb4af19001f3befba0f8fae09;0x559a34aaabd71d1b5ba6b1267e70fbd1f75cb27e814dfc9bed1bd5eff658d1ce;0x6bb078129289696b27bde61e0fbfc0672c64209d0f55bf0348da939b02b542ea,4.372233,3.055999;2.760524;2.667062;2.847384;2.556445,512.0,9.0,0.0,0,0.0,0.0,0.0,0,2607767552,2607857664,1858.8029999999922,1448.033999999987,6.439999999999918,2.674000000000036,37.92799999999957,103.0,582.0,1005.0,467.47699999999946,1485.1715999999903,6.1771999999999,1.9990000000000112,33.51059999999948,103.0,582.0,1005.0,4.483171,1.871823;1.450808;1.317507;1.407793;1.315944,512.0,9.0,0.0,0,5.0,1.0,0.0,57896.0,2594959360,2594983936,1756.489,1442.545999999989,5.559000000000033,3.7260000000000115,49.75500000000029,103.0,582.0,1005.0,403.51240000000564,232.9893999999999,6.159200000000007,2.221600000000025,32.15859999999987,0.0,0.0,0.0
512,0,44,0x8c21264e7ec8b43d6c5e848eb48da399f06df6c50a7db8a416b0e6069174e0f9,0xc24d9bd7220449d09aa9d86baf2f522ab4f7612db2f9d274023d698f9e562b7c,0xdb5e6ca216c3ba8b125b902eb722a92d004aef3281905ba715b15967d5700d27,1;0,0xca105c48ccc972d5448f60aa1030a1532ac408e8bde864a2308a9cf500eeff31;0x5af1f0f0a70dcb6a6b824dc47565fc7a358bd341f0e8212549d7498b01ffe11c;0x2c5cd0a2de7e924a8e76fc47c6b0ef086d72d4a1aa5f201cdea5615ef5ec6552;0x864555e9da58c683f269269a481dbca62b38a625726aea0b48ad4d666b596132;0x9ad524ed72a474a9c0c36bedc5524eaa3fec3133779b934c3e2ec041d44db30e,5.347234,3.422142;2.793513;2.634713;3.013104;2.81141,512.0,9.0,0.0,0,0.0,0.0,0.0,0,2607861760,2607882240,2064.263000000011,1679.4529999999975,5.287999999999994,3.6259999999999546,40.0309999999994,103.0,582.0,1003.0,467.64700000000437,1521.3764000000074,7.8460000000000685,2.3815999999999855,33.12599999999999,103.0,582.0,1003.0,5.879853,2.116222;1.61817;1.501715;1.50498;2.349343,512.0,9.0,0.0,0,5.0,1.0,0.0,57896.0,2598952960,2599059456,2019.4560000000029,1894.3469999999907,5.058000000000059,3.1049999999999915,47.982000000000234,103.0,582.0,1003.0,459.76919999999865,243.49719999999797,6.557999999999998,2.882199999999996,33.592599999999685,0.0,0.0,0.0
512,0,45,0x6822ee8e24d1c52e560cab4cdbcd7b7db3acb63328d21820a801d26025aea00b,0x2dbf6aa7667ebc5eb4a6b2b5a3b96da7d335f0de50af2e56950d2b51544bd15e,0xff71ec66b80e9f4c262654ea960441971ac7a4f0098723aa98a6deed5e3d0986,0;1,0xcacd0354703568fdee26270646c5100688eb3441b817e5f6a691f9a4d2ceef6e;0x0ceca2f2acece7cf8dd1adc0c304ee998d28ff1cef4accd389e55ee06f04de47;0x2543550db2e25c02ef1da525599b1189a669ce6cf7444354eb2f2b32895f1e9b;0x90d95f935eb5e5b238ea380e040075624b6143f5dfba212399a6ed03d2f21e63;0x149c3203550cd0f4074b361ee1bf63c2827ce1f8b0682837065d11c07c320f03,4.929804,3.051742;2.799872;2.548233;2.513576;2.507772,512.0,9.0,0.0,0,0.0,0.0,0.0,0,2608087040,2608164864,1974.9380000000094,1525.810999999988,8.273000000000048,3.124999999999981,51.82800000000029,103.0,582.0,1001.0,420.43999999999966,1388.7404000000104,6.385399999999947,2.0272000000000214,34.085199999999915,103.0,582.0,1001.0,4.487849,2.257204;1.546202;1.340281;1.423897;1.332079,512.0,9.0,0.0,0,5.0,1.0,0.0,57896.0,2595274752,2599608320,1884.0709999999872,1597.9499999999869,3.7859999999999805,2.4639999999999818,37.68699999999979,103.0,582.0,1001.0,416.39800000000116,240.82900000000353,6.079200000000048,2.3915999999999698,31.83600000000002,0.0,0.0,0.0
512,0,46,0x0e416514d95add4c31851dfae82a25beff39bdfd7824e39b3f9ff7a2e455a2ca,0x9ed5872eab0920728a3b1d201015dcf54926d9bc2cf34b43b3265e7db7f61092,0x3423eeeb4f633daa35ac4adf5a367c0a064118dace0ab8d842b0aa175e053074,0;1,0x1ff48a244cd921b570c0869e50ab5d12d717b480630092e0b0ddb379e462a6be;0x152056cc49dbd2abdf10e2a7a57b71557509fae1587d29e44453f48089ca2564;0x912faf182844c4d85ca1a293db46a3941db8d68f26cc134b9ecd4d415031cc52;0x7ea6dea9ee50388d607119773beedd30a8d88d0bec42666e9755629256420d47;0x84a38fa12563d81d0c4c928e9d6dbe0b921df428214bc4e49a47e97cff89816a,5.691904,3.767722;2.853604;2.787253;2.679821;2.706031,512.0,9.0,0.0,0,0.0,0.0,0.0,0,2608762880,2608816128,2239.397000000004,1850.3899999999796,7.300999999999922,4.286000000000047,50.22600000000044,104.0,584.0,999.0,519.8979999999964,1490.9561999999933,6.532000000000066,2.778399999999988,32.9078,104.0,584.0,999.0,5.310568,1.712033;1.638671;1.429616;1.447083;1.480893,512.0,9.0,0.0,0,5.0,1.0,0.0,57896.0,2595946496,2600144896,2490.0750000000085,1510.9889999999903,5.398000000000208,3.0139999999999683,40.92200000000053,104.0,584.0,999.0,438.5574000000059,245.7843999999987,6.024800000000059,2.8260000000000005,29.60879999999999,0.0,0.0,0.0
512,0,47,0xd2a76df2cb19254fd14efcf8c09b54bf826a3c7b4438c733ad4680cfa817e2c0,0x2a7b50b71b8f19fadedc5b65814c5c91cd085d989c9bde442bb2828e37a9751f,0x75dd55b1595d717de3d07d83c25e31d22807784782185644f43d500695d1c887,0;1,0x3a0fa16fa13715fbfb9a56b88cc17e33fae61e6656d72bb19ef3724915c53b0d;0x7e10d99d98f33938ba821b7da7c38653b2ef52c08141ea8fedd47fb3f177361e;0x4f197f44cfec62a05d5295b348d13bdccfbfefb9fb91a01afe24eb7ef72e8f02;0x938af7d2d61937c0ab8a385b75dd57185b5b2ef2a37eb359d2ecf4adb471d0c7;0x358291b93172d463e9d073ea9651f46f70afc44aab055ff44713c7be8695b065,4.919969,3.029078;2.760613;3.323702;2.806473;3.257112,512.0,9.0,0.0,0,0.0,0.0,0.0,0,2611077120,2611081216,1701.5360000000035,1503.9679999999667,8.863000000000014,2.9240000000000688,51.967999999999456,104.0,585.0,1001.0,570.9332000000012,1594.5765999999749,7.4854000000000065,2.413800000000037,39.201200000000064,104.0,585.0,1001.0,4.644734,2.178065;1.672592;1.551099;1.54508;1.353621,512.0,9.0,0.0,0,5.0,1.0,0.0,57896.0,2597613568,2602307584,1676.707999999999,1781.2060000000074,4.646999999999984,110.25599999999999,37.27599999999928,104.0,585.0,1001.0,438.6154000000031,293.4045999999968,6.345600000000079,2.64979999999998,33.06780000000009,0.0,0.0,0.0
512,0,48,0xb3c7d894d9b834a591d23ec09c7c1f879d7e7f1a20b49de3827601a6fdaf8507,0x4bd6064968631a47b1ed46a280dca054a343052c7a348ed865220d13f723f1fe,0x7e277f0e740f9eae677c4044b19adf5154c998e124a7be2736956c8bf9c76dd7,0;1,0x108c31619c1a77f4d21cc25af14b020acdafafa74b0aa34ab80b12625c69fb82;0x441bd67a742dd796095ca9aed5b4e2e269e337299567a83c3c21319891c1ea22;0x377c3760d3921072fc7d8f3192fe3af64371d990aebbba6c01e5821f1eddc3b3;0xf5440a8c5f5ade189a8ebde422e524a1dbd7b2598c865ee1096f5ecc84d82966;0xf7ba15f3c261bfc84191bc7a7fc65b222feb8b0e96cdf4af93e0ea7fbf17b826,4.574419,3.470764;2.657468;2.756387;2.553561;2.710878,512.0,9.0,0.0,0,0.0,0.0,0.0,0,2611249152,2611453952,1612.622000000008,1511.9500000000396,8.732999999999917,2.9240000000000688,52.01799999999916,104.0,586.0,1003.0,423.35039999999987,1454.7775999999901,6.187399999999996,2.4438000000000324,37.614799999999974,104.0,586.0,1003.0,4.215773,1.766253;1.522066;1.291407;2.538138;1.3263,512.0,9.0,0.0,0,5.0,1.0,0.0,57896.0,2602635264,2602450944,1626.3119999999908,1512.48100000001,4.837000000000157,2.643999999999997,37.52700000000074,104.0,586.0,1003.0,415.66880000000197,273.23779999999795,5.463800000000009,2.491999999999989,28.84740000000004,0.0,0.0,0.0
512,0,49,0xbb8c4d6ba49edf75b66c6335cd55183fe06d75c37106fc73770d8c84aff7f8a1,0x3277b065331d8d3a735294ebe503a80025c17437a9c4661cbe3e32cbc049dfa1,0x145f0379cd641c361a232e92eca359e33d5f97dadfb4751eb152ef24462360de,1;0,0xbb15ddfc143a4d6099d23028fa232841b3c279db8428801aec0af33933d487b2;0x9fba36adb57d4d6aa1753717639e3f4168f1ef278aaea274f3cd82c5de779d93;0xcb63bcf3a979f679d6c08d025c6069269fa48ff761ce76de8325ed444e9fa81e;0x253efad94e74e818f93dc1533d8d99f412a05937411d386114b392cbf2a6e95b;0x79d082d603c38fe590eafb5c04c41b14be06abab9608ad0d7b3a71e282505cea,4.253344,3.430643;2.882046;2.843728;2.509174;2.696526,512.0,9.0,0.0,0,0.0,0.0,0.0,0,2611482624,2611511296,1649.7079999999996,1482.7459999999792,7.100999999999809,1.9930000000000467,38.13700000000059,104.0,585.0,1002.0,456.6424000000013,1473.6604000000098,5.977000000000066,2.820399999999999,38.594399999999915,104.0,585.0,1002.0,4.395909,1.631411;1.623298;1.801838;1.52512;1.433762,512.0,9.0,0.0,0,5.0,1.0,0.0,57896.0,2602688512,2602573824,1680.7849999999903,1456.986999999993,5.017999999999863,3.395000000000004,49.304000000000016,104.0,585.0,1002.0,429.84420000000136,260.22440000000313,5.8489999999999585,53.348399999999984,28.78540000000006,0.0,0.0,0.0
512,0,50,0xf526791d46ec308f2d7e6ddaafdfdf7e85bd728c5f1e896e9121400fb1d035b2,0x1df454e1f8f801aa0d036e8fe455924f2bd112b4d41b7a3c8fef99478167ce0a,0xd1b4d5aebcace42d21e99eb88398b21dea45a6bdc2b198afe628518a2ca11567,0;1,0xc40c967dd9efb60f1083995770bce19126a00b60e61aa677663a447b5ab737b0;0xf479a34db9d509aef77331374b37d11a6fcaca550f6feb2646c4c966c8d8d5f8;0xed8a87ace683a26b3205f2fc98c698dee42c6389fd33133e81932f48c1e96145;0x6b782b425d215c072f1a1544f7b114470d97cc3553a99fa77b6e4c093eb566e9;0xbcae120bf52ee11bed3c5b6b0c6523b824bb95489bcb2b125dcc31acfcab9080,4.727119,2.918141;3.320137;3.489887;5.508698;4.710784,512.0,9.0,0.0,0,0.0,0.0,0.0,0,2611560448,2611875840,1818.7530000000063,1491.488999999957,7.871999999999914,3.996000000000034,64.45799999999987,104.0,587.0,1002.0,777.8121999999944,2076.8660000000104,7.76780000000003,2.972800000000013,34.023599999999725,104.0,587.0,1002.0,4.113623,2.032045;2.132015;1.413731;2.603626;3.151843,512.0,9.0,0.0,0,5.0,1.0,0.0,57896.0,2597801984,2602831872,1669.8579999999963,1374.8540000000087,3.935999999999957,2.833999999999953,37.35600000000054,104.0,587.0,1002.0,640.6102000000025,249.08579999999844,7.32500000000004,3.250999999999992,47.33739999999986,0.0,0.0,0.0
512,0,51,0xd8b34933c31c36936c974ad55dd3925300b5b98f03856b09d722531afd88f7b0,0xef5d64f83bb9bea5241bc61864bb4ec69a2301f69e34cdd1c2b4539e59c6484e,0x5ff89b6f9f5367303f6865e7ec6312ff79199f527ac0fedc5aeab09b8c39e701,1;0,0xb404a517879a062f8c0ec32fc393574ae38dbf8cf433cce2d68546544ff72634;0x39711c19cfba7c50aa19b8b543818fe63509a61d76c61d838302680524ec614e;0xbfd10428d10f0b6792bc7c37c8f79b31cb25c0937f7210c0dc91e2da8220f796;0xd1f7bb3538c9d5b9ab8508097b323b25938548192a85289f9a222158ba7faf7d;0x643d6ac645c9f758c99149e30ee6cf3e5af6ca646d13c65419a22c59a7597502,4.742802,4.292764;2.954465;3.209591;2.749841;3.806971,512.0,9.0,0.0,0,0.0,0.0,0.0,0,2612113408,2612346880,2102.3800000000147,1489.2560000000499,6.540000000000192,2.3740000000000827,38.668999999999855,104.0,588.0,1006.0,499.5574000000059,1776.787400000024,7.196600000000057,2.518000000000008,165.0167999999997,104.0,588.0,1006.0,4.910255,2.245427;1.878302;1.565972;2.377767;1.579772,512.0,9.0,0.0,0,5.0,1.0,0.0,57896.0,2602975232,2603048960,1869.7799999999875,1643.4690000000085,5.43799999999997,2.8750000000000564,54.76299999999934,104.0,588.0,1006.0,446.006600000004,458.7115999999947,6.7320000000000055,2.641600000000046,35.72019999999975,0.0,0.0,0.0
512,0,52,0xe68dc56339e7756b98157fd19522afe739a2f50e4e3c1d9423c616f40476ae3c,0x6af8c4197421478b7513f442941d4c3105ce3c4d2eeb4986abcb4bbfdd302ab3,0x9c65fb8dcd36d09f7f9d86b84705500b1635ea398be5ba1196cd42b1ff490541,1;0,0x84fba984b8d10b405548a3a8769a27adc11daf68dae94020ac383d400e54b54d;0x9d20424495b61228ba6de8a16df37c0ea8737229922d5e2774174d258670c5e4;0xd566e87e712991c686bd1cee6a75fbb0d62fa294e07c488538e885d408976cc8;0x6610c5fdef2bad7cc5f70a9c2c432204952def53293ed0966567721588b74bb0;0x18f05308ca8571f24b8211a004e04cd5dbeadef5701e6be4adaad7746e14e323,5.33171,3.750741;3.002448;2.828255;2.701514;2.884099,512.0,9.0,0.0,0,0.0,0.0,0.0,0,2612928512,2612985856,2184.6739999999977,1539.0210000000293,7.150999999999946,1.7220000000000082,56.904999999999454,104.0,588.0,1005.0,490.75219999999973,1658.4790000000016,6.267200000000059,2.2356000000000287,29.586600000000576,104.0,588.0,1005.0,5.015633,2.208941;1.679312;1.459641;1.851752;1.58458,512.0,9.0,0.0,0,5.0,1.0,0.0,57896.0,2604355584,2604359680,2089.3559999999866,1466.0710000000133,5.457999999999852,3.1250000000000897,51.037000000000305,104.0,588.0,1005.0,437.84639999999706,266.8786000000034,6.1730000000000285,2.5118000000000187,32.47540000000001,0.0,0.0,0.0
512,0,53,0x504348fb08b67dae6a8649d8f8f7bceff72029391744a1d06a7648a9295751ea,0x2a38bdfe2f66a814145ee8f493db5785508007ecde0c3ff5e0377c277457ad21,0x6d46e4ad07480b391b5fd44dad664f7b4c999d2b753d870495a9eebd301a280a,0;1,0xd8a9518d292de29e0d1499aa6f7c8939e5a271c160144dfd44873f46a676fb1c;0xe520e89394de49f96440f0853160eadc6a10afd77b046021fa978a67be137668;0x729ce4dc685503a8eefe4e08cfb04ca2ec1acf776a4b19eb1281dbf10495718b;0x15f36ae0cb418ffdf60e6715d98e8255b59ebc7354561ea833def4772f4bf456;0xabb16438abb98c172d203e0f811144a13c8cdcf2eac604a2ea19267f4c20f290,5.31784,5.841499;3.229966;5.115264;3.358254;3.255916,512.0,9.0,0.0,0,0.0,0.0,0.0,0,2613174272,2613280768,1964.6830000000225,1702.9579999999767,8.362999999999946,3.5250000000000994,51.57800000000004,104.0,596.0,1005.0,639.708800000005,2336.5254,11.072800000000003,2.5656000000000203,95.05740000000027,104.0,596.0,1005.0,4.338252,1.715598;1.708597;1.427182;1.629762;1.53835,512.0,9.0,0.0,0,5.0,1.0,0.0,57896.0,2605113344,2605117440,1818.2219999999804,1536.1070000000088,4.997999999999982,2.643999999999997,36.88500000000039,104.0,596.0,1005.0,421.5778000000059,252.51299999999864,6.115000000000113,2.1492000000000124,29.86300000000011,0.0,0.0,0.0
512,0,54,0xb24d6f34124af85f42fcb27cefa6530ac7401abbb45604c5a13028c62da633fc,0xfab3886e79078b0b20ef2437f24ec278fa59572c3f3909344f5b4bde31bf66bb,0x43d225a5a9c87cbf102db4abc65d1f70e25d17a05f7d28957ba35ee82729590e,0;1,0xfab0255416cd040c3880119e64df48a86145f2d1a4a216b479bcd0d5ac947a7f;0x1419fbddf8e7327b978ace6c2c7d3e0085dccf90772047ea08b22bab12a56d8b;0xe2d414095a5d676ae5c0829c0df975ad00d993ae25197355e0be393b8d51600a;0x15a50701071fc738630ec2275f850ab1955053206a3ae5c3b7b092a941c49d32;0xd46b02ea5a2f22aa8223cfe3ce1d32d0c8ded2c666963031ba1efd452095e7c8,5.28491,4.048936;3.024311;2.889497;2.875527;2.59971,512.0,9.0,0.0,0,0.0,0.0,0.0,0,2614194176,2614345728,2050.231999999985,1558.1700000000253,8.192000000000181,3.5560000000000453,50.986999999998865,105.0,601.0,1005.0,453.9708000000031,1601.9200000000124,6.790000000000008,2.361599999999974,34.732200000000404,105.0,601.0,1005.0,5.073371,1.964282;1.539141;1.362425;1.515896;1.495204,512.0,9.0,0.0,0,5.0,1.0,0.0,57896.0,2608001024,2608054272,2177.413999999989,1526.1320000000135,4.977000000000193,3.374999999999906,40.29099999999959,105.0,601.0,1005.0,439.9394000000001,241.1394000000011,5.6744000000000065,1.8247999999999789,28.80360000000019,0.0,0.0,0.0
512,0,55,0x75a7dd874a9ad4d237acb65c867a2e54b71a820367e9b7ea0d24c37ae53899fe,0xcb1689fadfa1485eb6674bc5bd24ee2b3aceea80a49a2921691fdfc001116313,0x787f171c40b7712371365a5086a0b48e406f75ebbb557b175c5db058bfbba5ab,0;1,0x6b1d4d4dc8c81ffb5ed5ce3d89330e13f9d4ad16cc24c6be256cd5ef9bd4ecc2;0x3a6491da61e3d606a442069ec5b4d7127e52d614770c502b9ab633368e6f8132;0x1e708ee34304f16c0a0af79bc1d71bf0b29f9b9b66409c54e52d57ce494723d5;0x7afede3dd655a0e61dedd6f3ee245e5051ca1167b12001c660fec6cc3b215184;0x899d802d1c2e1833c2ef2758d592388a82ab2c669b4c563648181fccf25a43d6,4.708771,3.563574;2.741924;2.928696;2.555104;2.942257,512.0,9.0,0.0,0,0.0,0.0,0.0,0,2619506688,2619584512,1588.0249999999928,1553.8630000000442,6.679999999999794,3.205000000000048,49.395000000000685,106.0,605.0,1003.0,459.4887999999853,1564.0247999999967,5.800800000000002,2.005000000000019,28.358600000000234,106.0,605.0,1003.0,4.416851,2.014969;1.802157;1.383997;1.279309;1.297437,512.0,9.0,0.0,0,5.0,1.0,0.0,57896.0,2614685696,2614595584,1851.7719999999738,1430.0060000000115,4.095999999999874,2.4429999999999765,35.15299999999957,106.0,605.0,1003.0,393.91200000000737,251.1068000000005,6.285400000000021,2.127399999999995,31.70580000000089,0.0,0.0,0.0
512,0,56,0x2c16188d55413e431fc263cd77a0f373f26ec4fd285237d88655b40a91f71edf,0xe3df4901980c94d1d3b53baf711d4cebb87aa7cb0b4478b27ddf33262cd457b5,0x20761f08804567ea7ac21da4d75229d0a681c4dbfb7ba1f84bdfceb3a28c286d,0;1,0x755498d3b900f60e654f9daf441c614ed5369bafa0853257371234e8ed343606;0xac4be8672376f9a7c228e669ad46591303decedff15dffa8cec7bb94634586d3;0x2bfc83ca46f1f578da15251151797687a9f762b7c439507bbed86003627074ce;0xce57352a7a7211b8af0e9d8bb97963562ab90815b51856f8efbf458b4507bffe;0xb342a9b5e76107fce1db5f2ab1bbf7ca6696bb566d53bead7c05250a44e1dfdb,4.572155,3.147075;2.737188;4.53537;2.993785;7.741705,512.0,9.0,0.0,0,0.0,0.0,0.0,0,2622169088,2622128128,1643.3180000000048,1607.3829999999623,7.6210000000001905,2.9949999999999943,49.503999999998825,106.0,606.0,1005.0,425.90439999999893,2957.3118000000286,6.659999999999999,2.193199999999968,29.370400000000576,106.0,606.0,1005.0,4.169949,1.864932;1.662467;1.454374;1.528015;1.364788,512.0,9.0,0.0,0,5.0,1.0,0.0,57896.0,2615205888,2615087104,1648.7270000000165,1469.3960000000118,4.946999999999938,2.4739999999999225,36.10500000000155,106.0,606.0,1005.0,434.51520000000744,255.2111999999995,6.924199999999887,2.3433999999999693,51.4955999999997,0.0,0.0,0.0
512,0,57,0x37d5e25c3a53c1c334ebe12b7c645c622a88f31cebf666e1e7a62ce814e5f715,0x6b6ed312749062c025cddefc664fc6b26008e3fe7e19949c85d1db9e00c11d4c,0x7c39177311a6d828bc7bf891b33d6bcf18bb1bc8c7cb8f9e12a79e4acf55900c,0;1,0x94fe6fd44b4a91b6f7bdf28c31788a68596fa008dce1f8ec0d76285487194cf3;0x301af1931dc669c32a53563348333962ebc6a451ab8466d8354d0f89ccd68753;0x7c960c10517ca968088bc6e09c71c477845d33f750de5ce0c6ba3a006cd0f33d;0x99a620861d255b7dd2f7946d2ac09d130d0c18058ec92e64c9ea083d4b53316a;0x17e8e9da57da9022e07b492e8a70d7166778f54c0973951b5a262740ce615596,5.178469,3.760822;2.950329;2.595825;5.672815;3.835669,512.0,9.0,0.0,0,0.0,0.0,0.0,0,2624368640,2624479232,1837.360999999982,1765.3119999999633,8.532999999999804,3.434999999999983,51.147000000001384,106.0,608.0,1007.0,442.3709999999858,1781.5738000000135,8.128400000000005,2.455600000000023,33.55640000000035,106.0,608.0,1007.0,4.536251,2.099406;1.941538;1.682157;1.420212;5.06581,512.0,9.0,0.0,0,5.0,1.0,0.0,57896.0,2617909248,2618232832,1699.002000000005,1555.4050000000097,5.7790000000000274,2.573999999999979,38.23799999999947,106.0,608.0,1007.0,465.60020000000475,280.5431999999997,7.6738000000000675,4.114200000000009,40.46519999999984,0.0,0.0,0.0
512,0,58,0xc329bf51940c247833cb696c56528c366fb4d99ccb732fbf8affe32c13d91c3a,0x0f5dab9f096ae30919f65418478776bc3501334690ba1ba2fb3e8e908ceaabdc,0xb1cff535af0974a602ad3e81bc6ea1f076087ebbbef5bfb0fb903d2d45e25cbb,1;0,0xdea6c2450d9200a9e77c818400c9f4832dedf1c909624385026bfdd202de089a;0xb267ca094a04435629b3af6ec127ba969c9a03314989c5bc62c70eb8439c36d5;0x5513b100eb1cc2bd9992ca1ecd5c8f452863b78bf275edc4d61a80bb2459edcb;0xb368a8b53b4b74d5abdc68d2f927a49ab699c0f2af9299e4dc4e2d90a276f6cc;0x12b520081139e25a4ae4543039864c457b3a6cab2e03a199b6c750de475c55c7,4.786108,4.064079;2.926944;2.763438;2.891115;2.576135,512.0,9.0,0.0,0,0.0,0.0,0.0,0,2629726208,2629959680,1911.433000000018,1663.1679999999926,7.951999999999872,2.554000000000098,38.65800000000044,106.0,610.0,1009.0,446.92400000000407,1592.0751999999761,6.705999999999986,10.519999999999975,35.994000000000305,106.0,610.0,1009.0,4.765126,1.739774;1.604009;1.527354;1.518941;1.420933,512.0,9.0,0.0,0,5.0,1.0,0.0,57896.0,2612989952,2618449920,1920.6660000000154,1605.0910000000029,5.9589999999998255,3.5849999999999596,48.31300000000122,106.0,610.0,1009.0,427.3226000000019,251.8816000000035,6.77399999999993,2.141000000000035,29.11799999999951,0.0,0.0,0.0
512,0,59,0x373c8fa79a0c1f0649ce406ac8073e8a9e9ad606299bfd4e79132b8b38cbca0f,0x3132281f1da084b86b0bd44c25f196604bd6c2c9c39fea8ca6dbdd57d625ef44,0x8c487bb50ae46fff008f9c496e457a2a4222097639d500a3e01ac71a350c697a,0;1,0x13ee6c295bca7cb739c3d3e6624b35c4d487d037c757a4e024630d7ff3af10d8;0xc8f7732b0c31fcb55ebeff53ea57258dd262556beedd4de96631b11ed693a8a9;0xd617ce1545fe89fe1f48e86b4e8ec05d7e08317b26ab4aa969becc234a66b547;0x2d9b4614f1a738d4b4fa1a3d2c6d39f9ee9d472fca1f1d95c7a4199995f567e4;0xfc9fdd9999bd1ad59ce564857b6dab3ac7b2558e3bbc1e807165e5a5a9079cfe,4.902388,5.790513;6.961108;9.882694;2.805441;2.571258,512.0,9.0,0.0,0,0.0,0.0,0.0,0,2630590464,2630737920,1897.4170000000124,1469.8170000000398,8.7529999999998,3.935999999999957,49.65499999999914,106.0,611.0,1013.0,1453.0794000000014,2737.4058000000146,7.653599999999945,2.6058000000000243,33.69299999999991,106.0,611.0,1013.0,4.258692,1.713995;1.694496;1.440282;1.775578;1.828107,512.0,9.0,0.0,0,5.0,1.0,0.0,57896.0,2618621952,2618646528,1736.018000000006,1467.874000000008,5.909000000000122,2.48400000000008,37.93699999999831,106.0,611.0,1013.0,505.0874000000038,246.2736000000021,7.889999999999894,3.0102000000000166,31.75559999999966,0.0,0.0,0.0
512,0,60,0x05e3eadbcf7f0e83f3c25b3c75595c6085b5305f615a86d55dc19f4ff27250fd,0xe63ff5854b5af6db2d593f8d503703e848c0ffca915a5cbffef4d06d2fb612ae,0x44dbf842920c3bafc82dbfd98a3c14fd46a3db9d6fe182f6a210841cb03ba249,1;0,0x317e579039726e5fcc41c5d11ca5498c0097b9f6672a0b103fb44a44afc69744;0x8391a04dd3fce3fdd9138567a5c23dbb64bc1a5e5a4555242f3d74537c27adc3;0x93c16d92e79c055ec9f15151b1ca22d637fbbdf2dbc8248d45440efb02c67317;0x0db872ac3de92e3f92b24cb682eec7b4e1b68e5f2a8ddf52a09f90b30f2e392a;0xb9d8465b028c06a10ebacd68c5ae54f94d964a0c2181f38b7c796ca68331b35e,5.120151,11.884942;3.12998;3.260487;2.867985;4.278953,512.0,9.0,0.0,0,0.0,0.0,0.0,0,2632200192,2633818112,1806.7039999999922,1724.0200000000482,10.095999999999803,3.083999999999986,72.67999999999859,106.0,611.0,1011.0,506.40760000000284,2635.3715999999804,8.14240000000001,3.4771999999999754,65.52279999999938,106.0,611.0,1011.0,5.241204,2.073818;1.651861;1.854837;1.857321;3.777867,512.0,9.0,0.0,0,5.0,1.0,0.0,57896.0,2613018624,2621566976,2130.352000000002,1572.630999999991,6.459999999999799,4.466999999999969,52.61999999999975,106.0,611.0,1011.0,975.7337999999893,253.09140000000505,8.002199999999904,2.9424000000000117,31.752200000000066,0.0,0.0,0.0
512,0,61,0x25bae86946682b7c06ddf1f29abf3b3af28357420419b4acd65aeb5b12a8678c,0x796815394f1d2171437f3d4b1cdf28902ef41b94bd6b68b72959e4fe1e07a8cc,0x3505ff72637ea873cba3be402a0749df641f36a68c6b39c39f8338c853d44d95,0;1,0x2ce26385d78fb548c94bff505546165d7f4ed9596a1f8d7811fb9a4c9d33e8ab;0x8ec2706cb6511bef74ec5acfae97dfcffb7440bd789d20e54f445034b5484e1e;0xff109d5d193344965fd6352072d396bb35181ad3b77660e64da43d8e1a81140e;0xe3fc3a074ff5935e2e60d3a5e488d543ab64b5b669c7785b5215b2169d4d94f9;0xb392fc3cb7c8d075fe790f01b65561295e87cb66d540e0a3086e6a1041e44815,5.085619,3.699639;2.995468;2.703667;3.053335;3.658227,512.0,9.0,0.0,0,0.0,0.0,0.0,0,2635735040,2635784192,1925.7039999999724,1578.1499999999448,8.27200000000014,3.245000000000027,78.11799999999855,106.0,613.0,1013.0,452.79679999999934,1707.2786000000174,7.473400000000078,2.6601999999999704,33.47040000000051,106.0,613.0,1013.0,7.205036,1.659823;1.90351;1.335213;1.800636;2.671158,512.0,9.0,0.0,0,5.0,1.0,0.0,57896.0,2623332352,2623406080,1875.0980000000195,3514.1800000000057,4.956999999999878,3.4550000000000813,40.3599999999997,106.0,613.0,1013.0,463.5729999999838,302.35579999999817,7.855800000000027,2.6881999999999775,32.35460000000009,0.0,0.0,0.0
512,0,62,0x42cdc528fed284e08831973169b0e20fdfa4ffca0d31d9525e17400f4a205dcc,0xa372265393193b46245e2020c8d2639976fd4e1bf3be7b903c3f7b6c27b2c07f,0xf1acb158011d31536136ba995d51b06dfd5d3a2b2bb86dc6b62574719bb5d42a,1;0,0x60791b9939f3d1ce533eec914052986dddfd566d363d93383357c0a8f5e6873f;0xf28d8b84ba74687c733b5b72bc5a229368f989c636ae526f7d1f569db2423526;0x3fb5ed6d5de731fd715540f958dac02eae9e532f11585c9ff00f24260d0becfc;0x38ac36b6368a22d83aa73ba0792dec8dd1bdc2d29960f68ec07706b26248922c;0x6e4b85db0477afcf83a5e4f10685fc2e19fe3493e5b75a8181ff5875db9a035c,5.03954,3.754412;2.80504;2.522264;2.474221;2.431296,512.0,9.0,0.0,0,0.0,0.0,0.0,0,2632589312,2638245888,1934.778000000026,1559.8730000000448,83.09500000000004,1.923000000000029,42.68400000000116,106.0,614.0,1014.0,428.7923999999999,1443.5068000000274,6.726200000000022,2.5278000000000107,31.501399999999542,106.0,614.0,1014.0,7.21472,1.91663;1.601866;1.332049;1.361683;1.249925,512.0,9.0,0.0,0,5.0,1.0,0.0,57896.0,2624520192,2624528384,2992.3820000000155,2188.2599999999975,6.148999999999998,3.8259999999999597,52.32900000000026,106.0,614.0,1014.0,416.2034000000037,236.91539999999844,6.3014000000000125,2.0412000000000035,28.859400000001006,0.0,0.0,0.0
512,0,63,0x92d8d8101d743abe0bbe251462fc99b9569e2e8492483efb6ce4add80cf14dd1,0x8fabb4f25e3ab45560a2b8326f7d0b88308dc112fbc4e5f424319cba60f2b6eb,0xfbbcc519de29880321c6bec18c63046d0b9d171c1349fad4d1467b374a2de486,1;0,0xed5c1f9557fca4966e01d749850b6c4026318f9fae4e6adaca0489877a8aed02;0xe065f44efcd6a00fde1913d71085cae7a786310fc71ffc980d90a5295e1e6cc1;0x4bbe32b2243d086ea380f449ce8410ab920b1905c40a444a0fff47c548b84f72;0xadaee134eca6a04c3d5c469c7a7c58cec7f175dd2b7aa0b4e008b7fb88b684ff;0x3e6f8f00008bc3c9db33441dcc76d84ca9be29b260c1d6cbd8f31beb1a13fb35,4.390707,3.94542;3.349691;2.840954;2.87835;2.579039,512.0,9.0,0.0,0,0.0,0.0,0.0,0,2640662528,2640834560,1624.6850000000145,1519.7519999999854,7.280999999999607,2.2139999999999485,39.27999999999918,106.0,614.0,1015.0,445.74819999999573,1602.4126000000251,7.437400000000031,2.4458000000000206,31.96640000000042,106.0,614.0,1015.0,4.334647,2.091645;1.705111;1.428965;1.400692;1.356025,512.0,9.0,0.0,0,5.0,1.0,0.0,57896.0,2625814528,2628976640,1619.7219999999902,1467.261999999997,6.209999999999983,3.1950000000001073,48.66300000000087,106.0,614.0,1015.0,436.01759999999376,272.9819999999994,6.339400000000047,2.1614000000000093,38.2077999999994,0.0,0.0,0.0
512,0,64,0xece913c6b6ea8798198cbfb8878acc88fca6c3c9aa0ca99e7cd1e764720fbb12,0x2ebe6442843604859da8cc2343eaef3195d84129986e6f96b8d31ea2aceab20b,0xfbd2db3d6d52c7a4c43309e964504c6439c69c04c638b4166f321424a9e49e25,1;0,0x9e8354015a4a051e8a834d1e99c2170cf4e2863cbfc10ea8d81937246d2f8536;0x4d9311548b9a63a111ecc04c284de196f3083c034a57cec147d4aa3d9fb17946;0x586fa57e725da74cad95aa397a0fb722056479e57d1c429c559f1e23307ce074;0xe9dd1d0224253a4c056f1ee890362d3bb52e78c88c397848701cdc754d787a48;0xbb647044b8d5a485ba69ee39d3eb1b6c93a839ab0fd4b0a000c7264d5a80b9b9,4.667148,4.393946;2.699962;2.64612;2.508994;3.044331,512.0,9.0,0.0,0,0.0,0.0,0.0,0,2642096128,2642051072,1760.8459999999825,1647.174000000029,7.591000000000368,3.1950000000001073,37.80700000000081,107.0,620.0,1013.0,472.83920000000813,1543.2292000000068,6.473999999999889,2.503800000000023,35.68160000000029,107.0,620.0,1013.0,4.639907,1.707926;1.625772;1.325739;1.380692;1.274332,512.0,9.0,0.0,0,5.0,1.0,0.0,57896.0,2626187264,2626187264,1720.0039999999972,1514.1130000000114,6.3699999999999,2.674000000000036,49.693999999999434,107.0,620.0,1013.0,413.0529999999966,231.3626000000013,6.141200000000027,2.4916000000000262,29.125799999999565,0.0,0.0,0.0
512,0,65,0x1c39e8008673f0942306f65f34cdbf28a63eb796b50fd3fc73cd992eb20671f4,0x79772bd3059726cddc0150b904706b9010d9521d252d332f5685aced7e6a1654,0xe0327e35116fba945132e226424dc93c6a1af84b4ee98905cc82dbdc41974e85,0;1,0x0bcce13a2a7c902a9ce18a38a20d6f34d5fb7a6a97ea01925303baf267c9f031;0xdc50153e99ae1a998779383d5870b77f02eb09cceb76923903d5455c14069e54;0x1ce7f653179dc791f991c42f9fe7a18f76111690c5863e408d35964a3bb3a228;0x214ee18334b8fd14dbc946011530b23fd9787e267319054e6a3c0d1b49419558;0xd439c9d6b4bc13f6298a9c5faefdf01577c63b31813771def29ffa966842682a,6.376361,3.597806;3.406977;3.077451;2.789967;2.630928,512.0,9.0,0.0,0,0.0,0.0,0.0,0,2642391040,2642554880,2037.4329999999775,2464.8369999999977,8.562999999999626,2.78499999999994,50.63699999999921,107.0,621.0,1015.0,499.71559999999477,1571.6400000000074,7.901999999999909,2.8421999999999734,39.80399999999953,107.0,621.0,1015.0,5.259306,2.659491;2.377736;1.791191;1.847566;1.823981,512.0,9.0,0.0,0,5.0,1.0,0.0,57896.0,2629386240,2626203648,1812.0930000000146,1661.174999999987,6.209000000000076,2.573999999999979,49.64500000000094,107.0,621.0,1015.0,550.5222000000032,274.6698000000047,8.240600000000013,3.6254000000000324,40.97980000000029,0.0,0.0,0.0
512,0,66,0xaf4f37e7302f8fa7f176472a76f09c0cbe2868dac57bd61e68a9c05c663fa1f1,0xa7cb5ee1adc83a9b6f03f14303a08373e71b09efa50fbd8cca98823aa9550572,0xc2b2d0ee09d729f734bb9cb9f30682e5181c35060f1415c747134d238182e2fc,0;1,0x084b1ac5635ca5d6c6510b9b379670458b757ff27a078998844a866b20c94d81;0xce41f58916dafddf2156e2ee31bb6358060d2882c97f719b9b8cfff4033d5738;0x9e323d3be4b807e96f2e1c5e070b20ea4432d6bf474bdcb0ccc64e3c8150ef5d;0x24c6b4c25090b776a571f949c764a122005a9756ff8a76a2d1d6fc0715a49795;0x12ab415d06f732f26e1d2ca7ecc82c253798976e704f5b75665d76fe80c3008f,5.552654,3.611857;3.266786;3.202709;4.140033;2.839973,512.0,9.0,0.0,0,0.0,0.0,0.0,0,2635759616,2642960384,2081.359000000005,1697.689999999974,7.832000000000152,2.594000000000077,123.65699999999924,107.0,622.0,1017.0,537.9050000000052,1881.2330000000043,7.843800000000011,2.708400000000014,34.167600000000604,107.0,622.0,1017.0,4.903525,1.752167;1.657329;2.331736;1.938143;1.475435,512.0,9.0,0.0,0,5.0,1.0,0.0,57896.0,2626203648,2626355200,2031.5639999999858,1784.8109999999972,4.3869999999997935,1.7229999999999155,39.199000000000176,107.0,622.0,1017.0,496.4867999999956,279.61259999999544,6.866199999999972,13.3242,33.108000000000445,0.0,0.0,0.0
512,0,67,0xe7f5740a5916cd5193439fe00c19d472a25da04f6f10bf0303fb388cc2646cd1,0x080cafd6681dc09dd9a6e54de341a3ace44205fa331556f5db052072fa9093ad,0xebd4b9a3e01fb3b8cf01c585c3682363e6ff1c3aa8fb816f9da80d6f820acec6,1;0,0x787025e5f2ecfda6dff290740de2b63769d7bf5ddbd78f8cf2403180377afbcf;0x0bb5bcce0a31b31cc2cb0ba29ac41ed1f3ebb4d1e283ab841bc12a7b912cdeee;0x6e2c763c14d09b67ad7e33388587f43a27a54dad0bd2808967a25a2ba3a37df3;0x68265baa12ad34174c678f44b78e9ef0a6026c243f923983cabe813142682d68;0xada3d557980e09dc1699e56859b8f0f48e53a1b640626cf5335f54fec34402ef,4.354647,3.233265;3.220116;3.276;2.801013;3.031902,512.0,9.0,0.0,0,0.0,0.0,0.0,0,2642964480,2643156992,1757.9710000000248,1442.1540000000289,6.710000000000049,2.6539999999999377,38.026999999999504,107.0,623.0,1019.0,464.4823999999992,1570.8139999999871,9.228000000000014,3.5091999999999586,36.554800000000725,107.0,623.0,1019.0,4.862341,2.177874;1.954457;1.871141;1.877411;1.625181,512.0,9.0,0.0,0,5.0,1.0,0.0,57896.0,2630057984,2626383872,1820.4649999999933,1570.277000000009,5.9690000000002,3.37600000000003,50.63699999999921,107.0,623.0,1019.0,505.03739999999686,321.90719999999897,8.87500000000003,4.1522,41.701200000000135,0.0,0.0,0.0
512,0,68,0x03e158041b54f12bbdfa81fc2189011ad8035099d5fc3129d34bf01c1c6e850e,0xdc6556a01629932530d830ccfa1c2c474d4510b792ba71e48064a64f41ad08fe,0x8de615ae67c7a5a8a7b33495f29114535aeecbd223884422d25611c471981c03,0;1,0x421edfe3f1b347b589cf87faa920902ad769009e1a7cc0c1bf213f855a95f7a2;0x3ace4d560c3a316b180996bb4123f40bd457c802ece1038f7d165f38ba712997;0xc61a02ffb0b98df23adce3bec4b0f5b25f979bd2a3092ac5d42f749d99355628;0x5e39ca741cec116f6daf94efdd437dbc537594f0f412be29313252850593abc0;0xdab318c83582c5ba6981b3fe15da8e75c06f3887d7eade885cec771be76519c6,8.231867,3.597885;2.974395;2.803447;2.858595;2.83146,512.0,9.0,0.0,0,0.0,0.0,0.0,0,2635964416,2643525632,3731.8370000000155,2925.551999999998,9.013000000000423,3.9459999999998976,50.94599999999963,107.0,624.0,1021.0,447.6807999999943,1634.6969999999849,7.146400000000026,2.7282000000000437,29.540399999999913,107.0,624.0,1021.0,5.055066,2.178314;1.878703;1.414102;1.817851;1.418384,512.0,9.0,0.0,0,5.0,1.0,0.0,57896.0,2630492160,2630356992,1951.5230000000106,1579.5210000000004,5.808999999999849,2.8540000000000507,46.62000000000069,107.0,624.0,1021.0,480.8668000000127,264.5306000000014,7.417000000000014,3.2332000000000365,34.512000000000434,0.0,0.0,0.0
512,0,69,0x04cedcef5eee73d14c4719bf0170e25b68e3b4715104dd44c37b8e279bf1b442,0x6823cc74cd881be4eb6649fab7199666430e1a1066d0491ca062277baaa9c7f3,0xb23aea3f96bb32ffa62681444c07e1e7529266e1f689b13250f2d802b7861908,1;0,0x290cecbc9dd67113db64f8315e5dba7a52fad91729ce70296fee5b2758f0ef18;0x951d3ce443a8879df956c72632afdcb67472924e970320be8e58fe7dda3699bc;0xae09a9a0c5e00a71f3937e3695a8cb7b80486c64d341072a8bbadc7f4a3f11e6;0x4ec13ac7372dc7dafb8f6a5e428a6ff9f08db880ee284c14f5de22cd2a3de366;0xa613d703310aa9c9bb8b0aa3aff69f3a0c1da5cd3b682eb295e564b076a49c52,4.394436,3.111001;2.780823;2.42056;2.822335;2.695003,512.0,9.0,0.0,0,0.0,0.0,0.0,0,2644156416,2644180992,1827.6159999999763,1451.5379999999745,8.00200000000001,2.5640000000000382,40.06100000000096,107.0,624.0,1019.0,439.01399999999313,1564.3348,6.585999999999918,2.1032000000000255,27.11500000000047,107.0,624.0,1019.0,5.054592,1.997111;1.595385;1.303816;1.649317;1.321353,512.0,9.0,0.0,0,5.0,1.0,0.0,57896.0,2626822144,2626830336,1849.8889999999935,1940.6359999999956,5.628000000000143,2.8750000000000564,48.06300000000097,107.0,624.0,1019.0,443.4145999999917,263.1688000000021,5.688400000000097,2.789800000000016,31.425600000000582,0.0,0.0,0.0
512,0,70,0x90d8a5dd215ee9150506aee25ce790c60fd46e0538bb69210933750ff6022d0a,0xb56975ed56eb5d371739e4cdbcd341a82f2019853c2c6b3b7a0efb6b8fffc7b2,0x9b1ac19a9b6f46943b0723528eb26daa55aa819b1bd4466fee27997ac17f20d1,1;0,0xe4197f5d1d0d4fca802f3a79c6de9ce33fff8340d5a241e5103d8a9d140bffd3;0x6942e82e7ae5b2c4dad3ea09497b0ca8476b6cbb199236f3d6270600bba63c43;0xd1fb6ca00202c432e0a2f9bd31481aa4f92f6c92d9a17b6aa4a402ab0ec95097;0x87c3355d81d1446076c7b6f2f093e94a7b2f54cb446a421bf7174f38d59d5e7a;0xe48e4c441c36666ea0ce7b8b672e4bce91db566d5eb1ae0c52cb86481c9dd03b,4.593496,4.315027;3.646438;2.99064;2.615553;2.496294,512.0,9.0,0.0,0,0.0,0.0,0.0,0,2644783104,2644979712,1924.40100000002,1555.1649999999695,7.611999999999723,2.2939999999999072,36.894999999998596,107.0,625.0,1020.0,511.8736000000012,1709.0287999999898,7.050600000000143,2.327199999999996,29.762799999999423,107.0,625.0,1020.0,5.115313,2.280008;1.807555;1.793675;1.390557;1.355684,512.0,9.0,0.0,0,5.0,1.0,0.0,57896.0,2632286208,2632241152,2178.795000000011,1630.1079999999913,6.130000000000024,3.184000000000043,50.875999999998314,107.0,625.0,1020.0,456.2940000000015,272.54499999999626,6.339599999999942,2.5596000000000125,39.39140000000021,0.0,0.0,0.0
512,0,71,0xebf90908afcf49e82edfa1bc7e6c2a37089bd65ffbc50f20215b27b0fd682627,0x5cc28fc81ee8131390cf27b2cc18afeedd1de80b6412b72ae7584cff145cc683,0x2c7ddc3a71df5e775c24bd73802921686af7a6e2a1338f4193076fe4065094f8,0;1,0x9a46904e6767b9597512abaeb6f4acb6adc75cb466961def73da6eaa940fd2d2;0x25693a7c31c026bdaaeaa1edda38e1e8fe70b450370f1a7c4944995aecae72c9;0x514961185616369ee225cb2a33ed54ed3365bbd9b8776a2b3fecb3e9239812cd;0x3ac5ecd2b0e10e4b6ca6d84f8a1b59d6f7106d446e1a931b420f15189c41e150;0x1d584e184a774ca057e140eda859855601de92079f982e3b6d3a7a1a2351cbc0,5.098848,3.434699;2.905872;2.527431;2.567462;2.822586,512.0,9.0,0.0,0,0.0,0.0,0.0,0,2647166976,2647203840,1797.3000000000018,1521.6340000000494,8.633000000000077,3.0040000000000275,53.040000000000724,107.0,625.0,1019.0,441.08919999999995,1538.3394000000328,6.375800000000057,1.8332000000000244,28.731399999999685,107.0,625.0,1019.0,4.395437,2.482904;1.699052;1.55213;1.713484;1.457578,512.0,9.0,0.0,0,5.0,1.0,0.0,57896.0,2634592256,2634620928,1810.7900000000066,1453.0710000000001,5.568999999999973,1.7030000000000343,35.52399999999859,107.0,625.0,1019.0,482.42739999999617,279.8720000000032,6.604199999999967,2.7102000000000204,32.987400000000775,0.0,0.0,0.0
512,0,72,0x839009cfdd59909b0dde36dbb4ffc4f95ff5ead1d0200b825adce8d9cfd81701,0x26dfda0122ed109e4179bfe6eb3a78c7462d571fd784971f7dafa4b38e662c74,0x518dced1eea84468439facd4ae8527cfe5d6c88d6d042812139016ecc7f6db1d,0;1,0x292a6848a6d28081ba13974888ebf115b1e228a4af38bb1bd2ee3ddb3378bec2;0x3fd79645a9fae73ee1f8af810553513808d90dc1d52cf9021bfa5675007ab725;0x138f123a252807253ee1a12e93d2e204c62e2002488d2bc10dccdf57a600a165;0x1b17db9f96d0db9713fbe590079f0607b1f64d267fcbbcd256ea239cfa200641;0x46be9bcedd8d1f7546723a9295421df3469587400c327620e3528902bfcd37d8,4.813082,3.166224;2.873222;2.704738;2.667622;2.750848,512.0,9.0,0.0,0,0.0,0.0,0.0,0,2647412736,2647511040,1643.6879999999765,1701.5860000000328,8.962999999999854,2.8439999999998933,50.576999999999565,107.0,626.0,1019.0,498.9224000000014,1525.345800000011,6.808200000000056,2.311200000000005,27.110799999999905,107.0,626.0,1019.0,4.572945,1.953365;1.584549;1.822668;1.409515;1.183675,512.0,9.0,0.0,0,5.0,1.0,0.0,57896.0,2634629120,2634657792,1950.0909999999872,1594.3529999999928,4.477000000000126,2.3029999999999404,37.18600000000155,107.0,626.0,1019.0,418.69920000000565,330.9290000000021,6.427600000000027,2.353200000000059,32.84539999999919,0.0,0.0,0.0
512,0,73,0xf79802fe6f8b67d9fb7966be66ca85eab1f84166bf82388befc9b908c6163c86,0x40f1640b50d747ae02420e157b0f53012e0a2b4023af6d02d92a647163b4e237,0xf8dec2630cec6bd7b875245f5906ccafb03a5bd2e59c5e6952d04e2641efcdaa,0;1,0x5d149a816d0b1a334680c5d37e32054758c23cd3a4611bc0188234778795ede7;0xc1799fa1b634788d337c06e80573187b22cbd4dda7cf841d3448988dd9e254fc;0xacbf6de13d8abebfbf6aeb84ea5ce0b90109cecb7889fef80923f3f9ad43e4d3;0x34afcf01e39e73b313bc9c319c05d96da216501f6eb269f33609b3b023e30457;0x3a016c980f2a0a5d7e82369d0747224a41f0b27bc445d18b271eeb81c54fd841,5.480002,4.566305;3.469341;2.77927;2.578367;2.732521,512.0,9.0,0.0,0,0.0,0.0,0.0,0,2647744512,2647838720,1816.7439999999813,1629.4270000000165,7.001000000000403,3.154000000000004,49.29399999999834,107.0,626.0,1017.0,695.750999999989,1531.6031999999868,6.155000000000049,2.265200000000018,40.801599999999716,107.0,626.0,1017.0,5.001035,2.138995;1.68452;1.704079;1.462566;1.580313,512.0,9.0,0.0,0,5.0,1.0,0.0,57896.0,2634907648,2634911744,2013.0760000000025,1628.6859999999904,5.518999999999837,2.0029999999999872,40.26099999999977,107.0,626.0,1017.0,490.00660000000363,285.7007999999939,6.8483999999998,2.5273999999998744,42.36199999999996,0.0,0.0,0.0
512,0,74,0x7e7e963b88d47748438648856bb880710dbffdb00835d08a8c6040a821b9f99f,0xcf529becfb6c3cdaa6dd14ec82a2d1f525a538f1c876e60d1db06dc7a36b589e,0x6b7d70983494b3b6ffe4c6f16a377a6087e44af5ea8a6a34f92d56fe95a45184,0;1,0x6dfd9f5413d6dbfc9f3a760839ee3734dcc25aecaad457d256f34d012c1ce3a0;0xf9ae5d3a9e3afa1e17e3cd4c2da7d641a8f950232ac15a68c06e00d192139ba9;0x5fa19c73445752930cafbefa40a56fbf998f8102bd83ae01310716e9dbcb2857;0x6ccde48196ea7e17af0f07f4f2ab614d0db5439bd3e362042459c381c5b663b9;0x1390cce98a88b14683c69167a5914bfa99cf869eba7d22fc89265a6ced8fbef5,4.820428,3.846009;2.891319;2.888025;2.693651;2.547572,512.0,9.0,0.0,0,0.0,0.0,0.0,0,2647838720,2647863296,1797.0090000000162,1614.2239999999974,9.203999999999636,3.5449999999999804,52.57900000000051,107.0,626.0,1017.0,449.34140000000286,1556.9176000000073,7.315000000000099,2.8581999999999654,31.989799999999903,107.0,626.0,1017.0,4.311381,1.748266;1.588354;1.55196;1.334832;1.377517,512.0,9.0,0.0,0,5.0,1.0,0.0,57896.0,2634973184,2634997760,1617.038000000015,1597.1479999999926,4.867000000000413,1.9930000000000467,37.827000000000695,107.0,626.0,1017.0,449.51199999999636,259.51340000001096,5.987200000000074,2.0731999999999866,28.57699999999977,0.0,0.0,0.0
512,0,75,0x73c539dc347e7e36b6bc41aad22e02ee426f44e80b252c86be0e72de6ef845ed,0x5104ef72a5cef2ee3b58fa83b5731b22d9dfad2d0844a860990fc016bb678efd,0x9e9940ba363c015084cc9e0569373350fffbaf6e586f074b65596c5f3ff271a6,0;1,0x7e9880ecc8a61ac93cf8e9a864beecf248e4ff53018700767cfcd5d4c738b8f0;0x358b1a429a78e0bb7c54e8b29941f6971ac44e19c9909fb934dd07414bb947e9;0x1189b979f59cf67c661b6cc990cf859c000ff71bf73b50ca84c428f937287995;0xc185c359eaac456ce3f3e20003a88361d662bf7c6aa95dafec460647659bba59;0x25ca3ceeddfab569fdab880c25586cfa096bfd74b06511aa62621cf9e6ae2b02,5.290598,3.529001;3.047635;2.703687;2.590186;2.718969,512.0,9.0,0.0,0,0.0,0.0,0.0,0,2647932928,2647949312,2079.5760000000273,1549.475999999994,7.802000000000329,2.8949999999999374,50.275999999998405,107.0,628.0,1021.0,493.6225999999988,1550.3293999999946,6.900600000000167,2.5019999999999727,29.58659999999988,107.0,628.0,1021.0,4.420555,2.013396;1.814156;1.434833;1.496736;1.400241,512.0,9.0,0.0,0,5.0,1.0,0.0,57896.0,2635001856,2635051008,1839.3030000000144,1483.4360000000047,4.226999999999877,2.0929999999998867,38.789000000000875,107.0,628.0,1021.0,434.65719999999925,250.9166000000118,12.482999999999764,2.605800000000068,32.57919999999984,0.0,0.0,0.0
512,0,76,0xcc0fa1635dba27c0090abfae82266c20a14c19092f18cdaecc4fe243aae75850,0xec56c81290b5dbaa251e3bdcbe2ec268611e1437f5f375191e09efe5772ff394,0x201e14ef9880fbba18b3d7a6227001a43ac3166d2acd7148e31e642056e1f842,1;0,0xc64e7f6d0635a92d704ceb29bd5ee1d23f9cfe8ad10b19392ff6897111c6543d;0x8c89b216f974b879884e2c02e01dc761fc02786637040d9293608dd80861b6f3;0x3ea31384407f2fb4586d28ae47d4137d7f7bdccbfbe6a49b9250a26d2f7769f1;0xeb44dea5702e46f3552466181600c79568cc3701ec9f99ac170f91b0b1def23c;0xb0b3f7ce7c02817943af9e3b6c647177c729f129d8e702d9614d31d64caef517,4.362868,3.42262;3.872869;2.848656;2.402373;2.466649,512.0,9.0,0.0,0,0.0,0.0,0.0,0,2648121344,2648133632,1753.1530000000073,1552.820999999982,8.463000000000221,1.8830000000000495,35.86400000000003,107.0,629.0,1020.0,593.2301999999945,1506.7516000000003,6.816199999999835,2.5840000000000067,36.77939999999977,107.0,629.0,1020.0,4.915802,2.316372;1.557488;1.46275;1.410697;1.493438,512.0,9.0,0.0,0,5.0,1.0,0.0,57896.0,2635522048,2635526144,1948.759000000022,1579.410999999975,5.988999999999647,2.413000000000155,76.62599999999978,107.0,629.0,1020.0,421.69180000000136,259.8635999999987,5.838999999999844,2.5502000000000162,33.15980000000024,0.0,0.0,0.0
512,0,77,0xdd45392d5749752165413d578a1ae6467922e21dc87fe1fcc07ac7a8af40beac,0xad2dcaa8f606dc739681fdd86af9557ba1345b3d7e4fb64cb5db23ea8ab29c8e,0x0d4d4abe7ae838a23f6187b9913b5f7ccb42d229412be94b66854293abcce76f,0;1,0x47c19d8ca2af28399cbd358fe597f753881202674d1cac253ae9c7186b7273a1;0x5b2466b02ba1541631f20588d538aeff944d651016d74f3bb90dd1ebe1dc6f85;0xd5dda7eeb637aae0999ab3bdbf13f538e6a165a6e3125c38a70801c34bb969a5;0xf7c3e64ef6038914030c1617be40eb5a760b587a0e762219eb55e382951aa7a5;0xbcf3efab9f748db2ad28f220ac03aa69ab26867b669ad9b441b0638f6e306a03,5.506503,3.791628;2.864749;2.739431;2.644918;3.552336,512.0,9.0,0.0,0,0.0,0.0,0.0,0,2648317952,2648416256,1910.2300000000128,1716.3380000000395,8.6629999999999,3.865999999999939,52.79999999999868,107.0,631.0,1022.0,444.5639999999918,1690.4087999999983,6.706400000000209,2.6358000000000197,38.450000000000294,107.0,631.0,1022.0,4.234245,1.635766;1.526692;1.327361;1.447984;1.294071,512.0,9.0,0.0,0,5.0,1.0,0.0,57896.0,2635673600,2635681792,1789.4079999999924,1455.2849999999728,4.78700000000002,2.373999999999866,36.14500000000132,107.0,631.0,1022.0,416.19159999999323,233.7526000000034,5.74100000000008,1.960800000000082,37.624599999998985,0.0,0.0,0.0
512,0,78,0x164803758230c27bb57cad77b9afa0f331f7be9b16cf35e9dee0c99e28ebcc5a,0x378e93081c05279b794c4f0f1e93534c2f3fc7fdc55d2b36ab62b602ba684207,0x9cffad26d7ab64550ab4d09360202195cec9623e848a939c0b87974dae89da0c,1;0,0xdea90e535099ad326bbba2b0ef71f24d0556c142f5acad64aafea2d3774f68f9;0xcdeb94c76265ccd401786360a0a97e7ba3f4fbe5e0929ac426ba566a8fc402a3;0xf7d1671ea43340514fe0a0fcdd62fd6ba38a8b2f6c332f540111a00ced3fc90c;0x6358bdc6479814a5b9427a54751a489ec854c52375ce19b840c32dbb2beb67df;0x0453483e0f8c1452d2bbd21a5282eba6ea80d4e370fde2d1a0ba8bb7df4c2e68,5.056424,3.285544;3.070189;2.599829;2.877108;2.581862,512.0,9.0,0.0,0,0.0,0.0,0.0,0,2648981504,2649063424,2326.95799999999,1536.5760000000116,6.930999999999951,2.674000000000036,37.8369999999989,107.0,632.0,1027.0,419.2642000000024,1616.4231999999945,5.987200000000074,2.057399999999977,28.494800000000012,107.0,632.0,1027.0,5.090375,2.497536;1.525049;1.393441;1.28007;1.355554,512.0,9.0,0.0,0,5.0,1.0,0.0,57896.0,2636472320,2636480512,1935.4879999999853,1542.2449999999976,6.349999999999585,3.364999999999965,50.3560000000014,107.0,632.0,1027.0,445.54980000000023,242.26759999999015,10.425799999999944,2.151399999999939,32.34900000000027,0.0,0.0,0.0
512,0,79,0x1f4381ee680872a02333890f5a0985ddcb5c306de918a3822447327aa8189891,0x8f819524927833c6e14074ded61f0fb0abb5449defb5808819dc10c51e597042,0x395b0c075a29f86096b2fc5ebca01fe9b5c0c38f08cd32d80d27ca1a12f88325,1;0,0x39bc429950a9b22035b03b01746e309f510488672000bbb9650d708cb65f15b6;0xe5c46f70ecfd3872ac6e128aed31f7c048a05ab5430c4ef457521b4f4501fcc2;0x1cdbb882dd9edd1fad556a2a2d8a1358b850ed8edb688ab59c668bfeb2ca2e4e;0xe9e1310e7d50499a4ab5b3ae03c722d912ff3880529e647c242d5c3030f1d4b6;0x3739d943564ca1e898cd69229c4dcecea02f534d374db6a192d7ac44a24c62fb,4.167293,3.304773;2.872712;3.048076;2.615824;2.565919,512.0,9.0,0.0,0,0.0,0.0,0.0,0,2650345472,2650537984,1542.865999999976,1435.0829999999482,6.019000000000337,2.3639999999999253,38.86800000000093,107.0,633.0,1025.0,436.12719999999166,1568.8615999999822,7.010600000000033,2.407600000000005,43.507800000000536,107.0,633.0,1025.0,4.488899,2.004643;1.649637;1.403927;1.438359;1.409905,512.0,9.0,0.0,0,5.0,1.0,0.0,57896.0,2638749696,2638770176,1654.784999999992,1486.1110000000122,5.737999999999924,2.873999999999932,51.10700000000163,107.0,633.0,1025.0,410.6692000000023,247.80159999998608,6.613999999999925,2.561999999999964,33.37620000000014,0.0,0.0,0.0
512,0,80,0x3cf5254172b0fd032e4ab3475bc96611cb8f64829e5e3dcfcf673d0e580faa96,0x1f907b4bf6caaa124fd77bdba540c9678d6dfafbccea2726fbf675146fc66738,0x30c182c1551b32498004507df2c57068141306b7cf563fb530c2328fd0020007,1;0,0x51a7de71c0b635b987db4de69944f0b1d55e15776f0ee214293cff52754e2cc4;0x18743f78cbe732404e937388bd1fc08a66d18af42166c16ae96f0d3670994336;0x0a215685c863f76d137a7dd9dd84e0035f783b4b9787b2560feb47e98702ae43;0x515aa3ec101abc13b300773d78f97fd44aa1e25110c1c52b9e27fbee7875ef34;0x05f9dfb7ce778a65fff3cbe8b63c7403355f77d66f7bf229b0c22698baf233be,4.396819,3.109168;3.313196;4.447826;3.735813;2.990208,512.0,9.0,0.0,0,0.0,0.0,0.0,0,2650988544,2651181056,1679.4620000000205,1569.8469999999577,7.361,2.2530000000000205,36.28500000000049,107.0,635.0,1027.0,455.75120000000965,1870.432199999983,6.924600000000024,3.2972000000000037,35.146799999999374,107.0,635.0,1027.0,5.147802,2.300078;1.501895;1.293901;1.667605;1.579051,512.0,9.0,0.0,0,5.0,1.0,0.0,57896.0,2638778368,2638802944,2051.5740000000005,1665.660999999985,5.60900000000017,2.6940000000001336,47.4910000000002,107.0,635.0,1027.0,439.3562000000073,250.68579999999454,6.165600000000021,2.667999999999941,44.69739999999958,0.0,0.0,0.0
512,0,81,0x068de462b254f4630f2072c3ceb4c23221435f728179ab40fa921d99b80b2be6,0x7aa9d2fe5b293af742d99c1d2344422e07439c188f76aa645c65c806067a3b53,0x6825a5810570496541169eeeb06325da27cfc29351d6fd6e12d35db3c046e6b3,0;1,0xc16be6a203abaeec14a16667ce23de48088ca9ff6dcf9a27ef53f877e6595fec;0x5f5c9bc0f4a0e5aabf03277d053a6123cae95390609490d782d22efe1c99d46d;0x58a14c5e03510f990c2c159b88cb8e149e77443b0da2b19d7504e931b72f42c5;0x7ce03bfb1e64b2a7e68289b6a270aaa9a3ea6074918bec67cf82f7103d213179;0x129344d61c73a4b33af53aec9a987bcd4c48f442888e7f08ceb0d9e0b9ef94b1,4.914109,3.48164;2.95148;2.981395;2.589704;3.112995,512.0,9.0,0.0,0,0.0,0.0,0.0,0,2651299840,2651459584,1720.753999999991,1807.1549999999493,8.483000000000102,3.8259999999999597,50.55600000000021,107.0,636.0,1029.0,499.6213999999943,1568.2302000000093,6.2417999999999845,3.1926000000000263,40.10459999999952,107.0,636.0,1029.0,4.333343,2.040577;1.629426;1.693524;1.504559;1.402786,512.0,9.0,0.0,0,5.0,1.0,0.0,57896.0,2638913536,2638925824,1840.1740000000277,1460.8030000000106,3.9660000000002125,1.9030000000001477,36.68500000000158,107.0,636.0,1029.0,477.0354000000032,259.1805999999974,5.6121999999998735,2.6820000000001185,39.35539999999973,0.0,0.0,0.0
512,0,82,0x07ec53748430690d713a1fa5182d093cf6b00159c159136c801369c14628c632,0x8ed4fd316c01c14747d83a08f54d7e52fe7817c45f27420ad56112bf1ee42604,0xf28a8ad00630c8f03910eb1a7ceb8d6dedf43e5b060bec374e33a6eca0b1c025,0;1,0x2c956f1e4f245dddd1a52441636a831bd58e2e955550a8cb4fd7500588d6f176;0x70feb373f82a47679fb39d8554bb1efe632e2d4d8864ed7abd126bd09db4cb6e;0x061c4a40f7bfd0c8a616473166a8fb4c22ed1c87f3be6494d593cb7351e34052;0x82094a1fdf9122351475c34c0f69d5fed1a5c00db8d2349bfbbf9b7d9f7511ec;0x9b7286858321f4499bb2e3374c7eed53985c3ff4a3ed840f78e1d24ec2f18e1c,5.484099,3.731816;2.909407;2.786161;2.554491;3.084881,512.0,9.0,0.0,0,0.0,0.0,0.0,0,2651471872,2651631616,2053.8769999999818,1749.8280000000088,9.12400000000011,3.535999999999947,48.954000000000356,108.0,648.0,1029.0,455.8673999999985,1641.0086000000044,6.449800000000137,2.9166000000000176,32.17240000000024,108.0,648.0,1029.0,4.96747,1.843709;1.468914;1.384378;1.354443;1.718381,512.0,9.0,0.0,0,5.0,1.0,0.0,57896.0,2666258432,2666373120,2083.051000000002,1615.3050000000112,4.436000000000023,2.723999999999956,41.81300000000165,108.0,648.0,1029.0,454.9657999999957,300.80139999999477,6.39379999999995,2.375800000000046,29.17199999999884,0.0,0.0,0.0
512,0,83,0x8d47934e8d397568c56ac0df60f59c3c674ddcfd5b54b1d305afda5b38361377,0x0ebc3e76c65496fb847badf0301e390e6fc6cd45977007a14cc0df51a09a924e,0x84ff2252678402feb517eaf137e0db976a1d69d6d1441349c66cb0c61457322d,0;1,0x391b75b2a0b224ef4b09fba231f6f4558ea1d7ed752a80ff48d0d5ecb5ef90a7;0xcb7f0e5d50ea379d5e48221cac47f427f4dbad1fd8c428bf6c8940b05fdbcc32;0x7bf8f94f45c4ff24910bf1b9bf6d3b4e6ca3babb502f449f9078f92b2ccc707e;0x39299915288c018ecaf95309329d85cdb0874ca78ada7f0e5a099ccc0be57560;0xde1ad68312d530ace9f2c451343634b319a366c3ebc036a39955d5a63f90899a,5.143705,3.332785;2.845962;2.719611;2.689125;2.633576,512.0,9.0,0.0,0,0.0,0.0,0.0,0,2651635712,2651680768,1953.5350000000062,1598.2989999999697,8.343000000000066,2.8840000000000896,50.50599999999877,108.0,648.0,1027.0,450.04640000001484,1504.723000000019,5.872799999999921,2.738000000000046,34.612199999999035,108.0,648.0,1027.0,4.68858,2.224695;1.432199;1.610889;1.435394;1.47894,512.0,9.0,0.0,0,5.0,1.0,0.0,57896.0,2666627072,2666639360,2003.301000000013,1476.266000000004,4.366999999999913,3.7060000000000217,107.53200000000047,108.0,648.0,1027.0,455.88920000000365,242.55199999999587,5.918799999999995,2.4017999999999784,41.1502000000008,0.0,0.0,0.0
512,0,84,0xf34fb3f62f43dd9c2f0c986195c1dadf2d26992694d8549241181586d55f6c89,0x902e1fa31a556d53ce811bbf68c286960541018cb386011e200c4c5bd0743900,0xe58be40f5edd85c8734392905245d7aa889d2a722c5285040cc91723ab14d4ab,1;0,0xf0b1b03e10fa212e3a50b821e1cd3a8d37840d22a1cc4cbf46e992d5aab08f38;0xa5dccc839da05d6a9216c88d70e70c3698106070ed5ca5d7fa2fb1d1dd3dce00;0xca0fa74f44dee061b9e7d156afe93647bc24e2eb8eef200d81709ae9faec0e42;0xf577732952afd06838d8e0c7bdfd35feda02b44564c630a420f01cd52e9b310a;0x319f297a086cb90299841196ac1d44a9002d5b5588490eb9db78aa4eb0fd1fee,5.016193,3.275855;3.018982;2.479318;2.543661;2.785254,512.0,9.0,0.0,0,0.0,0.0,0.0,0,2651688960,2651734016,1889.4190000000033,1853.795000000047,6.420000000000037,2.4639999999999818,62.493999999999744,108.0,648.0,1025.0,441.7779999999927,1560.0924000000125,5.660799999999792,2.84440000000003,28.45260000000002,108.0,648.0,1025.0,5.393773,2.211434;1.574945;1.670349;1.341513;1.534133,512.0,9.0,0.0,0,5.0,1.0,0.0,57896.0,2666668032,2666668032,2164.5439999999903,1739.8029999999842,6.4699999999997395,2.8340000000001697,49.804999999999986,108.0,648.0,1025.0,490.88420000000804,249.05539999999783,5.964800000000069,2.642000000000009,34.72799999999984,0.0,0.0,0.0
512,0,85,0x8cf6af6189cf8ce5e0a229df3f2050faed73a84b6a2c141fcbd569d3d67989db,0x57a922a6593ec2af56e09790800d5c232f4e1e650ca9763c35fdf224e2d24b5a,0xc01deefba0c7504f7d858d8c2264babe29d45ab594bf10021217bc511be39453,1;0,0x1bdcb05d8c472d72e43d8f6ac43b42f7be46eef1b880220fd1bde4d0503c9d4e;0xea762412e315e0d6ed2775bb8a8591deb43701e777e4da4307bdcc46e9fe423c;0xdbdb3e2766c0b3cc9b9102dde7316d7c2012c6edddfff44cbf77debd4e9f2315;0x7a80a70a557b2f194825f39c2328e2186b1b4f3fb69111d14ac7b0593d2d2d87;0x5fed8e9f370a92ae33c8ba96e515745ff0290bff655e20ff08edd1697f323798,4.330559,3.121076;2.699931;2.684483;2.475762;2.57324,512.0,9.0,0.0,0,0.0,0.0,0.0,0,2652008448,2652037120,1806.3240000000258,1473.5219999999495,5.447999999999912,2.4339999999999433,36.22500000000084,108.0,647.0,1023.0,416.1216000000079,1493.9546000000137,5.834600000000079,2.5418000000000145,27.81979999999934,108.0,647.0,1023.0,4.719406,2.19566;1.537899;1.607514;1.321442;1.334642,512.0,9.0,0.0,0,5.0,1.0,0.0,57896.0,2666950656,2666975232,1836.0279999999896,1510.8180000000248,5.899000000000182,2.39299999999984,50.09599999999948,108.0,647.0,1023.0,441.0027999999899,252.7294000000069,7.355000000000035,2.5896000000000945,31.69139999999945,0.0,0.0,0.0
512,0,86,0xca0aac8d2012937d80026c1d5382b00ca69898e80c1ede18bc7b7b74eadd8066,0x65320ad31fe11e25053f7f135070f1f9adbca4a2edec02f0ba73911e43ae3900,0x1ca9e29c5543ca747d1b19183bd7f1cba16d26cbd22864bb98afd02b1cae11b8,1;0,0x0d5be5acc0a97094522d06dcf66cdb19b21b14572237b01bacfce58c787d6e09;0xbeb941a7b667daafb7466ae08afa4b45c9020fc23deb5ab3557325f54f996ab9;0x808761a3b9aa5804936a6e50b4f17fd7c8681b6768ce708771db5e0a9cd48239;0x4bcfbcb7cf81a331ad3e54f242227abf7d6d02d60f690e169ea9dc0a4323b651;0x4f249bc04306724067037ec0282012307bd1ea7bbb772f95af0c04a7eedf563b,4.517137,3.422672;3.193716;2.66571;2.677518;2.681093,512.0,9.0,0.0,0,0.0,0.0,0.0,0,2652626944,2652647424,1781.9969999999796,1486.1510000000467,6.670000000000287,3.18499999999995,47.30199999999907,108.0,648.0,1023.0,468.89299999999247,1545.084000000019,6.946399999999999,3.3828000000000067,37.73280000000032,108.0,648.0,1023.0,5.053891,2.30732;1.613013;1.534965;1.430578;1.421224,512.0,9.0,0.0,0,5.0,1.0,0.0,57896.0,2667556864,2667556864,2166.993000000006,1525.17000000002,4.9270000000000564,4.22599999999997,68.0420000000008,108.0,648.0,1023.0,469.81260000000805,267.00480000000357,5.979000000000054,2.3718000000000696,29.814999999999703,0.0,0.0,0.0
512,0,87,0x5f968b284073d9511f2d603a743fb8e442769378601d151141d98372ba05def4,0xeb28b66293f7288566ec3489c9d4876a8ff092027ab62681537d8c5fe53a973a,0x2ee177e2c2ba12f0700505acdb19adf95e51bad74acbd6b390c3f7b165f6d51f,0;1,0x9237c327e340911cbcdc44b54de7d1dee6158bbeeaa2f5bf1dc10eda7803820f;0xc744b6f9eedb707096f34341269b3498691eb78b344692797ef1e2e199892012;0xd743f7ed54361b01636580cd3d967cc29f9b32936a2bd634f531f8582d7276d6;0x256c034d45021b030f2f1c217bfa8c6199fbcbbe4dfc5a9e61ecaa45348cb6f1;0xc78fe4e3defa27009361c6ca03083525e5df31513fbd6233c2b60538b47de4d4,4.525435,3.544535;2.994666;2.763788;2.703907;2.654974,512.0,9.0,0.0,0,0.0,0.0,0.0,0,2658439168,2658488320,1529.306000000008,1573.473000000103,7.4309999999995835,3.0040000000000275,50.63599999999974,108.0,648.0,1024.0,456.6948000000015,1511.3631999999377,7.527199999999949,3.3190000000000217,41.17579999999982,108.0,648.0,1024.0,4.441237,1.861016;1.78401;1.560593;1.322023;1.439961,512.0,9.0,0.0,0,5.0,1.0,0.0,57896.0,2668281856,2668269568,1872.0930000000192,1465.9909999999998,4.035999999999797,2.263000000000178,35.85399999999836,108.0,648.0,1024.0,486.7461999999989,242.70619999999798,6.445799999999988,2.058999999999915,40.242999999999526,0.0,0.0,0.0
512,0,88,0x1634b16ccd79814a4303ace3a38a0897f9e84c270613c2bc0c030c1f3b9462e7,0xcd43965d6c8f8a92a0f183d2bcaa31fee60f3227bba2e6157e970d0b36304ad0,0x59deca7f9263b938f774bce9c4a8daffeff2d39ecb0fc119840144fd7ce29d1e,0;1,0x2dcb10ce4773e499fb8374ede4580a093d0d76638e2a62d764a498da49ecc86c;0x5e6fa42608a179b541b9a64289f5c4d67581026e7ebf2942ed7a7ca199f914f1;0x7fb72426709c67373b885ff7662ba64019bdea525583f80928de1078580039cc;0xa3ef2df97b3a097c686dacda32956b268020f20f81cdb6b3970c3ae1a004c0d5;0x0e47b534cb218a9697279c75e606072f1fd7716dba10d71759844b1d0b2ce616,4.617944,3.068868;2.853253;2.634743;2.597918;2.461271,512.0,9.0,0.0,0,0.0,0.0,0.0,0,2660208640,2660298752,1610.5379999999948,1626.0329999999713,7.510999999999976,2.7549999999999017,49.634999999999266,108.0,648.0,1024.0,403.6346000000024,1478.5158000000022,5.997000000000121,3.15260000000009,32.012000000000015,108.0,648.0,1024.0,4.942234,2.090362;1.536106;1.621636;1.417908;1.468975,512.0,9.0,0.0,0,5.0,1.0,0.0,57896.0,2668273664,2668290048,2265.4759999999883,1640.4540000000134,5.017999999999863,2.2730000000001187,35.29299999999874,108.0,648.0,1024.0,464.8870000000027,259.6556000000083,6.143400000000083,2.5999999999999117,31.723799999999745,0.0,0.0,0.0
512,0,89,0xaace26aab24251f909483d9dacc91dee564867306b12855d5422c6fcc91d4591,0x3c5931c55e8dbdc059beb364967b1d9d28e2754095334147a0d355eac8369a80,0x253629e0066a8b5947c066191374b3197ccbee36fb96977188d61943f7178fd3,1;0,0x861c3b818fc3fdd140838566ef5fff11519ffbef16ae456e41577d90d952bac3;0x6c0d4ab65e1951f04ed1744c64baf4085b8d7323f8abe76d2a4e6c425fd90a71;0xec74f1dc2135a13d2351fbad5805f91f55fc6ba786ca9632852abe0c040c0880;0x0eecd5965295e4244845ec3d387342071925a6e4f7b679c5f06535fb1b681a72;0x6f333baadb006fda93a4828647f66d7ef0e46e8922ea0669f598df426164c5c0,4.367553,3.112111;2.80693;2.582302;2.727541;2.657336,512.0,9.0,0.0,0,0.0,0.0,0.0,0,2660311040,2660327424,1652.7310000000184,1500.932999999982,5.1280000000000765,2.2329999999999224,36.464999999999414,108.0,649.0,1028.0,405.2787999999974,1538.778999999968,5.848599999999995,2.46959999999994,28.547199999999496,108.0,649.0,1028.0,4.971303,2.084002;1.601814;1.425439;1.385368;1.620503,512.0,9.0,0.0,0,5.0,1.0,0.0,57896.0,2672373760,2672386048,1739.9430000000216,1528.23299999999,6.029000000000277,2.9340000000000095,50.39600000000116,108.0,649.0,1028.0,459.83119999999377,232.2084000000002,5.7428,2.7900000000000844,31.533399999999347,0.0,0.0,0.0
512,0,90,0xa6c621bee8678be093db539843c0fffcae5b1c1cdda8a1e9ff1753cde89301ee,0x6eab588daa52ba1963c2d0ea4b7e59db981660bdbe60554a8582be85b134b648,0xf9450a53d9c06c6d7f5fa19959120438102be6fb48c97a5662972d2e6803405a,0;1,0xa181dd1da7489c072256d1478a9439ee538e481834677c094414fe50d9370321;0x312d0aefb3df8b4f605517eb833f3096adccc86ea094fc53552fe1b2919f42d3;0x34b33f161746db296801d0bbe17f8055a123a6b47d30c0b14cdcaefc76c8acbe;0x0adcbd8a1a77db6a154e1e0c35c9792c806bc5993c7d24becf1478afe4695745;0x0a85f89e29de63cf8d43fe2ef9075627395abc0065fed233d2b16075d020bdf7,5.561993,3.866087;2.938699;2.515581;2.958119;2.707712,512.0,9.0,0.0,0,0.0,0.0,0.0,0,2660380672,2660417536,1984.9120000000053,1494.4519999999795,7.992000000000068,2.603999999999801,92.97000000000125,108.0,652.0,1029.0,462.26679999999965,1561.0730000000128,7.421000000000163,2.6820000000001185,32.0804000000001,108.0,652.0,1029.0,4.758923,1.825121;1.65215;1.531188;1.343134;1.370696,512.0,9.0,0.0,0,5.0,1.0,0.0,57896.0,2672529408,2668326912,1828.5559999999812,1565.890999999986,5.17799999999978,2.4640000000001985,39.580000000000865,108.0,652.0,1029.0,495.0002000000065,253.2073999999884,5.750799999999952,2.2575999999999845,31.792199999999827,0.0,0.0,0.0
512,0,91,0x2deb02df4a7cf434f48b9b18d7e561df4c4cd2a4aa0f865d1743e104982bc451,0xde569975588be3ac9a0c0883ef9c86238d917d38f5f6784aba14ba5727b13787,0x7d71f112625d2f7362b479c53a614b7f8f7e8a5a3250c6da44530a82c99e45b0,0;1,0x1f95e98b9f827620d6703af5c610f6c1e057569cbfbf3603e483e6cd3e99a6c7;0x435c1372fc5e0a4c5b50ff2723319ac74517bd3e9c6f033ba9c5b63a6ab056d1;0xa599c2dde4e238fe0848ff95a64e37fe5a6c71d41c7fb17e8663781e01d1621b;0x6017e2eddf77b1d35bc9a7d114cc7692df4107c295279f09df7b415c05591675;0x16cbea9f501bd40dd07c2ac88bfb22736d7aae97bfc3e98b697ae50a11d576f9,5.078184,3.570937;3.012691;3.018429;3.035921;2.829074,512.0,9.0,0.0,0,0.0,0.0,0.0,0,2660462592,2660495360,1899.8139999999996,1782.536999999973,8.723000000000411,3.6549999999999776,49.9049999999994,108.0,651.0,1029.0,470.2988000000019,1673.5144000000535,7.873999999999901,3.6513999999998776,34.35159999999951,108.0,651.0,1029.0,4.602508,1.8184;1.533852;1.657598;1.67179;1.711509,512.0,9.0,0.0,0,5.0,1.0,0.0,57896.0,2672439296,2668339200,1977.1000000000095,1479.7209999999893,4.77700000000008,2.643999999999997,40.08000000000136,108.0,651.0,1029.0,472.7447999999912,327.86820000000324,6.2752000000000985,2.387799999999975,33.039599999999666,0.0,0.0,0.0
512,0,92,0x30e8aa25c2724c5572b06652f9e600f9c3c91ed97b282d34c3c417ef7eb3ca28,0x0ac5cd19212fc43e450f97f217fe11de016285ddbabf9148b803cc0da0775ecc,0x21a4692d012adb65de12b9d3051c76988c08915010d649ed23c5760606aee66f,0;1,0x61359b3eef49e1ba93e54504fc8f64f1477c6687928c7b2b6728b574de7cbb06;0x31fedbf73a66081b769976151565da914af78183e990a1581c19c1daab7827ab;0x6c829ea213f52259920ed7fcc910549686606905df32da2e73233f2a27355c3f;0xd340ec63f9d55e7ff81048ec61f0a5318b67c304c241b2fdaaa52e2820433b32;0x7a01176cd39a26083d1e72ee083a7901ca2e54bdcfb5877741ee505df74b3338,5.689696,4.136805;4.152159;3.00559;3.291642;3.259313,512.0,9.0,0.0,0,0.0,0.0,0.0,0,2660528128,2660532224,2054.1559999999736,1540.8020000000633,8.153000000000327,3.0040000000000275,182.76600000000087,108.0,651.0,1025.0,510.1687999999993,1791.0178000000165,7.773800000000081,3.645600000000068,34.86060000000013,108.0,651.0,1025.0,4.907016,2.091503;2.166365;1.521257;1.422724;4.908068,512.0,9.0,0.0,0,5.0,1.0,0.0,57896.0,2672480256,2668441600,1898.9930000000154,1709.9480000000167,5.719000000000383,2.3839999999998063,39.25000000000109,108.0,651.0,1025.0,1076.1617999999971,249.061599999989,9.86100000000007,3.191199999999939,31.263200000000015,0.0,0.0,0.0
512,0,93,0xae52882e26150a35b17c55f42b9c5dcb7e03d4e65393d16a9e64ed1cb4923312,0x6c75ae942bf7c37562e3aa3b735d6986bb1e13051f405779577dfbe423b26867,0x6200afa23b0a2e2bd919f3da8093cc0a2097923e6870625707719394c074fca1,1;0,0x2fd89549a7e24d50c7eb1663b0ec1f9d04113f927341c9539381c2313f4ca37a;0xc86c62d3ae2246b403ff44fa52613edf59dd9c22732e12d0f271d0f345e2a035;0x08023405b9b998db8e457e7c882c96fbee42ee8432b04da740cdad0748429cb8;0xf98b2927699a73e19f61ab7d1442e383895ea5f0c639e750be39e12a17b637d2;0x8945cb3e5e2015e9f3e6113e0555d76e5999fe9723bfa3558e01b9ff1fcf56f6,4.686695,3.646636;2.858789;3.096367;2.721802;2.791868,512.0,9.0,0.0,0,0.0,0.0,0.0,0,2660536320,2660556800,1878.641999999986,1706.3520000000221,6.52000000000031,2.5239999999998424,37.08599999999868,108.0,651.0,1025.0,459.8730000000106,1727.623999999972,5.5564000000000995,2.4500000000000215,28.769400000000502,108.0,651.0,1025.0,5.721884,2.702133;1.674123;1.782376;1.334081;1.686692,512.0,9.0,0.0,0,5.0,1.0,0.0,57896.0,2668539904,2668560384,2421.9609999999725,1887.1939999999809,5.978999999999707,3.9559999999998383,50.03500000000036,108.0,651.0,1025.0,557.892800000004,248.9272000000042,6.498000000000094,2.9743999999999953,32.44099999999972,0.0,0.0,0.0
512,0,94,0x1e31efb14a4ff408d5f3145c636b599b8ca435a50dd28355b5074ab23a751250,0xd779abb353f75534ed4dffa72203e63ec85a743f1d8b9ca643244fc264309ee0,0xa08343b6b846062ed01bddc344407b98a75319ffc79c4eef8faee6cf0f3d2f51,1;0,0x9db32ad52269e076a216caa6fd708d953095818442f77a39ecdbbe840e0380c2;0x7485d1cf68588308bba74c5c7bcd3302be3e8269ac0a837e1154b795eb8b2f93;0xf198ca4783079dd81d7e1d334559d20b9fb97ad167f7d06e5868e9e9c9dce778;0xfaefb6646a1147985454dca23bebfedd5c6b67628d9ff6d955e07794b2a7c946;0xd6066a4e590874dea42c8a5c02f7b1954077657183e54065e3268e09915412a2,4.879405,3.950765;3.49947;2.711527;2.953472;3.222157,512.0,9.0,0.0,0,0.0,0.0,0.0,0,2661158912,2661330944,1982.8479999999815,1520.9229999999518,10.625999999999692,3.6260000000000634,50.46599999999901,108.0,651.0,1026.0,534.5798000000012,1698.4741999999999,6.5920000000000565,2.8442000000000047,42.6606000000003,108.0,651.0,1026.0,5.827875,2.0767;1.671809;1.935317;1.777609;2.004702,512.0,9.0,0.0,0,5.0,1.0,0.0,57896.0,2669109248,2669113344,2357.1530000000007,1926.0629999999778,7.410999999999703,3.045000000000131,54.631999999998904,108.0,651.0,1026.0,529.1994000000022,247.3989999999926,18.223199999999917,4.720999999999979,44.621000000000244,0.0,0.0,0.0
512,0,95,0x4b35b78a869f983ae73e8a98ccd3ccac94583b6576f0519f5729d2d6539a25ec,0x1bd9f1290d02394d69dd666471616de736e7336c919b419fc523678b7099dc4b,0x5a6cccfecfe118fcc300a6f0c28931eca4629ab692d1ec8b8336e10c6e9b2187,1;0,0x9d7e27f8fac871430ee95f480e2296f970be9021be234b2ba7ce1346bacea340;0x71b6f899002f9efd25ea875f186fa2984cf9c8436368abe4a8646a210e9f99e2;0x49de4d05de5238ccfe5dfe892c88d3543291f1655414fd284795b8d08f9a501a;0x8e708afbe1f6c74095db1094cf59baabbbf4d1d444ae762d592f7131c9ef46eb;0xb718a5d01408f157c50d0ed3e2277c95c0190e0aaaf6de455399bd627ea315f2,4.071447,3.877825;2.856536;2.621712;2.606578;2.612868,512.0,9.0,0.0,0,0.0,0.0,0.0,0,2663837696,2663845888,1590.947999999981,1422.805000000027,6.7000000000001085,2.3340000000001035,36.08399999999873,108.0,653.0,1025.0,441.38939999999184,1514.0284000000559,6.4437999999999995,2.393399999999889,31.605600000000205,108.0,653.0,1025.0,4.561215,1.959653;1.411808;1.485138;1.305317;1.311957,512.0,9.0,0.0,0,5.0,1.0,0.0,57896.0,2670383104,2670411776,1613.491999999994,1495.3340000000148,4.948000000000278,2.8340000000001697,47.912000000000646,108.0,653.0,1025.0,427.70479999999503,247.06660000000102,5.464399999999952,2.3395999999999315,31.547799999999405,0.0,0.0,0.0
512,0,96,0xe637afac8fe392a467c5068b403cb7c831490cfde68fe8c44c23abce9a120003,0xe2260b4e7992e2d63b60f98897cd6cc85629978ba79b53db97bc145b9c80d300,0x104dbc7e6115a1cbdebf3409c3bc3d18686c99926f312898dde06779af13b997,1;0,0x2753915147f2ae8d82c3024a199217fc25195f935b141cd8b577db44bdae7cf7;0x61f8955862fce3e1ee3611c9af67d8c6edd0576c7e1152bc93d83c2306eddf09;0xc4efdfb5ea9b9f532011bb73f729ed527bfe0381e4528e960f828dcc0152d93d;0xdbc5f44975a5adf3bed355d142e913935b58eb9fd1581d6f0109d40b49200618;0xb79a66c2c5be9dfcf4eaeccff0e599a61b8e814750f4afade9026b3c0f310f42,4.308344,3.474527;2.818013;2.903466;2.683325;2.703014,512.0,9.0,0.0,0,0.0,0.0,0.0,0,2664054784,2664095744,1738.8149999999491,1463.7369999999096,5.607999999999828,2.6639999999998785,53.30099999999865,108.0,654.0,1027.0,449.8095999999841,1492.8019999999708,6.694200000000213,2.66199999999989,31.395400000000517,108.0,654.0,1027.0,4.516648,1.962838;1.526276;1.578529;1.505099;1.301922,512.0,9.0,0.0,0,5.0,1.0,0.0,57896.0,2670436352,2670440448,1698.3999999999887,1489.444999999978,5.337999999999697,3.3550000000000244,47.81200000000124,108.0,654.0,1027.0,430.70119999999434,239.47260000000136,5.877199999999861,2.6840000000000197,38.99659999999986,0.0,0.0,0.0
512,0,97,0xb9e8765963f509236ca073270c7013da0393c6eb7048349dd9aba6d4347c3181,0x61b05eeb21bd9e6283b32c3e8a5d154a802e88a9c13bc249b6c5948d8277d2a5,0xf1bef05f5e6202cc0925c6adcd344d77a8842e29c400c4728181dad9edb7242e,1;0,0x9b8315ca0765c77f2bd596db7f3c4a20c8c8ca5936fc4197a2f07affe6a6f863;0x9054fd311431c75c87800aa49df0ef8b9af1a2e4ee9556c9bf303a6f4a2d9b8b;0x0070e4aa9ce9408d4eeb09953966c29c42eae575c2ea2ecb2fe562f5e7c54588;0xb924a6587e8b3e3aace4432aa3c0d0641415623787e6208b863ac02ad1723c13;0x77e7cee9e09f25b73de679ad64134632125faa8130734af2a27701a9587b2d1c,4.446112,3.075005;2.994254;2.672027;2.46796;2.466007,512.0,9.0,0.0,0,0.0,0.0,0.0,0,2661285888,2664349696,1601.4540000000022,1648.995000000042,6.368999999999993,2.643999999999997,38.26700000000155,108.0,655.0,1030.0,404.01480000000765,1483.3859999999534,6.161200000000082,2.64800000000006,28.17840000000002,108.0,655.0,1030.0,4.910447,2.193476;1.729988;1.498108;1.363966;1.393771,512.0,9.0,0.0,0,5.0,1.0,0.0,57896.0,2670440448,2675994624,2034.3360000000255,1505.330000000027,5.978999999999707,3.5750000000000193,49.39400000000121,108.0,655.0,1030.0,461.75000000000523,241.63019999999813,5.793000000000117,2.3735999999999895,31.064799999999668,0.0,0.0,0.0
512,0,98,0x7f73b26c86bf86bfb58cbd0120980e71005d8281a9489c3e5bd638cb8a951323,0xb081e2ecda18777f7b768e8500b512e3ad902f42d9a25a9e36079b3e6537854a,0x3bdc4084b28ad81b37832e0074fc52217d5c8b9d354bbcbd082be064aea5db09,0;1,0x0517d98e6adf6b07fee8039a4a0fa3df5ca3cc3cf1116fa696052910c8c3d15b;0xfc413c9f26ea4516ab00855385436d0e0744b263e7b2e2b96e830be4e0b82cdc;0x0c9f57a5edb2025423c583fbfecb4369c5baf06e55f0c036c92e2e5e82d3b07f;0x16b9c3eccc10a9a67a19826bc0f80ce8e6c3fd65eee92178d0fb4be12d37c844;0xf986bbf3e1731d7ef6770cdd7a9330d00fb4b6f989a82fbe17275f994bcd04b7,6.401539,4.805639;5.263303;3.195256;3.604864;4.098268,512.0,9.0,0.0,0,0.0,0.0,0.0,0,2664357888,2664554496,2170.2959999999603,1950.4400000001087,9.232999999999985,4.296999999999895,53.590999999998665,108.0,656.0,1027.0,953.6115999999818,1951.3416000000116,8.094200000000052,5.346400000000046,51.08119999999924,108.0,656.0,1027.0,7.734507,2.782915;4.792654;2.014947;2.995675;2.311474,512.0,9.0,0.0,0,5.0,1.0,0.0,57896.0,2676408320,2676412416,2343.952000000038,3585.180000000021,5.558000000000125,4.107000000000156,43.65599999999956,108.0,656.0,1027.0,602.6821999999931,348.393800000002,8.953199999999981,3.805599999999985,51.638000000000375,0.0,0.0,0.0
512,0,99,0xec0a67f04cbf256339731ddb4117811a49fbb4e764e3c87485eb75e8a0de2f03,0x21f65840cf069e0e1bd298aeb15c2f104171a588d97607d15a98f62584afd493,0x5eee9bea22a603ec9bdbf6e62e6643ad723b373d17a698140f6c9d5a30bd1ed0,1;0,0xa36d90c7d9dba42276ed515c2a3547391324eb0fa8d44120830c6bae109bae57;0x89d2c26b6428cbd94391760b8b549f67dc57e83f339d12e42f1ca34c21596191;0x4f6b03e3c917c1f176f656ef692979326540674f91524f85002969decddbcbeb;0x21ac8f2da60c0a7dd9c0be8a941446d859201f95271d3b6beaa91b7463724f16;0x840915c009b89ecdffcc5ca74b7dc4e448de18ffe9cacd181bfe566214f76eec,4.660173,3.499096;2.992112;3.13676;6.69778;2.91745,512.0,9.0,0.0,0,0.0,0.0,0.0,0,2664558592,2664615936,1935.8390000000502,1592.9720000000814,6.540000000000192,2.0839999999998535,36.50499999999918,108.0,656.0,1027.0,453.48959999997885,2389.613600000029,12.3785999999999,3.052800000000015,35.36759999999972,108.0,656.0,1027.0,5.562138,2.438737;1.70426;2.014297;1.707195;1.654545,512.0,9.0,0.0,0,5.0,1.0,0.0,57896.0,2676518912,2676527104,2379.0379999999445,1739.1119999999871,5.23699999999995,3.604999999999841,77.75700000000121,108.0,656.0,1027.0,524.7991999999923,303.51960000000173,7.635399999999897,3.002599999999897,35.64360000000016,0.0,0.0,0.0
512,25,0,0x0b2ea949ee92b8fa145cf924c45bef54433e705f72c0ce33cf712c01bad30bf8,0x91052e65c8cf3676ffd13a68d3eb8e5a50d0a97c270d2796f42ff5d3f6c0a334,0xa84992ca8b47931ff5f7c15e58b495ec76a96d108ee9adb48de3acad81823c67,1;0,0x5ae708a133251669bb80a07e132fcf768e17b29752f83bb5a963400dccbde0c1;0xbf88f7421dcff318e33887c8599b2c9d980e977be41bc45a502ce83d1e2177e9;0xdf9a60135bd9e33399accbaa7edd79b0df28434b3ab4eeb40bb17fcee9247452;0x8a962589baf18d1b653fb5c811355f35a67a79e616662b86596aea227ace08a0;0x19794bedc0438520f70d78657c0095ea2f364009fb1301f1cc64633f857536a3,6.177195,3.736084;2.945327;2.794595;2.779727;2.51973,512.0,9.0,0.0,0,0.0,0.0,0.0,0,2664738816,2664800256,2640.8629999999935,1876.0600000000682,6.449999999999859,3.083999999999986,38.47900000000099,109.0,652.0,1010.0,442.6071999999781,1532.2508000000123,8.132199999999825,3.1705999999998533,33.49260000000131,109.0,652.0,1010.0,5.747056,1.968564;1.76671;1.592341;1.514329;1.431539,512.0,9.0,0.0,0,5.0,1.0,0.0,57896.0,2676580352,2676695040,2484.72700000002,1650.8100000000024,6.039000000000218,2.9449999999998573,50.7660000000007,109.0,652.0,1010.0,515.3085999999752,245.6404000000023,6.233200000000002,2.255400000000015,33.39639999999991,0.0,0.0,0.0
512,25,1,0xa87800134bea40ae2087dea2b7866796757a90279254a988545d9dd21822bbe4,0xf88b28f3cbc515b5e0743ac822c054ec8d05c9943d1367a88a169468df73d581,0x4cd72f6a864c41ecc82b88a695e6c08e17dee61fc982657d8db56f5f550b0ecd,0;1,0x99260bf274567a2e3e33389675cadb2f1a8ba6a4ee8c12ffbb7355941f17f6ee;0x61e835de77e0d949582e1eb94f405be45d1156c70412040c268f817001121c41;0xef4a44f1c8b52a1817c2e772fe7cc975b7d129a68f17949ff41935f7cc9ca66c;0x6e5d1a322f30f1c2ba69216e1e0102d7786917286daa27639bcdd16c2ff25183;0x6f42739fb0a755885813a976372caf92a64ce09d1c5bd2c8269a410cac792714,6.946175,4.381557;3.24928;3.901073;3.141448;2.805351,512.0,9.0,0.0,0,0.0,0.0,0.0,0,2665435136,2665746432,2837.7299999999827,1590.6180000000436,18.047000000000203,4.366000000000005,99.06999999999971,109.0,652.0,1007.0,449.6757999999934,1847.9930000000256,8.991599999999892,11.671599999999934,36.63520000000003,109.0,652.0,1007.0,5.087492,1.821877;1.789969;1.481184;1.911872;1.688456,512.0,9.0,0.0,0,5.0,1.0,0.0,57896.0,2676772864,2676785152,2187.5190000000266,1493.781999999999,5.17799999999978,1.9429999999999101,46.83000000000118,109.0,652.0,1007.0,455.166600000001,306.26980000000304,6.940400000000034,2.547599999999997,31.22319999999956,0.0,0.0,0.0
512,25,2,0xdb8d4090e08d704628ed82617787829bf63d2585a15141c5d1597a922fcea71d,0xe3ff8ed381fd4b9ba8707a86e54c873db9f1ddd0ae17a845fafd058d54c42a3e,0x661aec2309e67a3147fee7bed9cea39055e1a346ec82096688291ce9edb82879,0;1,0xd4086ce7daef925f7e8faf259e619bdd3ea5c5d68044d8220e5077416dd8a3a0;0x28ebd1b7366ad376bd77ee59d5adf10a36e5cca7fedab5db2bd8bf3ad83e23fe;0xe1a22cd92b21590e4a426178c309908acda43247440c595b425feb00446e2c41;0x098706335c8a5febb96c0fd72035372a67999d46dd5490cffe7e7b217a63b4f0;0xe9704c4c94ef658519b04f6dec8aa2aa182707f8183a3aa3261c664cc3aeeee0,5.57706,3.251463;2.92421;3.603774;3.990838;2.856768,512.0,9.0,0.0,0,0.0,0.0,0.0,0,2666295296,2666319872,2423.1639999999775,1631.3409999999528,8.161999999999926,3.364999999999965,50.62699999999754,109.0,652.0,1007.0,464.8286000000335,1834.5288000000348,12.590800000000096,2.395600000000033,30.808400000000017,109.0,652.0,1007.0,4.592615,2.216984;1.711421;2.227549;1.503016;1.68128,512.0,9.0,0.0,0,5.0,1.0,0.0,57896.0,2677428224,2677432320,1956.490999999949,1524.4289999999937,26.24000000000029,2.4240000000000026,52.64899999999837,109.0,652.0,1007.0,476.4404000000111,301.14639999999633,7.022599999999962,2.730200000000075,33.72479999999983,0.0,0.0,0.0
512,25,3,0x242c0ea99e71cd18245556a50c5c127f28e87ea89e5e5609f166da2db13b0291,0xb1c01ce94fd4c1138746291ddbfb78fab11fd9c0f5c50c203ffd58a2613566de,0x6e4af454b97fcb5b03fcb7abb3b1ba1410bd1059093042626d62ec7c8e76c43e,1;0,0x824299d23b2a3b765da8a68ed6a4ebf9c06025344ab79ea68d94fa027dcc8b73;0x0c3f850981d985b9a0cda7a9c748798dcf649232d70e6d5542c9b80a8419aea6;0xf83fe74244a3064453c91621d0fb4ffa7647ddd4dbdf4c9afd65b6ea2c166d1a;0xf7c948f8f6ceea811f69bc0e91f644790210b42482ece4f7f253cfad86b2d74c;0xd147cc7b487f233c7825f54168a4e15d13281d0342d0c54a0cc2326cbc554a1f,4.449139,3.624776;2.944541;2.662795;2.687012;2.469354,512.0,9.0,0.0,0,0.0,0.0,0.0,0,2667331584,2667442176,1710.8239999999996,1444.827999999898,7.520999999999916,3.0749999999999527,37.866999999996985,109.0,652.0,1007.0,446.04059999999726,1496.0980000000122,6.393599999999881,3.0526000000000337,32.55460000000099,109.0,652.0,1007.0,5.131468,1.973005;1.540673;1.444117;1.779824;1.49878,512.0,9.0,0.0,0,5.0,1.0,0.0,57896.0,2678411264,2678411264,1807.8959999999756,1899.9149999999743,5.248000000000232,3.415000000000102,48.59399999999903,109.0,652.0,1007.0,464.80480000001825,270.81060000000434,5.394200000000127,1.9006000000000232,28.865200000000037,0.0,0.0,0.0
512,25,4,0xb73444fe9164f5e4dc773618c48bcc8528bdcb8180e28d26e1124d4ff43b6210,0x8143c7f36f0074d907005a8695c65563d8cf342104df28bf9d65884e1a77b77a,0xcf35b6ff12656c2bc11d2b1aef865624a6f4fafbaea36c6cd486243cdc44f3d4,0;1,0x0dc3dc2a9526ce08b41f16cd5e4a02af4b02c128e4e4254fb50fd21e85c7b731;0x13f37b5d9827e092a352dd2a3b7796fcbef37106b6005f6e728ebcb3cbb1690e;0x3efad51144dfe02e7d55702e4a38e6c045181006a8bf73a1525add2fc208d3b5;0x62617033bc83a4bfe152fdf7eac26a083dab6733a4437dcf15ac1fc01aa53c9c;0x4afaf25080342d4ec327eb16f2f7f601b323e4e179c236595585f1f5382a187c,4.896985,3.966842;2.837719;2.774925;2.863158;2.767834,512.0,9.0,0.0,0,0.0,0.0,0.0,0,2668802048,2668871680,1931.4030000000537,1528.5050000000133,7.881999999999854,3.434999999999983,51.76800000000065,109.0,654.0,1009.0,476.6787999999966,1637.212800000043,6.852399999999863,3.2731999999999726,33.50260000000161,109.0,654.0,1009.0,4.194686,1.894592;1.633593;1.581174;4.226613;1.634004,512.0,9.0,0.0,0,5.0,1.0,0.0,57896.0,2678439936,2678448128,1708.2259999999794,1453.3310000000022,3.8149999999998947,2.2329999999999224,35.833999999998476,109.0,654.0,1009.0,473.6625999999911,255.34879999999927,9.650200000000005,2.233400000000059,32.068399999998775,0.0,0.0,0.0
512,25,5,0xb4a195d0b67a0d6ac42cc9458dc4754ef2fa88f1dbc10e9c968a80fe5461b5e6,0xce0a99c136dfed7813d356f858fb0dd2ca1e45cad8da320976f9c719643797f3,0xdb7dbd2076f50c2bac903d390d75439e63bc330eae9b4f78689b2b1368d2da8b,0;1,0x7353505157f57c8b199d3d395717739142afad4a06f346e2acb6e72add63598c;0x41a927b8a5dfc5e9e3b879f249a18b12cc928eca6f59dc32a55ca8a55e12930c;0xc4e68ec4ad3dd2ef70421e307c6b45f2d7b4a89a07f8ff43e599c8b92c515ee6;0xb89f9af05a2d68880a29d43e085870ed35a137e87cbc546c8a0bec7430fed952;0x39454cc1077b7f91e98dbea1167736a15c4717db437f733bc7c11d9d8445ab01,5.058538,3.46821;2.96426;2.744639;2.59943;2.772992,512.0,9.0,0.0,0,0.0,0.0,0.0,0,2668916736,2668933120,1697.4789999999462,1744.0699999999865,9.013000000000423,2.8540000000000507,68.18299999999944,109.0,656.0,1011.0,471.83159999997224,1484.0702000000315,6.5898,2.750399999999938,36.837999999998765,109.0,656.0,1011.0,4.470442,1.701035;1.666263;1.469957;1.405459;1.449135,512.0,9.0,0.0,0,5.0,1.0,0.0,57896.0,2678636544,2678693888,1703.8600000000015,1532.8820000000132,5.909000000000122,2.012999999999928,123.19499999999955,109.0,656.0,1011.0,461.67239999999055,259.19260000001333,5.788599999999831,2.2231999999999634,28.591199999999926,0.0,0.0,0.0
512,25,6,0x15a8c4c1b42fc7e7f04e5f8b2df2b35d729656116eee6ad84ca3cadcb2bc6185,0xf689d312a50583a6d6fe6bc9cd1eedb2ef929180e296547b8bf316c367e274e7,0x0465950914cda9e3a49998a9bde669ba284d99f1ade3d7bed4c17b8257d7b478,1;0,0x885f473eda794fa8d5929030c9416e6dd54e52bc822b8254cbf61c45196a6b5e;0x451db9bee9348a7a1776d70b2909b1cc87192c8392d43ed69ddab151c3955cb1;0x735746be21af2e5d57303e3bc8693b1a3ea13663f4876ea1795e18b431940d5b;0xd34335bf3b2f11a3648fab6c7d227fa09e1fc8c8a27674f7cea019feb49e6fcf;0xe3b5ee250741ec8289600ebd0d7d7b99e210e561878832a2e77886485d86f806,5.09345,3.599468;2.767974;2.624157;2.735125;2.679831,512.0,9.0,0.0,0,0.0,0.0,0.0,0,2669395968,2669662208,2102.6509999999553,1673.3330000000547,130.22599999999977,3.3550000000000244,38.82899999999717,109.0,657.0,1011.0,463.2321999999966,1557.6389999999662,6.377599999999976,2.672000000000091,31.800000000001276,109.0,657.0,1011.0,5.315235,1.968508;1.504239;1.560974;1.30599;1.392089,512.0,9.0,0.0,0,5.0,1.0,0.0,57896.0,2680066048,2680086528,2010.041000000018,1976.1099999999753,6.820000000000263,4.116000000000189,48.56400000000094,109.0,657.0,1011.0,426.61539999997444,321.97180000000935,5.546399999999986,2.52999999999998,28.725200000000175,0.0,0.0,0.0
512,25,7,0x90a19778c74ecb6eb757bd6c0c65ff7efb505774e99835b7db795f516d77f577,0xa6312736ccc1175449dc12cb8e76029cb42d3f7fd922895bc482bfff5bb343c7,0xf54a5fed362369aa72c1df693284bc3aade40806e3cb4f6a4b63960edf694409,1;0,0xb732cda782ebfad99b302adb01f3b505a6b08b18cfd467e3b040670fc9d9c310;0x030f52885469b16a8843edaeb7653c73cf663eec77db6e9b1874f7e2765adb7d;0xf26a9b9c8a28458962442a8683ee8f33d55e5205f06c40f22cebdd0d758762bb;0x1cb6c9893ca03b3d54b976f1ce06f892cc8bade4bfb0bcd8e2db4c2b9c22986c;0x1bcdd7f653956d3dfd45966b273e94825dca757d78058c717a961cf15cd67783,4.686007,3.682714;2.895106;2.514491;2.574502;2.697698,512.0,9.0,0.0,0,0.0,0.0,0.0,0,2670305280,2670428160,1790.3000000000225,1683.7290000000228,8.733999999999826,2.433000000000036,36.976000000001065,109.0,657.0,1011.0,469.4698000000219,1514.5142000000167,6.5738000000002685,2.9883999999999986,35.032799999999696,109.0,657.0,1011.0,5.320593,1.897041;1.46534;1.405981;1.376356;1.511229,512.0,9.0,0.0,0,5.0,1.0,0.0,57896.0,2677313536,2680553472,2396.603999999969,1627.68499999999,5.919000000000063,3.164999999999852,49.5949999999995,109.0,657.0,1011.0,457.926399999975,265.99719999998996,6.796199999999954,2.0487999999999063,32.110600000000154,0.0,0.0,0.0
512,25,8,0xae2ef2b2842438b295b5cbf1988bd73c3a00856a6a0afd634f9525ae711ab47d,0xa2c7d8820cbe9d659730d05ac525f0f1a173ab3199fb86b45ae63b54e0c1d2a4,0x71227960cfc3b00f80ca4d40777c921e1adcad8b656e3ac0bcf2a5134455506b,1;0,0x9b5c3f54e2af50618b1a225b19f35b36796b96f16980cf6d32ea23cc828e985c;0x2acac60ef01f68bd79677f3d2a604d7d9fa20b5df2bc60b326ef10d214d3abe0;0xb63861ceb7d75edbd65ffd7fc28788f028b6f2632f70d7a45ebc05626c04ed41;0x07f41d64b96cb998577499ff75a025ba71c1a61766fde7278896a65e3e48a15e;0x225782e2447b03d2d78abc8b5b9f0bc99b41e49685c0d6cfcbf73139b3b03618,4.438243,3.728932;3.284743;2.788965;2.775035;2.708665,512.0,9.0,0.0,0,0.0,0.0,0.0,0,2670780416,2670821376,1781.056000000003,1497.4580000000071,6.009000000000396,2.4640000000001985,36.435000000001324,109.0,657.0,1011.0,475.6292000000162,1528.3327999999763,7.659400000000102,3.1287999999999108,39.40719999999953,109.0,657.0,1011.0,5.482288,1.860836;1.478019;1.434133;4.530912;1.753064,512.0,9.0,0.0,0,5.0,1.0,0.0,57896.0,2681778176,2681749504,2405.22700000001,1586.6030000000198,6.309000000000349,3.1039999999998673,50.71600000000273,109.0,657.0,1011.0,466.7562000000069,248.2002000000039,6.73439999999987,2.2515999999999337,33.47239999999946,0.0,0.0,0.0
512,25,9,0x68be4e0f41955956af80e975cd026940a02e5ab2c9a2238e6af178c7653993a5,0xe0ab8f64b13b289743dc9e670fa3dc866ade2881755d0be2047e89c6eb7a41c8,0x97165ca79b80334955955c6b95a1dce78152e8571694a12c2fb6d9d8d76ea3f2,0;1,0xff057d925d975fd602a8f9c01d30473c0ee40456f66921d0315813472ec0c98f;0x11c430ecd464ab804a866a900b447c3c3b2ae7095ad28433de1d0df40b227718;0xecf6a94c224b3ba8503e679a2e5933beceef43adbff11c1c58b59d3a0fdc5909;0xf8df9fb2da6fea723cd11fe7fa9b1f5b3c7a1ff991d9a9ce75fa7b3bff93249d;0x793dd46031ae10e9bb8c6680a6ee14617566cd28235e286b1b1e67f1c789cf53,4.80135,3.414509;2.768715;2.552189;2.596857;2.515269,512.0,9.0,0.0,0,0.0,0.0,0.0,0,2671161344,2671427584,1886.8749999999545,1534.2140000000893,8.773000000000113,3.555000000000138,50.45599999999734,109.0,657.0,1012.0,436.35179999998996,1474.801399999981,6.569600000000051,2.898800000000062,31.27140000000056,109.0,657.0,1012.0,4.352524,1.721626;1.393792;1.498119;1.309895;1.433221,512.0,9.0,0.0,0,5.0,1.0,0.0,57896.0,2683498496,2683535360,1850.2500000000532,1473.7220000000107,5.408000000000149,2.503999999999961,38.0079999999991,109.0,657.0,1012.0,435.22020000001936,259.2906000000061,5.618400000000079,2.014999999999916,27.758199999999846,0.0,0.0,0.0
512,25,10,0x406f1da90a48854ca46cc02e9ba6bf72a62979106a2e34c17484570fa5873a91,0xec2f7d5999f6b2051cc96a8cfe23beac441c4310bf996763913fdc27da46f7ab,0xd8c774a2a411a9610da850e522d11dbe98b9cb89a1471cf7cf007c05d1b42270,1;0,0xd005acf8dbe55b1a37a5a4d99b276c1cc04a68e999aeac8bda10f70813664ef1;0x842e8961f4366fd6c160d04d62e24e0284f918f1b5bb8575134423e5a3750d94;0xea018d2fd4b46e0489882d765062554de0ab04cf0d5be60a6fa237e6c7762c59;0xb52fd0347461a549b3c41e49b45591ef742c2a859cf30e30f491ac4fe72d2dbb;0xda5363411bb385609b0e8edf717d6999a8c376f020b415c40001c65302b36fbc,5.032433,3.738273;2.898377;2.918558;2.626188;2.531153,512.0,9.0,0.0,0,0.0,0.0,0.0,0,2672300032,2672504832,2272.834999999973,1460.5700000001054,6.800000000000382,2.8639999999999914,38.82899999999717,109.0,657.0,1011.0,460.86059999999037,1615.692800000046,6.652400000000009,3.044200000000032,28.392800000000275,109.0,657.0,1011.0,5.238687,2.294718;1.679371;1.542404;1.384366;1.650957,512.0,9.0,0.0,0,5.0,1.0,0.0,57896.0,2678108160,2685427712,2243.3729999999928,1583.1049999999736,6.110000000000143,3.1749999999997924,96.37500000000271,109.0,657.0,1011.0,463.0295999999756,279.35060000000567,6.187400000000169,2.872399999999994,31.797999999999547,0.0,0.0,0.0
512,25,11,0x84bc9b773169a06aefaa022d201e4c5145f6c829c9a5b5dcda0593ce0cc31839,0xa04c35b5fc5fd8caab7e4e5aa3c017db824edd620ba7b8d162b76b75dc9e6f78,0x2f9dccb56c5cb2afa809a63cd72a3387576f699cbbb362f8756a5d2d6bea79ca,1;0,0xbb2ceeefdf2c3d9b04119a96362f87fdf47d351b4cacb1fd181d029f81f2df4c;0x31643cf84d5d085c0f6a08eb1629a3bb5fab6aa4ac77070036dc61d7ccc93a62;0x81f2a04495222426cc9b8e9d21ef447b7034ed927d1c7721e222ebee5bdfb78c;0x128dbb07b7008edc8674eda7f8e5d21c491d3d79a482a3aa60cc6617f2a64f10;0xdb6146bbf4733c5f903ac4d20ca89a24c7a76215d3bf381012fdd451aed169ce,4.750068,3.408647;2.885168;2.806319;2.857446;2.770324,512.0,9.0,0.0,0,0.0,0.0,0.0,0,2681135104,2681233408,1912.101000000055,1497.2559999999469,6.52000000000031,3.5259999999997897,43.23500000000258,109.0,657.0,1011.0,472.2394000000074,1513.0561999999957,7.37099999999994,3.1568000000000045,35.91179999999916,109.0,657.0,1011.0,5.082493,2.772958;1.682204;1.49283;1.693601;1.54647,512.0,9.0,0.0,0,5.0,1.0,0.0,57896.0,2692988928,2693005312,1927.3239999999525,1619.1899999999926,5.647999999999591,4.286000000000047,51.206999999997564,109.0,657.0,1011.0,469.263200000003,254.1327999999954,7.030799999999982,3.0844000000000356,34.86659999999974,0.0,0.0,0.0
512,25,12,0xb63129d5b60f7faa47fd893f842b96cf8282a4ca820190fda8061bfc151f8bd9,0xc1bf4c11f1cbe888939ce18855a69533ec3f3b9a37efafca572876b727016b09,0x5434135dac533bd3c5ff90ac7dbaae1e2e0ebc37d201900ba2a644e7d6e0d09e,0;1,0xa94906fd8ce068e903f0a43053db4411268144f0f56c9231b8a2b5e2e0599a44;0xd73340efdac63c95114e040bb1531a8f704203c0b25fb8ccab430235b82726b7;0x4b79392d0ad3be718e1f4de35e068ce54bddcb88eb4be1d803847c94d062fa85;0x4a28ea5208f052f5440b5d68fa554536708b0879cd128890b69441a751eb5d88;0x74db738d5d41b1fcde9ef294738a4768df0272cc53bec5a34bec34f400f2cbe0,4.91118,3.244569;2.898267;2.519667;2.772198;2.553838,512.0,9.0,0.0,0,0.0,0.0,0.0,0,2685353984,2685329408,1691.999000000055,1525.1190000000747,8.964000000000194,3.725999999999903,50.39600000000116,109.0,658.0,1013.0,439.2136000000102,1499.7220000000145,6.704000000000085,30.13540000000002,29.800800000000237,109.0,658.0,1013.0,4.81161,2.261758;1.558779;1.530516;1.326739;1.363004,512.0,9.0,0.0,0,5.0,1.0,0.0,57896.0,2693447680,2693623808,1915.9680000000455,1740.7030000000102,3.755999999999725,2.934999999999917,42.564000000001876,109.0,658.0,1013.0,440.790400000024,253.34580000000437,6.015200000000082,2.7000000000000983,31.897999999999644,0.0,0.0,0.0
512,25,13,0x123cf38a15c92303c94ae635d1f6e8004dfe9cd5a3d147e937516301d8e4421a,0x3940c974896de43dc0bf1aec3fc433c3d984728113bddde1d5358bbc4edbd8e2,0x94e446d3e5e9fae384514fbc1d6e052286c9aa029108d8299a4e8fd0b34c25b4,0;1,0x786d0ab9417be3dd83c1f49488c2aba1e8ea4cdf7caf105139c6bef9eeada758;0x1bde7d354d1401bc1a0c7dc4d2c6dc9480fd84cb7919909dc5cb0281466d92e1;0xbc6cb20d4d7e3b2446413eb8aa3dcc297edaa2fe83e1b110f6b7a245392abf68;0x2750e80e236ebbfdef49911ac1aaded2e2e1dff090e6da5e5d70c8f0f512edff;0x6c0ec61ff467e7bc5408dd0097665d2e67453e833f04585c9be49543306451d4,5.767733,3.088617;3.05375;2.810628;2.589344;2.566781,512.0,9.0,0.0,0,0.0,0.0,0.0,0,2677211136,2681024512,2176.9419999999595,1832.513000000091,8.944000000000313,3.3849999999998466,51.9279999999997,109.0,657.0,1010.0,458.8882000000183,1527.1368000000061,6.912599999999922,2.2291999999999277,29.502600000000378,109.0,657.0,1010.0,4.760889,2.216142;1.767556;1.464554;1.47223;1.483217,512.0,9.0,0.0,0,5.0,1.0,0.0,57896.0,2693730304,2693791744,1800.5049999999524,1554.2640000000274,5.096999999999914,2.1430000000000233,41.24199999999689,109.0,657.0,1010.0,466.35299999999717,279.8920000000038,6.079200000000048,2.814199999999923,32.23080000000073,0.0,0.0,0.0
512,25,14,0x0ed9c5d737ccdfa13f432377e26ab9ded512883df76a3b601f42aeaf86824062,0xdff0f014d7c0b68730874e4bbfd2ef8370d2b1a7ae945e91d01831bc19ac55ba,0x4d1fc145e51cbe8edf3a0778989edf62e23cf5ab6d173d28be1d9e3982d39f6a,1;0,0x84c14259f08590f0b4827e607988174e52d5e0964ed3a3d5b5deeaaa92f71bce;0x18482b638439b0e20e857e169807fda28a8dcdafda7bbd6786b1dc67ebfb817b;0x1382c6a3251e88b12526fc5d2dd369a8ef9e636b85edc3eb0915886a3badf7f7;0xfdb8caa78bf39802d8605c76d4d8c3890afa2cb631edf03bbf241c48526d0a05;0x5d0448e47e8acf82c3f085c24d191b6bb5d61fa5e783c2bda6629dc287c940e4,4.284832,3.58781;2.885451;2.547452;2.803257;2.725891,512.0,9.0,0.0,0,0.0,0.0,0.0,0,2688217088,2689437696,1742.4670000000253,1513.1420000000783,7.8619999999999735,1.893000000000207,39.569000000003186,109.0,657.0,1009.0,457.643799999996,1533.3700000000229,7.415000000000026,3.188799999999988,33.62699999999996,109.0,657.0,1009.0,5.105118,1.782708;1.485651;1.446611;1.247582;1.448184,512.0,9.0,0.0,0,5.0,1.0,0.0,57896.0,2693894144,2695770112,1837.710999999964,1786.7540000000015,5.938999999999944,3.294999999999947,49.524000000002175,109.0,657.0,1009.0,434.3428000000094,254.84239999999934,5.810800000000289,1.8549999999999989,28.9697999999991,0.0,0.0,0.0
512,25,15,0x6af504611ed97cffd0eb157bb3528f42c28e5c9abb78876944d63083d3b8b4d7,0xdda3e4dafa2f783207c8dd01f488713ed5736c06f25ec764f0daa99b2f2d89d3,0x59311d9c86d94b29a401fa8493451cb4b5cbe0b23f5ccdde0cb8e93d430e3c55,0;1,0x956f989253ed696d5c8cf870123e3d94799fb628b16e9b12dccdff3086eb12ae;0xb33e312a5d9ba9a3d5ee6f67b207d91c5babc68af909d450d8a747c0a9d5e012;0x508cb4377f99f4a42fef725e3dbfc13683b0af946477c19e8074c649a6cf3cdd;0x0a69fc008465552dd514a5dfa5d84d81d7fba7a27f9f9be4f9e5f888a89c2e2a;0xc3fe2d2a735bafe7b4a7eaeb01fd665d67a427d40ae1fbc8c4538ececd7283ef,5.197127,3.388359;2.815605;2.704428;2.647446;3.456597,512.0,9.0,0.0,0,0.0,0.0,0.0,0,2691055616,2691178496,1949.729999999983,1573.602999999979,8.783000000000055,3.836000000000117,54.39200000000033,109.0,658.0,1011.0,498.3493999999977,1532.24440000006,11.042800000000096,3.589200000000004,35.541199999998554,109.0,658.0,1011.0,4.884416,2.332908;1.84347;1.653523;1.431458;1.51485,512.0,9.0,0.0,0,5.0,1.0,0.0,57896.0,2692640768,2692648960,1907.8569999999572,1499.7110000000146,4.8870000000002936,2.0329999999998094,42.93400000000142,109.0,658.0,1011.0,490.13920000000604,251.82959999999755,14.611999999999957,2.487799999999988,33.586400000000516,0.0,0.0,0.0
512,25,16,0xe94edf52a6bf6b1dda8d4c6d79d7e4c03d7f201ec06eb0fe07f31883b873b252,0xdd74ace7c5e8cc25bbeb127e47635de6db528cdf1330412999cdadcae1fcd435,0x06c7e8a1d761a23fb1699d4712fbfa511e90c8c43dc6f1b3ddab39771fafe241,0;1,0xc99ecb6eed99e68165fdf2c74d8855e36b6711142d8e22891797fab0dda94d02;0x99af5c06b691edb9400158b55449ea621b60b53c9235dbd48e42183d599dff8c;0x44dbb8cb37d43a8c3f3e3cef61106baf92cf3ea197bd1e206a5744f1d7689bd0;0x11d163698f9d2812b4b6bdb177e59a7b8a8d8acf6da1009f8f6fc509a8e7c7b1;0xafe8cf4eb98ef661cb70f9b9d9eadec3bf819107d013ec0214b82db81425459d,5.782349,3.664846;3.104721;2.937439;2.75258;2.671233,512.0,9.0,0.0,0,0.0,0.0,0.0,0,2693107712,2693152768,1879.8749999999752,1638.421000000001,9.05399999999966,3.0740000000000456,52.63999999999963,109.0,659.0,1011.0,473.6122000000176,1564.112200000034,12.038000000000153,3.599600000000081,33.43060000000203,109.0,659.0,1011.0,4.695511,1.811491;1.37959;1.883781;1.434252;1.357517,512.0,9.0,0.0,0,5.0,1.0,0.0,57896.0,2692698112,2692718592,1888.1069999999722,1608.5650000000062,5.497999999999614,2.714000000000015,37.8369999999989,109.0,659.0,1011.0,500.1744000000085,250.76199999999324,5.737000000000103,2.857800000000046,33.13800000000061,0.0,0.0,0.0
512,25,17,0x7b97b1447ae80a0002f240e5d345365ba41df0fb8b6fc26a6b4f90be3960c1b7,0x70365aadc2235541f34d51cd13d7d9caf328945f0c6539cba8b988b3124bf00e,0xdee4aebb12590bc7f9cfc11284fe2e239a84b815f76c5df0330e0bee6e175efc,0;1,0xf3048c083e183087e03aa674534d0efa0645361e4f6c0974670ba565d62a38e8;0xe9826fcfce9fde3cf771215c3e06e9e477a8a2753c3194f36981e99cb37b358c;0x2983cfbd2d6c88a7fb9f191dfc24eb24c9f4ef61344e1342a41255813a68a8a8;0x1e5b5d517ec633c6b5211e226043e079aa317d0dc12ee8077dea2eb9befd19df;0xc198c0af01c462e587616519c3fb93ab6510568aa90e9ae1d8b862d4248371df,4.835962,3.204663;3.041977;2.681203;2.722606;2.584347,512.0,9.0,0.0,0,0.0,0.0,0.0,0,2693664768,2693939200,1902.8490000000397,1544.9089999999278,7.351000000000059,3.846000000000058,52.07799999999707,109.0,660.0,1011.0,421.523800000001,1521.4804000000192,6.12499999999988,2.681999999999945,37.287999999999215,109.0,660.0,1011.0,4.684764,2.160488;1.554103;1.89032;1.409215;1.409856,512.0,9.0,0.0,0,5.0,1.0,0.0,57896.0,2692718592,2698010624,2020.4969999999544,1525.17000000002,4.276000000000106,2.4640000000001985,37.48600000000324,109.0,660.0,1011.0,508.97540000001123,242.7322000000065,6.443800000000173,3.0726000000000884,32.75300000000064,0.0,0.0,0.0
512,25,18,0x8e91ecee50350260fba6c5168511b514b9c6b95e0be34113b858b47da97fdc79,0xe1a01c0448d074382e5569eb3a2851e3e371ce05e4d0def66d6ebb8fd56c31fa,0x4bb4978df30c83afc3d0986d140baebc8bffe14e0f0244652ec97b6efaa0b0e2,1;0,0x676098d7c82c95a004eecc1e6c111100e583bb44556b5a77aa1b1621e5e85441;0xddc5ef00ff7a2787974943bb480dba0b725635119149ae3e438618e928157f98;0xd7e925a4624d2bb9db795f7b28e1b92bae56d95b271b13a03a1eb6ba9821c40a;0x7c834f13660a31e95f561959f179287fb766246fa148fae34bafc687049284b4;0x27e68a87250cad4deb8d1f80913a2f6907ccf361c92a55678662012ee60de55b,5.305921,4.01191;2.896027;3.035046;2.792221;3.147496,512.0,9.0,0.0,0,0.0,0.0,0.0,0,2694787072,2695041024,2396.6640000000484,1613.9930000000913,7.321000000000237,2.1940000000000675,40.782000000003094,109.0,660.0,1011.0,510.06119999998936,1693.5597999999884,7.923800000000058,3.184400000000049,33.90060000000028,109.0,660.0,1011.0,5.299211,2.343284;1.700845;1.727304;1.531689;2.742305,512.0,9.0,0.0,0,5.0,1.0,0.0,57896.0,2694164480,2699120640,2169.0500000000056,1672.8930000000087,7.502000000000376,4.187000000000114,52.55900000000063,109.0,660.0,1011.0,667.3764000000082,246.06299999999635,8.13620000000015,4.178599999999852,34.818599999998646,0.0,0.0,0.0
512,25,19,0x292316bb35264dd5b3be9770c5458fa5fba928b03d44e886105efd8bd9d11107,0x39a916082c84534e3b2c7032bc66d62093825e9fcdd8b9f7bb8693566e1e5e54,0xa79100577a7514c1b58b8895d3b48fcdd9a8ab0143b4c3eea95c0a9bbf9719e2,1;0,0xd5a2a009ac54ccf4f17dbea47395e0caad0745c32bc9f514ab4cc89b68663787;0xcd9cf011b54dd0994d98d0eb59af623ad98f2d4e71bcb02f4131de3c4235ddc2;0x1d486aee64f26f4622e688a1e6186a9a6f53c91954e637da7f09c05ef58eb2da;0x2e42303d360377bea6c839dae3c375a0b6a8b079cba8b8fe24b8cbefec8d923d;0xf6be0d76fdbc4f6299239bba6e82ea070c7c42e672d71a3fba744d8327e6c410,4.788521,2.99105;2.772301;2.633351;2.592489;2.483625,512.0,9.0,0.0,0,0.0,0.0,0.0,0,2699538432,2699587584,1951.7430000000058,1705.4910000000589,6.6600000000003465,2.873999999999932,37.2469999999972,109.0,661.0,1012.0,424.1196000000391,1469.7442000000117,6.487799999999738,2.816400000000066,33.35220000000027,109.0,661.0,1012.0,5.296316,2.134709;1.777951;1.496707;1.472781;1.635897,512.0,9.0,0.0,0,5.0,1.0,0.0,57896.0,2694717440,2694717440,2292.6070000000022,1561.8749999999905,5.808999999999849,2.624000000000116,51.9279999999997,109.0,661.0,1012.0,437.2033999999969,299.77420000000257,5.911000000000111,2.874399999999982,62.247800000000964,0.0,0.0,0.0
512,25,20,0x22d69c50312fc00ebe9ab2c0200b8e6ba2660e93bd5bde55be1d5001eb6ac2ed,0xe49bef2c91ffaa17bcdf8089099593330c18db1dc39e11c4a024ea3af9fb7f04,0x9f739eee01f52bbd3a9d523c7a001c782e89ffc5b19a2188f4ee83d0789d7664,0;1,0x725e97fe21f799a6cf6bc5e263987bafb79c4f4f685dc9c8180a5f4152aa80a4;0x41264f6680e36482a396386d880f7da2f22f462771f84fc8d9a53664829ca54a;0xd707547a05e2f9533c6a8e841d6eb15a3eb827aed5d9b8b25e30ee37eb7f23bd;0x7c383a7d7ce29045a69965be6a69ceb1370198ce42e22b208ea2e65eb5bcdff5;0x4fd6d55c0b0112f3aaba191e9cee1d598b604954419769c215a2e052f96cb56f,5.539694,3.15732;2.93805;2.589676;2.469524;2.580511,512.0,9.0,0.0,0,0.0,0.0,0.0,0,2696278016,2696278016,2230.5740000000405,1883.3899999999294,8.984000000000075,3.364999999999965,51.176999999999474,109.0,662.0,1015.0,458.8700000000001,1514.323399999995,6.537599999999893,2.866200000000048,28.727000000000615,109.0,662.0,1015.0,4.428848,2.071393;1.581885;1.557428;1.51167;1.31305,512.0,9.0,0.0,0,5.0,1.0,0.0,57896.0,2703663104,2703806464,1655.5870000000139,1533.2820000000247,167.342,2.223999999999889,37.506999999999124,109.0,662.0,1015.0,447.9977999999996,260.3262000000051,6.207200000000156,2.5278000000000973,32.659200000000055,0.0,0.0,0.0
512,25,21,0xda0ffe1d5fbe80e140e9dbda526a5aeb4a83475b50a897e0c28764b170110265,0xf556737d21612287bfaad69c5632e2ce9ba72890fe073773e72c72a18b6c8514,0xf92738304085d42eb0a3a2c6b7588fc410745c88940a57c4d9bf86673690e0a0,0;1,0x409442fb968a8d040c7069a159a02ee30d0770e6ae79e75c03610d095c67539e;0x201d368f457ab8f099ebd8665def9377ec39c4b8c0efc9333747c696db02e039;0x6ebbe6db53272735a09571d8fa1e36b3ff417f4e5ac87efd39dbe0bc1e2828e5;0x8657e620aeaf7c13e1f40c61a5992001d5d602bbed0e9f68b1ce016ae587d7f7;0x9ad35c16513ebaa4ae721ef0bfc84bed79f6c12bd26c3b6c5efe37cea9339a0b,5.124897,3.968534;3.092403;2.870949;2.856237;2.962318,512.0,9.0,0.0,0,0.0,0.0,0.0,0,2696323072,2696359936,1972.7640000000158,1676.7779999999898,8.332999999999258,4.085999999999934,50.34599999999973,109.0,662.0,1016.0,504.3781999999996,1579.1813999999515,13.456399999999674,3.7094000000001404,33.49479999999877,109.0,662.0,1016.0,5.110627,1.911813;1.608004;1.702347;1.585691;1.884412,512.0,9.0,0.0,0,5.0,1.0,0.0,57896.0,2694737920,2704248832,1879.1540000000496,1940.025000000012,5.17799999999978,2.9850000000000536,39.20899999999838,109.0,662.0,1016.0,488.4128000000043,276.95359999999613,7.207200000000115,3.6356000000001276,31.21119999999755,0.0,0.0,0.0
512,25,22,0xae268bb2b98ba615337e7a62b1724c006f3a86fac1df5b82e2e75884f474fff3,0xcff7eab1ffce43ad9f0da515443c6961bbcb0c8e86b8e50623119b386c2c6091,0x0996f23a1c523d8b6591fb26d1cc9efe6fb9cff5ee45390573d3869c3c696b2a,1;0,0x7470eb66a51fa576659a53d14ba6f7ac5dc662896f50f54909404f9a514d54bc;0xf65034fb8558e898bd5fb65cf7e12948ecdffff0d34b2850baf23ae6e1d93f76;0x55a89cfc6387fb06716b4a53b4b67d0155499c8c857c9dc657da86deb8a6f1a0;0x78a6be87330bdc5da526bfa0608d0480de44f9daedbb2be4277b11ef0ab4d5e2;0xc65531831f73da49f912d6fc080d5d4d6096a29b27efcab53d88e18ecfa8921b,4.879427,3.972331;3.192073;3.26222;3.101627;3.036909,512.0,9.0,0.0,0,0.0,0.0,0.0,0,2696364032,2696384512,2151.404000000023,1517.6990000000944,7.640999999999204,2.1430000000000233,40.77200000000142,109.0,662.0,1012.0,482.4152000000081,1730.092599999944,8.168399999999506,3.7477999999999643,40.907799999999334,109.0,662.0,1012.0,5.122294,2.17455;1.675206;1.590849;1.638992;2.190353,512.0,9.0,0.0,0,5.0,1.0,0.0,57896.0,2694762496,2705199104,2007.9079999999472,1548.2749999999878,17.95699999999987,3.6260000000000634,52.81900000000256,109.0,662.0,1012.0,552.6734000000033,324.9377999999914,7.487200000000014,2.515599999999927,32.99779999999947,0.0,0.0,0.0
512,25,23,0x3cdc3c3b202c29858d94fc8f68e4d336fb33ed63a0dd49839334d87907db42a4,0x20921cbdd18eefd7ffcfd76b331c7c2aac89bde8eea594a7c81bc87df59b8f51,0x43196799edb08ebd5eaeda6183acef8a2bcab8793505eb39076eb38299c6cc8d,1;0,0xd825656d948a2597c748ea409b371a773db1311f698bf4974a99533897dacb25;0x3acf5c3dee7520f7df108c70d7c1d022db7016ae9a5b72744a8da91e3263fdfa;0xe55e8fa765c6d8a15fffb102ba147a2a78949c161f4fcbe85ff53260f568a995;0x02ab75e024ac2260eb8b854e4ac9180765e8e01f6bd5a78a6c0f14288bdf6825;0x2c2394ce57c7faf45cdfe6335ac561d0fc689a9b0c764ff2154ff0cf7f6e96c9,4.586296,3.393758;5.571822;5.478882;5.339191;5.39142,512.0,9.0,0.0,0,0.0,0.0,0.0,0,2696646656,2696777728,1779.7339999999772,1472.731000000005,6.880000000000774,3.6849999999997998,45.48900000000272,109.0,663.0,1016.0,490.4494000000037,3272.0158000000056,10.211599999999931,4.615199999999983,40.41279999999897,109.0,663.0,1016.0,5.183676,2.51346;1.960406;4.31034;1.873586;3.803835,512.0,9.0,0.0,0,5.0,1.0,0.0,57896.0,2705518592,2705731584,2061.377999999947,1558.1199999999963,6.670000000000287,4.426000000000083,52.75999999999892,109.0,663.0,1016.0,531.5412000000075,702.0828000000034,11.275200000000067,5.784400000000048,41.01220000000127,0.0,0.0,0.0
512,25,24,0x50d557e31635ad1b9e6b0a5103d5fc30bf0e970756fbe2b5116993c4f70a418d,0x66709d385ab9980ddd07c65130e9340c39fad3c211357f4e992f407499697d01,0xc61e9e03a5eb50a843ed9e726a3ca8c395f60ff4ca7cecbc2d5c45d3dbde4460,1;0,0xf15646e8b9aba70b188efeeeeb2aa78e54ce828d505012198cb697169627dbde;0x4901355fdfd607337e53d82137d892c150df33294f2eb328e81c2c10fdada70b;0x83557f9839552c616bb0e77fe6ece3f6d7455effffbbeabe7321438ca342c095;0x5b9d83835d323158c83105b7c7a44e7595d4ea20a9810be81331ba9754682d6a;0x661f686c553d062fc7e6628c65223481ae895420b5908da8d466cdf80fe0486f,7.365135,3.701302;4.69461;3.174006;6.193049;3.674751,512.0,9.0,0.0,0,0.0,0.0,0.0,0,2701357056,2701590528,1999.025000000043,1729.7279999999305,8.86299999999958,3.926000000000016,53.53100000000249,109.0,663.0,1014.0,562.5722,1706.476999999973,9.211999999999762,4.6112000000000055,38.04520000000033,109.0,663.0,1014.0,5.914018,1.913735;2.291786;1.691972;1.99582;2.629956,512.0,9.0,0.0,0,5.0,1.0,0.0,57896.0,2705862656,2694852608,2133.6880000000224,1964.8130000000097,6.118999999999743,4.48600000000016,52.99999999999749,109.0,663.0,1014.0,584.7380000000069,256.3883999999961,20.128799999999913,3.921600000000077,84.86399999999978,0.0,0.0,0.0
512,25,25,0x9008b369e64a88d9fe26c02f15375b1909f60ce31ea1acb0ccc8a1430869dd16,0x8ca19f55c4a52487d50f2a9b1dd51dfa26b894f6cbf633c10cd5d52ffac5be74,0xa1dcad68809663358e84cc8e6be8e084db28c0ee979fc14f15d03b5f847297e7,0;1,0x9ef4880e81e3b59d0e970c532cf7242c7113e5509f50167453765c045e4d3cac;0xe69be8b8ab392fb2151381c65690e343d9e89040d6a168989fa15c012253f8f0;0x991a8224e95776775c7cadc4a937057bd3675baeeca016c4672bc499d344982e;0xb7a96584f710f85ca7e67f8f1b367f114b6440adf82d234a5b6c9ec23af0a129;0x217e8052c3918f63f4d70648e9034cd3828aa2b0349c61f19d4a03c49dbce9da,4.874966,4.170068;3.705738;3.668362;3.170911;3.204453,512.0,9.0,0.0,0,0.0,0.0,0.0,0,2702393344,2702532608,1823.919999999979,1545.5710000000788,7.211000000000023,3.205000000000048,51.42699999999972,109.0,664.0,1016.0,814.303999999999,1700.4244000000224,8.906999999999666,3.6213999999999693,32.97159999999938,109.0,664.0,1016.0,5.212981,2.388122;1.823981;1.605821;1.918022;2.378633,512.0,9.0,0.0,0,5.0,1.0,0.0,57896.0,2705997824,2706030592,1947.6670000000418,1741.0449999999967,4.627000000000104,2.733999999999896,40.481000000001934,109.0,664.0,1016.0,497.804600000018,272.49459999999505,8.29860000000019,4.41440000000003,62.203800000000534,0.0,0.0,0.0
512,25,26,0xf081b5a165322393a505f651ea171640de3d6bcb247127822808f89ada66807e,0x705ee8a48bfd5d710613274ef7982ae2b4429e4255ad4c10d171476ecec746ac,0x699673ccdd32773200bcf9bab57e1f69435e326187070bff95e1d6953172de94,1;0,0xb01b90cb480f6a55e7eeb3a632d1bcf2f31d1ff614cc3d3f0cf4537b268a6c22;0xeab5c7ad9a66b5dfb9f353815d247e5dd674314fbabe9ac99908f2f356ff2369;0xba2adde57b28512401ab341183888828dcc03cd7a85e003b1b5f125de51c636e;0x2485d422df087d908e35280a2ae451dc4db854baa32a20f90cb6c2f506cfd826;0x2379d6f96366ebaa970ee8091e3969096fee4254b5502d378fab4c2d0a4aab4e,4.936003,3.73986;3.23669;3.396701;2.992673;3.141947,512.0,9.0,0.0,0,0.0,0.0,0.0,0,2703278080,2703290368,2017.0109999999574,1701.7360000000092,7.101000000000676,1.9930000000000467,38.00699999999962,109.0,665.0,1018.0,564.705600000015,1592.953800000041,8.873200000000109,17.522399999999987,43.553600000000024,109.0,665.0,1018.0,5.100421,1.932835;1.563298;1.657199;1.642487;1.519902,512.0,9.0,0.0,0,5.0,1.0,0.0,57896.0,2695651328,2707030016,2105.3949999999545,1553.1420000000073,6.059000000000099,3.1950000000001073,50.7660000000007,109.0,665.0,1018.0,478.118999999988,248.8372000000072,7.683399999999958,3.5235999999999255,39.85619999999912,0.0,0.0,0.0
512,25,27,0x6bd4950b76a3bd75a51df985a7d8b02277658865c1b6a3dbabc33b2901ca2b73,0xba0cbcc9c173f559ac907149cf3ec99ffb62aad05b57271fffc902355bbb3d52,0x8401201c7346862b39c0bbf8bb78684e170169eee1ce18b45a6cbd5ba0a170c9,0;1,0xb06c0ba3ac0f755cdb241b7e25a649e2029af1a7c9dc1bf7b2516932668e54e6;0x992350714521a06329c5d858274298b0e9fb35a25a27193cfbb20d847667f00b;0xf120081915b7752e7285e21471d7348436e70f26c3be97921b38f99ab7aae1ff;0x0aef6319f8deeacb5dd76cafc53fc662baf270ef49ccba9e46611ccd10bc0364;0x5816dad373852463bd0f226d7ab5c0b9995370164e9e7ccb37e8d49ec5db5d0e,5.193001,4.000162;2.989358;2.892772;2.848275;2.596456,512.0,9.0,0.0,0,0.0,0.0,0.0,0,2705100800,2705203200,1832.7439999999972,1812.762999999995,7.731000000000404,3.625000000000156,53.19000000000157,109.0,665.0,1020.0,438.10279999996203,1620.662000000017,9.899000000000365,3.324999999999943,33.54679999999915,109.0,665.0,1020.0,4.681489,1.884011;1.660293;1.473683;1.383827;1.434714,512.0,9.0,0.0,0,5.0,1.0,0.0,57896.0,2696486912,2708262912,1765.4520000000007,1551.3690000000247,5.838999999999671,2.7939999999999734,43.05500000000018,109.0,665.0,1020.0,458.974000000012,245.62639999998748,6.066999999999878,2.4040000000000346,30.18359999999859,0.0,0.0,0.0
512,25,28,0x49f1234391fea47ecd6c89d479284b34d58cee25df714020f522229848ac0e5d,0x9352bf92bf0e8665a668cf430bf227410276b7e2aeb449c5b9ccaa3006f0116b,0xed402b558c09ed422c2b9849f59a5771ede9a25dc325e11debb076c0b218f250,1;0,0xf7e0b1d74a1ad1d3c93fe47468655e188434b0a806571b2538c94518a572da28;0x104ee581c34236a2e8adfc0b9708ca4d191183f5f3ac75ef482ee04228d2e1f3;0xc1913e11660b0486046ac780e0ea178280e80d2c016112ed9b07d4e68a930cee;0xc7a3e2cdaf40112fb7c3cdd1390df0e837b718df13ff3a26aeb422480b3bd362;0x289b78e2b54a28d04a0f99677484fbc81e113210e39ce3c4bf3c9509b331d464,4.430982,3.526097;3.113666;2.643786;2.744569;2.916477,512.0,9.0,0.0,0,0.0,0.0,0.0,0,2700201984,2700247040,1645.6710000000153,1540.1129999998986,6.3400000000005114,2.153999999999871,36.925999999999625,110.0,667.0,1020.0,488.64899999998545,1589.7596000000292,7.74760000000034,3.086600000000092,32.86380000000061,110.0,667.0,1020.0,4.827269,2.213748;1.517989;2.269061;1.409686;1.508345,512.0,9.0,0.0,0,5.0,1.0,0.0,57896.0,2708389888,2708414464,1734.0200000000027,1686.823000000004,6.149000000000432,2.373999999999866,52.047999999998986,110.0,667.0,1020.0,516.821199999984,378.1399999999935,6.116999999999928,1.9931999999999415,31.002600000000488,0.0,0.0,0.0
512,25,29,0x9351c396f30470cc778928d6b993bc0585cfdf40e286eeb5e3779187aeedb1d1,0x47e734c61b5847bc2a363315813f91893ca4974e6743face765c0ca29795f322,0xe88951a7bc61b72ce5034e2a2a843a24d348a475805e98f8b05bbaf73d594895,1;0,0x4b3489d1fac6f2001053d2b015005b557039af58f5db508dd24cc3f14b74f806;0x6408a25013b5fe800a2d75bca54134406c90b926e53271dd12038a801f0bf248;0x30eca1ea1184a5498616b21ecf3871d093fdb98b0737d520aefe4f70ecad4f03;0xd4f7da772356e151994d656f20241f50c8cd8dff4ca43a42a418f216f9121d38;0xfc7a4f1bff3a1bc41276c4c4ef7dadf00ebd3e9a96a13200fcbc414716aa1fff,4.803984,3.719158;3.011691;2.707362;2.795015;2.670216,512.0,9.0,0.0,0,0.0,0.0,0.0,0,2700918784,2701131776,1888.108000000055,1611.3090000000607,6.139999999999965,2.954999999999798,37.70699999999793,109.0,664.0,1017.0,467.1945999999982,1561.798999999997,7.046799999999714,3.285000000000007,33.91079999999907,109.0,664.0,1017.0,5.202395,1.804241;1.598461;1.889929;1.381233;1.539701,512.0,9.0,0.0,0,5.0,1.0,0.0,57896.0,2696564736,2708582400,1859.5740000000305,1834.015999999994,5.518999999999837,3.3860000000001875,51.5180000000004,109.0,664.0,1017.0,451.73320000000405,249.51400000000623,5.722799999999944,9.279799999999897,31.313200000000762,0.0,0.0,0.0
512,25,30,0x12ff47803c9d6ca135277f20fd0e63927185434c2c055ba460235924a94ead6b,0xac62149c315e42b65f7c99dc200b1bec5c935594cdad48062e0f37bb42944783,0xc9012ce9be095be5c0711091ad76bdf70f21b149718fd64f7acb9535a1960060,0;1,0xdfa2ed7f17880d8d5bac74020b0e6e35b7b264f5bb250a9b2db8826084cfd7a9;0x20b39c6eb31f685b1a53e978601c69256b7ffdefdb4aa60188f6f3b04ec247e9;0x26ad95ef67d69b5af6c6cb3375dddc8aa4a3cfc2881972d77f59684f76d47b81;0x7ee2cf4d435104af4bb66433e7c7fac577a57648f9eb7647896c09e046745695;0x0afb6f8a9f28093c66420bf251ed8bd0e20f1f3fb0afb2f646d0728ab25198af,5.095083,3.655021;2.989518;2.868596;2.73869;2.817418,512.0,9.0,0.0,0,0.0,0.0,0.0,0,2706558976,2706763776,2094.558000000024,1573.7529999999556,8.342999999999199,3.154000000000004,87.8419999999977,109.0,664.0,1016.0,479.2066000000039,1557.9774000000323,7.156799999999755,3.286999999999995,32.76960000000023,109.0,664.0,1016.0,4.545574,1.793164;1.478489;1.584289;1.429155;1.382585,512.0,9.0,0.0,0,5.0,1.0,0.0,57896.0,2696585216,2708590592,1771.1000000000254,1500.011999999995,4.276000000000106,28.873000000000005,121.10299999999741,109.0,664.0,1016.0,448.868800000013,256.094200000001,5.82260000000015,2.7786000000000133,29.196400000000565,0.0,0.0,0.0
512,25,31,0xc395ea0d1d337c3190837cba269d4ba7648e0fcc3db5c45b3ed6ca87020f46ff,0xb690b293e39056ce48d9621da47cc7cad9ef6b3422ad733d16baaaa596f3f37f,0x50fc59ba7dc08a1fe7508eee24e0cc51f74d072140eb8d0cb3401da762ebedd6,1;0,0x7483563e3aa795a4f7f9390798d3db5029bfa660b6e73c96a042972297346fda;0x08f532746b48805b7a7bab0ea584bce10fb6b81b1bb7ebab02f9765c859cea38;0x4ac8b405430db795002c0b5edd33c7562174044b2e2d96bd69d1e5fbd7d5f7d8;0x4b70a99866c28276efbac712f0807b5be874f72f73b55856c6eca77127dd2ef9;0xff5490b48d47b4a8eec96b51d9a20d3c043c8e314541c9586d43b79afd218c7a,4.951656,3.452686;2.867895;2.631819;2.649496;2.817749,512.0,9.0,0.0,0,0.0,0.0,0.0,0,2703396864,2703396864,2105.1749999999593,1601.374999999905,5.747999999999864,2.6140000000001753,40.44100000000217,109.0,664.0,1018.0,445.82440000000554,1526.2857999999824,10.435799999999883,3.1050000000000346,34.35380000000044,109.0,664.0,1018.0,4.924246,1.844451;1.695116;1.393922;1.258748;1.640895,512.0,9.0,0.0,0,5.0,1.0,0.0,57896.0,2708828160,2708770816,1922.0380000000148,1646.4330000000027,6.128999999999683,2.522999999999935,52.45999999999723,109.0,664.0,1018.0,426.38299999999685,291.1250000000032,6.297400000000036,2.5398000000000263,33.4868000000002,0.0,0.0,0.0
512,25,32,0x8646b9e2d135538756b7ddc5fd89e21c22a946a4e51338d411b359641442f954,0xed58d132b9287ff875ac1617b97b1caa7570136ffd2823a7f532a0124fd3f0b6,0x9f6909dab7a0f4e37a0f49a60bc7653c2f348f3e6640858a234bd210ac49b540,1;0,0x1d2834b6036c7a19f4bffc5118718606ec466ebb4165ccf67536973843987840;0xd825a46f4b35fc50d75c65b79a26891f18cb73f99c19f20aebc75ab3afaa2fbb;0x625293d097618ce6983d782e37690123d31c32705c0a4eca0ae8690e2752b1e7;0xfced5ca5356c6c58310a9ad4200eb2c659ab1eac1ef566b998fb34eed1cecca7;0x68b77a7246c4e715afb3e1f5572919a4d13463ea948f0eea1405f0478f704ad3,4.531093,3.47559;2.744399;2.683096;2.56648;2.499949,512.0,9.0,0.0,0,0.0,0.0,0.0,0,2697777152,2697785344,1756.537999999974,1455.7150000000795,6.690000000000168,1.9930000000000467,39.34900000000102,109.0,664.0,1019.0,455.4090000000288,1461.409800000002,6.6699999999999395,2.7440000000000104,32.80759999999966,109.0,664.0,1019.0,5.206741,1.778051;1.493232;1.514985;1.656768;1.390627,512.0,9.0,0.0,0,5.0,1.0,0.0,57896.0,2696683520,2708914176,2108.069000000046,1751.2909999999881,6.579999999999954,2.1029999999998275,67.59199999999827,109.0,664.0,1019.0,424.8225999999855,259.92180000000695,9.700399999999949,2.020999999999967,29.79700000000085,0.0,0.0,0.0
512,25,33,0x10140763f3b02cfc038652ed974290d7244c0eab8b5dca0445be23d518df1e01,0xfd989894494be739efb4567c4004c6122ca98b6d76e6f91e4c1628c4ceaa3b1e,0x088814625b3e429e71897373d62105bc9014fa213367c7f5b3e32d26d49c500d,1;0,0x6dcb7148ff2b5774341e17a8cce3e0bada2bc326d38752c896c8bcb58ad82268;0x66c346aa7486babc81373259969e8a153ff9291f0fa3469eba19d6a6144a2e7e;0x364c1e7863d078cf43b5b9baeb7290314e18c29cf5ad25eaa96566804a46d66d;0x6f30d0fec112e7abf9de2b1aac1f12bb6ccbd522bccf48bacc0355ecf5ff01d7;0x6942a2a76a6a90cc0f3ac7d4fd4dcd94f7a937d85196f02a7beb808555322016,4.447296,3.218083;3.107546;3.399886;3.131592;3.164432,512.0,9.0,0.0,0,0.0,0.0,0.0,0,2701070336,2697871360,1821.3660000000464,1484.5880000000643,6.880000000000774,2.414000000000062,41.03200000000334,109.0,666.0,1017.0,610.5347999999956,1630.2339999999747,7.44539999999981,3.789800000000062,33.928999999999206,109.0,666.0,1017.0,6.349574,2.152196;1.643979;2.506901;1.572381;1.595647,512.0,9.0,0.0,0,5.0,1.0,0.0,57896.0,2709549056,2696888320,2078.202999999945,2638.377999999997,7.110999999999749,3.906000000000135,50.55600000000021,109.0,666.0,1017.0,635.9849999999946,266.7121999999966,7.579400000000056,2.810200000000034,42.824400000000814,0.0,0.0,0.0
512,25,34,0x883b4b1e299a37392c5a43eccaf5148b93137ba5d86705215c27ca0f474d0e66,0x5960b32c63a0076aa7df08e561721f1bcc77443ffa204d5ffb62bb9c34bfbc96,0xa67fd7a28b113fe399fabd240a5051c3b560e8c351b523c2f121181b179d5534,1;0,0x2c06c4a77fc13694a0431ff4fa9caca4d6a406cfc1416fd8f7092c45a68da311;0xfd89a5346fbfee2d380c7cb917d8a9baac555e38ce3afa9185f80a7ece1f6983;0x0b3d3bf7ef27084029b05b9a5c59045b0c67397a952abf58ffc3c7a6fa6a8239;0x82b54c7b9c6e1f74f49c7c8fdc96b9bdf7e1a317d04645dfa6198ff6b35c1288;0xe4ac50585929d80a544e90a12220b9f4449148f16c66ba6c8dd7af2a3c73c610,4.890595,4.055456;3.337783;3.011471;4.639336;4.696371,512.0,9.0,0.0,0,0.0,0.0,0.0,0,2704351232,2704330752,1915.5889999999954,1550.2679999999102,7.300999999999489,2.4240000000000026,43.987000000002276,109.0,666.0,1020.0,485.34000000000077,2217.555999999998,9.115999999999985,3.8857999999999255,38.42780000000018,109.0,666.0,1020.0,5.822991,2.029295;2.435452;1.96941;3.069038;2.097373,512.0,9.0,0.0,0,5.0,1.0,0.0,57896.0,2710605824,2710663168,2357.9759999999837,1970.6620000000119,6.418999999999696,4.0059999999999745,49.525000000001654,109.0,666.0,1020.0,836.6176000000225,346.39800000000326,9.003799999999888,2.8442000000000918,41.480800000000265,0.0,0.0,0.0
512,25,35,0x55925bc53b59a7aae5b049d9a6f415b538ea114cba024a3f556ba5502067c38d,0x168575f650ea190dce64bf7ccdd6df5a5b7b3e0854d1a2da4d6b77063233dd69,0x14b12a680742c97914daf572bd5e8ca9c83bb40a1b409c00bb08c6303044a2df,1;0,0xb6dbe8b0c4c56eaffb0d5b9ae45b3c1ede51c4ac6f0da927ac5d53d35d500d54;0xe2e632bcefb70bd67a83a21a2df11a39308b8587db68fd723373b7e25bb92048;0xc6cbcc72cbc3377a8091de2a7d77311a807a4d5df20ea87097f4f46f41901c51;0x7bd6ab0b2449641c05866cf0fff4445af32f5f530852bf8b8a43d88cfb686995;0x24739331e263589555f4325b4f3a3c1fa6846382879027096a6afcde76ffb901,4.56222,3.497655;2.774394;2.649575;2.520971;3.462461,512.0,9.0,0.0,0,0.0,0.0,0.0,0,2713788416,2713980928,1722.6679999999828,1502.8759999999863,10.44600000000076,2.2830000000000594,40.97200000000023,109.0,666.0,1018.0,430.64119999998155,1590.7970000000216,7.07860000000067,3.0184000000000806,40.29719999999876,109.0,666.0,1018.0,7.634252,1.75083;1.958573;1.469696;1.640014;2.032795,512.0,9.0,0.0,0,5.0,1.0,0.0,57896.0,2716471296,2711789568,1816.0689999999756,1596.8880000000186,7.071000000000854,3.0849999999998934,50.0049999999988,109.0,666.0,1018.0,604.5301999999975,313.51680000000215,5.562400000000065,2.327799999999984,29.192000000000107,0.0,0.0,0.0
512,25,36,0xd71da164f48f4ff257c856826a0729079cd511bb4b8db99ed7777969ce24ea27,0x67823dd848660ebf69b986475947db3146b96d2abc455bf3dd32f288ac5e6238,0x18c2e58cb578ea79df82a5dae75a290ca0783704c529f30848f5d84f1b5abb5c,0;1,0x520149dd1ef8f0062fb06e245fca5b6d850fd0c8736f5319b72add20e8761dbc;0xe0be146a008d4a26a674b70e467574a3744bf6cd2b7aafbdaf72853c8add4e17;0x15a7996c3bb1c351f1b46461c6192c6b493dfaa6956a85930573ebe13ced8230;0x53fca55d5c54025e14c91d4e8e0d4189b47d16c5e4edfc9530bb321a12b87ad3;0x3a5ed04a565fa602e1b7b7bdfea95e737a801b627b4679642a251939e7c1f01b,5.25863,3.547069;2.982358;2.750358;2.643817;2.671178,512.0,9.0,0.0,0,0.0,0.0,0.0,0,2714222592,2714238976,2101.4679999999953,1594.1440000000196,7.481999999999628,3.275000000000066,56.93600000000048,109.0,668.0,1020.0,415.77299999999707,1532.4828000000234,21.38219999999989,5.893000000000044,40.00840000000089,109.0,668.0,1020.0,4.575359,1.905774;1.52533;1.553543;1.315383;1.527553,512.0,9.0,0.0,0,5.0,1.0,0.0,57896.0,2711810048,2711830528,1747.835999999947,1563.007000000005,6.11900000000061,2.48400000000008,51.79799999999874,109.0,668.0,1020.0,415.849200000018,242.9721999999912,20.434800000000347,4.734999999999983,34.629999999999384,0.0,0.0,0.0
512,25,37,0x08b04a6dcc6d4db9155210cfe08591d1e5ceebf0cb45a184b37b405f234e0a4a,0x71d245b1448925a85f193388db39c0e7ad4399e9dc8a9375809953c7d99cf87c,0xbf8cc48d01bb0b45ffe9642e13a714e82fadb6fb8341232adad76c04d626c80a,0;1,0xbe7dfa03ae3673f12737a1e437550b6e3a9af901c03dcdf1112addb550d0487f;0xef76fdc6bb20a82a0b4127d9ed318b13f3438b7809eeb878d3ca1d1db5a7e7a0;0x304a16834c6e9a80b225ec5614d07aa6d0440dcf28d43fe5ce82420a5b61595e;0x54aaaffbf33522bf7d4d874a97ef1335e1c61e806c41ad6527b93411c09d1ed9;0xed7894166f6038b102d763432b15bbc15ad2d8bc3640db9b090d9e6961b757d5,4.676892,3.085984;2.719901;2.56015;2.533461;2.61998,512.0,9.0,0.0,0,0.0,0.0,0.0,0,2708459520,2716295168,1669.1770000000217,1553.251999999894,8.993000000000542,2.6940000000001336,51.197000000002824,109.0,668.0,1022.0,409.33900000001967,1470.6336000000151,6.681999999999868,2.76020000000007,29.626600000000337,109.0,668.0,1022.0,4.624604,2.193638;1.615516;1.451769;1.340101;1.51858,512.0,9.0,0.0,0,5.0,1.0,0.0,57896.0,2711846912,2716475392,1685.7420000000457,1523.3869999999872,5.308000000000742,1.9130000000000882,42.68400000000116,109.0,668.0,1022.0,478.89199999997527,245.4602000000028,7.681599999999691,2.307400000000053,38.38780000000042,0.0,0.0,0.0
512,25,38,0xc65fbab3ab576f4da524cd5b2cb00a0f557ed4e6d1e8114e5b6f7a98498c9b71,0xc1dc65e8ce9a42e236eafea86e5ed3cb75707d1487a6730a8301fa3f4ab38d2e,0x640763814c9ee7147814edd82074b1872964f0b3dfa0d440a82b2c50c1f41f1f,0;1,0x7f8d9c7bde4fcd3a5d1763697fc11323a6f6941c7ea33d09deb02f930af866fe;0xd089dd4bdf33afa98f1de0d9bf8641f6d3702e4335c32dc32ed602f2c8faf67d;0x5e32dc9685ce52475c2b5790b7ab03fdc1663b3fe698c1f2c67fad095ff648ac;0xa3d3d1a6c86170f4c57303886740e4a8590da4abc6c215159bee31c74af6712c;0x39645a2f329815ec9013f2b172fcfbfb369ca091c0e6d4296c3902e3ad11db84,4.70843,3.078833;2.862577;2.75865;2.800653;2.572985,512.0,9.0,0.0,0,0.0,0.0,0.0,0,2716385280,2716393472,1720.8250000000369,1595.8469999999281,7.7719999999996405,3.7549999999998174,66.24999999999687,109.0,668.0,1018.0,429.71819999999553,1490.5155999999752,7.054800000000361,2.513600000000025,30.053400000000508,109.0,668.0,1018.0,4.353945,2.228591;1.483086;1.575186;1.386155;1.49871,512.0,9.0,0.0,0,5.0,1.0,0.0,57896.0,2716778496,2711904256,1773.6550000000407,1495.7760000000042,3.2350000000007375,3.094999999999834,37.76700000000105,109.0,668.0,1018.0,459.8936000000054,269.91080000000613,7.373000000000102,3.61160000000001,36.877400000001614,0.0,0.0,0.0
512,25,39,0x10359b83a5e09d1a2e8bf4f9699e077d9c2cdf8239b0df8fd7ac9d0ba4b27676,0x20e3abdb5ec28e5e1febc41181c857678b5d5240f5a634021f882afe3fda75a1,0x6cc402a137173e5fb7d8bad5b300512b1f02d87d806cf179ee85e6283a082210,0;1,0x66fc58a4dcd08ced6931ce1f557ed9393e983960ec685b3505ce965109d3db3b;0x7f9fa8548a75596c6227381baea15891829324394e0ad2e0f10dacaad0cf6f35;0xc1fe97d49ba8ac4b86ae1d33762d5217fad247806595c4bad44a91653d4ada82;0xf7b28ad1fd838be4dc8b32ff5aadf1abc16d492ea5c7f568a29518ec924c7ee1;0xc9f0fccbef47dee5b9753509467891c284ea319e84322332cf492a398f603527,4.658274,3.9855;2.788399;2.997791;2.598859;2.520842,512.0,9.0,0.0,0,0.0,0.0,0.0,0,2708606976,2716422144,1797.3000000000018,1559.52199999998,8.21299999999997,2.733999999999896,52.45899999999776,109.0,669.0,1018.0,433.905999999995,1578.77700000002,6.6942000000000395,2.655999999999926,36.509199999999744,109.0,669.0,1018.0,4.850934,1.918683;1.368423;1.461444;1.324357;1.407032,512.0,9.0,0.0,0,5.0,1.0,0.0,57896.0,2711924736,2711932928,1921.4770000000049,1821.6870000000163,4.456999999999378,1.8319999999997887,40.67099999999907,109.0,669.0,1018.0,481.2258000000069,243.29900000000794,5.8807999999997,2.1109999999998665,37.98939999999917,0.0,0.0,0.0
512,25,40,0x0128574dafc5cf92c4b3818d1ce59bddb01eed2538007f9ea966c9673394859d,0xbd544149158a49b9d9d238d74e8fd5ca39faffcf28e0d9625feb3bc9084fd66d,0x3e41aef67312aeb643a9f61a7b646ae5d2ef006e689ee3d824fd7a69f6b2b2c8,1;0,0x2e6900d634c74dfe1a9cada300d1babc99170c8e52120f48d9cc70d1667988e1;0x505d60dd3bbf13ec86221603b7bc75c6194a27592770f7f9ec05f73ecca5af75;0xa1e84bb4141b36b0ddad2fb5149445b4d3c44e2d18720bd658c415abf17683e0;0x684c4cfce280d9dbdf95451b3b942dea5b81af85c41e5fdc80227cea8c97306a;0xfcdae9157ccee53d23599bba08d4c7c6e8db5a424f5d15fe82e2120ea2b41734,4.955082,3.470613;3.052173;2.566411;2.503115;2.488602,512.0,9.0,0.0,0,0.0,0.0,0.0,0,2716422144,2716520448,2068.709000000002,1500.0009999999174,6.509000000000029,2.643999999999997,42.49399999999709,109.0,669.0,1018.0,427.49700000002116,1565.292400000029,7.082800000000194,2.7141999999999964,30.103400000000555,109.0,669.0,1018.0,6.663718,2.028109;1.528234;1.433191;1.317086;1.25352,512.0,9.0,0.0,0,5.0,1.0,0.0,57896.0,2711949312,2712805376,2213.2870000000084,2219.216000000024,5.948999999999885,6.4299999999999775,50.99699999999707,109.0,669.0,1018.0,435.9333999999882,245.81259999999492,6.0911999999999775,2.4538000000001032,32.923399999999766,0.0,0.0,0.0
512,25,41,0xa1e4e65ee7e07b3ae1c4078779ced208660b5d297e7ce38934cfc9bdbb788370,0xec63d3c665ea6287a3f27a6a4ae4c22174859902889ab2e15ccd029d89c55ef5,0x6e0c3cee1538e05b5c28f0d8d1ad145263092b621d545bf4d185508a360ed2ca,0;1,0xc407fefdaf2cd4174db857c1ed1e707c4a5b50790cb4fa641846920ee4c84af2;0xd83f50fbcaaf19c6a2034d63e4016e13ba247ad26382e6980c0c18ee5ebc94cd;0x548169395df1386cfccdc54e5c3e5aec756a4000f96d15e8940d3cab29e7b930;0x175bc8e5eed5bbfa27077e33b6e9d7fc478a109aaeea9f2b3a1f7a74bc6bf5c7;0x62e0c7208487fe3283d85d186503cc2999f42f86b827313f9d4a50b7cac4ffcf,5.903978,3.78655;3.410427;2.823899;3.3492;3.183161,512.0,9.0,0.0,0,0.0,0.0,0.0,0,2709000192,2709020672,2480.740999999953,1734.6659999999404,8.232999999999851,3.3350000000001434,51.77800000000232,109.0,669.0,1018.0,528.4665999999883,1660.1352000000347,9.153599999999624,3.7793999999999848,39.33119999999929,109.0,669.0,1018.0,5.417344,2.000256;3.096399;1.704681;1.88998;1.814296,512.0,9.0,0.0,0,5.0,1.0,0.0,57896.0,2717028352,2717032448,2518.055999999991,1633.7730000000051,4.255999999999357,2.172999999999845,39.43000000000002,109.0,669.0,1018.0,594.0738000000279,304.40499999999645,11.90799999999971,3.887599999999932,32.71319999999939,0.0,0.0,0.0
512,25,42,0x8487bf18f40c6e9bf00e6a9d43125c9ffb486f0d01913c4f0632569ac8207186,0x76f0ab23898e852fe2772ea8c8ae43bc360ce435da83143109d89f397b5cf673,0xb95f58b9edc691caedb2d0f7e75202c39a1837a657e927c2e5c9ffa3a5691804,0;1,0x7359284ae76e7a062b073b90e5ac1353b76a9bdea05765fd2d03a423c3226fa0;0x79abd64f57ddd1b347d25dff0441660c7d204a0348008cfab8b5f35f66e6883f;0xf6022c27ad1beb880f61403a66c18d447812934c5b3711827f5b70ab25cd4830;0xcdb4704ce2a27e4a34d408a9923e8515c73b714ac5bb59e156d09cbd7cf24a18;0x33a0a2eb41d0fc5d904c9a9449c637343238b38c3a5c9ac38f5aeb82496d8524,5.482558,3.179415;2.828245;2.673541;2.643576;2.754343,512.0,9.0,0.0,0,0.0,0.0,0.0,0,2709524480,2709643264,2319.5070000000537,1596.657999999973,8.141999999999177,3.745999999999784,52.959999999997734,109.0,671.0,1023.0,440.7727999999889,1540.8853999999915,7.144799999999826,2.4455999999999958,30.16540000000123,109.0,671.0,1023.0,5.344579,2.269793;1.495184;1.512141;1.327122;1.408685,512.0,9.0,0.0,0,5.0,1.0,0.0,57896.0,2713747456,2717589504,2012.8849999999643,1918.4230000000025,4.8870000000002936,2.8250000000001365,88.69400000000027,109.0,671.0,1023.0,470.9600000000203,245.44220000000115,6.637999999999783,2.5977999999999417,32.7291999999979,0.0,0.0,0.0
512,25,43,0x6cd9a716439edc9cecb216f19d015da390d32d4cd9369a8e76a1ffab5c58ad6d,0x2493954b2b13c305481c6a0443071167f9eccb8781a1e34c8faa8b5844bb0e88,0xdb1938869bcf0121aed934dc4277f5d9ad92fe0e9a5aa71527ae3d104927ef8f,1;0,0xce586ea4be76bfa171d755cbb552abe797f01ed160726d7e38f20bfa81086a68;0xec711cb6e964d554bc776a01c123e5a5d2b9aaf649caff332737662c6d9ca417;0xcd81bf0651b8d2e4589faf7fc697d7c40b8a8b9154b375c1b2cc24099d970b12;0x04bb76accb4941b64af61b8e9365f0d1aebe2029fd72ece0448ae73b611fa18f;0xe159374c31de56885919667b1d445f10a3d15aa87bb4ce15c868cc90d779ca84,4.627948,3.612433;3.172264;2.734373;2.739772;2.648564,512.0,9.0,0.0,0,0.0,0.0,0.0,0,2712825856,2713030656,1661.5650000000314,1732.9829999999101,6.759999999999752,2.5939999999998604,96.29500000000318,109.0,670.0,1020.0,488.1942000000139,1527.5593999999783,7.55159999999977,3.4210000000000664,67.96840000000137,109.0,670.0,1020.0,4.660158,1.801848;1.425379;1.699803;1.528044;1.641285,512.0,9.0,0.0,0,5.0,1.0,0.0,57896.0,2720043008,2714533888,1635.4159999999451,1592.7620000000254,5.67800000000028,2.2130000000000414,50.55699999999968,109.0,670.0,1020.0,444.2720000000122,278.54219999999816,6.161199999999561,1.8830000000000062,32.24480000000168,0.0,0.0,0.0
512,25,44,0x7375f29febec187eb07d715b70eb79baaefdf616912c8b0dc84243e694f4828c,0xe22181e397829818464dd7b54a571e7f967b025776d62979e32bbb23dd782933,0xa856a2c09d62bb1b64c6f23b00a643321fb5e6c4e23402052fb9f2bf6badcd4f,1;0,0x11620cacdbb1d0e915e20a91a95ba4db503682e67da2ddca124d06679996f5cd;0xede46dd3662de810e18fb0de5d59d6cfc2f4c179a7a1248518e4840117e04cbc;0x0397fda8028a3e8596b207e46c8c6b1107fea580b290552df32e4730b6ce58f2;0x010fe6c082a7622de3f0591951ee76d65da08a8f43865019cd698c9ddea687ca;0xbd845bede4382f4a3e6822a92b78564f1f1d87898b16bd9376a32141be032d58,4.26454,3.740511;2.887995;2.747273;2.741144;3.234117,512.0,9.0,0.0,0,0.0,0.0,0.0,0,2721632256,2721660928,1612.8420000000033,1504.4390000000797,6.799999999999515,2.815000000000196,38.598000000000795,109.0,671.0,1022.0,456.5487999999895,1506.2473999999602,7.468999999999879,3.463399999999953,34.11519999999974,109.0,671.0,1022.0,4.744164,1.968839;1.662337;1.429736;1.356346;1.528866,512.0,9.0,0.0,0,5.0,1.0,0.0,57896.0,2720280576,2714583040,1702.3870000000275,1625.7920000000147,5.899000000000182,2.5640000000000382,51.256999999998996,109.0,671.0,1022.0,465.0991999999743,248.11399999999927,17.12180000000008,2.135400000000034,31.305000000000913,0.0,0.0,0.0
512,25,45,0xa297fae816979f36e2df7d4896c9f64fd8c47a2b04d151c3bafbc9ed7c29a45c,0xd95766b7f9a6aa03fb78b8430cb59b6434b8ea0465851a397f00578945b5ac04,0x7573b0f458b96ddfbd571fec7b747724db823d70dd33a7692d9a57becd2de709,1;0,0x675b3f8c64a44dd78f422dccc92987d941eab3e0a48470c6a3d80b40ad914e05;0x3cfdc5e9916882959bd22270e21f26629c38ccaaf81e5a2ebb6539197675be7c;0x87e4b7f4f8c7b6062ae7b83f7a62d899453560686e911532cd8c70597e28dd1a;0xb98f858d07a8cb3f7f01bcc11fa4ca80f40926c5dc87017e0e985f9a8db57516;0xa33e3e6d7dcac94ea9894ecc255804ba9839d3b2810dcba319e0afa45e2f5e31,5.102559,3.735873;3.122949;2.934165;5.024076;3.902965,512.0,9.0,0.0,0,0.0,0.0,0.0,0,2721665024,2721697792,1673.5140000000426,1853.0249999999526,6.0500000000005,3.13500000000003,46.58999999999913,109.0,673.0,1022.0,537.0118000000091,2014.8099999999667,8.877200000000085,4.012199999999921,36.827400000000175,109.0,673.0,1022.0,6.590218,1.915519;1.615987;1.855097;3.953703;2.051403,512.0,9.0,0.0,0,5.0,1.0,0.0,57896.0,2720227328,2714607616,2508.8330000000437,2231.1250000000005,6.258999999999778,3.2249999999999295,52.86899999999706,109.0,673.0,1022.0,494.29160000000746,260.43660000000244,8.214599999999821,3.7917999999999634,39.04500000000005,0.0,0.0,0.0
512,25,46,0x7841e502d9600305c5fffe2000e42a851291e890849b17ecfd5d7149acb28103,0x24701cfd3458fd1042439b1528c5966af53dfe1d32cae2d0bc57887aabe8a974,0x25f9e897896b1f5c48a4217a839c62113c908a5236a2487a2acda52948a2963d,0;1,0x03c0a4b87b8d2c1848ec2942b0fba1ba96083e6a17be4fd0d55afaee7233dbae;0x1aa477e5b5b5c0ae2b76358c45dbc0f6b594bf145ff9924f2bf7eb19861dd83d;0x10c7699adafd5a277c7967765bd37bdd2d4c566d2d397443149e5edc2f40813b;0xf8e17015b22fb0feaa7acb7344265757d95abfa1caae248f1e8140fae577e553;0x71aeea5abcc09aa22ecad131a77bb2045ccbf8cca0569405d153529bac3f8b57,4.664764,3.705548;3.182529;2.526921;2.683096;2.754354,512.0,9.0,0.0,0,0.0,0.0,0.0,0,2721972224,2721796096,1735.6670000000518,1587.9340000000132,8.822999999999817,2.503999999999961,53.15999999999654,109.0,674.0,1028.0,442.2932000000213,1584.329200000001,6.76419999999997,5.744800000000074,78.76259999999857,109.0,674.0,1028.0,4.534207,2.056661;1.449226;1.433161;1.376756;1.393031,512.0,9.0,0.0,0,5.0,1.0,0.0,57896.0,2720776192,2714636288,1826.1939999999477,1616.5670000000132,3.965999999999345,2.303999999999848,39.16899999999862,109.0,674.0,1028.0,442.3389999999916,262.06920000000355,5.842999999999474,2.085000000000021,36.707200000000995,0.0,0.0,0.0
512,25,47,0x57b2504cc15df9e35505d540262b9f173f51a6d1aa4d45297de5d57b1a83b7c1,0xdb303c7978edbc7440f8665295a05083c9ff7a557c00946d7f6d3e5de764c752,0x6b166146348ed36ad39b1d999e9b39d945926b903a4bd4ac0ac292cd5bf34b8c,1;0,0x72bf935144ab677c54a51d3970adf9623f5cadc703691915e9f6740ba0454e2b;0x99ccf2a8bf56debb7aee2243929a9ca4107f1097d72d6faba67247d1b720383b;0x7c1e4e2241dde4711b047819dcb73226458cc3c15cbbe145b14ea23daabacbc1;0x257462cff5e33df0ffc590815ba6559c5b3b020bb3098c624a1de694fdf3f426;0x41e76f70c8b3426cf11af1973a6be1de024f649e2dac8de5ab091c3ecb536d34,4.377802,3.171001;3.008497;4.140783;3.038141;2.895006,512.0,9.0,0.0,0,0.0,0.0,0.0,0,2721800192,2721808384,1708.3260000000378,1555.1959999999808,5.968999999999766,2.1530000000003975,38.8279999999977,109.0,674.0,1024.0,452.0014000000128,1923.178400000003,6.660199999999894,2.687999999999996,30.782399999998432,109.0,674.0,1024.0,4.88067,2.225807;1.431058;1.403256;1.570628;1.872514,512.0,9.0,0.0,0,5.0,1.0,0.0,57896.0,2714652672,2715566080,1834.0150000000222,1633.6129999999782,5.809000000000716,2.7640000000001517,49.96599999999851,109.0,674.0,1024.0,462.94979999998986,245.98480000000978,6.517399999999424,3.056399999999942,33.560800000000114,0.0,0.0,0.0
512,25,48,0xde4b750ffc5082feba421e5d938914e014058d62fe88dd88636ea0a4285e06a4,0xb64489e084bbbc947a8fd20f8360ebff4306433f27d3eaaf960983bf2113b13d,0x6dc624574ae80ee4a3d4da1810882ec73ceb35bc80cbbfbd0892da95554fe26e,1;0,0xff86a76fb00f2ece59542c0ec507228b46d6e1ec77cb1103bf234aac8137b65b;0x4fcc8310849bad606c3ebd4480719cbcb22ae7627564f4b433cfa17b722da929;0x051fdeb2e0c39784c959f9a3a06001da2d1b0ff81c50d3aaa4efb48354fe1864;0x4dee35714d3c61142894cfeba758dd45f3bab3d4329f30676fcea2def4af5747;0x01909be4c7fc102e676d0ceaded7e7c3b4e7c1849f6a1830aec3652e2eab70c4,4.418483,3.711877;2.732581;2.741233;5.258539;4.858597,512.0,9.0,0.0,0,0.0,0.0,0.0,0,2713169920,2722009088,1765.9530000000423,1502.6359999998906,6.489999999999621,2.2629999999997445,37.94700000000345,109.0,675.0,1024.0,914.3566000000102,1912.9708000000355,7.15300000000002,3.581199999999965,47.86400000000024,109.0,675.0,1024.0,5.347564,1.731982;1.71072;1.503857;1.324417;1.633433,512.0,9.0,0.0,0,5.0,1.0,0.0,57896.0,2720813056,2714710016,1952.183999999968,1856.9199999999842,5.938999999999944,20.229999999999986,49.905000000002865,109.0,675.0,1024.0,478.3470000000012,259.4951999999928,6.580000000000128,3.1808000000001226,30.91080000000163,0.0,0.0,0.0
512,25,49,0x6ba3e7bd19dc453ee224a274964633a38dc4f781fece2d4546f183323e0c4b03,0x3b499e63bece6dced5cb70ed89fe05cadab52657432c7bbfe436495bac1348a4,0x8b93198c998bea97cdc5654307db1a33baffd3939922caf332c1081242cacaea,1;0,0xa4c0eabd2afe0bfbdc2e12363a1032feba1b1e7bea3efec488df20e9cb237af1;0xa7bc83c9ed39123a48157b84eb6424e157f06ff321b252f4d5256bbc087e1163;0x539d7c18c081fe2d02c2d98ff3b571c14f3ed43e456ef449186f1de6a29f2c4c;0xede0bc48b13b26417605a428f45114ee9ff64d05ed81064d9b102123311abc1f;0x848f90141b5bf21d8be8f46525be4bfb9a1ef169f186a66d2a5f621b38b3d624,4.590763,3.664506;2.975957;2.919993;2.869738;2.589966,512.0,9.0,0.0,0,0.0,0.0,0.0,0,2722242560,2722271232,1763.9699999999482,1592.2010000000153,6.298999999999541,1.7430000000002304,39.60900000000295,109.0,675.0,1023.0,450.9939999999935,1530.5940000000182,7.745600000000006,3.509000000000151,39.912200000000176,109.0,675.0,1023.0,5.411084,2.164439;1.625921;1.537478;1.735788;1.681606,512.0,9.0,0.0,0,5.0,1.0,0.0,57896.0,2721550336,2721513472,2146.2460000000183,1771.2810000000134,5.919000000000063,3.464999999999805,51.5270000000026,109.0,675.0,1023.0,459.5687999999987,237.32979999999682,6.6540000000000346,2.687999999999996,42.22000000000114,0.0,0.0,0.0
512,25,50,0x2a84627344a2983ced0fbed1e66bb99b971bd9c5ea3b8e547b740d97badbd0af,0x2d85cbbef3e0101199427fb822511e3f59de5a6dc51a010a1838d60e0f867467,0xedc2c3b4122232d5ff64b77d22fd4d908123e00c2470e923148ae3e79cd59023,0;1,0x5824470cb49e31e909b4086b4b876447a93e17e72d0e81f0a25e6dbcc16798a5;0x5c8bcc19fc1a57510fc5681f686d95f09a3f5082fd525237214447139a52afdc;0x852317c01d511f6da4bbca4d0755d987e31ab3c81435f552cee90b74a6f4945b;0x0547cf4d123a169361885eb62d695b592c4a05ac7e38765e785a3f11ca8f2e9b;0xa36a886fc925d7a363633e8e651e909d80a93c0af134d717360dfbc8b8004dfd,5.323667,3.731747;3.044771;2.724999;2.669406;2.625969,512.0,9.0,0.0,0,0.0,0.0,0.0,0,2722963456,2722873344,2161.258999999971,1618.8509999999212,8.673000000000709,3.345000000000084,92.47999999999895,109.0,676.0,1026.0,490.19919999999655,1528.831600000036,6.648000000000071,2.9562000000000337,34.11939999999891,109.0,676.0,1026.0,5.166131,1.859294;1.779584;1.749388;1.448394;1.427112,512.0,9.0,0.0,0,5.0,1.0,0.0,57896.0,2722189312,2722799616,2389.6730000000366,1517.1780000000078,5.529000000000645,1.7920000000000262,40.29099999999786,109.0,676.0,1026.0,463.7094000000008,304.38879999999943,6.3636000000002335,2.6117999999999455,30.786399999999105,0.0,0.0,0.0
512,25,51,0x8915c7e38c61e49cb09a1c5625996c0fe230923572857f72067d27a22df5ecda,0xda6a6cb85315fc8dc2130f0897128a85ff95cc0ce20e4d3d3f7a467c0b3ad44a,0xc320a7f38fb2af084b6282a1e05137e6a4645f3cb44d3cd57c587db0febc58db,0;1,0x5317ecc4178e46fe2997f19f7d718ce5a32cc7221b9985264d17bc372c653717;0x57c08cb16a7777f8e0fda04d0a45cc2fad56dc995d036f9921bfe6916c5551e1;0xc214257dc44b2375dbaa815d929b0285ad4bebc8507929b49086f43458b58727;0xe4524597da7e75ac9d19427db53cd27f1f1f1b41411ca531c5a2f486a23154e9;0xd47098166f6fd89383d912938de331327f4d97aafe74f02deb8b997490838202,4.799568,3.402751;2.855446;2.574322;2.746912;2.613966,512.0,9.0,0.0,0,0.0,0.0,0.0,0,2721730560,2721763328,1842.0080000000062,1520.7729999999754,7.201000000000082,3.065000000000012,50.88599999999999,109.0,676.0,1025.0,458.5515999999901,1532.495000000056,6.806000000000173,2.631999999999982,40.09079999999915,109.0,676.0,1025.0,4.272543,2.246357;1.523518;1.464683;1.418179;1.410136,512.0,9.0,0.0,0,5.0,1.0,0.0,57896.0,2724151296,2724028416,1575.9969999999958,1489.535999999958,4.656999999999925,2.242999999999863,38.2469999999982,109.0,676.0,1025.0,467.97159999998337,219.94160000002873,6.231599999999976,2.455600000000023,33.22979999999948,0.0,0.0,0.0
512,25,52,0x9f6926714a76b211d5acf2979847dc60a383ed6b1b44525d47d2f50382d9ad2b,0xe982bbd7c19e3e4f75e1ce4b17d5554999a47230e1b3c9e83f4f0432a647d954,0x50658048a01e8287650d23d22445e9c0d25102ca264de0539550f3bbe20ee5b4,1;0,0xb3ee9caebfafba47aa4d61ea254a9c86d623c0090f70ee1eb81353d40e31cc52;0x0c166317e26c8ec44d7291d3f9d5d6d2546f4cabc2d6d32957793fbee3b96cc5;0x794a26dabdf4160e8027929bc6825fbc1e2e2bc9101dcf2dd0c1beeab23b7939;0xbffcba0f78b49949d1a9f7958a42929fcd78c801d6360a7e1d9f003185ab2d1f;0x273f57ac13057274503399c04b1c743275beab4e9506656a7fe498ce56cd6768,4.375478,3.477339;2.895917;2.628754;2.69202;2.522674,512.0,9.0,0.0,0,0.0,0.0,0.0,0,2722603008,2722615296,1641.3050000000374,1512.2510000000755,6.12900000000055,2.303999999999848,40.12099999999713,109.0,676.0,1027.0,460.1302000000196,1528.096599999973,6.586000000000092,3.0165999999999875,33.971400000000486,109.0,676.0,1027.0,4.764244,1.848713;1.369545;1.374162;1.52541;1.463917,512.0,9.0,0.0,0,5.0,1.0,0.0,57896.0,2724294656,2724306944,1638.4299999999685,1551.4589999999773,5.288000000000862,2.7640000000001517,51.57799999999657,109.0,676.0,1027.0,471.3847999999965,234.71399999999142,5.614400000000103,2.4034000000000035,32.90560000000081,0.0,0.0,0.0
512,25,53,0xcb06ae928b03c0a7a7fde93eaa2be153b4b104bf6af9a952342366af25dca9e2,0xca6d3e5f86a4a4a140bdd67c3bb26e2262259ede3e8ba5eabe4c5d005800331b,0x0a315ed5502f209d094ed19fd6dab14c89238dc2bcb8d18ccc0c76413063e85d,0;1,0x40f1f9bd788dea4f7d0ae461a4b42a074ac6cba311d9e83119d6478eabe37299;0x20dcb0ff267f928dc702412aafbe29bb7178d11ee109b36c3329080558798c8e;0x67b6aef370adf08f664357e208ddce185b60cec44e79ed1089532be90e592a6a;0x913b73c1af1ba7971051a8b0d098d50d918e35139b34fe917df5bd72922555c0;0x0ff767e7d58d7a889d190be5d6677415d0ed01fdc92e560ca469844903c513f4,5.127637,4.197579;3.054031;2.847083;3.264513;2.609475,512.0,9.0,0.0,0,0.0,0.0,0.0,0,2727043072,2722660352,1753.2329999999652,1585.7210000000955,8.172000000000734,3.2449999999998105,52.38899999999991,109.0,675.0,1027.0,485.52819999998496,1729.6560000000127,7.238600000000067,3.5814000000000332,34.231799999999424,109.0,675.0,1027.0,4.293565,1.894441;1.657659;1.414614;1.265698;1.446361,512.0,9.0,0.0,0,5.0,1.0,0.0,57896.0,2724323328,2723119104,1710.0690000000363,1504.4889999999978,4.126000000000129,2.815000000000196,39.32899999999767,109.0,675.0,1027.0,442.66939999999533,231.12080000000645,5.938999999999944,2.5599999999999756,37.28240000000077,0.0,0.0,0.0
512,25,54,0xcd6b9b47a2e487ec1193f105cb98f33d0807ad58671ded4f418dc92b70ad9cf1,0xa54d6162d198ecdbf9b38b39eba446c6c570cf746f53882f247a496690ee4312,0xf1a73bc737a9532edd00c193b179726a4450f37f03c3bce3bd3c70e6a32db0ad,1;0,0x784b1bf67864307ec0ad6c908b6461952b5745cbd97eeec7210b0a62d32d9173;0xa998b93bf8a4742124e976b4844c713a0d42fc6d833beee154b47f93e6e854b6;0x30b001556bd8b2e809030d48eabf8633a45fd66c51aa34c72c3e78aa856d9cc1;0x2f5654ad12cfda4eb8c0559192ef58ce63bdf14d6f41a1ce44b1a636a030cc03;0x64fd7bac2fb4f1b6154b22d6b764bf26d5bd3f584cd419fbef7f259c3fc6938f,5.082524,4.653918;2.839591;2.848234;2.699441;2.724488,512.0,9.0,0.0,0,0.0,0.0,0.0,0,2722668544,2722865152,1725.2020000000368,1920.4859999999435,7.361000000000867,2.3230000000002553,41.48300000000188,109.0,675.0,1025.0,571.6921999999958,1578.0495999999644,6.868800000000425,3.080599999999954,78.51660000000038,109.0,675.0,1025.0,5.378129,1.873204;1.58516;1.515755;1.573262;1.423927,512.0,9.0,0.0,0,5.0,1.0,0.0,57896.0,2723131392,2723151872,2071.0590000000416,1811.5619999999888,5.61900000000011,3.4950000000000605,51.79799999999874,109.0,675.0,1025.0,523.4834000000133,219.7874000000377,6.397800000000273,2.3331999999999176,30.219600000000458,0.0,0.0,0.0
512,25,55,0x1af1726b42c3b4d8ea2f5acca05a82b1949219a1bc9b6c3036c548f93cf01295,0xe7de41c85751b9552228ecc23ab620331e73d1959d58bf9a02ca058805e89f07,0x3f71b6609f6c40465a0f01b354f2e3667b4080f48eb5ccdc6c1d23fe84308634,1;0,0x899b45a692bccef0756b39a810b277824b80c325759491680e118316ed0cc95c;0x44e31541729ebc230b7e364a57cbe90f552b06a3fae9375e6244e33b37bfde35;0xb93e8867106e369b9c56be4c1cbbdd48091a7bdc50a99f703da0031a7e148706;0x7faade7a1f373a098e2c6af290bb24ebad6f42aca3b8f19bc4a2cb19b34eedd2;0xea43039143e8bc916a52d8e409958c1215ace098ae27018cb2f851bd52b7fd09,4.560247,3.501059;3.075006;2.690017;2.569095;2.71891,512.0,9.0,0.0,0,0.0,0.0,0.0,0,2727346176,2722897920,1783.8799999999599,1594.9250000000247,6.569999999999146,2.274000000000026,39.65999999999692,109.0,675.0,1024.0,449.47179999998974,1577.3870000000302,8.244200000000202,2.8381999999998673,36.01200000000054,109.0,675.0,1024.0,5.576919,2.020136;1.574584;1.581085;1.442986;1.70483,512.0,9.0,0.0,0,5.0,1.0,0.0,57896.0,2724278272,2724327424,2270.203999999998,1756.108000000034,6.149000000000432,4.106000000000249,51.18800000000062,109.0,675.0,1024.0,481.7145999999939,225.40999999998147,6.87239999999957,2.553799999999856,35.677800000000204,0.0,0.0,0.0
512,25,56,0xd25ca210df7974f4f95bae1d203ba0f76fb8cea0c9634bcff8d05b3b19c03a19,0xe103f4edf8acbda1e50d538b2dd0d589f435f4a5bd939bd4dee0cd25ad9f62ba,0x5e2c32fee35b313e016abc614b466e1d668185959674a9394994757595bce89f,1;0,0x0e4bf93ff42f55ad4d0886bfee4a316f78646135b3bb740fb9d3dc0559e32b65;0x133042c3dc1cb34a53cb1163cd603886024a81cf1bd5bef616e007f07f29688c;0x74367e4f645919d415a4457436841b90cfdef33a851233b75ad8d3da2589ab34;0x689acd694a2019d632afe85f721878b5abe5a8544b3fc2c61fafad98025387b8;0x028013d7523a575cf315aeb2e1b14135e022ab1363c9f82327c82690c951d1e1,4.986609,5.465752;2.990399;3.081116;2.969488;3.107395,512.0,9.0,0.0,0,0.0,0.0,0.0,0,2722918400,2722971648,2091.7339999999563,1691.4509999998995,7.111000000000617,2.623999999999682,38.167999999998145,109.0,674.0,1024.0,513.2160000000052,1905.2088000000467,8.268399999999954,3.8538000000001156,38.61200000000037,109.0,674.0,1024.0,5.030515,1.886564;1.607223;1.634775;1.71135;3.466307,512.0,9.0,0.0,0,5.0,1.0,0.0,57896.0,2717028352,2717028352,1866.1939999999877,1853.334999999956,5.038000000000611,3.5449999999997637,51.51700000000092,109.0,674.0,1024.0,731.06420000002,237.19719999999447,6.8024000000003335,3.3731999999998123,53.53059999999993,0.0,0.0,0.0
512,25,57,0x5d7252f5aabb79b7b4677626ceea16c980072e1532cc0da39c8ce8039cedb9e7,0xa92e3fd968dd46e2818c5efc04e8cbcd4cf8537593f7a531d82c339fa5d6e9a7,0xb2ced150f4ee8c5957d6d19d27ca55029b8d2be4f549d23128816213e45eac7e,1;0,0xe30c94ea8e87491c9f804e1704008fcd0080af1ae0aa5af77ef589dd6f3eb63b;0x9e8d6d2c9d03bfa9df5898637ba690ca9843f4c276918edaf3d9bc7e58abc454;0xdf1098c93e8a5ad0d02c21d03c057d3c946f570cb235f476ce8665e6909fde3c;0x0ca77b5e73d75e2953e10b6c05e0b35dbe17e521aaaaa6c1e89a104ce7d62cf7;0x12671a60aec96999a781309526a34d85346f5af57bfb1900cbcdd33cc983c934,4.849914,3.187607;2.834384;2.690827;2.614593;2.693231,512.0,9.0,0.0,0,0.0,0.0,0.0,0,2723274752,2721959936,2059.4050000000143,1633.824000000006,4.7869999999991535,2.303999999999848,40.260000000000296,109.0,674.0,1024.0,467.5230000000141,1536.1246000000328,6.339400000000134,2.2190000000000056,31.8378000000008,109.0,674.0,1024.0,5.150437,2.164875;1.49852;1.408824;1.267842;1.434944,512.0,9.0,0.0,0,5.0,1.0,0.0,57896.0,2724261888,2724175872,2167.1570000000306,1649.8069999999477,5.648000000000458,3.915999999999642,65.22899999999998,109.0,674.0,1024.0,450.07679999999885,225.90680000000862,9.818799999999905,2.3737999999998842,32.30479999999925,0.0,0.0,0.0
512,25,58,0x854df279fe0ee9755314c4d9f0019f408c5d6303a04cb5221d68eed681dcc7d3,0x696936b4a65cc97e02c6726b03a4bac439f2cbe7a1136ed622b2dad2f68442b0,0x75d8427c7257236388adacd1ae7438074d4eeeb7fbc73b5d6f97f9bb0e307276,0;1,0xfcbb9fcda90d0eadf8c6369bc70376d93fd5c2b6547583afc6409f13f59162b7;0xec4b132dc0d1e0350479ce200e93bdb75e388d58746eef3ebccffbcb56ae1aee;0xaf49acfad52d381fd68bbccfc119e5dafed09e9d8c79ffc0f6ac6bce60b22209;0xe09b5d6852f705f9a3f9f43a542579a780ea769839febe846decd0e4179012c4;0xb62981546586fb94fa38a3f2177a016998347470201680283e17eae3f91ee83d,5.032649,3.057551;2.764719;2.769205;2.627081;2.614232,512.0,9.0,0.0,0,0.0,0.0,0.0,0,2722566144,2726821888,1997.9329999999518,1653.1529999999073,8.131999999999238,3.4950000000000605,74.96299999999734,109.0,676.0,1026.0,437.1730000000129,1533.8210000000352,6.1154000000000766,2.7720000000000176,30.123199999998462,109.0,676.0,1026.0,4.611064,2.91129;1.488756;1.639983;1.572182;1.373732,512.0,9.0,0.0,0,5.0,1.0,0.0,57896.0,2725535744,2725658624,2053.5059999999826,1481.1729999999468,4.297000000000328,2.0730000000000053,38.54799999999936,109.0,676.0,1026.0,481.8728000000272,245.11940000000456,6.261399999999903,2.852200000000131,37.55099999999956,0.0,0.0,0.0
512,25,59,0x1117bb907ea6bc101214d587cebec37c45025fa47c1e1d9e399f1e1231e61d23,0x39ab4c450ce27aae7164c51993008012b8b1e23a41b9d198642f3488f010418a,0xf188119a05ec24513445bfd84d587332b05560939f03326a59226b99f9330d21,0;1,0x27b83e88db3745f4ecbf493624fa9bc5ff37ec7bc30a7a3b6c6c6dffa5157dd1;0x2a8ada0138d57d5595fd2e176d030eb3ba4534c05b57fff2ede4663e3b1693b0;0x60c5af1f5b43f82303a214a7dbdeac14e95a64ad264d971750305438f64dd3aa;0x8a1a95dfddd27a1075436e6738266c1cc61eb5e80a0395436c0fe99996cba0d8;0x702053d83d59b05bf0ed4202274b71dcbdde2cd2616a6e74bf137c6b96f6d51e,5.980077,3.709393;2.975396;2.749095;2.554082;2.96434,512.0,9.0,0.0,0,0.0,0.0,0.0,0,2727686144,2719162368,1748.4460000000147,1780.405000000096,8.472000000000687,2.873999999999932,52.548999999998955,109.0,678.0,1027.0,436.0373999999778,1617.1044000000024,6.20140000000026,2.7720000000000176,33.46619999999995,109.0,678.0,1027.0,7.304825,1.871081;1.446501;1.406681;1.212048;1.482926,512.0,9.0,0.0,0,5.0,1.0,0.0,57896.0,2727399424,2727448576,4122.415999999962,1908.868000000008,3.565000000000512,3.786000000000414,46.82100000000244,109.0,678.0,1027.0,430.65920000000534,256.05220000000094,9.350200000000225,1.9688000000000345,30.133400000000034,0.0,0.0,0.0
512,25,60,0x6b34b71dd22de92e86c30bbf91d33672530789112c485482a1f39f905bc7988b,0xbea3db5d2af9f0813b23dc0064a22e940661cff7ba08ab165e43214e654e6d94,0xfbd101a5a8d0ee4e6365ee9405c677445a05a1ad5a9bfcbb6ace300cea8e32f0,0;1,0x23139d39e11fe2bfa35f6b85daf927de6f847e1fbf048468007487e5d9611e20;0x4bf6df9da392b996816580deed0fe5fb5a24d25d9afd6e1821203ced815c0bcd;0x85787ee3df5a6b1e51c0d87b5fa40314f0d9833683e9b9097f72b30430e68811;0x7fd3b557a419adf8a2c534a4c18f4a1adec6ad9657328520b2fe105699d7d484;0x447dd2313fee0f5f51b5be0414665dd2c27b6d89e24f7c81237b092e6be7e59f,5.479132,3.492977;2.860183;3.093555;2.854764;2.930698,512.0,9.0,0.0,0,0.0,0.0,0.0,0,2714943488,2714996736,1844.5110000000486,2059.9869999999855,8.051999999999712,3.5249999999998822,52.48900000000278,109.0,677.0,1025.0,457.0090000000304,1624.8841999999986,7.3027999999999285,3.216600000000014,35.41759999999977,109.0,677.0,1025.0,4.479995,1.813535;1.640273;1.375494;1.624179;1.383206,512.0,9.0,0.0,0,5.0,1.0,0.0,57896.0,2728071168,2728173568,1659.3820000000426,1517.6479999999826,3.7460000000006515,1.4919999999996394,38.87799999999913,109.0,677.0,1025.0,451.6972000000008,245.82280000000623,6.419400000000006,2.1595999999998727,30.804600000000622,0.0,0.0,0.0
512,25,61,0xf64e19b00e3cd00e6e6f24869ff4b9164ba5fc06aee0965f876608dc0c3b4a02,0x3e460694422592a75e553334693dad0cf202b2fa192e57f7f58ef719b130a310,0x6abd7167eaea61d1192c9c10a990e3a902bcec5b976ef74b58bf4588fe865ab1,0;1,0x11c2226cf6729eef128cab8373a3289393dd8de6f3c6e2e60a93ca958a537d42;0x9a57470912fc8a297ed7c786436444d3592945043e5c393ab2a3e4c55b690b53;0x709ad19a1f2143a26e6871f34fa0ee16ac56b63e344fd01ca91d070c8d89a9be;0xa0dd6bff21d91142e75b1195a40d8a1eaddc55a6005596d5da1455a5296ba299;0x7323b919194d0d18c5bbcfb181fc143393442f15672ea014aeb2077c9f7db907,5.751333,3.4022;2.910959;2.868045;3.35525;2.742927,512.0,9.0,0.0,0,0.0,0.0,0.0,0,2719236096,2719449088,1954.166999999951,1684.3200000000725,7.692000000000116,3.7159999999999624,52.63999999999963,109.0,678.0,1026.0,430.82780000003316,1610.3204000000205,6.852199999999795,2.5717999999999224,42.91439999999925,109.0,678.0,1026.0,5.054823,2.461762;1.572391;1.575386;1.317957;1.583548,512.0,9.0,0.0,0,5.0,1.0,0.0,57896.0,2728689664,2728697856,1968.878999999979,1627.213999999988,5.01800000000073,3.295000000000381,38.90799999999722,109.0,678.0,1026.0,470.87400000001,238.0774000000141,6.678400000000029,2.6679999999997674,33.19380000000039,0.0,0.0,0.0
512,25,62,0x475ac6f6b65a68db94951d90b5d6e088b8f7ec34baeafccf4d11ff0cc055728b,0xd5b1573ea7aaa096e445af23016d0413614a94895a56b0a0a679ddc4aa9e14fc,0x9f39873a20f194cc2213ed7240c69a43d1458ee80f3e3ba6226adddce99fd428,0;1,0x0c2f9aa053a5e7479b171f49b24661cfb047ef6df346ebb73d58d9648d241662;0x53f999eb8071a225d3ca7a688fcf44d7fc3ec617fe04317bf56e791deee6e2f9;0xc415b0f274ed5f514caae192c6635cca445b5ede3fbb5c459656e4b0bc9f9d38;0xe9521a884baa28060d3c3707da4b02a452c46075d437b37923d72be2c3e689a3;0xc8d256114f75dbe8ec47ea17ab4aa0f824fb9c7406d0e9482a86f4b19ca57089,5.04968,3.530073;2.902747;3.265659;3.157762;2.916263,512.0,9.0,0.0,0,0.0,0.0,0.0,0,2719453184,2719596544,1957.2209999999534,1616.9690000000792,8.363000000000815,3.4149999999996683,52.629999999997956,109.0,679.0,1025.0,466.3472000000057,1704.5806000000052,7.459199999999833,3.090600000000068,41.61280000000017,109.0,679.0,1025.0,4.459715,2.375982;1.603418;1.47941;1.541054;1.66412,512.0,9.0,0.0,0,5.0,1.0,0.0,57896.0,2728988672,2729000960,1750.30899999995,1536.5470000000548,3.5850000000003934,2.132999999999649,39.98000000000196,109.0,679.0,1025.0,522.501799999997,256.41079999998425,7.33539999999977,2.8825999999999157,33.05400000000042,0.0,0.0,0.0
512,25,63,0xc0f9c08c660a6db7fff07e95dee4e445c5c80c4a91ff67b1580ebb7aa64e3936,0xe5b48465fd5d8ad5c1bebd12b61c2725f9d3da1b843bfdca61dabff9846eb54c,0xb709205111df813206660c31e4a78af3a50bea7c6ac2ff7d68c4df12f92568b7,0;1,0xb50773080517834d2607267eb61060d7e5c6cc220fc541677c0cf0bee2ea63c7;0xfe00d33bce2b79453f9d436b9dbd5d036fef388ac6147976b2ec71d970e651aa;0x5bbded476ef4dc6a4ea16146e5e4813f9d058171e62a0f0080ffa35e8d1ae441;0xcb6593a920627f0d0f4efdf0a9b7502c0f5948d048472b74db77128b3664074b;0x49579c32f97cc2be88f97f3a86b3d81e1d160ca0edb31d960052c4cc99aa24ad,5.115579,3.279796;2.978461;3.078081;2.845049;2.699881,512.0,9.0,0.0,0,0.0,0.0,0.0,0,2722074624,2722181120,1772.172999999988,1590.167999999892,8.592999999999448,4.356999999999972,51.52800000000207,109.0,680.0,1027.0,475.09860000001237,1538.307600000044,6.56600000000021,2.5037999999999796,76.83579999999968,109.0,680.0,1027.0,4.404292,2.129651;1.593593;1.769398;1.568745;1.482245,512.0,9.0,0.0,0,5.0,1.0,0.0,57896.0,2729377792,2729377792,1782.4079999999576,1465.9009999999917,4.37600000000038,1.69299999999966,42.383,109.0,680.0,1027.0,486.12279999999953,265.3261999999712,7.0308000000001565,3.4152000000000835,33.766999999999825,0.0,0.0,0.0
512,25,64,0xfa3e42c813f0ba552b50e5b34eed214429a74a90e6c65357458011abae4134ec,0x292f3a04931f5f15552c45bcc722084a57166a1a0b619b24aec8b795980a2741,0x4127d3c40dd7adab0fb308dd8ec50dcf44135004ad11eb047d5758b3c8ed778a,1;0,0xb7dedc739750a5644a30c54c3bf16dfc36799a97cc827d903054027d16c4f071;0xf520d7cbb93e24f0b41a94462a52994b763155c1ec702befbbacb4439764c5c0;0xe1210d610a0cb0e024dda43fec310370540edda2044b81fd01fb9ed4574e0018;0xdb2047cdacb9efb5fc4863d4f2b5ee1a5cda19f6665b24d9ff857e5359c31343;0xf6b3b9cd249c65daff9456cb0a4286f73da2d7929ea98ec06b8c6e1110d0b9c2,4.657804,3.817186;3.130846;2.934565;2.876698;2.953434,512.0,9.0,0.0,0,0.0,0.0,0.0,0,2722742272,2722840576,1749.1769999999906,1604.9399999999991,7.510999999999976,2.5440000000001572,64.22700000000003,109.0,680.0,1029.0,441.1189999999898,1633.625200000033,7.190800000000247,3.1007999999997304,35.12920000000031,109.0,680.0,1029.0,4.96731,1.780615;1.676798;1.967877;1.492861;1.580834,512.0,9.0,0.0,0,5.0,1.0,0.0,57896.0,2729672704,2729672704,1876.6199999999956,1701.826999999989,5.547999999999317,2.714000000000015,51.278000000001825,109.0,680.0,1029.0,461.73839999998916,232.8792000000135,7.052599999999784,2.7257999999998757,31.407599999999647,0.0,0.0,0.0
512,25,65,0x2dc9ec2b0edc08173dd337609bd5e1ddaee95b8b5908bdb31b858e970a051e12,0x587802c805701f727b945e1490ec2f1727c29aec1be66de01f02522ade30532c,0xe60bd21cc5d98eac0b3e52ab42f716ce34ffc8fdcce53d530c5f61a6d2b5414b,0;1,0xf2767f8c976695292682ca45217310d9f3f5d22cd287fbe4f296582dc8d91872;0x8e13b53617cf511290ece5ddca630ba9b4d5786ae262fcd3e01c1dbc31b808f8;0x99d549390e898d63a7b6a75ad2c62d875b69bc20ee6e545e5c5d43c21ed5cb85;0xc7d63513eb163629f0c51ec6256c8a752c08c0000a68d2322b3d30355a02e6fc;0x2b0e9116c882e94bce295e2a22a471e8ca7a00147b4983731c3664bf1d12c5dc,5.0462,3.980472;2.95764;2.749646;2.799091;2.708675,512.0,9.0,0.0,0,0.0,0.0,0.0,0,2723180544,2723188736,2022.450000000009,1625.8119999998933,9.05399999999966,2.38400000000024,51.637000000000214,109.0,681.0,1027.0,479.2968000000064,1565.422999999999,6.069200000000108,2.733999999999896,32.13859999999929,109.0,681.0,1027.0,4.378342,1.753674;1.528926;1.513482;1.39256;1.304617,512.0,9.0,0.0,0,5.0,1.0,0.0,57896.0,2730364928,2730377216,1803.2590000000016,1501.443999999963,4.116000000000189,2.19300000000016,39.740000000003384,109.0,681.0,1027.0,437.5599999999924,227.62120000001661,17.743000000000272,2.02899999999992,28.910000000000046,0.0,0.0,0.0
512,25,66,0xb525bb52fe204f31df6cee46a67046b74dccbd376e78f0fe9b1d6aa8b125f073,0x21c6f5302a602f4355d080614495f8706b8658a44dfcaa24bce0166202f093ce,0x3314042e047640630f7abb63912ecfec41eb2782f28c56b8e7052696b66cdda5,1;0,0x7847fbb6488667d4822e3da1f55ea7e9542455674aab3177fc7bbf5eb7d6ad1e;0xde1a1baae6b24512783459250aed7118ab6c369748ad4b84ed661e31d00d1dfa;0x32a8bc6f5bfd588f0eb9d3fd5b30c8b3e7065b6c4d73a4468567ba36259c3dac;0x932b4ef5d158089e5ff4f7e937ca3ef18963ccc50f43e8a7673874d3a66f5514;0x4b769d1812a1db359fac25c3a262bc1384968a0d69e46004e1d79fa9e1f281d1,5.299611,4.891661;3.408755;4.057618;3.146935;2.880103,512.0,9.0,0.0,0,0.0,0.0,0.0,0,2724810752,2724839424,1948.8890000000092,2028.8200000000422,6.449999999999859,2.382999999999899,40.37099999999738,109.0,681.0,1025.0,644.5320000000088,1928.4780000000003,8.485000000000088,2.8902000000000787,35.4032000000018,109.0,681.0,1025.0,4.850329,2.052726;1.606282;1.376145;1.793324;1.624871,512.0,9.0,0.0,0,5.0,1.0,0.0,57896.0,2731155456,2731241472,1995.0779999999834,1541.9450000000445,5.468999999999266,3.0550000000000717,48.65300000000266,109.0,681.0,1025.0,467.4965999999836,266.96680000002357,7.240999999999845,2.8565999999998963,32.37259999999964,0.0,0.0,0.0
512,25,67,0x874a99ecec69b1e133593efeac25427ad9122d7b320e5e9dc70f2ed8271ec5bb,0x3bd86e8345936fc779fa27266aca1fb415c848d19397aa664fb9c85fa56f8a79,0x64a8aa71c676bc5965c6a1baf3c0109d2051c17ace36de5575b3f2d6236cb407,1;0,0xae43d4f9d37f6c4bbfc745e14982eb31ecb96dece57669546009ae2e3cbcc9fa;0x3e67818cd56653d392fdc3ad8175cef8e8d9e2f78156b3e81ffe06afaa666aa8;0x10d6f3e71a284aeeb425d898f4ce28c98690ba7b4a8012ce422939a70099cd64;0x7db1f2820f731cd44d4e34a23736d1dc464417a5ea7958e60d10fd538d4dc46b;0xd1c785964de0fa6a3bff874f65aa4768c5e867b9c744fd956b202d7733024716,4.419555,3.726214;3.480949;3.122619;2.722225;2.752771,512.0,9.0,0.0,0,0.0,0.0,0.0,0,2726043648,2726060032,1629.4070000000272,1578.8310000000029,6.690000000000168,2.9139999999996946,56.234000000002226,109.0,681.0,1026.0,481.6163999999956,1684.0392000000204,7.32279999999981,3.603399999999903,35.60799999999947,109.0,681.0,1026.0,4.917806,2.115941;1.949991;1.419391;1.647965;1.491879,512.0,9.0,0.0,0,5.0,1.0,0.0,57896.0,2733256704,2733604864,1839.7449999999483,1619.872999999994,6.509999999999502,4.0769999999999005,49.64500000000094,109.0,681.0,1026.0,479.22879999999776,246.48359999999144,7.110800000000375,2.5640000000000382,44.55299999999857,0.0,0.0,0.0
512,25,68,0x5d65da4f9a985be3779e16d044dce9c4a4044e79eabd65c5dc417cae20280139,0xb77158882fc199a85ad2e2e0f3c55c310ab1baec64044f2c4b277c1e1d85c705,0xf8da3d78b901b81c2032c8c0add11af3177c6ae2f724aa9e2730a166c5970237,0;1,0x10a1cb04a02674de666b2d5aca4361f7a6d51468209c786d78ffcf9bb7348344;0xdd13ccb3b6c05935875c9b1b2207a463d1fee2f590f06c63ae1895f17b307220;0x55c9ff2b1090a09ba3d31ad0b2a4b6f51c88535a7e4542d09f95810aecaf8d84;0x6920b71eec6b133a4bc85b5bbdaf080982ddc93dd9ad63f8d6ec5727f90f384a;0x41aaa06a7414c8683747f6c811cf6046377bed2e8913e65633a7930f5c5b5f16,4.918487,3.74669;2.768925;2.707763;2.590426;2.692691,512.0,9.0,0.0,0,0.0,0.0,0.0,0,2728525824,2728779776,1747.0149999999628,1731.861999999973,7.741999999999819,3.2249999999999295,51.95799999999778,109.0,680.0,1025.0,433.6979999999713,1608.5759999999282,6.347799999999876,2.712000000000027,54.35200000000196,109.0,680.0,1025.0,4.222697,2.110587;1.605441;1.444478;1.33912;1.437929,512.0,9.0,0.0,0,5.0,1.0,0.0,57896.0,2734608384,2734768128,1619.1819999999968,1518.1990000000533,4.436999999999497,1.702000000000127,37.4360000000018,109.0,680.0,1025.0,455.6913999999912,226.12500000001035,6.768199999999947,2.561799999999982,44.441200000000514,0.0,0.0,0.0
512,25,69,0x77f586b955a98556aba3b42b0560a019e2815c0f94d3602db9e46b43976b0b03,0x28623fd44372a3923f363ba24839180597a1f44d6e3dfba8eab5b25bb53c8f1e,0xf592f8fc5a6ef2842c64d2345bc6e87bfeddac822c185c5e68f4ec5f5ebb4fad,1;0,0xfb702135ca8ca519cee6f3258007c7a5deb68191c6e9921008846d1b7b63f424;0x4c56ae4c03d9a2789582c17a5a8e16d9205bf137bc11ec9461053d9cf1dfac1d;0x4ae565ef4296774aa1113ba9375b9b9d9b47416142b832551bb7c6c16a8c0e39;0x669fb55f3c5cb66c3ed122353353a5f9e3cf1cc8b5973bf89ccfcf3592bbb5b7;0x73c4282e72656078edcd1353fff53a215c79125821829cef6b1aafab8a2fafd9,4.319633,3.323847;2.810949;2.574392;2.548944;2.493009,512.0,9.0,0.0,0,0.0,0.0,0.0,0,2728783872,2728783872,1570.116999999982,1499.5509999999879,7.211000000000023,1.8630000000003852,39.360000000002174,109.0,681.0,1024.0,416.63400000002684,1487.3106000000025,5.566200000000146,2.3753999999999094,32.19059999999968,109.0,681.0,1024.0,4.681039,2.224855;1.526702;1.381373;1.254641;1.316625,512.0,9.0,0.0,0,5.0,1.0,0.0,57896.0,2734804992,2734804992,1694.5849999999707,1534.0929999999587,6.228999999999957,2.4939999999995868,51.09699999999995,109.0,681.0,1024.0,445.4278000000089,218.92399999998702,6.499800000000361,2.773999999999832,32.380800000000875,0.0,0.0,0.0
512,25,70,0x8689d33809147f03f8b7de188c9845bc4a287b7c6ea39a6c761462ea7e44fe65,0x3bff741cc6161b7789c010535513e915e3e19643e96c54d41f1db33bb21223b4,0xb50f49f8d01baedc72563996e6050d3ba41d8f7cb554077dc8456fb5d70159d1,1;0,0xee12c38d73707a27f3a53340c565ea1fc49ae1e4f73db9415eb01e39a2f1b0b9;0x61f80a8f64a8cbc3682a6357fb84fa91f1e2f8d47117728538384ddd70034308;0x9ab93dea0e8415daa11df2a1b92f869cc72dfc041de7ba3705c1c31a8f4ec582;0x2f0ff16f9e18eb875918bb20bfa3a469d7d52abb7aafa3832cfe8d29d5deaf0e;0xbfc1fe0de2c5577af0f3690fc3ddf64bf963318f7ff8a5da6e1adbbd3a1a6697,4.497161,3.546087;2.791239;3.060916;2.660281;2.66636,512.0,9.0,0.0,0,0.0,0.0,0.0,0,2724855808,2729295872,1814.9160000000552,1516.0460000001042,7.000000000000062,3.2349999999998698,41.86300000000309,109.0,680.0,1023.0,474.6135999999845,1567.4571999999998,6.92420000000006,2.9882000000000173,33.98920000000083,109.0,680.0,1023.0,6.148471,1.674726;1.277457;1.419401;1.377497;1.378479,512.0,9.0,0.0,0,5.0,1.0,0.0,57896.0,2735046656,2735251456,1845.6129999999682,1916.9209999999603,6.690000000000168,3.274999999999632,49.20399999999714,109.0,680.0,1023.0,427.5249999999842,221.89080000003526,8.771000000000127,7.1686000000001355,28.837400000000788,0.0,0.0,0.0
512,25,71,0x4397f09d32922bd5974c5479c74b79f35a98a0cd5bd52ae9036bb4a7eeb7853c,0x4527a301c5468e1eba9380497c0f4e56abe04c4b03d765b489971c0be67e7164,0xa690d2b45f7b061029a3bb4e4d9f17add164fcb9b567cf4bce96252ddd174025,0;1,0x8f6df992758309c7e3b4eb2a14cb2b80aba0a4e20f4226bdeee801a3a21951f9;0xb60d622f16cf6ec0fb1ba9f0cd59570939b73122044c397bd0ebe658daa0c2d5;0x3fcce270836c9865fbfe5ac1635a1f582c7eee34ac46741c08f8ffa3a5f385ec;0xd54430597a5116c6614fc012be8d12d1b0d8c8e93266dc66a13cc70b94fe5b40;0xea291a32d5958f6ffeb9dcb25dee95d4973cc700d82f6bc65df1017fc4783788,5.311819,3.671547;3.209189;2.934955;3.019873;2.626911,512.0,9.0,0.0,0,0.0,0.0,0.0,0,2729312256,2729320448,2205.4849999999515,1618.5710000000686,9.073999999999542,3.534999999999823,51.42699999999972,109.0,681.0,1025.0,473.52380000000863,1616.5475999999844,6.646399999999872,7.048600000000155,36.32459999999838,109.0,681.0,1025.0,4.491202,1.827976;1.562777;1.544779;1.469767;1.342545,512.0,9.0,0.0,0,5.0,1.0,0.0,57896.0,2735259648,2735263744,1822.988999999997,1594.0429999999894,3.494999999999193,1.7330000000002899,37.866999999996985,109.0,681.0,1025.0,435.3523999999887,233.06759999999204,6.693800000000249,2.2211999999998886,30.574199999999774,0.0,0.0,0.0
512,25,72,0xba97981a229e21c39a1339dd4cb34915230410d11b172f4d8713da6bb713665b,0xb358d021b450a067c19628f42998d135c4283c555e7a554560439627edc3d669,0xf9a5d2ce1a633bd253cab60f4851af27c4c8558903d53b8560d9e07924b7c939,0;1,0xb275a7ba9d161727f785f9c9666fb9fa6969a5fc5744fc756cce9254b7a9112d;0x51a0c17c7528241ce3495314edeee138652f4313d805e1ea9e08d62a14066e63;0xef59bef8e0223f4e554d4602ce2eca1e6e9d61ce8fca4965c6337d6c035a8032;0xd0f5deac2dc30e8d528a1f9fa3ec71f363f842201289e525675634b6c55323db;0x04d496d822273eece32c3eaaa9f11194e67bd1136af42a286bc6a35f45073dbd,5.339912,3.258353;2.806552;2.688004;2.726741;2.737248,512.0,9.0,0.0,0,0.0,0.0,0.0,0,2729869312,2729889792,1960.9360000000243,1792.8339999999655,7.16100000000032,3.9059999999997013,50.044999999998566,109.0,681.0,1022.0,438.91760000001057,1538.9008000000094,6.293800000000196,2.8201999999999745,29.961200000000463,109.0,681.0,1022.0,4.374206,2.050672;1.759173;1.435655;1.403065;1.304527,512.0,9.0,0.0,0,5.0,1.0,0.0,57896.0,2735804416,2735808512,1700.4750000000347,1536.0469999999848,3.8260000000001764,2.623999999999682,39.5799999999974,109.0,681.0,1022.0,450.79559999998685,246.9703999999906,7.040800000000444,2.1112000000000215,37.149999999999686,0.0,0.0,0.0
512,25,73,0xa0b280eb0b71cc6e316d94e3d8dde1e988f3aeade77e74a52a5dfd4f122b1ade,0x52627b795d6124bf624c24c449cf2818155558a03fe9899912fe43b95915171a,0x0fb8eebc784e49ff039fa2e372ff06c176f85cf0f3813883eba9b44649d74bdb,1;0,0x24bf7991db964adb915759a9847dc75cd85aad43c996cf5ca6d39a64bd5c47be;0x06af7ba764fad6cda5cc8aed012a5abdfc386d3982beaf1e995068ae8bc0a392;0x543eef6b05fa7079d898eee7c8cc5c136a7688e977dc5ff6f79f7202eec35e16;0xc2b4af313b22c6eb7b25a35b39e6db7d457045968021169cc29e9fc10c186535;0xd188ba74c8248346032c35430989c0048057462f0fe74321380ecac6ef6820f9,4.573456,3.818158;3.147877;2.873898;4.914891;2.635474,512.0,9.0,0.0,0,0.0,0.0,0.0,0,2730090496,2730160128,1885.7230000000059,1522.0350000000326,7.600999999999441,2.242999999999863,57.72700000000047,109.0,681.0,1025.0,474.0548000000011,2018.2894000000394,6.555999999999924,3.0809999999999174,52.58140000000133,109.0,681.0,1025.0,5.054121,1.867406;1.367853;1.424708;1.423106;1.513832,512.0,9.0,0.0,0,5.0,1.0,0.0,57896.0,2736033792,2736259072,1962.6299999999653,1551.8900000000003,5.43799999999997,2.3339999999996697,50.71599999999926,109.0,681.0,1025.0,434.3450000000138,250.15959999998842,6.824199999999961,2.2092000000003065,30.646200000000736,0.0,0.0,0.0
512,25,74,0x54d9a8c019cec90338590c2152b310343fd5f328b6f351ca7a6eee99a700f4a9,0xb2d232130bb90ed1f95296c5c3c222a731e8949a96ef862229e78c0ab195c07e,0xc45ae1c4bd73f848a7e90786e29c5db99f376a6c36343b9474da5a8fff4caffd,0;1,0xa6f886c89bdf7f3e408d8e6d23251f4f539424f682f220d7f96572ebc60b08a6;0xcbc1753d8cbe4e2fc1c60b687223310c3742c08ce6bf4936e44496524bc4006c;0x6fd2715fe106ef2c3f0e337f90943c7339378202350248c0a21aeee108027d79;0xbe12ae1c6a4ae7c038cb66d054a7b4eb616ef663f920c74f08e8d35d6c506d0f;0x84e33d2f2cc8b44ac241e197b20fee571aca80ae33d6511d78cf2a63f6b5fa1f,7.016881,4.367927;2.891961;3.025533;2.823297;2.724503,512.0,9.0,0.0,0,0.0,0.0,0.0,0,2730762240,2730762240,2548.9929999999995,1565.3300000000313,8.552999999999686,3.865999999999939,51.637999999999685,110.0,686.0,1026.0,472.8328000000115,1595.6300000000035,7.320999999999717,3.3607999999999207,33.45019999999865,110.0,686.0,1026.0,4.561739,2.243523;1.628286;1.489816;1.462485;1.411258,512.0,9.0,0.0,0,5.0,1.0,0.0,57896.0,2736873472,2736885760,1902.9099999999798,1544.2580000000205,3.8859999999998203,2.2130000000000414,37.5170000000008,110.0,686.0,1026.0,460.84900000000766,235.22860000000367,6.9765999999998884,2.591999999999872,75.3276000000011,0.0,0.0,0.0
512,25,75,0x730bc64414e451c3b8ef5f94443f7aed7ab93182e576686e84f79c8e3891adeb,0x3fb12061430583ff3d9034642e7701f52bfeb2862c59e03545a9164a4292835d,0x269133a27db87d2951cfc57abf7cd0ea97cbabfd4cb66c5a2a48da97150cf1fe,0;1,0xfe1aeb681116603df8d8e77f1c9cc9c7e3fe3498b0f3874515f9d50eb018467e;0x5a43af407705452ef0ee5f9deef4346d62de04744ab4bcaacb9a9f43b01852c1;0x05f3320fb8b363d12b646521c4300a0c52e9bacfbbebbb12eb4e7a45adb54baf;0x4aac514b7c3a7e5909764d8e81edf015d3fc2deecab59cc9d68a31ba2e98925e;0xe8a6da7d1ebf12022dff4be92f672a681aadd7750d0b6a53f87b44b25fd15383,4.743423,3.54107;2.834254;2.657437;2.721815;2.549054,512.0,9.0,0.0,0,0.0,0.0,0.0,0,2732802048,2732838912,1634.6860000000518,1731.900999999869,6.920000000000536,3.04399999999979,52.51900000000087,110.0,686.0,1024.0,471.81139999998845,1503.6293999999727,7.212800000000117,2.79220000000014,36.98360000000123,110.0,686.0,1024.0,4.49627,1.847766;1.510478;1.407873;1.308763;1.320181,512.0,9.0,0.0,0,5.0,1.0,0.0,57896.0,2738425856,2738286592,1784.2399999999925,1549.8269999999482,2.9239999999996353,2.903999999999754,37.76700000000105,110.0,686.0,1024.0,432.12780000003727,226.26720000000765,5.538199999999965,2.4056000000001463,29.504800000001996,0.0,0.0,0.0
512,25,76,0x81a7a076751187fbbe824d53326628c3c2f8fde74cddf3c951ca0577d51f50a9,0x60b3cbe2603031e2b0ecb8e257f2bb5dc7108dd59180ac7218d7d7120b51b475,0x138a9a3619a4e398a273a0eed48103b607a4316ad42217df55131ac006d16f5a,0;1,0x22dec5d40fc6da7b36397c73772fa732134edca5f901d966ff7240e32ab6860d;0x65c67b4b871797b10b0991e472d7e75f43c7ee1debef7e1f66c0b955a14d3aab;0x766918cbd77f8792d7e334dcfd0a12f4865acd9f6ebab4c06b1acaaac6b3d2c0;0x442ac6b8809574df602391375c26e25d695be4990929bf7c1b6fba15e52821fa;0x927aa352f9bd26bf2352d6d0f6386f8926f6d88aae2c5523fb34841af6042058,5.204789,3.93257;3.121838;2.872752;2.810618;2.796878,512.0,9.0,0.0,0,0.0,0.0,0.0,0,2732912640,2732912640,1971.3829999999932,1698.5310000001696,9.413999999999255,3.5549999999997044,52.378999999998236,109.0,683.0,1026.0,462.31320000003075,1643.068999999908,7.357199999999745,3.597399999999938,39.09079999999953,109.0,683.0,1026.0,4.318622,4.231261;1.773154;1.449136;1.411859;1.486887,512.0,9.0,0.0,0,5.0,1.0,0.0,57896.0,2735325184,2735325184,1684.770000000002,1600.653999999979,3.536000000000164,1.6620000000003645,38.71899999999956,109.0,683.0,1026.0,711.8230000000113,227.27060000000688,6.251600000000205,2.7361999999999527,31.723599999999852,0.0,0.0,0.0
512,25,77,0xa44d5199d64de82dc5f718be8d274f2f4bb2b154cc64f991b8cd010f9115d4ae,0x249830e862c9649176756db2c79649cbd27293448490b335d6b2e6b31aa857d2,0x974ad81464bf00986a0c9fd8e8f562b3fc3ba627ce5650573147badb3273ea78,0;1,0x69dcdd4879d4137b15f58fa74eaedbabed24afc2f69c0f5acff1e11395407cee;0x3b2f6f1a0e2cd1a9e88ab08d70c8cec6667ab8cb2fc893be751e17ce82838b3d;0x8e30499eb058f1edad3e2d1ffa728e68a9dc5566f2dac7c9b90354dde0c91802;0x6f2f15aed2f1d1753d29a825ef3fdf9323c30a09a3711a8cb6e4ea4a9e9deb45;0x3c40201e41963dfe835f0470c032659ccb690f5680454578d9efa50ac89add2e,6.397598,3.313877;3.141257;2.597997;2.637357;2.649946,512.0,9.0,0.0,0,0.0,0.0,0.0,0,2734841856,2734637056,1962.7599999999522,1798.7530000000972,8.81399999999935,3.4950000000000605,53.089999999998696,109.0,684.0,1025.0,455.2628000000114,1574.2599999999384,6.241400000000022,2.7017999999998445,34.395799999997756,109.0,684.0,1025.0,4.382869,2.185265;1.603358;1.434894;1.340341;1.334743,512.0,9.0,0.0,0,5.0,1.0,0.0,57896.0,2735374336,2735386624,1702.787000000039,1504.878999999959,4.215999999999595,1.642999999999957,38.908999999996695,109.0,684.0,1025.0,443.3386000000095,225.6323999999976,6.057400000000073,2.6195999999999167,35.50959999999992,0.0,0.0,0.0
512,25,78,0x9e4b235aabb3ccd43b7e60a4cb5df5d43ea8009b993c1b7d735937d1a7d21332,0xfc438d1a0cbed936119fcc1880c5b2d33d08adc6afb53290f1e556c7b0ca7cf4,0x9b74d1b65a1566af2035298e186ac12ddb673446689c6dba6d9e37fd800ecf93,1;0,0xa5cb5cdd5c75bf90e0870853a85afb223ba22ae5b1c9c97439266071e3c26655;0x6f8d08e9dbfc0d7320d43953b9c3ba850e0083b55ca88f06793c76d73f714586;0x624a13f4c3658b84c052ece2915ee40cf405517915c0407b03b39239969dc3a6;0xb162e1060f98ff75341add41670573f4504961be2ae8b09ca8af27e1fc0ed145;0xce3f39ff4c86ba1e3619e4e148f19fe82f11b3f1665c4f565aa61cd746f51e27,4.912177,3.235379;6.691701;3.065843;4.144339;2.740142,512.0,9.0,0.0,0,0.0,0.0,0.0,0,2734637056,2734653440,1940.8669999999572,1613.7129999997946,6.749999999999812,2.733999999999896,37.226000000001314,109.0,684.0,1022.0,532.408800000006,1686.6111999999766,7.535200000000075,4.348799999999952,31.553400000000618,109.0,684.0,1022.0,4.879328,2.018314;1.668226;1.864461;2.063933;1.460533,512.0,9.0,0.0,0,5.0,1.0,0.0,57896.0,2739306496,2739310592,1762.852000000037,1729.3480000000195,5.487999999999674,3.213999999999648,50.33499999999857,109.0,684.0,1022.0,561.3765999999742,229.01900000000808,7.86160000000001,3.367200000000195,42.11540000000069,0.0,0.0,0.0
512,25,79,0x2c0f849aa9bec893bf0f6c231edc12322870d8c6ab1996e02521f6ecd722cbbd,0x3ce15fe4feeced00821f89c3315f598e79c4d522e27eb3a8a4a99f3a7a98c069,0x4cebdfd2b99cf068d9237ff9ad6b4dc265ad1ba88cbfe882c16dddba97bde721,1;0,0x21eb79d41e91600978985d5e306f0d0d28406a4be248c6296f9cf0d62127abd3;0x8339af1d3b9870c2593599f20f4b3ab33c9b34fd44027904050828b51d02a32d;0x0aa550fd7be9ffc76a433690d2f1c61208aafe01c10bbd4d37f739e350d916bb;0x2cfe5cf7034cdc53f2b2a018e2b67f92523966cf528123a422d1c71ccdba30fc;0x624b970bdad5d94f8e75a7c23c031c7be8ee660c9796944e97ba93a632d59fbc,4.942662,3.194417;2.820543;2.837899;2.741965;3.20009,512.0,9.0,0.0,0,0.0,0.0,0.0,0,2733096960,2733096960,2001.1170000000523,1643.258000000092,6.209000000000076,2.8349999999996434,39.9899999999967,109.0,684.0,1026.0,466.03900000001806,1652.1798000001197,12.87560000000007,8.622999999999966,30.51599999999849,109.0,684.0,1026.0,5.209435,2.14196;1.847956;1.635406;1.501614;1.510327,512.0,9.0,0.0,0,5.0,1.0,0.0,57896.0,2739318784,2739167232,1980.5459999999719,1779.854000000025,5.889000000000241,3.0749999999999527,50.15500000000311,109.0,684.0,1026.0,480.1944000000002,302.2933999999866,6.795999999999886,2.3857999999998127,33.931399999999336,0.0,0.0,0.0
512,25,80,0x15babf09586ad7fcf661ed20060c0e2f36e60ced3268bbdab7c72fb0051145a0,0x820630c7478e07763d5e0c3ca70f5c6a35d22edf14b6a9e4444d345734cda84e,0xd6e67073516a9fef444ddbed0ad0f79eb953c0e03e6d19c7c0b43ec27df5e06e,0;1,0xa88d3d759554a6a3f8b93bcaaa46aa2ca569925609adb13d33720f1fb74200e0;0xe0423f81e0c37a3304e7295acf117c21315f4648c52e20690e0b038ccdeabc5f;0xfe39e78a59d2f625279f4f7984dcb4fdd19652ac61f89c45dcfbee32f23fab10;0x144787545abd3437daee3dcd1a91e6c136657fb06f9623494d7ab698ac4cdf70;0x2bfce4a4cf1a63b4b16b2fb823769ed669f10a98353b76032587a54d0bdbc742,5.24622,3.536522;2.881465;2.595769;2.634593;2.594022,512.0,9.0,0.0,0,0.0,0.0,0.0,0,2733101056,2733117440,2063.471000000039,1765.1920000001376,8.932999999999163,3.374999999999906,51.176999999999474,109.0,684.0,1025.0,439.5227999999918,1520.8812000000016,6.6921999999993576,2.465799999999858,30.04159999999978,109.0,684.0,1025.0,5.362916,2.482893;1.590939;1.3932;1.459851;1.668106,512.0,9.0,0.0,0,5.0,1.0,0.0,57896.0,2735435776,2735435776,2124.853999999954,1811.8419999999523,5.197999999999661,1.9629999999997914,137.2269999999967,109.0,684.0,1025.0,507.69940000001674,229.70620000000162,6.337400000000145,3.1126000000002847,33.72499999999973,0.0,0.0,0.0
512,25,81,0x6008721b3cdb0e8eefc3d17eee03ebfaec439045c27717c77476e628d83a6c9b,0xd90c8848b674c17bb9f0238784ca170c89813a1055f5c26ecae259a392b38f62,0xe173614b316434478252aaec702eeb003c4329d90fdcb68fb19460bf38817565,1;0,0xf4c354dadaf11e306bf59aafa9279da875839b331df55748dd2a480a2d27ec96;0xec2d35b53e3a6d19ff33a8628a653366cd2bcb627fb13d14da7aaef14764ddcd;0x21af5347f0d4db495a96101f3eb0e9cb5412763a305263493bbeb5e67210dfc6;0x641bbc682d53854577262518a9a545dfab451d92cc20113cfa1dbc3f6a6430b9;0x9672f89fad04f05cce277a8bf8e12134b82bd199c05517224f64ccb4515da703,6.070694,3.402601;4.210814;4.425389;4.08511;3.057681,512.0,9.0,0.0,0,0.0,0.0,0.0,0,2733613056,2733633536,1929.1930000000511,2795.2149999999065,6.348999999999244,2.7040000000000743,40.55199999999925,109.0,684.0,1026.0,497.20380000000125,2072.056400000033,7.685600000000015,3.0347999999999486,36.280799999999225,109.0,684.0,1026.0,5.190712,2.127028;1.789599;1.480312;1.63472;1.595526,512.0,9.0,0.0,0,5.0,1.0,0.0,57896.0,2739994624,2735849472,2087.697999999971,1627.7150000000295,5.5679999999991985,2.8149999999997624,50.07600000000306,109.0,684.0,1026.0,513.1940000000056,227.5991999999949,8.028600000000234,3.142999999999896,36.202400000000246,0.0,0.0,0.0
512,25,82,0xe03e2f3853616c565a11c901759f608915204c31d2d286d007031ac98974284e,0x1618001bea7158754759df0f31bf3c6386a56d7934aaf5fb62214c83b1e7ddc6,0xca77d415141040d23e4276861cb86820ab2468032cc4d43f8f4ac2a69615bc13,0;1,0x7741f3fef9336e2d5a8c7b47ce46015e37011e7907a297867ba657218d39a879;0xe595ff88715890a788dd9bb8aaeb966a4ac6664f82a561915e6daa32faeb3e53;0x779d256601a8d207bb440ced484c80f12875e67dfe9dc5b1e40445446c017e1e;0xe52deadcd484a67674fc745f4c5b5b6a2316f5abe414184abf6923939d3f7c9b;0x0f4cd5b66c8fcf2519d441d4af53dd524b220f864306ccec5a0b1d75eb517d8e,5.299652,3.277592;4.336789;2.792651;3.831808;2.573751,512.0,9.0,0.0,0,0.0,0.0,0.0,0,2734178304,2734186496,2088.995000000038,1602.73600000016,9.583999999999982,3.4049999999997276,52.06900000000181,109.0,684.0,1027.0,666.5307999999869,1603.4315999999826,6.517799999999907,2.5378000000001246,217.60200000000006,109.0,684.0,1027.0,4.446695,2.074208;1.819294;1.51929;1.37211;1.487994,512.0,9.0,0.0,0,5.0,1.0,0.0,57896.0,2740473856,2736353280,1852.1529999999675,1490.5779999999647,4.265999999999298,1.8830000000002665,38.35800000000222,109.0,684.0,1027.0,453.88019999996754,237.53599999998266,7.219000000000323,3.232800000000161,34.99279999999993,0.0,0.0,0.0
512,25,83,0x2425dd8ef440863ec22330ea7e4b673d23c00e1182358d3508ec1646b16863d5,0x7437461c19d848ba2830f5429f23c97443fd3b2fae4b5d97ead6200780227467,0x389dfdf567da6cae39746be2af958c0ba9704f60cebc73c07daf5a5537a0db84,0;1,0x33284995a7151853b8d2920a50aab23c03a7bb7e9a456a96c823a0e15d1e37f4;0x8a79c98d45962279d0ff5cbe993b8a326cfc81e75dfb653754949ed8032f1e7a;0x4128452534c2bfaed482064354cb331fb848fcad6a6ef6720cdb8035bb791324;0x99e43a9852cc01f64c053e43e9f48829953a0604e5a3acc3408158b3bb42f4ef;0x22a97562eeacdedf69fb6e4c4bfe6c8783acc15e3a3cc2c6397c1c7f6dfe00f7,4.929133,3.885359;3.113444;2.851299;2.668694;2.651007,512.0,9.0,0.0,0,0.0,0.0,0.0,0,2735558656,2735558656,1689.877999999978,1576.3770000001286,7.741999999999819,3.0739999999996117,54.301999999999126,109.0,683.0,1024.0,482.63559999999205,1592.0848000000376,7.583599999999927,3.0168000000000554,33.17840000000155,109.0,683.0,1024.0,4.340635,1.94344;1.554604;1.395674;1.474333;1.453352,512.0,9.0,0.0,0,5.0,1.0,0.0,57896.0,2742165504,2742198272,1729.0819999999928,1522.1149999999905,3.8260000000001764,2.4240000000000026,39.280000000002644,109.0,683.0,1024.0,495.4814000000196,240.42059999997977,5.9052000000000415,2.445799999999977,30.535799999999167,0.0,0.0,0.0
512,25,84,0x123a17cb8d86280b7be715364d7679259c9bbde04f3ade32ffb89c1158c457e6,0x419eeae0e921a73586d0b2367b0de59867284d5412c63bddcc1257df4f844dea,0x899e9b7f10ead46b1d4ef6daad334a99729ccfc6ed394f327202b55bd2bac1e3,0;1,0xa0f7c91b69545382002263bfc3b20d3de84c237081d17666754d2b9e7dfce87b;0x474e5ba3ce3fe6908854391bf8cd24266801f58ce571f4bb46ecd7651566b88a;0x83b55061b1d1158710c03165e7836f9090107a3e2fbe378e20dcac243c575e84;0x244128261cfe76825229a0f7a7e1b0023e39bbf3f488c39e681eb86eedf6c37e;0x64b62d78cccb9d4f8ace9b88cb6b2f523d2405f0b458bcc06f8ff5334e92c2da,4.645194,4.110759;4.301447;3.165504;4.482629;4.255917,512.0,9.0,0.0,0,0.0,0.0,0.0,0,2735558656,2735558656,1702.3870000000275,1590.4380000000274,8.242000000000319,3.1650000000002856,51.04699999999851,109.0,685.0,1026.0,701.9603999999902,1764.5969999999345,9.324200000000031,5.237200000000018,40.124399999999504,109.0,685.0,1026.0,4.371702,2.677638;1.942058;1.896009;2.110292;2.150453,512.0,9.0,0.0,0,5.0,1.0,0.0,57896.0,2742435840,2742505472,1707.2240000000072,1547.6540000000093,4.426000000000083,1.5720000000000316,68.59299999999874,109.0,685.0,1026.0,624.8061999999833,251.92200000001552,13.035800000000055,4.284400000000021,41.65899999999806,0.0,0.0,0.0
512,25,85,0x125fcb24b4b80efaf636b1a1a9cefb5b60e22c762201f9f9b0cb43db1c7a121a,0x0bc7e8bd58255915863448b5bf902a0421f3dfc7e57e771698b18e00bb662067,0xd34b38dd96c5a831acec0a8965a9855d2d413ffc4992a86e231a445018250d4b,0;1,0xaf43f588beacee8caec927e058101fa83752a5501d88a9d75049c8ecbbefd93e;0x6e7b136372fc06c8b2f352ff941e09b0358a89653cc321dcac904ee8510115f5;0xeba649b02b31fbbde88f1df50aeb3a0ec6ec98cf64c82e7a71213024401e2667;0x4bea069330a8dd992753d70958365bcb7eee113defcfb87a0eb7ad2f1659704d;0xb407ed78a512eb768785f1e6bca47f65149c9e5508c274c830241f4fe6ae039c,4.974841,6.345058;3.125323;3.098562;2.87818;2.954755,512.0,9.0,0.0,0,0.0,0.0,0.0,0,2739298304,2739019776,1808.5770000000334,1610.819000000152,8.071999999999594,3.1349999999995966,52.879999999998205,109.0,686.0,1028.0,512.8652000000011,1914.6832000000556,8.340599999999768,3.757600000000097,48.967999999999236,109.0,686.0,1028.0,4.810774,2.048068;1.81718;1.586883;1.578981;1.51195,512.0,9.0,0.0,0,5.0,1.0,0.0,57896.0,2742542336,2742542336,1660.0930000000292,1997.0110000000484,4.176999999999306,2.1429999999995895,39.740000000003384,109.0,686.0,1028.0,462.904399999986,277.6509999999899,6.497800000000026,3.030799999999972,32.48719999999899,0.0,0.0,0.0
512,25,86,0x34dcd3044e5906a3d95f8ae08b91560daf0e126a5f9d049ac6cb2761423f9828,0x6ea303c34d6de0dab98b4282b61ce90f3ca58c4634827f8d88381c4e840dbf44,0x71251f02721ec4496e145ee0f00c6b3fd7353a0e883a32cfaa7e4916b98a2834,0;1,0xab427f84bae78ae98568841edfdf18a2552423e6727eaf0dbcaae76358ee0527;0xf08b3a48c35e984d11b285517e7f228f3ae3996c70fb67bb35a7f21f10f70d5c;0x77d81e5dd18b6c190b95d7e0831d558bcab8da541c9ffdbd75ffb2a79a598df1;0x9f721db77d08a0dbe2a66c39da531b0f8cd9f7915bcd725ca21884eeb5129068;0x8ef3107d190bba6e28af86233b2bf03adac4f7363b9669753ff4622e86224cba,5.231098,3.64791;3.366807;3.215549;2.818711;2.622875,512.0,9.0,0.0,0,0.0,0.0,0.0,0,2739179520,2739195904,1907.1360000000316,1831.651999999906,8.63299999999921,3.2349999999998698,51.95799999999778,109.0,686.0,1027.0,491.8878000000238,1636.9642000000795,10.584199999999836,3.360599999999853,34.60820000000253,109.0,686.0,1027.0,4.456821,2.256953;1.807315;1.576207;1.61136;2.788295,512.0,9.0,0.0,0,5.0,1.0,0.0,57896.0,2742546432,2742558720,1681.16500000004,1518.699999999984,4.175999999999832,2.934999999999917,41.81300000000165,109.0,686.0,1027.0,623.4578000000379,225.06140000002617,7.221200000000206,3.5893999999999853,32.58720000000048,0.0,0.0,0.0
512,25,87,0x5bd4297418e35fede6f8e76eb3db4690e17d1f8f30c52daae8fcab0112a3a362,0x2ad923385a5ccd1f0e64dcb378fce962dddc61b3e972211ac857a4194d4633a8,0xc06badd02c990bde1dca91946fccf6159609b89dd40412a2d7fac5a4f6f6fb67,0;1,0xd4762d793585e22495702bc7dc6440d0d21dadd630baf18da9625f760c9d052b;0x9e941e548d5490e75279e8b6a09278ec221f15729baef621456950c9c91e0010;0x86ecd44d135fb293b8c425d3820ccda5ee3202ce438115cf966d273fa0fc3e2f;0x24ac3704e583b562123cb6f265bfb820692204f0e301924ce943c76db12f5dfa;0x588368ff72d48aa742bff8ecebd296a378f17dfae093d19d5ee71189587e418a,5.45793,3.794211;3.295049;2.833553;3.108006;3.128798,512.0,9.0,0.0,0,0.0,0.0,0.0,0,2735603712,2735616000,1913.3559999999773,1831.5320000001911,8.111999999999355,3.114999999999715,74.29199999999663,109.0,686.0,1025.0,460.72059999999743,1662.5561999998872,7.581399999999697,22.30159999999995,33.790799999999784,109.0,686.0,1025.0,5.860186,2.905581;1.994066;3.797136;1.655096;1.726293,512.0,9.0,0.0,0,5.0,1.0,0.0,57896.0,2742562816,2742607872,1704.39,1557.5289999999463,4.746999999999391,1.9829999999996726,41.46299999999853,109.0,686.0,1025.0,519.2069999999883,262.3734000000155,9.236000000000313,4.236399999999787,37.032000000000735,0.0,0.0,0.0
512,25,88,0x9416fa42da6401638c9871d5332652b0f1a9b1b05d36c53427520ce7253781bc,0x505f4c64faa03342327224eefb99d0c9440ce4736662e6731c7424198fc6efe2,0x3d5ce40cd3a6cf285c06069e80384e82d10dc09edfa980488010222a75554f38,0;1,0x81e9f3ede32fe5513a74cec55eb21d2a52ef29e5bb136b26af011c29e5cdaa97;0x64a1c5aea97ff9acc26bbd7551f51a8bc189594f9fb2afd5d59df92e89d7eb85;0xc6ec5e71078ff0e8c7955407f68f2df1221c34bcd2375d56dc5fd91daed90fc7;0x7634e502e5ee64eb990c13b320ab54f0b3e8d18a42be36202a6aa4ee5d63ec2d;0x813ccb29e1401a23fb1a3bb58ea5372644cde9cd88f362d0bf85e2ced0bcfb4b,5.810852,3.952981;3.74018;2.893994;3.001636;3.033084,512.0,9.0,0.0,0,0.0,0.0,0.0,0,2735624192,2735628288,2083.100999999976,2049.490000000098,8.683000000000648,2.964000000000265,51.87799999999826,109.0,687.0,1024.0,460.42260000001,1775.0465999999853,6.7121999999995845,3.0729999999999644,45.6129999999999,109.0,687.0,1024.0,5.07333,1.842619;2.022679;1.901958;1.631551;1.722828,512.0,9.0,0.0,0,5.0,1.0,0.0,57896.0,2742652928,2742697984,1892.1029999999782,1806.2340000000177,4.217000000000803,2.4539999999998243,44.27700000000229,109.0,687.0,1024.0,644.2150000000036,261.66480000000547,7.627599999999665,2.836199999999879,31.269400000000225,0.0,0.0,0.0
512,25,89,0x2bf4b12c8df77dc61c441e1b3d9e841a081dbaa56353292677610b3841e7bbbf,0xb78fafa3b5c58e391844e78536d2a5642950a2ad29815956d3c5fc1cfc834a59,0x16adb9d091cb3e2f6017b2e77d39bf40cb13950d9de785f6a43df4d7a8af731a,0;1,0x36616f65e221238c100033294715193fa034a0c154ae6a429f2c27ba4569b76a;0x09a451e3f2b7496fb2b4be8e65484187cc04de58a0f1f4df47f367b8195d3d8c;0xdd2a95918d9a0349d3c0f532ab723bce0f64b56e9f7c652e8ab91790b5ffbdc2;0x2480e299eff6849377578ec8aa5fd0be5ec5445ae6e9ef1264fcc70e6fbcecbc;0xdda0983ae2170e7d90965cff6a056e587d38664bf622257ed29dd60f0da2505c,5.213822,3.585677;3.089638;2.760612;2.894555;2.915867,512.0,9.0,0.0,0,0.0,0.0,0.0,0,2740162560,2735923200,2071.793999999905,1707.2339999999465,8.133000000000445,3.3150000000002624,52.13800000000018,109.0,688.0,1026.0,489.26380000002825,1667.0997999999493,7.627600000000013,3.565600000000196,31.66579999999975,109.0,688.0,1026.0,4.496961,2.027537;1.858271;1.834315;1.367562;1.636597,512.0,9.0,0.0,0,5.0,1.0,0.0,57896.0,2742935552,2742939648,1862.6689999999835,1492.8109999999829,4.726999999999509,2.084000000000287,39.37899999999911,109.0,688.0,1026.0,537.0538000000203,237.04340000001432,7.981799999999887,2.4878000000002483,35.57579999999977,0.0,0.0,0.0
512,25,90,0x6a0aa7dca860ea5d053fbb2acb00ed23366de3b2cf3df06529bd1b10e1851ae8,0x6e22e92408b3719c013f1b57300d6dee7022ee89e35c6c6390b262f1ddd72785,0x8efe7954df08b3cdb2ee4ca849375a5f8c0e9d7438f4eb61b5cf21aeaac78272,0;1,0xdb96f51dd80758444c26e79fe48fcf045e7231b63b4cdcdd316b1db27d0959f4;0x0690470c28cd2471bbce1f9d056457012bbf2b0057d11e68be089260350f1ea2;0x3063d73b49463cebb4547556a2ebe5fb6430d9c7af6ee36b890c04ade9cd4da7;0x95dad4ec3ca73fbff8503fa9342fe4a32343200fca921f2fba1b34683d62f592;0x02370c2066fb7ef742b94a303f474e7b225b26a1c362ab85feefba67c887f9f2,5.070285,3.659829;3.157531;2.858861;2.897749;2.587862,512.0,9.0,0.0,0,0.0,0.0,0.0,0,2736414720,2736443392,1915.8790000000092,1723.6490000001047,8.45300000000028,2.7639999999997182,50.3560000000014,110.0,693.0,1026.0,470.45319999998725,1609.354599999957,11.922400000000112,2.9445999999998946,37.7529999999987,110.0,693.0,1026.0,4.725024,1.866004;1.572351;1.349535;1.49208;1.525029,512.0,9.0,0.0,0,5.0,1.0,0.0,57896.0,2743623680,2743635968,2083.53200000011,1523.6180000000043,4.466999999999318,2.664000000000312,38.779000000002675,110.0,693.0,1026.0,449.0471999999635,235.91979999999515,6.451600000000404,2.033000000000243,31.12659999999906,0.0,0.0,0.0
512,25,91,0xafdbf3ca9536b74e8d009c27c0e7393fd3b972411df54b3fc7220ea9f9b91cff,0xdc11e0fb518ab5ae4effb91d91e9d3199ab51f8e18e0a4478c4f1d75d80fda53,0xbd38860b3a786064a5e305101a1ae4519edebf06729288195a034f9df08f291a,1;0,0x080969b4062f9aea2439b5c23127d47ca8f4bc236c0e09cd6088dbe20ef2631b;0x7f34f3b80110c4ce8d3dec426923fad012fff2234819e20dcd824ecb55de0d8a;0x6b13df9ef14e03aa606c2dc844c46293e8eb6e00f07fe82ed95fee64f06fc5fd;0x9884b955e64d8739b771a5709bacbef0b6ea9254e6030ded7cbb1fb2e3db61f9;0xe88e6998f07c2fc1fc34804087e139550bb23fe920937c4346bbe4b337cc656a,4.799497,4.544082;2.964971;2.815596;2.786903;2.856447,512.0,9.0,0.0,0,0.0,0.0,0.0,0,2737328128,2741891072,1693.6940000000789,1803.2090000001945,5.9589999999998255,2.903999999999754,41.62299999999758,110.0,694.0,1026.0,524.8653999999852,1655.1055999999953,7.7922000000001095,3.321199999999948,57.72700000000186,110.0,694.0,1026.0,5.095414,1.834557;1.493482;1.560113;1.589156;1.369645,512.0,9.0,0.0,0,5.0,1.0,0.0,57896.0,2745597952,2745626624,2066.6659999999392,1598.9910000000496,5.8379999999993295,2.664000000000312,52.378999999998236,110.0,694.0,1026.0,436.5222000000113,245.0436000000167,7.501399999999824,2.9545999999998354,31.241400000001086,0.0,0.0,0.0
512,25,92,0x3341d91e9eeee6cfbd2ebe229495581135f32ddcade55a113c523f9007181039,0x0b8e35eb1122a682374ca56eb8a78ef3c713f686e2451bd6fd2ec78563b97d39,0x29006ca9c06ccd6a5e7f5a2383b6a57e3b10f54e50ed0d2d23838ec337966ef9,0;1,0x5710f280e4f67d0215bfeddb7c05f6abf21e3434b5b50c23fe7c932609859ef0;0xf03c7af95b1cbfacc9c87820542a0c70a792b10c7cfe31e837f930723b1f642f;0x585ae5d4a894e97db663f2c8e56464ae0e523a5b2ef9074c658e3b7b49b3a086;0x6ee169db132de3f24cb0404da6738be70abb1d6ce4a01a449c365cc16f27708c;0x4f41f2a5c58754ad022a693e5fbba565c1971569f34dc24b1586ea09a9387a18,5.197427,3.379787;3.253726;3.217252;2.834334;2.959428,512.0,9.0,0.0,0,0.0,0.0,0.0,0,2741895168,2741895168,2028.579000000086,1703.1180000000036,8.88299999999946,3.455000000000298,52.04899999999846,110.0,693.0,1024.0,490.7101999999774,1660.5939999999819,7.831800000000083,3.60979999999983,32.20079999999847,110.0,693.0,1024.0,4.272953,2.272898;1.773154;1.592672;1.473652;1.664199,512.0,9.0,0.0,0,5.0,1.0,0.0,57896.0,2745643008,2745659392,1605.882000000003,1555.7360000000297,4.366000000000439,2.4939999999995868,40.079999999997895,110.0,693.0,1024.0,475.4248000000239,243.3108000000184,7.583400000000031,3.7979999999999956,34.6843999999999,0.0,0.0,0.0
512,25,93,0xc8feae6723cf0cea6495a1f4db7d0f33d57f2012c9268f41210751335ce94d49,0x41bc80179f713b68257f8c059b72989f27e1c564e4e24750b4c7fb20bb0cebc6,0x37cc394ff3e7331fc618d08bbe138a86a0611c796abec66de29da184f46b4fe4,1;0,0x9d4ac66841898664dcd4cb77196994ca2bf93cee5adab9367551cfd68c0584e8;0x28ea71ea2875ce6120a64605a6b4ddb630c432109cf1f9f1f913d920e0a620a8;0x59bfd8da4ed534d7c08f59ed501084d079c2448a9288321e81db36cb47b5b215;0xcab56d1688d10987e6fb6a644ba6bf51ec72ec38e3168d00844c073dc245a031;0x073b594340cb7cfbf92e302fc928ea979218442347758243856282c3149219cb,4.852337,3.686769;3.386237;3.083649;2.922527;2.875566,512.0,9.0,0.0,0,0.0,0.0,0.0,0,2737258496,2741800960,1673.5130000000709,1810.530000000199,7.86200000000084,2.3439999999996104,42.45399999999733,110.0,695.0,1026.0,494.9384000000112,1689.5514000000665,7.847799999999988,3.5253999999998453,41.219800000000255,110.0,695.0,1026.0,5.063304,1.789429;1.701816;1.586162;1.420992;1.595396,512.0,9.0,0.0,0,5.0,1.0,0.0,57896.0,2745663488,2745667584,1957.071000000088,1560.1929999999875,5.879000000000301,2.804000000000348,51.71799999999921,110.0,695.0,1026.0,483.24440000002687,254.8948000000273,6.758000000000111,3.583799999999984,31.8704000000003,0.0,0.0,0.0
512,25,94,0x2dfd865d8961e7b50802be5d5b7216daf108fbf1fec76c208fa3aa3ff9f2aa2d,0xf23a52f4f90cb0bdc1552ddb42fe9c50f3733801268b2d03b003c5b8befd5430,0xa5dee3e3641fb0fad35cf310086927302f152bc8cbe0a948649354ab86828381,1;0,0x2e3e4dcc7fa0bb9e02d476650565117662a8413fbadc5dc7230a238fefad5e1a;0x399e86cd1e1f655ef12b6f7075a6b19a1ab59dd36bbd08a89fd6397708a775c1;0xe51522cc2ae16b9730bc22d93609b927715157f62f463e702b58d4eb76e276ea;0x22cb80f811e6db4572489618fdcbbdd97ad788c751a73c3f524cdbaac97ca780;0xe308a9d0807783cf5b93479b08679d8655e2eecd485bd3684f8a395ebc2debfc,4.56988,3.246946;2.837709;2.988706;3.035202;3.483753,512.0,9.0,0.0,0,0.0,0.0,0.0,0,2741837824,2741841920,1722.9469999999747,1559.8419999998114,7.069999999999646,2.2829999999996256,41.78300000000357,110.0,695.0,1025.0,494.89000000000334,1673.3591999999576,6.389400000000184,2.429800000000072,29.822799999998374,110.0,695.0,1025.0,5.619804,2.179556;1.691801;1.581384;1.408413;1.569267,512.0,9.0,0.0,0,5.0,1.0,0.0,57896.0,2745737216,2745819136,2158.4150000000245,2047.3069999999982,5.038000000000611,2.633999999999623,51.608000000001596,110.0,695.0,1025.0,472.08360000006167,230.9421999999728,6.571799999999933,2.461599999999814,34.11139999999896,0.0,0.0,0.0
512,25,95,0x77d4f2473d841c97a243dafec403a293ad390c2dc9b7ee171d74feeb867486f8,0xc5ebcf79592880e4cd68fbcb3e28346cf34108be6b9ff56226378326ce6d87df,0xc1126f31339b701a97dd84b88baaa6f9d26c0415229bd8366012229758732afd,1;0,0xd8aa18bd0fb465ac769a04164d07cee38c971f943525e201478a936fd85d3906;0x8841b61f9a260d5be43e29a62cc0165827d7b6b53cf519105271b81d370b3485;0x0f8aa5942ae57a4256727f647823f2fcca3fc4ec4a4184e907a05dfe0d2e8eb1;0x261973109510571bae55d89fc5ce7d16e20375590778d8b4b538ec13094b589e;0xfafcde380d114de16a61d1c73ea96a5602666f3128ee176e373bd1280ba6b152,4.53595,3.438725;2.87869;2.843237;2.956198;2.715325,512.0,9.0,0.0,0,0.0,0.0,0.0,0,2737319936,2737463296,1800.8759999998958,1541.2440000002193,6.179000000000253,3.2349999999998698,42.284000000003545,110.0,695.0,1026.0,477.1896000000275,1525.215599999985,6.601999999999997,2.6719999999999176,30.93659999999776,110.0,695.0,1026.0,4.886689,2.182591;1.554754;1.611701;1.733053;1.461864,512.0,9.0,0.0,0,5.0,1.0,0.0,57896.0,2745884672,2745892864,1964.4919999999288,1540.0220000000297,4.8470000000005315,4.315999999999868,49.194000000002404,110.0,695.0,1026.0,460.4784000000084,243.65520000000362,6.96459999999996,3.064199999999913,46.41800000000224,0.0,0.0,0.0
512,25,96,0x832d2def45ebd097c0aa04609f58eff0b13afb5f8cbca14c902616bb9a71cf55,0xa0680d6464ba1b4a45a91455b13ee06136458d90d17ec481cc5b1f73fa60818c,0xfab7c34442d0b27b12f3d4abd73e623e036ebcb683844074ce587eeee1115b1c,0;1,0xd01f6baf3e41fc58089440453335af4e742094e37a417f58d76d48b7970ba405;0xfb1c96806334ead92c748cf07f7ac8c65872d08dca148ad1b8e148886a2aa415;0xb8102c43047b7d27cc26c5f18744da5ba26c41127fc6ae95a6a2cc81f9951c86;0x48178f191e69095bc517742702c42fa9c230d269be0ab71f7ea05222b49bc81a;0xb604c5800b233f67bbdf154cd98accce7846f781e3cd2224159e577294cd5cf8,5.769519,3.373687;3.085613;3.03704;2.762385;2.773181,512.0,9.0,0.0,0,0.0,0.0,0.0,0,2737467392,2737356800,2131.4939999999006,2070.772000000165,57.2760000000002,2.954999999999798,53.90099999999509,110.0,695.0,1027.0,496.67880000003885,1591.9124000000727,7.096600000000217,2.852400000000026,31.289200000000907,110.0,695.0,1027.0,5.142815,2.104864;1.881767;1.610619;1.603468;1.411849,512.0,9.0,0.0,0,5.0,1.0,0.0,57896.0,2745921536,2745925632,1915.2579999999198,2006.2039999999558,4.436000000000023,2.38400000000024,42.07299999999664,110.0,695.0,1027.0,543.7758000000238,230.6015999999911,7.08079999999986,2.5522000000000045,34.45620000000066,0.0,0.0,0.0
512,25,97,0x851cbd3420c7a3e6f7728cf12fb4be4fb7d5a265b2994141402cfc71792d2787,0x152707b8adce988ef2d2723abafc73832a047d348067b812ce6245452c51d3ad,0xcc3c8f700728ef1f35e9f9314fa15734d5fcfbcc757a3806d1375a18b48be0bb,0;1,0x801d73c0aa72e73aa9a5caacebb122cb094c70bd0438206c860b46177075733c;0x9cc76d4a3fdeafcb294297012447841159ada1aa7c5a4bf451d126597f9956fa;0x010189850d31c2376c1b82f3639023a648dfb57065797dbca11f02fbc48fff74;0xbbcd33ef7554979e40d248b796b471b125ee097d683a84d0489e9109c0821be3;0xbf6a5e85365e5af0680ca777fd4bb45e6d485f81e6d4b7d61991deba2488b6fa,5.351029,3.615071;3.146915;2.630686;2.553871;2.782315,512.0,9.0,0.0,0,0.0,0.0,0.0,0,2737532928,2737680384,2030.1009999998953,1758.8119999998319,8.00200000000001,3.6560000000003186,53.01000000000611,110.0,695.0,1028.0,469.83639999993443,1566.792400000061,7.106600000000504,2.828399999999995,37.00779999999959,110.0,695.0,1028.0,4.602505,1.837937;1.597529;1.467293;1.396295;1.451459,512.0,9.0,0.0,0,5.0,1.0,0.0,57896.0,2746200064,2746200064,2001.8989999999183,1530.7279999999812,4.106000000000249,2.4229999999996616,37.6970000000032,110.0,695.0,1028.0,448.9448000000174,243.9275999999824,6.06499999999989,2.1693999999999187,30.67419999999988,0.0,0.0,0.0
512,25,98,0x989a84ba3a26aa08f84dc3b1a837fbebd31c5a0294f89e5223cf6219f9a70cd4,0x1e9c36a6c387057d43ecfec7e920dd21f62c55faf4480e8b488d3253c319601f,0x12b656048b78d059908dbea8236dd84125255f371ae91faf846106c44954c043,0;1,0xaa773549b6d897ead60d2c27eded353af382e76ec20ea8fcbcdc356501953f32;0xae162c5c8ae3eca7bad5435f57ec3ec213cf76211bf9ea455bbe4d4897023cbd;0xd34cdb996ed0b2865eb8811024515a3098105d074cdff373e08afa98a2a9d3e4;0xc7e8969252a461f70a9f9768b55e07cfde4ade847fb68af530c988154385b115;0x9caa7a3c2845ee9f30a9b6529b25d74c1e9f37b60a862e9fedbe8cccb6051f5c,5.384359,3.539887;3.283952;2.72561;2.751259;2.914429,512.0,9.0,0.0,0,0.0,0.0,0.0,0,2738331648,2738212864,1950.2700000000318,1853.3039999999446,76.97599999999943,3.0339999999998493,51.80800000000041,110.0,695.0,1027.0,467.35479999999717,1706.6495999999986,6.027000000000116,6.123199999999961,41.969600000002494,110.0,695.0,1027.0,4.828801,2.464386;1.481884;1.401443;1.271747;1.630879,512.0,9.0,0.0,0,5.0,1.0,0.0,57896.0,2746834944,2746843136,1877.6910000000146,1697.6290000000338,4.066000000000486,2.2340000000002638,37.196000000003224,110.0,695.0,1027.0,444.94320000003637,237.78040000002053,6.21720000000027,2.6118000000000325,46.938800000000114,0.0,0.0,0.0
512,25,99,0x57556dfdcf1b637c685093eef7bd577afc9087366491c0e18c1a6de4ac32282d,0x70bfb996c7d60bae143bbd001b415e797b41138f20d905d23d2f960a61b57367,0x8619e19ab9011f0853db9d6aff7d713fba990d56a5b5d1d5aed9b61570d66d69,1;0,0x2e77a7378a7e758efe6ad6c7bcc825770bf1ff35657bffee608b5074d883abc7;0x64098e11754ec17bee1e6c27e74d360e023dd7286cbbdb5e0f37f7b3c2ef50f8;0xf056afa9e25507bf37a0de9bd79d57136ec9022312ce847f6b43a877d551a5ad;0x93c60248c5e2505a3f2ed08bc2fce4dd005dc62ff2138b126de972e22216de5a;0x81cdabbde709bf1d921fa554bc94ba8ae4bcae1372a705b94c7f40be11542e9f,4.273244,3.942294;2.992422;2.761694;2.633992;2.810477,512.0,9.0,0.0,0,0.0,0.0,0.0,0,2746908672,2747027456,1621.3449999999962,1565.6709999998243,7.7719999999996405,2.603999999999801,38.068000000002215,110.0,695.0,1026.0,475.8514000000158,1556.0081999999477,7.088799999999812,2.9761999999999147,33.11019999999998,110.0,695.0,1026.0,4.666606,2.217864;1.583628;1.391048;1.463036;1.484699,512.0,9.0,0.0,0,5.0,1.0,0.0,57896.0,2749161472,2749165568,1702.4670000000963,1562.7660000000487,6.439999999999918,3.3150000000002624,50.235000000002636,110.0,695.0,1026.0,446.645400000012,239.31059999999783,5.861200000000302,2.48580000000026,39.12479999999968,0.0,0.0,0.0
512,100,0,0xd99baba7bd1b883da50c775ce1d47757bd383400eecf170eb12579fa2518e454,0x95922988b0130dbfb7c06086deb34271ae95656c88560c9cf27dc068ece8107d,0x628f809723888e9a3e6be27a9b006fe8158de5cf98c33ac3a20f7d3b0a50072b,1;0,0xb494cc2a181de882bcb9960269f5ed28dcc5bcb16ae82eb22ebe2aa634e4b363;0x4380f6b2d1c16066c82d00e97107917afac19d657602b2dc320cf02c04dfd05d;0x60cdfe3381bbcc025dd00642e3d5d25a9e71103081a521d6c394688dd83f5d32;0x9afcfd60806bf4bee9725f546347af3769ccfd5ae09074326dc968c6a140b9ef;0xca7433aa9d3db213bdfa762fa3a9712b6bbf06a6601d1b75f69eb340e0c9ac3c,4.473135,4.052741;3.241678;2.662654;2.969658;2.990008,512.0,9.0,0.0,0,0.0,0.0,0.0,0,2747080704,2747080704,1620.774000000047,1715.0059999999635,7.5419999999992715,2.4939999999995868,39.22900000000173,106.0,690.0,1022.0,477.6381999999746,1638.839200000053,6.886199999999939,3.0406000000001914,32.635000000003075,106.0,690.0,1022.0,4.637713,1.798882;1.405369;1.414573;1.736328;1.449887,512.0,9.0,0.0,0,5.0,1.0,0.0,57896.0,2749186048,2749198336,1649.747999999951,1566.120999999976,5.408000000000149,2.38400000000024,48.77300000000196,106.0,690.0,1022.0,445.99860000000825,242.4914000000111,6.089199999999642,2.1510000000000624,29.92500000000009,0.0,0.0,0.0
512,100,1,0xcad356aa9ec9271c0c3b7e666a82ee0666b567a1a286c763f0907d108fecb30f,0xb95af307261c2644e32850f37f22edca839a8343b8f3afbd790a65c5af2da17a,0x516d6c3b58c52c469dd5812a47183fea2ff132b91a54345a98739736c27fa7c5,1;0,0x15ed3eb2b55dfd3fbdf49a60ab172722c3197247c4308394920db5836d521125;0x1753c4e46a6f731fb458219872802ea33510654c20929368b9c06330d51ea70d;0xb5110fa5171b8d0d584c242785db833742006325d56117df6a8ba2db58ae3ea5;0xc3cd11e546810b655cba5a249bedbf39338a4d14df7b1aefd427400fc17dc283;0xf1417753602067f74c76fd05323fa0b70c72912b7db507df869538ab8c2d84e0,4.78828,3.195438;3.292836;2.731119;2.820543;3.072703,512.0,9.0,0.0,0,0.0,0.0,0.0,0,2747088896,2747117568,2019.5750000000512,1521.3840000001255,7.751999999999759,2.4339999999999433,38.218000000006526,106.0,691.0,1023.0,461.1292000000322,1590.7663999998433,6.481800000000121,3.016400000000093,29.94119999999989,106.0,691.0,1023.0,4.853157,2.479398;1.672772;1.514584;1.360652;1.581004,512.0,9.0,0.0,0,5.0,1.0,0.0,57896.0,2749235200,2749329408,1853.9950000000526,1635.3559999999768,5.718000000000043,3.816000000000236,49.97500000000071,106.0,691.0,1023.0,465.2736000000157,241.97899999998108,6.513799999999583,3.1706000000001135,33.40800000000005,0.0,0.0,0.0
512,100,2,0xe00fa7fb57d19eac11ec6dab4df816b4dff7143376697d3ca7df5700cdc4fad6,0xee597eabf7999a0aa3537560648a732b229fd32e6968ee660abdd5d35ac444ea,0xcb01855c5b8f459dcea83011a47f974bfdc95d54e1a72c211be2d632cbc46baa,0;1,0x7c6565960c0cde980b741428ba8514902e3bf971e11859185101893f978f6b21;0x357389adad5b0d33020384f16cab182289e0e3411c6ac48a2094b591253e7b85;0xa9dbde00242548bf80d1dc5203d56fd52bcd84c7840a0ad12c772c6e5e07ca8f;0x0cdd74c577e722b01114559d2eaddb6de093cd429a98de3eb580941c52f6d865;0xaae74525ce669ec5fa6e48ec7cea3ba4e88fe35e95e8532220957efd32005f3d,5.447303,3.209039;2.923628;2.593451;2.805751;2.989418,512.0,9.0,0.0,0,0.0,0.0,0.0,0,2747117568,2747154432,1851.9930000000518,1620.1929999999365,12.78000000000043,3.7950000000000137,50.716000000006204,106.0,692.0,1024.0,457.89219999998744,1510.5354000000127,6.299400000000025,2.9181999999999126,31.793999999998874,106.0,692.0,1024.0,4.745356,2.383704;1.825152;1.621205;1.292509;1.621065,512.0,9.0,0.0,0,5.0,1.0,0.0,57896.0,2749370368,2749386752,1764.3199999999304,1514.9239999999731,4.416999999999616,1.9829999999996726,39.34900000000102,106.0,692.0,1024.0,474.4791999999887,238.94839999998305,8.98740000000002,2.8622000000000716,32.25060000000002,0.0,0.0,0.0
512,100,3,0xb59dd2e6ec60d6455f79b978c447a69f935744e964883d4ed2a6d06a45385716,0x0d84d639bf6cf7400c90e9d4b57be973b03a650e312aa2e972c31d30ad057a10,0x991e2eb65169f27f094aac4dea91aff845ab20a8307a011c2b4a2ad24bcde12b,0;1,0xbf794a39e4cb8b40e29b949f040dd1fab9003b42c2c3fbd7a1f1d164bc66fc97;0x902e472418efd3e8e100df87bd5285111af228950f315a0d25fce7f92a975df7;0x665f6c328959e4083cb0b0e076d053cb9eb9071987b1ccf3b8bb01e03448d506;0x0b25192eb5e96b1b736b577194f118425546df6797f1cce9f7599a39d58f08b3;0x03eadd7a808ee5cb210299c4ec86cfe52749d8f7fd2efaaf8a24057d455cf563,5.012257,3.429061;3.116069;2.701553;2.993023;2.670166,512.0,9.0,0.0,0,0.0,0.0,0.0,0,2747342848,2747469824,1693.2430000000663,1638.6910000001365,8.663000000000768,21.532000000000323,49.71500000000573,106.0,692.0,1024.0,461.43380000001065,1612.0926000000145,7.260800000000178,2.928600000000163,31.60780000000252,106.0,692.0,1024.0,4.544332,1.815768;1.434383;1.452521;1.276415;1.41257,512.0,9.0,0.0,0,5.0,1.0,0.0,57896.0,2749456384,2749456384,1796.748999999931,1716.3380000000395,4.535999999999429,2.5340000000002165,37.40599999999677,106.0,692.0,1024.0,437.4796000000014,220.43419999999702,5.864600000000247,2.57999999999977,28.895400000000794,0.0,0.0,0.0
512,100,4,0x9801f923a956650a4c264bd08bed1a513fdb28b2ca04fbae5be91f4e37f92b67,0x1f8475f8f72447527943f6a0edfbcee315b7f2ceb9a85288a6372fb39a369ef2,0x70710ce08cfc46330e9c4f4e58676dbc3ff0909c8fefbde202efa3ba8bb9538b,0;1,0x2b71fa5029c35410f95c98c445277af41993cec1ef9ec0429f1a79593c1cb8d6;0x04e359fccc080c51947a9f1d58a2a8e62cad67aeae1f67b2cf8c33fcf5aa924b;0x181cabd3497e6f3842029a44d8e16f54dc0907d21b0019fa47e2fba21619fd01;0x4206a61690b25f7bc55735b92021873b89877ace5124057f4d1049f02e418798;0xe1f8bdf74cd87309ac78963bc4034bdc65cec5841843ea5b3e258ee094f51fda,6.388733,5.801192;2.907284;2.747513;3.034977;3.185142,512.0,9.0,0.0,0,0.0,0.0,0.0,0,2747473920,2747502592,1926.6350000000098,1701.2059999998996,9.703999999999269,3.345000000000084,49.72500000000046,106.0,693.0,1026.0,845.0600000000196,1753.664200000049,6.796399999999674,3.669400000000031,32.95979999999865,106.0,693.0,1026.0,4.990284,1.839744;1.466181;2.037352;1.591095;1.490287,512.0,9.0,0.0,0,5.0,1.0,0.0,57896.0,2746322944,2749325312,2097.983000000081,1533.761999999994,4.33700000000009,1.9629999999997914,40.3409999999993,106.0,693.0,1026.0,489.738800000028,231.83520000000792,7.19300000000013,2.3998000000000768,41.91119999999992,0.0,0.0,0.0
512,100,5,0x05fe6ec6bdc732adbedfa20c55674560251e61a1f88ffc8a604bf7ece08c177b,0x86061558976ee791ee77130ae9728d33ecba02932a31d0cdf500c55d7a7c4f48,0x3006834d1b1f4d21aa42f05fb7ae37af53b266d3f6d3f76f3a6f26ee745b31c5,1;0,0x61abe0a22037951dbc1786c52bffcae78a18f574b2684447de7932b944c879be;0x980941fa97188ad4c81b4f8a7c2b7be2268b2584b02e172f226268f9e7887c39;0xae1ab151008b9a3feb30192ef2f27436b1b49d2f5507a576e7f74de8ae9e01c9;0x058edca8232e7e82303537769933c23e3c6802164ce96ed31d8b2cfe0908df71;0x2fe21e461825bacbe4b352f93fc6f6808daa80a256cbdfbe1875bbe2ca6e6e7a,4.810454,3.963001;3.488109;3.132884;3.022317;2.825951,512.0,9.0,0.0,0,0.0,0.0,0.0,0,2747707392,2747613184,2041.2579999999903,1574.1939999998067,6.459999999999799,2.163000000000338,37.24600000000466,106.0,693.0,1028.0,517.3278000000004,1680.564000000029,9.288000000000006,4.200399999999827,39.962200000001616,106.0,693.0,1028.0,5.6502,1.965114;1.473292;1.747675;1.864973;1.520553,512.0,9.0,0.0,0,5.0,1.0,0.0,57896.0,2749718528,2749865984,2367.210000000064,1870.3799999999494,6.149000000000432,4.165999999999892,77.98800000000105,106.0,693.0,1028.0,497.20199999998545,240.1641999999926,14.0831999999997,2.966399999999869,33.07160000000086,0.0,0.0,0.0
512,100,6,0x2216ddca4b2b3c3162ed5d55c50d63f65bd1830081aa98efc5cf0978f2c78a8e,0xcc90536829f5fce6459df833493b393331886981c00b179c0ab7665541b05c71,0xdd30bd22a10918ce22f1d549a536756671aa3a78a07d5bac2b492cee74aafe40,1;0,0xe2fa1fe9cb48f5f6a3034984c126423a79407d0a6fe8a0fcce1b706dd4868419;0x8b88b694ddbeeffa3a11a2074a0e84a6b06ecf2418645acadd9fd1e6b388458d;0x11b030bda202862697b02e3a3976c7fd8c0d3ad7a2eee6605ef8780d583ad7dc;0x065033cad3800d5ca067fb5c6a743e543d516a4d4017daa6f66fc0e7cd9d412f;0xbdd128243c5347fc3f71a6f2c0df48c7e93ad2aa030b5987082016ae1921f709,4.812817,3.178142;2.843037;2.527872;2.94417;2.715044,512.0,9.0,0.0,0,0.0,0.0,0.0,0,2748088320,2748108800,2204.0329999999385,1500.8629999999634,7.741000000000345,2.303999999999848,38.42799999999313,106.0,694.0,1028.0,474.022599999957,1533.0256000000375,6.874200000000012,3.208799999999956,42.147600000000395,106.0,694.0,1028.0,5.040561,2.177964;1.493743;1.478028;1.532751;1.61822,512.0,9.0,0.0,0,5.0,1.0,0.0,57896.0,2750427136,2750427136,2111.643999999968,1581.755000000018,5.497999999999614,2.8340000000001697,48.332999999997625,106.0,694.0,1028.0,476.1298000000025,222.87979999999763,6.24759999999988,12.925399999999877,52.983800000000464,0.0,0.0,0.0
512,100,7,0x0bd5ad645dec8fee63c91a30ddaeb2f05c50364cc9b255d598d06d73bc608aa4,0x6c1535b82cbf3481a4319c784a9bc4ccfddeb7c3f1b71f60b5fdec412bd4d473,0x915e19160e14a9d47ae1839bededef389e75e5093d81a7a071954e0f08aecb20,1;0,0xbb2b08d165733484dec402a5f2f19cb5903242ccc33875272a19ee93f8085eb7;0x106f4a6011603abaf34a9fcaa4b559274d93403fc509e49ea246e73baf23a3a5;0x61a5b245df5f914de7c1c5e31482430a2f4c0550ae5bcefd5857e5fb7c0d7ecd;0x580d44a4447490e62daca86a360b86bfd1bd5ad81db24fc6995d997e63ccc431;0xa9b9f7528f99da7de1d2080f29af5ee0e1d9e7fafdec4f01224b9d3098b377c3,4.331892,3.081947;2.86501;2.62601;2.649084;2.50074,512.0,9.0,0.0,0,0.0,0.0,0.0,0,2748985344,2749050880,1571.6400000000963,1572.0909999998867,4.5770000000004005,2.8340000000001697,40.962000000005496,106.0,694.0,1029.0,440.1275999999843,1485.313399999999,5.956600000000048,2.944600000000068,29.41419999999695,106.0,694.0,1029.0,4.96078,1.987727;1.530317;1.374001;1.357356;1.338498,512.0,9.0,0.0,0,5.0,1.0,0.0,57896.0,2753650688,2753671168,2010.1910000001055,1623.0769999999727,5.378000000000327,3.424999999999609,50.10600000000115,106.0,694.0,1029.0,435.2241999999951,229.26960000000386,6.642000000000106,2.858200000000095,33.29219999999855,0.0,0.0,0.0
512,100,8,0x96ad7aa468fca99e9675101b20b687bfac169a8543761c7e40255db854ab4861,0x63d4019eed0bd238a8796bd11dfe49ea7860c2007caa7aa4759a47c86fc676af,0x129c0ce1f3d62921befcd40f8035e55fe8644aac27d96aa23e17bec3f66ee297,0;1,0xac06cfaed2b9217c54ef53d1ae8963a1667779c3f9c580971f2474d49cd6436b;0x019d9f9347f6baabb40df63e4c44aea262358eb89fa37f0e83032bbc6941ed3c;0x9a57de111f659ae50cc515dee5df805a87289bea100b088854e8be674d6ae90f;0x2c38b135e1437cdec71b028bd6a6e060f31188493cf9a73f796b15d60088c436;0x868d4fdde6b3f9369f82093bcbf9cdc39c053800811e1a22c51715f9a2f73b2d,5.174803,3.429481;3.323792;2.839081;3.738737;2.870238,512.0,9.0,0.0,0,0.0,0.0,0.0,0,2742063104,2742079488,2137.8340000000053,1587.3029999999844,7.310999999999429,3.0539999999997307,50.525999999995186,106.0,695.0,1030.0,464.15419999998875,1643.5845999999365,7.254799999999866,9.159800000000004,30.888800000000714,106.0,695.0,1030.0,4.272643,2.43351;1.753164;1.480283;1.643798;1.502365,512.0,9.0,0.0,0,5.0,1.0,0.0,57896.0,2753826816,2753785856,1584.3390000001011,1525.8609999999617,4.396000000000261,3.045000000000131,78.4480000000018,106.0,695.0,1030.0,501.69279999994217,286.25359999998597,7.351400000000021,2.4737999999999842,34.40020000000099,0.0,0.0,0.0
512,100,9,0x39d79e0e852088fb9bee19e5dc42d8bea538bb8bf67531ebe75f4f0b7ff87e9a,0xcebdb5140dd746b15517ef633ead398321efbd33b9fd18090aac64e31c9dc766,0xd2bcb04aa838edbfb158c2bf0fce2c5461a8e1728b091461345864127b1ddfe1,0;1,0xa3384112af87e404adebd8e0d6f1c5d2ea5ac5b36a961312de00932a60a1ea56;0xa4cbd4a869f1115c2caebb3b29b1818172117a1ba58e31dd64f2788b257154f0;0x0a7ea88011a7bcdf2f733a41f1f650659d7985bea0228adbeb1b692fc407d353;0xacbc7897d6d2851ca722978e1a085bcbb1c0fb31f88f97200c802db91066e8d4;0x236999e9dcc3421e412a022feab5c8ab4a8b38d4e5e161e74a611cbfcb83104c,4.985047,3.052223;2.952242;2.697988;2.654272;2.778189,512.0,9.0,0.0,0,0.0,0.0,0.0,0,2742099968,2742136832,1717.3800000001015,1659.6419999999057,9.544999999999693,3.3050000000003217,50.636000000006675,106.0,695.0,1028.0,433.344999999985,1571.496000000039,6.649799999999817,3.0208000000002055,30.21980000000035,106.0,695.0,1028.0,4.172902,2.098544;1.581935;1.527464;1.351729;1.333561,512.0,9.0,0.0,0,5.0,1.0,0.0,57896.0,2749960192,2749972480,1608.886000000087,1517.8390000000209,3.4460000000006987,3.1450000000004046,37.7469999999977,106.0,695.0,1028.0,466.1927999999538,240.49459999999632,6.940199999999966,3.136400000000074,33.32199999999951,0.0,0.0,0.0
512,100,10,0x10a5d4c2289b3b7ca2435a41333348cfc1cc4ffffa6d37dd3d841dd7a19eb54e,0xb004280fbffa147e4333e9fe918dd847c401fcea8d2f2c4264d184e0728bff1d,0x23aaf35a620616a284d36634665039c127094d6ce76d3fb1bbbb0b185e1ecc90,0;1,0x794dfb8c8618b9407effb1f7b176ab93985af6347cc7c0fdd1c52e7022b7748d;0x1b17ad98ae4dc2dae4168e2909a3fabb9935aa88f8b796fb225f5a3ec625b3c3;0xc8f66ca90a61e35c4ab05cf2a0535246f22c4dd181b4b6bac4c4f545cc447728;0xf38cbbcf2c609723f70f0d308a4fe15d6e9f7bf16497be8eca089337b46ed8b0;0xf4dd250e4cacdc6af4d670c535b85f1b20b22f901a3a691a2b02e69c9620556b,5.439322,3.270031;2.982978;2.805611;2.617487;2.633951,512.0,9.0,0.0,0,0.0,0.0,0.0,0,2749239296,2749308928,1930.1759999998947,1981.8080000000293,7.801999999999462,3.3550000000000244,51.24700000000426,106.0,694.0,1031.0,452.7947999999782,1548.3948000000858,6.417800000000154,2.744200000000079,30.187800000000543,106.0,694.0,1031.0,4.397962,2.068659;2.127048;1.593222;1.422616;1.40567,512.0,9.0,0.0,0,5.0,1.0,0.0,57896.0,2752462848,2752634880,1711.90099999996,1542.1049999999602,4.766999999999272,3.0840000000004197,58.39800000000117,106.0,694.0,1031.0,437.60180000003146,242.17520000000547,7.028599999999926,2.5242000000001705,39.599999999999355,0.0,0.0,0.0
512,100,11,0x2f4fba16b41f24db8b39ab8e9273781ad1d4e25c7682e3c60172f9e9cd7216ec,0xc7dddc206cf640d25b0eb5c954e35a7ac4f68f57f106a566663a0154229456c1,0x82f50d5cf003fb0b7c3919cc15ab7df237a8322e1499f3bed515d92c4508710b,1;0,0x9ada7f041e007bb58072b4170947cc0856b4b6e6e97126a2fd766d5c896d45b6;0xaad897ced8bf2a16a7403905f0e8958e98c4d4f30c2a5ef4a27f63816ee14798;0x130ae51058f555ded783531563d8fd77ad81493347a87dfc5212fe6112a2795b;0x72633a11f340c7c08e42e0167cc38cb3f7b285f952d14e2a194d6c3454d451de;0x666db189a730e47ff30a4bc5644eec18012fd0dc152339573f6609a653e3dca8,4.426324,3.20322;2.88523;2.743657;3.098001;2.749606,512.0,9.0,0.0,0,0.0,0.0,0.0,0,2749313024,2749329408,1754.7959999999473,1577.0580000000755,6.610000000000643,1.9829999999996726,40.091000000005984,106.0,693.0,1028.0,458.6234000000022,1586.9649999999958,6.349599999999622,2.9141999999999366,30.02500000000019,106.0,693.0,1028.0,4.702101,2.196953;1.581895;1.447573;1.547443;1.353121,512.0,9.0,0.0,0,5.0,1.0,0.0,57896.0,2750439424,2753449984,1821.5169999999948,1544.117999999983,5.157999999999899,3.1349999999995966,50.95700000000425,106.0,693.0,1028.0,448.30839999998597,259.4511999999938,6.40959999999996,2.7541999999998454,32.240999999996745,0.0,0.0,0.0
512,100,12,0x5e6b29a4cdff165754fd7404443ef29ea4abba06fe353b8323747dc2a3663896,0xbd01ca328582731f3e9d11bcbad7e742fadb09c3e4793d34ab01146b50cd861a,0x970a9e2b21599eb151805ca67a3e42fc02fab70cdab9becf71bd3c92b8d19602,0;1,0x58f8d072829a4bf6b5834ed0716696f0e919d23e297927ba29b906fabbdd309f;0x82501e8bf8c9ba0c5ec50ee17f4bda04211afc715347ba35ce5f2fdf4b72f3c5;0x5bd4c41ad2d5357c52f1974f6c798e39d3d0dcb4fc9f2c661054a23d1f2e9cf4;0xda33bfdb53baec852b26f44694c05cb61bb5b5193f55732bc17bb93c2692ef20;0x7b4a3b002cae2febd83f04595ba572c62e304191a75bfcde94688b9c82acebfe,5.893506,3.649553;2.95773;2.910379;3.230912;2.908856,512.0,9.0,0.0,0,0.0,0.0,0.0,0,2742185984,2742206464,2217.5939999999896,1706.4530000001632,7.361000000000867,3.895999999999761,52.05899999999319,106.0,693.0,1029.0,498.2613999999774,1651.4701999999381,7.0204000000000795,3.0127999999999058,33.412199999999224,106.0,693.0,1029.0,5.002133,1.719873;1.542836;1.644931;1.461844;1.371838,512.0,9.0,0.0,0,5.0,1.0,0.0,57896.0,2753462272,2753466368,1963.9609999999586,1590.508000000046,4.627000000000104,2.6840000000001933,52.26799999999421,106.0,693.0,1029.0,438.4815999999514,263.50500000000835,6.337399999999799,2.287399999999912,29.604800000002097,0.0,0.0,0.0
512,100,13,0x4903d7a5f50bf3213046cccd5a58e9bf5be5540fe9bfbd0bfa60f26bf17f6d4d,0x5e9c5d5a74396dc7ed3417f5d086ff08a7c8c95674bb4d1f1e3fab4d0d74c510,0x58414e6d03aee1b25b25027b3d5136851c979bd1601783315a73ba22f6de4f9c,1;0,0x49f4ae961409bd7081ee2b6b33995eb98874686d4be9e48b83e7c9c8a0ac5a85;0x18f2a89839638c8b6f0ba1118a8c9fae18829f7eed51c000f30981e7214f0a08;0xc6c62266b11e2c368fd3fcaec3aa36fe6b174eda6cd8f1c3e0c778525c8936b0;0x2e81b7c98d318d79517504455d5b7901707e25d1856d22d8c3817aa807f20e1d;0x439a3733ff1eade711d7e6438b1be401c77b62f0ab70b19d8efeb81d201c360f,4.929183,3.942025;3.173845;2.778445;3.35606;3.284403,512.0,9.0,0.0,0,0.0,0.0,0.0,0,2742484992,2742497280,1897.4410000001108,1889.348999999818,7.33099999999931,2.2540000000001448,41.23300000000163,106.0,693.0,1029.0,557.7851999999606,1633.6353999999887,8.14220000000046,4.352400000000138,34.57399999999833,106.0,693.0,1029.0,5.409918,1.844361;1.71127;1.464058;1.488761;1.919986,512.0,9.0,0.0,0,5.0,1.0,0.0,57896.0,2753597440,2753605632,2294.489999999927,1684.640000000015,5.61900000000011,3.015000000000309,50.90700000000281,106.0,693.0,1029.0,439.82920000003037,257.75859999999096,6.810800000000076,2.391799999999951,38.98879999999771,0.0,0.0,0.0
512,100,14,0xe1bd9ed86cd8c58d48c625f6f3fe3cd4b0971c67b511b3e5e7a0c769c1af7812,0x50fe623f974ceb528e5f386da1d647665f94742c800e491170f45e82282dd1cf,0xfc8c16f9fbfa00225aa9a017e5e8e1e9976d0cffb39cc5d243028206fed6d253,1;0,0xf714082d6be16e2f8e00d45f5c1cee3bc86c0acdacc1b55531225514c6198fb9;0xf0cc8397c1f66049ec7794b0333c24f546f454c88cb7d9f7287bfdf1d8ebf032;0xe6262356c202bad6673441ef263c667f15599340b62005a12d8baa9c4928f6de;0xd9e22d33327e8ece573c075dab93abd0fb4a84e60b8791f06812cc93522bfbf4;0xf0e32626fc8300a4fc7df1c1e9ba4053c09dd616973a1b692b6fef78ca267cdd,5.466618,3.324323;2.930358;2.820232;3.807611;3.072814,512.0,9.0,0.0,0,0.0,0.0,0.0,0,2743201792,2743087104,2193.016999999964,1778.3210000001936,5.938999999999944,2.333000000000196,40.029999999996456,106.0,693.0,1029.0,451.44080000003584,1795.2225999999348,6.696200000000028,2.8566000000000704,30.712599999999092,106.0,693.0,1029.0,5.003976,2.287749;1.474283;1.52527;1.510057;1.476697,512.0,9.0,0.0,0,5.0,1.0,0.0,57896.0,2754531328,2751557632,2006.385000000055,1622.7770000000196,5.398000000000208,3.0849999999998934,52.01900000000037,106.0,693.0,1029.0,438.8860000000161,249.32600000000528,9.867200000000105,2.431599999999992,33.37399999999713,0.0,0.0,0.0
512,100,15,0xd40be91136305a02ef91488774fd3b2e0001780c0a2570d6ad40ca4ba7401433,0x1517bc6fae754e86b56118d4f94cbe28e2aff4ff2eccbec6a4ee2724f144d335,0xbeefcbf613a05a69c1ad8aa8f2f2f216468e6430f39310c319b003aebcd6d31b,1;0,0x6178c82555a59d4bb8101cf267336e6fd4d5418d050059a10e30c4b017290d06;0x02d84c793e7d36ea00b73eae2277b7bd62bdf8f0dedc04be2960070e46ebd65d;0xdd25cc05a8368304dbcf93e1c72aa3df7b0e27f84d976a1302e6f19f52ad4b9b;0x49b783c104340f1d11ff9f23165e0d15564c10de2d095707b2772961780a5a68;0x952b2d32faac0b310128f066eeaf1b39a757aa9358585c262bf7a186e0f0fd59,4.309558,5.824352;3.556873;3.111091;2.838961;2.649465,512.0,9.0,0.0,0,0.0,0.0,0.0,0,2743869440,2743906304,1489.2360000000604,1671.9809999998781,6.580000000000822,4.096000000000307,39.6200000000041,106.0,694.0,1030.0,471.8274000000022,2049.586399999992,8.154399999999937,2.910399999999855,35.76979999999896,106.0,694.0,1030.0,4.790102,1.962299;2.468873;1.557088;1.577618;1.483847,512.0,9.0,0.0,0,5.0,1.0,0.0,57896.0,2759729152,2759741440,1627.1729999999263,1574.48299999996,5.968999999999766,3.065000000000012,51.01700000000042,106.0,694.0,1030.0,593.6651999999931,282.7441999999847,7.509400000000124,3.3891999999997178,32.88760000000057,0.0,0.0,0.0
512,100,16,0x3d97d6025a36cb0d263009b4d94433778d4a72c21d9115c8079ffd36aec27e02,0x637a530e408f4a47b72fc74ec133fcc8e2efdf23fa997e1e27b3e3fc6cf39a7a,0x63807441678f8dba018c16c20f5bad5819c84cc224d9e513d168a54ab09faf04,1;0,0xb1f7d58692184f89b5224b99db0a3cee9788ffebad796a5b38062c47698f2a97;0x5176636997eb6a1f3dcd5378cbf3f27c42aa324cef8eb69645b97e72a7cde121;0xdea4892633b243d15329e3419289af8ca0951967922a07c0de67f46df977b881;0x90bd1a322d02f468662a0b451096b9dcfde7ea8a3124d8ad93d3a55be63abd15;0xa2ca267d56940c036f56e968e499da7843400a3573cffc2331918f843aadfef3,4.635509,3.188427;2.884029;3.582732;2.985502;3.002217,512.0,9.0,0.0,0,0.0,0.0,0.0,0,2748096512,2744119296,1681.6760000000208,1804.230999999934,6.4299999999999775,2.3540000000004184,39.368999999997435,106.0,693.0,1028.0,459.63900000001166,1762.8161999999393,7.070600000000025,1.9830000000000194,33.993399999998616,106.0,693.0,1028.0,4.723963,2.35471;1.68422;1.83669;1.694655;1.666824,512.0,9.0,0.0,0,5.0,1.0,0.0,57896.0,2760388608,2760441856,1648.585999999952,1683.6690000000542,5.849000000000479,3.4149999999996683,51.888999999999406,106.0,693.0,1028.0,506.2991999999599,311.2734000000117,7.934199999999961,3.6934000000002354,35.170999999997726,0.0,0.0,0.0
512,100,17,0x9b7146ee62cc1b7849761a9a49d6d5df1d01481ed26539f98628c83f3f3c2a96,0x2be0e25135a45400090d56108fce88cba8095ece13073b33649f6fe5c3c08b99,0xa154b05acf03759699e6151520d0811ea6738605085b1c94567543a1fb73c408,0;1,0x0b4b3c7d97d107a9342caf928b1cbb2528bd8267f7ee4bb6f77c1eae798f460a;0xdcddd1f36bd53cbc1c925cac5c1e9b2e05cfb2ec685e2351f51d378153aa3329;0xa3e7d70061ddddf47ba5f964b39438c997962099eb4a96fb2a6302034061d483;0x96d6949aa05def74294ea9420c769806bba85723a407f661adbd0ffd5224fd6c;0x2a68862c40ac12e03974a861ac17af457633c6e6a762260f4b19445e4d9cca89,4.89435,3.543172;2.875826;2.952752;2.872321;2.55364,512.0,9.0,0.0,0,0.0,0.0,0.0,0,2743984128,2744012800,1900.3349999999753,1582.406999999897,8.361999999999606,3.536000000000164,51.23799999999512,106.0,692.0,1028.0,464.12559999997603,1597.1542000000836,7.148800000000149,3.2767999999998993,33.85300000000036,106.0,692.0,1028.0,4.39736,1.687995;1.512401;1.348703;1.336225;1.411808,512.0,9.0,0.0,0,5.0,1.0,0.0,57896.0,2760556544,2760667136,1639.6419999999966,1637.5589999999552,4.537000000000638,2.033000000000243,38.82900000000411,106.0,692.0,1028.0,435.9074000000351,247.16479999999933,6.189200000000089,2.5738000000000847,30.085200000001812,0.0,0.0,0.0
512,100,18,0x502c5c40cb1fe257c926793cb4123a21df5adad82af3f9ebebb7ad90e0b1d9a1,0xa499784da32f23ab14229e4dcd8a85e1583c904c0b6f143de469df74f4e53e93,0x101fe38e9e5cffc9d12564adce63ed852e6417d24de4698f824a4018ab004b73,0;1,0x00c5b37f9fd673792fa592a51a278c9fb11072373b1f8741591a0e3cab713c6d;0x6a07a7bea7463f1e007d51a209606d1bee2e0c8fa8e9fee3b00c63f371fb52a8;0x71c9d8f773555c462fe6a176029c9e59a083695f83b906956d483bedae7f95f5;0x891f94e300cf553eb2879a865295559a257b34ba4d8ab02a838f2a0262952a49;0x8d078d228bf0191e12b146a359b7ba47134bf6055e4f4818f13fadd6c2fc224b,4.929307,3.617664;2.940253;3.311744;3.033294;3.162478,512.0,9.0,0.0,0,0.0,0.0,0.0,0,2749095936,2744041472,1784.9809999999077,1606.3019999998928,7.7719999999996405,2.9749999999996795,50.495999999997096,106.0,693.0,1027.0,512.3366000000295,1789.7087999999783,6.619799999999648,2.2292000000000147,32.50300000000317,106.0,693.0,1027.0,4.582069,1.707755;1.451058;1.358067;1.367672;1.640003,512.0,9.0,0.0,0,5.0,1.0,0.0,57896.0,2760695808,2760695808,1851.4720000000207,1714.113999999989,3.565000000000512,2.6740000000002526,37.70699999999793,106.0,693.0,1027.0,479.2963999999511,253.85280000000955,14.852599999999951,2.0090000000000385,28.7914000000028,0.0,0.0,0.0
512,100,19,0xf86fe37abf5c11732c77685530d2c8308d5144ee6c006df5439042c8477a3fe7,0xd3c2eed724fa8dfff5f1b5104b2ce47edba03f91ad5e8db21b7407d62e1b8336,0x35dc9fc46cfab759fc190f117d11e335bcfc6871139bb6c065385c526f7f9310,0;1,0x65cd9b46e0f12cfeecbc884fb4dd42a1afd0a3510327a282307c62e7857736ee;0x537eea06c533c265dbe72ba11353f2e6580d886685aacc560ee73dc81d5f930f;0xcb1c72a778283d8beffcf8909680f89d258460e7b5b033aedd1c2baf44bec6ba;0x2a749f15097814ab0380020df510fb0c7096bde9833dbe43daa4da7d4a8361b9;0x05a213ee523fd947ec461eba03585902b9e13f11da8f83467436275ba3b7abbd,5.135453,3.653018;2.860703;2.69947;2.790698;2.671387,512.0,9.0,0.0,0,0.0,0.0,0.0,0,2744041472,2744066048,2023.601000000097,1642.667000000042,8.96300000000072,4.286000000000047,50.50600000000571,106.0,693.0,1030.0,458.35520000006017,1544.845400000039,6.4198000000001425,3.0905999999998945,33.1037999999978,106.0,693.0,1030.0,4.902322,1.714465;1.449706;1.570869;1.342814;1.323866,512.0,9.0,0.0,0,5.0,1.0,0.0,57896.0,2761744384,2761748480,1862.0179999999652,1633.7029999999863,5.187999999999721,3.295000000000381,40.181000000000246,106.0,693.0,1030.0,434.35079999998294,257.43199999999075,9.68259999999943,2.0732000000000737,29.56259999999933,0.0,0.0,0.0
512,100,20,0xe7f9ff75b26d25fd4568188483ac04564171187d737ea40a87030ecd631d0f91,0x356d85d6131f8855c6eb9e11b34a8dd156ff889ff121d124750cebab8852ad1a,0xd39a9c1ec264f91277d7e2964ad00abde0a5dc176a7e9ad1900bac8d88bfc32d,1;0,0xb8ba10785892caef8abc81be787f09f7e21a9fe4e7317a4073206f3e029ddd8c;0xa1a53f6ae5136195583de076f6f4ac272700fb021a4ac54e7b09218f82300292;0x8905db42e32b4b05653ccb3e9c6d65f8a4124e3510c6e6f063eb8840720761fe;0x6bd768d269f6bfd574408d579850f71fd94595dfb2c86f26449daa835bbbe623;0xee70fd235fee278afb0c2f17e1d517eb0a60a3a503690c07d99a640a5672ce36,4.955913,3.958008;2.968977;2.717037;2.916077;2.723427,512.0,9.0,0.0,0,0.0,0.0,0.0,0,2750103552,2750345216,1970.9519999999702,1548.5250000000228,5.678999999999753,2.404000000000121,39.419999999998346,106.0,693.0,1026.0,471.32260000002367,1606.7705999999403,6.878400000000228,3.2388000000001247,33.26219999999769,106.0,693.0,1026.0,4.750943,1.747845;1.471629;1.480192;1.350346;1.392559,512.0,9.0,0.0,0,5.0,1.0,0.0,57896.0,2762170368,2762170368,1963.4610000001107,1530.8889999999797,5.157999999999899,2.9249999999999763,51.156999999996124,106.0,693.0,1026.0,411.0698000000301,244.24619999998677,5.814999999999987,2.0793999999999326,36.46099999999874,0.0,0.0,0.0
512,100,21,0x9381a55feaca282dd7fdc7a3d52fca7fb8692318be55877c5378c892450cabd0,0x3b0a05ba29e8e72d62cdfec925516533ef4fdea63d1aa2499d9573884f51a792,0x48ecd5a82dac501387825df19b709aa42ca12c6a18107ede1ac895a7016757ef,1;0,0xf00b321b88bd89483c7650da004cd258d250b7ee4152a1715a1b85fec1aba258;0xe4f92991a9b40196c6b908086dc317225996325b1f6d4a888799256258b92114;0x651bf1bf3f2a86e8ef42e76143a496f5a02b76317cfcec371f2d1fd626d40b8f;0x18158961239c0c4ba1f7d088cbe71ef41c34c15da1a772bb6deecf9a7aed1d13;0xc39bf602f7580d951318c7d958d779dcd04243b70c6d62a55922108e11c2ad11,4.723081,3.547229;2.883839;2.65273;2.994745;2.69296,512.0,9.0,0.0,0,0.0,0.0,0.0,0,2750529536,2750590976,1946.0639999999696,1558.279999999801,6.439999999999918,16.625000000000146,40.26099999999977,106.0,694.0,1027.0,450.3027999999798,1630.9932000000415,6.307399999999977,2.8744000000000685,37.19380000000161,106.0,694.0,1027.0,5.030325,1.66477;1.430146;1.448945;1.453671;1.769048,512.0,9.0,0.0,0,5.0,1.0,0.0,57896.0,2762596352,2762510336,1959.5740000000194,1802.5179999999752,4.426000000000083,3.2740000000001586,50.23599999999517,106.0,694.0,1027.0,434.72520000000793,296.48499999999075,5.953200000000103,2.2894000000000734,29.270200000000578,0.0,0.0,0.0
512,100,22,0x1e73db4d5bca160762ede27430bcc94dee762cb62b743572136a85803b15997a,0xf339e62f9d67683c4cfa94460c24fe01b0051230eb2ad44ae10c1156b9b728ce,0xe1ff3499c55c2957923034e1c14760bc58720085bb47777f3031192a1e0b5416,1;0,0x84277139a3ed4209dc09d4660c3c4356c44879a6393e3339db38ac208351c4e0;0x48231c2a7fb1490cb81d019bff61854aeb781a5c6f81d69d80dd4eacd6d1d209;0xc89b3f2d01d7ff9ce6420b3b4667a814c0a43837b266f51c86e7af688fce006e;0x33ef81df4aa052116d4aa6b53b595f0da61d69bb1588cdbae4e419077281d2f8;0xf011abc6e18d7d173693a0666c9d3cf99b4c499ef251e2d22bac0d923f76f959,5.476557,3.113185;2.828875;2.667081;2.616495;2.621242,512.0,9.0,0.0,0,0.0,0.0,0.0,0,2745933824,2752749568,2460.2190000000414,1804.1910000001772,5.889000000000241,2.353000000000077,38.46799999999983,106.0,694.0,1025.0,436.50819999996315,1500.5824000000166,6.78220000000021,2.4358000000000364,29.137600000000987,106.0,694.0,1025.0,5.532242,2.165996;1.85077;1.455375;1.408674;1.417447,512.0,9.0,0.0,0,5.0,1.0,0.0,57896.0,2763767808,2759864320,1931.3119999999628,2004.1720000000262,34.792000000000506,3.03500000000019,51.55699999999375,106.0,694.0,1025.0,453.28940000000097,257.4762000000064,7.002799999999629,2.8401999999998555,35.671600000003465,0.0,0.0,0.0
512,100,23,0x0b9e3ec18b9df3b9abe3d4b60b059075a1ddab296911189009b2a9c4ac6d8424,0x7a08c457a05dfafa694a05afe658eeac9fd67a46927166ac660e75fc8521c0b0,0x72898097856ba943bfdd358d8a716f76edf9f68e7f6fd10ff600ccc68a2131e9,1;0,0xfddecb385ad0b9f384198135ea52544ec1b7bf4a711f6b1ea673e964d2df0013;0x6e2f984021fdfa3b12a2885dfff7a938f1000e96d6dac3fb0e8b9d9b8c628718;0x14dad9e63eb346fd0fe7f304eeff21665b0ebe448f0dcb78d778b9d9ed0171a4;0xc4621bc7232c7390b03517bf3639dfd2a27903e91179ed5127f9a89452b29f36;0xc7a1e620f38194bd189c629e284f494c9cc91e2965a6083024eeb49d6d8693a2,4.406364,3.134987;3.003228;2.94451;2.687242;2.872471,512.0,9.0,0.0,0,0.0,0.0,0.0,0,2753777664,2753802240,1636.6670000000915,1630.178000000093,7.371000000000808,3.0050000000003685,39.389000000000784,106.0,695.0,1028.0,492.3564000000269,1582.175600000113,7.0826000000002995,3.0630000000000237,29.632599999998565,106.0,695.0,1028.0,4.780428,2.064943;1.892042;1.550678;1.381563;1.456706,512.0,9.0,0.0,0,5.0,1.0,0.0,57896.0,2766843904,2761433088,1625.1400000000249,1772.7929999999947,5.3180000000006835,3.836000000000117,51.08700000000521,106.0,695.0,1028.0,480.4882000000177,255.9039999999957,6.481999999999669,3.1091999999999924,32.92780000000162,0.0,0.0,0.0
512,100,24,0x9e763da434c87cf3841bc6b6519781ffbebc613806d5235ef3cddac6acedb032,0xaefcca69d1b2ac813548584d08e4ea709f48fbbfb60d1ca6a93546e3ffab4b6d,0x19d5376f585c057dba69ca32cb1caa586cc44310f4f1be233acdfe072413ca23,0;1,0x7d622c0eb7f53ca2c2a36fd535d68c88aeff7a8c659a4ff43b711e7d28922192;0x6cbb5974bc9ea8f323e2126eb902cad42d952c8a09989aa4670dbc41bee8b1de;0xc5e7f0d278d8eaff4fbf1ce964e6d2cc17581e38a657de606f06c9200fce697e;0x1513ad4b1c45d7c635c71b9fe2d958ebc41176a835c836001df31a039d5c6fd2;0x127014b7756f3062a12b1aac6238119e8f6753522e9fbc91868d0e63e9f31c5e,5.877912,3.469292;3.142268;3.155078;2.665008;3.099594,512.0,9.0,0.0,0,0.0,0.0,0.0,0,2756734976,2756800512,2093.1959999999085,2206.897999999846,7.741999999999819,3.356000000000366,51.076999999996595,106.0,693.0,1028.0,451.7371999999575,1570.4377999999688,6.6519999999997,2.81420000000001,32.42300000000086,106.0,693.0,1028.0,4.445642,2.178805;1.574674;1.742748;1.774225;2.206878,512.0,9.0,0.0,0,5.0,1.0,0.0,57896.0,2767523840,2767486976,1659.8430000001051,1605.2800000000423,4.126000000000129,3.104999999999775,40.811000000001705,106.0,693.0,1028.0,487.0885999999519,282.88839999999203,16.53099999999984,3.8877999999999138,38.453799999998985,0.0,0.0,0.0
512,100,25,0x161cbb093fb64fa5684bf5bb662d97c42b1550c61db0a4c5c385e535b2b7294b,0xa04aa2fe10e28f26983640daefefdd4ac8c4b67fa49ad63f7eabb6ca0b7ca472,0xd3a21a04a7bdfce23e1b32cb2d700e7512540950a5e74378f83c044257fb7ad6,1;0,0x0351c6781e51ac8f5d602c2847c07abf1e7282245b95bb8a245851a989b6ffaa;0xd1d89ebad4b5a2cd94ab2ad81022bf1e21e3b7ad490cc999e55da3536b4bc154;0xec05859966b81bf0fd826f384f0a663597655b5c1c294747e51194dace7d7a45;0x8fe9d0be5212376835f0b10b7e61af9aebed230ac1d8a2ac8703cd27adde7e62;0x29f9ac788b3ac903e424a2b9b111c6b51442cfeaed997f2f0e1696bf1e316e53,5.071086,3.297431;3.022578;3.109869;2.672119;2.687553,512.0,9.0,0.0,0,0.0,0.0,0.0,0,2757304320,2757312512,1872.56399999991,1580.5229999998894,4.897000000000235,2.7739999999996585,41.25200000000551,106.0,694.0,1027.0,442.84380000001454,1634.262199999892,6.49380000000005,2.5522000000000045,30.71419999999825,106.0,694.0,1027.0,5.115914,2.284184;1.594644;1.476497;1.379185;1.39251,512.0,9.0,0.0,0,5.0,1.0,0.0,57896.0,2761494528,2761498624,1830.0190000000161,1648.2249999999476,5.477999999999733,3.946000000000331,50.27600000000187,106.0,694.0,1027.0,479.70720000005684,246.16900000000717,6.970199999999788,2.9101999999999597,33.58259999999835,0.0,0.0,0.0
512,100,26,0xfd4d9d6f6af7efed48305d8e8e928a5001efb394c0035b0a13e692c306ee5e82,0x7bbf5534ef0e1cc1e0eddbee9bddd18f44db7e67ffcf8882c232400172a7a0f6,0x564fb5b974661e0d90d96b329a0486d34c547705079489012162f8f72a06cff8,0;1,0xfc12fdda29f2d6008b0eb08c290961c2867f3de3fb842dc69688ce1f66c7e547;0x2b72bd99273218f856b03095d814e63a4a8c77ee501c802641a9653ccd9efc2f;0x2e226bbb3e9afeea8e88a48a8cf0aa17968328de3d602e631ccff7cc8de16eda;0xe25cce6f44aa569711a258c44c6d694e1c59ba157be70b18c30733afd15090ce;0x9ed060c8d179d459f63133a1df80a393fab2e5f22fc30e70a3d04a6287c9c85a,4.961591,3.45487;3.006614;2.719851;2.933363;3.10397,512.0,9.0,0.0,0,0.0,0.0,0.0,0,2757316608,2757328896,1796.3190000001016,1701.355999999876,8.27200000000014,3.7450000000003105,53.50099999999747,106.0,694.0,1024.0,497.76019999998584,1645.4113999999186,6.616000000000261,2.8362000000000527,30.509999999997483,106.0,694.0,1024.0,4.362328,2.221419;1.706243;1.580814;1.592131;1.391168,512.0,9.0,0.0,0,5.0,1.0,0.0,57896.0,2761510912,2761543680,1676.2980000000205,1640.3240000000262,3.8060000000002954,2.3439999999996104,40.04000000000507,106.0,694.0,1024.0,473.44400000000064,261.3042000000343,13.175799999999919,3.0809999999997437,37.64240000000141,0.0,0.0,0.0
512,100,27,0x87e637edd63e8463449225b569e951c6e61e2c330b981634aaf33f8e06bbc776,0x40bb1f5f37d878b8e0b5e1acde50d98597f4097af47e6e5733722d164fc4eb74,0xbc968b124f64c54bcd45422cbde9ab2ffeeb3ddda6a8f2d80bbc80b1b3e275c7,0;1,0xcd6f39c79c03d4531ac355dbe304eb8062047131fdae43bdb81fe35df45e954c;0x49512ac634fe4adfcdc3b99ec0113371567d493e20ec17681419426fecde55c2;0x335f90e02a118d01e1cc32fba35191cd48d82ea221a219f5d38a999826c183e8;0xe7b9bee0499d4738af110f6419449846ceb80cb7f1721a099a09b7c029cafdc4;0x8718e5446970e1ba13e18aadd0b9c9a64d69bfc1c112af80349415b89fcf6a1b,5.901058,3.683104;3.477584;3.285434;2.852852;3.153339,512.0,9.0,0.0,0,0.0,0.0,0.0,0,2757603328,2757828608,2389.914000000104,1965.182999999815,7.711999999999996,3.0040000000000275,52.36899999999656,106.0,693.0,1024.0,506.6098000000352,1795.8218000000415,7.06239999999983,3.364999999999965,34.762600000001754,106.0,693.0,1024.0,4.997116,1.789478;1.449615;1.606282;1.523217;1.58493,512.0,9.0,0.0,0,5.0,1.0,0.0,57896.0,2761588736,2767970304,1949.90000000006,1898.952999999981,4.155999999999952,2.1939999999996336,39.338999999999345,106.0,693.0,1024.0,434.9638000000322,253.8590000000118,6.263400000000238,2.3114000000001163,31.738000000000596,0.0,0.0,0.0
512,100,28,0xb1c2d0491e6c172f58e48b05bb0f7ffe88757b2fa43d586618497acba6bc927b,0xe30192c1cd07fce8152f289e4d39f7a8084137ef5bb7f6a8ec1f0f1aca8156c6,0x769f0e9eefb6dff962975a5d22bb95cc41a57b7acb6517e4fdc0cb25ee333749,1;0,0xbd73bdace0f9163ee2289e831b8c3fa0da5a811c2bdccfe09006f8c776ace281;0x0c1d914dc165f478ca26f2e7b2a20b9e9b6feacd8089bced296478bba7456ebf;0xc52ac91c6cab314ebaa3daa6d2dfdf634fe350a2cd513e9572cb056aa89f51bc;0xddca49d8bffeafa916360cf2d18f26abdcdaa667f0d7086788e56f0b465b1e78;0xbe4bfd3971c3f5a6e9a97d5f8518568972959bfbb584a0cee100accb323660e5,4.535229,3.915334;3.56134;2.749867;2.515803;2.6929,512.0,9.0,0.0,0,0.0,0.0,0.0,0,2757828608,2757861376,1753.4040000000139,1616.3670000000075,7.322000000000578,2.414000000000062,40.121000000004074,106.0,695.0,1028.0,468.08599999992316,1704.0156000000195,8.26659999999986,2.3814000000000473,33.88319999999833,106.0,695.0,1028.0,5.369576,1.793083;1.447342;1.564609;1.39237;1.51231,512.0,9.0,0.0,0,5.0,1.0,0.0,57896.0,2768617472,2768678912,2060.1959999999585,1871.0809999999967,5.708000000000101,3.534999999999823,52.37900000000517,106.0,695.0,1028.0,444.3281999999549,271.9540000000187,6.107000000000335,1.9965999999999733,29.518200000003272,0.0,0.0,0.0
512,100,29,0x040aaaf55d162de7d43adb50244ef11147b6451e35c1095027cc7d8795e6f780,0x0c26dc6eaa1b6a7427313dfaca7bd9b32427eecf972f57b7e8a0dd4ad873f88f,0x62c5665827531889f429855bfa86b53ef7fa894944d6be73e4d54049278ba876,0;1,0x172b57d85ebd638ce0a78dd1fe1a9fa90bd373051827299c282b548b5b925c4b;0xf9d25b1a8e7535cbcb76a2bc6fe2e7f8411ad753d026009902aa49497cd9f37e;0xa50dff120cc2731f84a968ae2687f7f571799a2e8d1af7ab4643c8bce60fcc1d;0x5856565fb8e921c37642fd6469c9bb85ec5c655ae98faaa66f0c4e330a883aca;0xbb01a6155a31bd6309b00eb3718ddb0a6773fe82c4df992dc33c4e12a1eaf1c0,5.294925,3.726469;3.12358;2.761905;2.921275;2.86516,512.0,9.0,0.0,0,0.0,0.0,0.0,0,2758303744,2758381568,2242.4510000000896,1636.988000000006,9.073999999999542,3.6560000000003186,50.3560000000014,106.0,694.0,1026.0,474.70179999997697,1644.7541999998982,7.713600000000195,3.4654000000000282,35.03480000000003,106.0,694.0,1026.0,4.595479,1.906095;1.554063;1.444037;1.375534;1.415244,512.0,9.0,0.0,0,5.0,1.0,0.0,57896.0,2769272832,2769281024,1851.2610000001039,1626.7530000000363,4.746999999999391,1.7419999999998894,39.449999999996436,106.0,694.0,1026.0,430.3430000000219,269.54219999999475,6.121399999999694,2.0208000000000728,37.04579999999902,0.0,0.0,0.0
512,100,30,0x3a2691a624024754945d25eca6abae2594c14859d176b819ee54ab9eccd22272,0xc079cfb65200c228a34274aa1a43a438e814b1de6652d7625903436c27c0413a,0x29d54ee3f8958477bc7e46c1c855974312af38819d72c734833054f7e1d962b4,0;1,0x9abaf2b304ae2ae165c5232d294b2b7969c28b86eeacf546a08664d3c6967bfb;0xc441b64f50ad140b8f7aea1464992141eb37fc9f3e5d606ae54c6ec3fb98ec1a;0xbf077693cea9085f077051d397679933984fdcd74bb86db4f6c9ea50d0f0ace1;0x361254a1a1ec3b464ed2d3c662ff93f18ddba652ea534fedbf42b8133f54d679;0x9264bc1e6ff3afc0883f6c1bb229d1bd8ef07cdd2d9c4304ea45f59004a239da,6.874866,5.86245;3.40894;4.510782;3.57425;4.344061,512.0,9.0,0.0,0,0.0,0.0,0.0,0,2758946816,2758987776,3482.1609999999837,1795.377000000098,9.063000000000127,3.4450000000003573,54.091000000006105,106.0,695.0,1027.0,798.2113999999817,1985.9426000000012,17.156000000000116,4.432599999999905,35.757799999999726,106.0,695.0,1027.0,5.821724,2.391576;1.914958;1.669788;2.183342;1.748467,512.0,9.0,0.0,0,5.0,1.0,0.0,57896.0,2769854464,2769903616,1973.6960000000802,2251.2649999999467,5.197999999999661,1.591999999999913,43.46500000000641,106.0,695.0,1027.0,515.3251999999942,306.9707999999949,7.709800000000114,5.670600000000185,48.402999999999636,0.0,0.0,0.0
512,100,31,0x213089a11a789b2af245ac1839d5be73e7173f65cdd8baed4e4af513c0ebb554,0xc89ed0564e155c30cf1e7ccd6e0fcd88be7c1b747c4c01ebb6ca5e529a62ba8f,0xf69848b6194a212ccadd08b06d15f7498d5fe2e39f30a6cf9588722bfceb014b,0;1,0xf0c0c18331dc5243290a39c394fde7d3fe20de0eec2a68582547c42fad72ee03;0xa953ffd4c6603adc12fa7f17f254135b2ca11eac8579a269636a7fe90a3cf867;0xcc72bb526528ac0ae3e32e5186899715cc1bef51feb304529bcbd0e0619d9bce;0x75377f000dd4aa0d2a2c4b5b160a12559889f93ccacb55a70cb152d133e6da60;0xd72fe00f655a7110286d4d8f275152d30964ba481d76409d9b4f247a0b6ee778,4.930134,3.323762;3.314619;2.88502;3.228638;5.884424,512.0,9.0,0.0,0,0.0,0.0,0.0,0,2761658368,2761707520,1718.3210000000227,1612.3010000002048,8.69300000000059,4.045999999999737,78.74900000000295,107.0,698.0,1025.0,499.86800000003666,1656.3739999999605,6.986599999999829,2.812200000000195,31.94200000000147,107.0,698.0,1025.0,4.682371,2.516164;1.792523;1.472821;2.029981;1.776889,512.0,9.0,0.0,0,5.0,1.0,0.0,57896.0,2771722240,2771746816,1973.9560000000545,1576.7880000000512,3.786000000000414,3.345000000000084,39.86000000000267,107.0,698.0,1025.0,489.2798000000198,282.3233999999841,7.727599999999764,4.1464000000003205,38.97479999999953,0.0,0.0,0.0
512,100,32,0x9b58ef1316cd3fd66f1ba5a3bc0af310d5be38425f975a8c635403e5dc2fed39,0x4b93af411ebd976bd79adac427b93c94057678045e4e1aefd5d6c7c33e176590,0x70eb5c800a081d0f9f94558a03bfb20653e78aa4217a6e84f9724ce79142f6f5,1;0,0x1ef76e5ee51cb1e2d442a115e691fe7d0401c3fe54a2fa79a3cd34c97f0d2983;0x4b033a0cd981b07cc5bf48142443b1f33f7a3ca523de1e54e0aaf2819a580940;0x3fb06a2d8239996f3184421b5b45431af66f312258d2fd010b3515993907ea6b;0x9767ddb36a3c98037b3d95108c978e32eaa4a23c428f76b3992f78cba73ad3f3;0xf8dde13661d49a93a110f5e8aa763c8ee0b75d334bf43d5dc754635268f996de,4.368187,3.98234;3.117291;2.947304;4.027113;2.842356,512.0,9.0,0.0,0,0.0,0.0,0.0,0,2761711616,2761752576,1598.0900000001075,1546.1120000002104,6.990999999999595,2.222999999999982,38.48800000000318,107.0,699.0,1026.0,488.8153999999644,1887.6321999999668,7.32279999999981,3.064799999999944,33.38220000000114,107.0,699.0,1026.0,4.711003,1.859824;1.45857;1.357127;1.323996;1.401974,512.0,9.0,0.0,0,5.0,1.0,0.0,57896.0,2771951616,2771955712,1757.388999999998,1604.7089999999819,5.338000000000564,2.554000000000098,51.917999999998024,107.0,699.0,1026.0,426.475199999965,232.73480000001177,5.854400000000066,2.0911999999999664,34.173199999998346,0.0,0.0,0.0
512,100,33,0x517d465cc16d7daa07a6fbbfc9724da3f9bbcda8ec0ab31be7cbf9ff67ed0302,0x85c20eee893774e3eccd825d971a7524bef2c3187846d7ab431dc4576ece1648,0x65d8860e917cdd28ed0d96cdc9d74872d3ff44caa5957ed8a98ba0bed64994d5,1;0,0xa70e3aab6ab2b02391b97099e1a9b7989fdcf7de8ba966bc4f5fffb44a73d31b;0x18be60e26e3e341d314d924e2ccf6623e3ae3183f248c1d7468d6cad824982f3;0x36527b5f09405ef40390cc28b438aba97e6394036a3d840c532be716f573b1f8;0x2c8843fcbd5a318d1beb7d5148790a22ffb9da69fa0397444504e857855b7cf4;0x46251f875c3c9a5acea580fe02a54ed95d9666b7bc3f7b02a39d42ce2c1d4598,6.383606,4.249869;2.914344;2.767544;2.888205;2.781233,512.0,9.0,0.0,0,0.0,0.0,0.0,0,2762276864,2762297344,3514.419999999907,1625.6910000000958,7.181000000000201,3.345000000000084,60.75099999999778,107.0,698.0,1025.0,469.0214000000026,1742.773999999958,6.610000000000643,2.7962000000001166,32.88780000000047,107.0,698.0,1025.0,4.872497,1.67124;1.615446;1.413411;1.434813;1.303686,512.0,9.0,0.0,0,5.0,1.0,0.0,57896.0,2772008960,2772058112,1812.5330000000606,1774.7660000000387,6.018999999999469,3.5850000000003934,52.00800000000616,107.0,698.0,1025.0,445.80619999998737,251.05240000002917,5.25600000000001,2.143400000000073,40.02039999999873,0.0,0.0,0.0
512,100,34,0xac83f0379f1e776ae510129c9ea6a9c834ba24b32081f7510d760355d2714597,0x1a5c007e7621edf8804d43010d1577a6dfa0d90e81784e0276535f4e6f8c5efd,0xfb1e4bbc78f91535dbb9d1fd2f1bf6a2ae1a29467acf6dab0fd22dcc38df09ba,0;1,0xb87079120ae72bc4034d0944ae5618e8c4e67be1fe1e9d303ab65d53c289f7b3;0xe6340c913641fd4ec07c757724adefd2445488589a737fb4bc8c08d73744adbb;0x47f027299caa9e306b58ae2a960bbb1aa9db987a7f27aa80683c6f151ce76c15;0xa8fd8122129bc88c9404aa5f4adac9c066d467185da72ecbc05f85e91f5dac11;0xe2e4f7a11d27c3f5a298a89a5c74194bf9b1abc77087f58594433ab9c7351eea,4.908942,3.90617;3.039053;2.915806;2.669145;3.159214,512.0,9.0,0.0,0,0.0,0.0,0.0,0,2762297344,2762317824,1804.8310000000622,1745.371000000162,8.442000000000865,2.7940000000004073,54.21199999999793,107.0,699.0,1026.0,481.0254000000125,1732.3182000000158,6.658000000000012,2.86019999999991,32.33480000000011,107.0,699.0,1026.0,4.783953,1.781275;1.416316;1.379751;1.404218;1.560814,512.0,9.0,0.0,0,5.0,1.0,0.0,57896.0,2772586496,2772586496,1948.5589999999054,1702.3170000000086,4.176999999999306,2.7639999999997182,39.73000000000171,107.0,699.0,1026.0,411.94120000001004,231.05639999998485,6.06499999999989,1.7043999999999047,29.706599999998474,0.0,0.0,0.0
512,100,35,0x37362fd690dabbdae31f372bb98c6af98f9afa36082f172da6ceb8788fd4bc02,0x4bc72b5fa9a77fdc3305b21d2ff21f5b87a511719ccaeff1f44e9186bd636357,0x3e8f7ded94e560370c1ed85e5c45050ece8531cc21905ffc8d669ab5f764b706,0;1,0x19e205a4a921361818b46824b74b979b652a541894151fdc40e79a8d1249bf75;0xd941e3e57e381b493d3dfd5d436431e2ab76bdbab5c9f83d921e48122aad8797;0xb68917727f3a38ef555cd0554ddb90d12aca55f9208c6a2d68dd8aa6035062d5;0x15e96be25be856e0aae5278f5e84c4012f820f85977abb0ffd3eb2b881d76224;0xe324b835eb3563cfd9aba84e39bb43b8d8b7257ede5d19c83d1e77308d6762a4,5.379802,3.566768;3.059804;2.806421;2.589725;2.953624,512.0,9.0,0.0,0,0.0,0.0,0.0,0,2762362880,2762383360,2126.8169999999477,1693.013000000132,8.081999999999534,3.445999999999831,51.40800000000279,107.0,699.0,1024.0,466.6955999999889,1596.3629999999007,6.112800000000057,2.7601999999999833,37.05380000000313,107.0,699.0,1024.0,4.215446,1.643198;1.467593;1.464839;1.6251;1.308333,512.0,9.0,0.0,0,5.0,1.0,0.0,57896.0,2772967424,2772992000,1661.0239999998998,1517.669000000055,4.096000000000307,2.723999999999956,36.796000000005606,107.0,699.0,1024.0,433.8001999999896,240.17019999997837,5.6024000000001735,2.4658000000000317,29.30620000000106,0.0,0.0,0.0
512,100,36,0x3d538e72c4a807be1fe1ba334afe3d3029cfa87f5ef13b9a7cf8b2774a4fe367,0x1ec67b3d71fb80049f624f1698305daa8bd36c9ece53a8b74790b66696d5cd73,0xb196a7d89da0deecd289d4e15bcc63573f34dc8d7310c0a7ed490b928a21508c,0;1,0xb68287203a74ed815838b201bbaa68ef774c818224cc170d1310ca698a9dc6e9;0xfe7631499c3bcb8b2a616b8a171671bf79eab7977fcc565cde7b67ddaf6e0d7e;0x876f5ffe91b51f26a1e6f2af9f8ad1ced3f02bcbe8ce8d089801b5cbd131063b;0xd30ab6d73bed4d592c4094f0f12c279686a3d8635ca6b04e39391e1df52798fc;0xd89d9c143dd0165e9e61f783d571a22b7ddf611e6779e862c16a269b1867a4df,5.49097,4.063347;3.095578;3.284893;2.749846;2.970108,512.0,9.0,0.0,0,0.0,0.0,0.0,0,2762391552,2762407936,1853.8749999998938,1929.8399999998494,9.183999999998887,3.5549999999997044,53.97099999999988,107.0,700.0,1025.0,512.94559999997,1696.1699999998636,7.042599999999149,2.503600000000085,33.68879999999796,107.0,700.0,1025.0,5.208143,1.757961;1.577318;1.41318;1.526592;1.524639,512.0,9.0,0.0,0,5.0,1.0,0.0,57896.0,2773135360,2773135360,2132.7360000000795,1589.056000000033,4.356999999999972,2.743999999999837,40.78100000000362,107.0,700.0,1025.0,434.8037999999832,250.77799999999593,6.343600000000005,2.201399999999902,31.407199999999857,0.0,0.0,0.0
512,100,37,0x0240fbc204a99bb8e3301ff40675507c356e13ff9f21ef3f954616bff500df24,0x02c0830ceac3793f2d9b5fd0a9181c611134ce57ea2c71b3965b284af517bcf0,0xfe8b6022f5bcdf5fb66fedfc37b37190da8a8a5c0bacc85aa326036d344a7fe0,1;0,0xff85137bdfffc839fff44f08095c38400c2d63bcef97f4b36c2ea5efe922005d;0x98fda231b7e6ad9c75e1c313c76c79016ceba9aa1514660cac3fc319107d018a;0x61efec6cc066cc16cb03ba248786730314be604f03d9e6ea8ebf4168e38f89a8;0x02af471bde99f7b7718d2ccc8c542cd181072acf297cae05bf7417cbbab7ea99;0x5f25ffae0e83499481547f1bb769c9ad25a2c88b78c7b5cd7cfc124fe539aec0,4.679086,3.218984;2.933083;2.81155;3.041937;2.646651,512.0,9.0,0.0,0,0.0,0.0,0.0,0,2763059200,2763071488,1881.3470000000887,1631.1600000000758,6.789999999999575,1.7330000000002899,39.65000000000218,107.0,700.0,1023.0,510.9441999999742,1545.8709999999876,6.245400000001039,2.5742000000000473,32.62940000000048,107.0,700.0,1023.0,5.229355,2.114008;1.516086;1.370897;1.279229;1.320601,512.0,9.0,0.0,0,5.0,1.0,0.0,57896.0,2773323776,2773352448,2254.4589999999866,1677.6800000000146,5.348000000000505,3.9259999999995827,67.42199999999754,107.0,700.0,1023.0,417.45340000001187,231.0441999999968,6.1151999999998345,2.503600000000085,33.392200000001424,0.0,0.0,0.0
512,100,38,0xf762da44c28d8808299077d0cd28242a5cf2d8ea8c9f0ae73c22b9aa1ab911e7,0xdbf291e32993d66c68c8a9e170c38e65e7cb2616f3c42adbca574ca8998682dc,0x148d54fd4fdf6b965dc6aa350dd240939a8626d762774fc481eae88e06308664,1;0,0x3edd0f0b2d060acb90f41c5eedd2855562e7b3d732e9e95d6a9bffcb048c34ba;0xa6d89ee82a4f0603fa619b14b3d06f8198708dd63e7afdfc77b5f6986f443046;0x5010364f13e17087c65041f942b98ed53de0cf185684c84de7511b2dd8fa855c;0x76d83031fe7f845543d2881950031a85da0806ddc2dbfba5c92dc4dd9463f525;0x5d0136f61dd13d44187aed510f65caeb0751311fb6d0566d3700e8611ad86414,4.752866,3.780831;3.029678;2.810518;2.788705;2.629195,512.0,9.0,0.0,0,0.0,0.0,0.0,0,2763513856,2763558912,1964.8329999999437,1688.0659999998215,7.170000000000787,2.2340000000002638,41.33200000000503,107.0,701.0,1023.0,474.3732000000112,1582.139800000082,6.738199999999777,2.83000000000002,33.2702000000018,107.0,701.0,1023.0,4.812817,1.702347;1.645822;1.561865;1.483687;1.406741,512.0,9.0,0.0,0,5.0,1.0,0.0,57896.0,2773917696,2773917696,1884.191000000035,1602.0460000000237,6.1999999999996085,3.155000000000345,48.893999999993774,107.0,701.0,1023.0,438.1568000000335,259.1907999999865,6.536199999999937,2.1234000000000184,33.28999999999693,0.0,0.0,0.0
512,100,39,0xfa1c6d7d78e2f9a8e83ad2dad50af67c212ef5cf5fb132aa1693a29cfa5b00e1,0x0ed4d17dad29e45f4dfa9e8767382ac27bed880ccbbce63474aca54c5ebd834c,0x8d2785ffb41b58754777e64b42e0e86e093cdb29043f4615b56abfb01ff21229,1;0,0x84f4e344c4c0623be3b31e8fe60a284c3cc837616279e2f660dd5452cd4ce17f;0x84efe4148632a3405307de325b61215e1f41ebe42aeede42f289b1080d26783a;0x0cbd16fa997769499c6f2fbfa70e130f89b5e2d3cdbdb7de16e416ca5d935b8f;0xbb3cb7dfc7766cd3c22fd1fa0bea3f691fe52e7dbd4b309085744826290b6a8b;0x1a74a8beec861349e730edabef5f8024f2db2c2ac6c854bfe88a6d971f946dc7,4.800949,3.337953;3.322529;3.0439;3.243601;2.813933,512.0,9.0,0.0,0,0.0,0.0,0.0,0,2764525568,2764541952,1776.419000000029,1709.5469999999225,7.131000000000498,3.4950000000000605,38.13799999999312,107.0,699.0,1026.0,447.10839999999587,1705.7042000000245,6.299599999999572,2.611999999999927,31.389400000000904,107.0,699.0,1026.0,4.839267,2.124584;1.802899;1.598761;1.474003;1.629868,512.0,9.0,0.0,0,5.0,1.0,0.0,57896.0,2774626304,2774634496,1699.963000000082,1624.6989999999516,6.960999999999773,3.5249999999998822,75.0929999999983,107.0,699.0,1026.0,473.5241999999751,280.02620000000536,11.276800000000268,3.050600000000132,34.17360000000092,0.0,0.0,0.0
512,100,40,0x613c62eaca7c0a12d1cf54449ec6db6e2fa18eb7d0cd8cf15febc32f4b59bd77,0xedda4e84959743f8f4db0f726b2fd646ed524e7541834cb428f62219ea84448f,0xbd3a0b5ca6da180d414ead60d75343d9b801485a689db4e5fff033769089f022,0;1,0x6bb6f5badcc304e0aa2dc38f6e9d4501a619e0f2d51fe8fe523bc57c12224def;0xfb850ea0c953b1a88144591d47ada56ce4f9816f2a637f6d278ad83fbad2439d;0xcfdbeaa34838267428e8c178b87856d030366255cdbb1734f706e500e31cf331;0x6965c55e67a2c3a278f5eb19621ba4cf8dbd85311d68aa2325eaefdc8f8903b7;0x35f8b8d603ffd23979b2e5fbcbac0c914723cbff8e9ea95b31e7428718df92a0,5.674336,3.649884;2.897238;2.728284;2.587291;2.528503,512.0,9.0,0.0,0,0.0,0.0,0.0,0,2764546048,2764566528,2121.0389999999356,1645.4409999999698,9.023999999999837,3.4559999999997717,122.40500000000598,107.0,699.0,1026.0,447.84139999993755,1524.1461999999651,6.802399999999986,2.755999999999939,33.224199999998255,107.0,699.0,1026.0,4.48326,1.979925;1.649186;1.321292;1.356095;1.412911,512.0,9.0,0.0,0,5.0,1.0,0.0,57896.0,2774646784,2774646784,1602.0859999998916,1639.0010000000289,4.746999999999391,2.9950000000004278,39.73000000000171,107.0,699.0,1026.0,439.2320000000449,243.44080000000545,6.193599999999854,7.3890000000000065,30.349799999998538,0.0,0.0,0.0
512,100,41,0x8299e31bb77431dce99548b12cd990b449fdcf5670858926a543d4481750b275,0x6a9af834da05ae21339c9e7a3853059039708cfd7e1359d2e359bc2f2a79a52e,0x8bbdb9d8866eb378123e4cc587f74a6fcf8b0002749a48dc55de8fffe5abeeec,0;1,0x3d7eed945f48a2f89309d3c07ec2389d52f79c18546edc6278990ff0713c59cc;0xc8b6f33a9e96bd11e30d9bbee741eef5d44fd9e142cc90edb2ee569aaaca3fee;0xb10a17ffc7c19df872bb11f5eb2f2b891146d1a187ee86020f4733f76f68190b;0x19d45ed49cba7c446e12e69123c8e271af0f03be64bc6bef69678bf4b84a38dc;0xf8071e4bc80287ec2d93fb0c80d860451ce2555acdba92f7b37d4ce8c4427545,4.740278,3.319986;3.138532;2.685279;2.774934;2.682104,512.0,9.0,0.0,0,0.0,0.0,0.0,0,2764570624,2764591104,1668.3660000000878,1620.5440000001126,7.059999999999706,2.603999999999801,52.88000000000515,107.0,699.0,1026.0,445.6097999999464,1569.6464000000353,6.062999999999902,2.4191999999999267,30.081400000001036,107.0,699.0,1026.0,4.753147,2.121118;1.6451;1.728687;1.459065;1.493662,512.0,9.0,0.0,0,5.0,1.0,0.0,57896.0,2774667264,2774683648,1763.0479999999338,1948.6589999999637,4.4869999999992,2.6139999999997414,38.067000000002736,107.0,699.0,1026.0,460.8144000000092,274.9968000000047,7.288999999999906,3.1663999999998955,36.73160000000064,0.0,0.0,0.0
512,100,42,0x16d2a6006a06775400dc01bf9f09f722267eb0bb681c749769dd1500e8d89304,0x38b9046c319b9a00f7610cfb9c82da8f9d6c03b22959b75b5ce7da9d74313a92,0x9f05ce731f448a691303c77e9faf83fafda6e59c2fd02bf673d50da0357fe0a9,0;1,0x0b333d7cb0fd4c8affa1a70bcd5cb1eb5ae02582680169ea2854f1383d4255fc;0x745a16cb77f11c1764b105a7bd633488c25f7a5c2b847d8d75275ddbab17d67f;0xa01bb991f8be013ceaa2c993f607ffd56bf9307acd8b92da3d555b78271ce6d0;0xc996402fdfbeb8246430ff87916517f2ab1fc24082cf65ec76096b5839759ef0;0x71cc2ea534f9fca3150c0bf58ffe6728f659934a74d506b5389d923514e83b23,5.006379,3.655993;2.953884;2.854915;2.764128;2.546329,512.0,9.0,0.0,0,0.0,0.0,0.0,0,2764595200,2764627968,1791.0910000000779,1642.8570000002196,8.933999999998637,3.4960000000004015,52.89999999999462,108.0,701.0,1024.0,465.3413999999856,1545.095799999885,6.31180000000009,2.8161999999999976,36.052200000000205,108.0,701.0,1024.0,4.647017,1.85724;1.700945;1.469186;1.717951;1.553482,512.0,9.0,0.0,0,5.0,1.0,0.0,57896.0,2774695936,2774695936,1770.5699999999158,1648.6260000000418,5.016999999999522,2.644000000000431,38.627999999998885,108.0,701.0,1024.0,479.2686000000046,268.05000000000854,6.718400000000138,2.3652000000002475,31.557600000001184,0.0,0.0,0.0
512,100,43,0x2f60afa9d6d28708da8224f1b1c4ef4cb4927c9805686eda4cfaf599b97c4125,0xe3afa3da428fea169bf0267bf5d78a58ea9e66ca3c88e9a7ac6d48093d5cad04,0xb18897b9522e6dc7b1636936bf1c45a5d64ab21d386f87ba19d362f7664a2a9c,1;0,0x3e1d80af89b71a3ae22aa074c76abf5029205b81597a99a65a4c37753864ca29;0x1a17faa8dbd8a8991812df57b877a12e0efb58b4186d4829485a6110a87819f8;0xf99f0ffbb407dd27c68406f9a6f3dda73aa90f06d84e79ef9c74f289a27c6519;0x3dfc3d5238b4f0869becc1b701b6419b9f095bd04361aa1378a5498eb2d4eea1;0xe5946931878cb320269f563f2a5f0250128821630080898bb0c89bb39665b3dc,4.72911,3.612347;3.195488;2.946452;2.836276;2.763377,512.0,9.0,0.0,0,0.0,0.0,0.0,0,2764632064,2764664832,1775.9479999999162,1563.0670000001955,6.969999999998505,2.7539999999997775,42.815000000001604,107.0,699.0,1025.0,505.5461999999622,1593.0724000000396,7.370799999999872,2.9262000000000388,35.31500000000243,107.0,699.0,1025.0,5.745163,2.145926;1.821407;1.534013;1.653503;1.546452,512.0,9.0,0.0,0,5.0,1.0,0.0,57896.0,2774716416,2774716416,2126.7670000000294,1834.22600000005,7.0309999999993575,3.295000000000381,88.92400000000411,107.0,699.0,1025.0,459.4147999999798,265.83099999999416,6.5159999999998135,2.454000000000171,32.55960000000113,0.0,0.0,0.0
512,100,44,0xaf32a993ea1e4c1ba908debcd385ee30293f0cd3070be135b0534f1a18b29b7f,0xc35d79371944b04666a4279b7676f88947ce9d175604880d9ec7b8082a1ba15f,0x71044afe8d807ebc5515b8178193e73a123fdcd71410bd02070852a6dae06d17,1;0,0xcd4b3d68779a3dbcd5297e6b854f3ce32bd6e0593c71538e1d893738d5f12fb2;0x8db65b181adee5ba07ac4321d537fc98ba0966dbf54c15721fa92a14afb1707a;0x63ddf5c6071f7689393198bf11bf49d78bfe77db03bee26f6d1e626da2fe24ba;0x5b4b435db50adf35fbd6c39794cd29defa6b5691ae3b81cdecfacabd5fd05253;0xfd8163ef1b097141f87bb00916f70b2a1988092f00cff134b6057ceb29f979c7,4.390651,3.586208;2.953653;2.65281;2.645369;2.654933,512.0,9.0,0.0,0,0.0,0.0,0.0,0,2764664832,2764668928,1692.6520000000166,1520.5219999998576,6.0789999999991124,2.664000000000312,38.657999999996974,107.0,698.0,1026.0,462.3091999999662,1543.218800000101,6.553999999999588,3.1190000000000384,33.14980000000411,107.0,698.0,1026.0,4.832587,1.811211;1.528665;1.364387;1.325739;1.237666,512.0,9.0,0.0,0,5.0,1.0,0.0,57896.0,2774732800,2774745088,1992.224000000098,1596.516999999964,5.247999999999364,2.3230000000002553,51.206999999997564,107.0,698.0,1026.0,415.07980000008433,235.40500000001074,5.746400000000013,2.5860000000002548,33.90480000000085,0.0,0.0,0.0
512,100,45,0x2587e8d18c746e46a04a74b5b72954ee60fb3cf09ce5878c9498b5a5315b08b9,0xcfd83ea20b48643414684bdc8019636c175d9bffe97c269d3e4dafa79333657b,0xd920309c34e69f1ea4556ae08e92849b65991901258f6161864ba118497146c5,1;0,0xe6bcfab599af994c61d6469d72a8b5d1f29e01a3f199504b783a50cca98864af;0x96ef45c09eecc6efad25f449adef792cf57050b69c1f24b0e13af27c582ee760;0x3613fa428c5b0a1ea95668151963a0816dbe1212afbf60d84ec27b814bdff7f9;0x11f7a7439c42abb6f5dd1ccb24bc13bd8738e018b7432ce94da3f9819f3bba72;0xe1ea1644de7cb4d27d3c0b2e000f8a03263eb0645ee863a39402aecdd47bdec1,4.555729,3.234502;3.134246;2.678849;2.746385;2.596865,512.0,9.0,0.0,0,0.0,0.0,0.0,0,2764963840,2764996608,1807.6760000000913,1554.6340000001103,6.559999999999206,2.353000000000077,38.91899999999837,107.0,698.0,1026.0,450.2209999999618,1583.204999999932,6.29560000000029,2.4638000000000435,30.556000000001028,107.0,698.0,1026.0,5.205409,2.10897;1.524779;1.526792;1.362694;1.669898,512.0,9.0,0.0,0,5.0,1.0,0.0,57896.0,2774941696,2774941696,2013.776000000078,1862.3380000000188,5.487999999999674,2.1229999999997085,51.18699999999421,107.0,698.0,1026.0,486.7679999999819,252.26059999998716,6.660399999999441,2.2235999999998395,38.36779999999984,0.0,0.0,0.0
512,100,46,0x58779ab0458f524f3fa27d867107d463728a09e4e630b1bc118e8858feee67de,0x28cb119abc5bfed19d7113aac3bce612873e28e4ed1fee466cca9fd6e9c0b32d,0x481b68accea21ee25a2ca74bc69af4dc8ba0cef5a89037e8bf19095c6a3e6950,0;1,0x5cbfacc134e8eda4f3b03d8b9e1f2e46423e23f8cd167e8989c3cc8f482ce2d4;0xf141c5463bd84310457c156643d185ff00d4c818a7cb0b34eb819847272930b6;0x51ff748c9dd117b539ef9e9b142994c381fbe8702dfd4a7e47e51f1646e1010b;0x8aadcaa7eb2948b5467d976f4eaa69a15e27013ee06bea5b21a0a9edab30a507;0x3a66b55269b029ea327948188ccf20e64241f0997a37ae241ba2f3973461bd0c,5.266982,3.902805;2.881595;3.084922;2.53326;2.690406,512.0,9.0,0.0,0,0.0,0.0,0.0,0,2765541376,2765574144,2166.617000000093,1609.3470000000386,7.430999999998717,4.366999999999913,53.96100000000514,107.0,699.0,1023.0,512.1102000000377,1611.307799999917,5.718600000000073,2.7280000000001055,34.22539999999585,107.0,699.0,1023.0,4.8946,1.71803;1.533282;1.516227;1.422625;1.378939,512.0,9.0,0.0,0,5.0,1.0,0.0,57896.0,2775556096,2775556096,2168.3189999999186,1585.3510000000126,4.676999999999806,1.9429999999999101,42.35399999999445,107.0,699.0,1023.0,438.41080000004416,239.0887999999869,6.36959999999985,2.0070000000000503,29.732999999998455,0.0,0.0,0.0
512,100,47,0x9e240c94938932dd891fcf2b0e709d9e789be11cf2276e551d4630077e1b4f55,0x76c9992a3011316f3b44d2e183b7b669dfce3dab00819db279ad9af5c3c4dc17,0x2ba05918bb8d3aa1ab792271b27377936323e8749b470de0128e4858cc408101,1;0,0x7c5ab175aeecfc2c6dffd37595a412e3a7c49c75a6c8477af10a87f86df33830;0xb7c92599cad09d818604b921c6d794b56fc724e6866da2f9887257140559fdcd;0x2058d408994446d6a3559acbd5d73687f80328cea0e67547cb0e9c8a1067566c;0x246e47b5c8bec2026ccef7ba98d313acbcfa08c4a8300d776552eab36b75aa45;0xbaff9d0875101a42af4dc559b3c56ea62bd4f75ce04c4bb7d5176a01f092c816,4.348917,3.792739;2.975436;2.819171;2.716967;2.810928,512.0,9.0,0.0,0,0.0,0.0,0.0,0,2766925824,2766946304,1625.9620000000918,1579.7320000001669,5.489000000000882,2.7639999999997182,39.75999999999979,108.0,700.0,1023.0,476.75699999998324,1575.49760000002,6.984799999999735,2.894599999999844,33.272400000000644,108.0,700.0,1023.0,4.88115,1.723929;1.681075;1.390337;1.523136;1.441263,512.0,9.0,0.0,0,5.0,1.0,0.0,57896.0,2778275840,2778275840,2001.3679999999479,1650.4889999999773,6.189000000000195,3.364999999999965,50.72700000000041,108.0,700.0,1023.0,445.8624000000189,276.0140000000133,6.4377999999996876,2.133200000000064,30.54020000000102,0.0,0.0,0.0
512,100,48,0xe970de7b946980abe84caff9dcf2e06a1bd331b3d70b57be1de5d3514f679ae8,0x3899beedb32662eb413c9bf1a69e4f2f17c9544c28920c11e525d9358d6643d0,0x2bdaa3ea4a4ff7e7a0bc55d18874748ff72f87a1288ca53ffe41d39de2ea8280,0;1,0xf06be33b4803c11348d4ed788bcc4a2a70b775114c012efbed8b4318f40897d4;0xf862d15c4c5c032e171e85084aa1ae6a2e75599ff54119b6d4fd547fd881fcbc;0x24cc9381f1420938b0dcf6894d4f48c70ec4e990565c22a09d9c3d50485586b7;0x3d547f0a8e0e90f0476910bc7cf2752a9c1c61d6175f74474ee5467f9e0f848a;0xcdef56d2e358d6a246b02db65ceeb1e7504357212d9c94566509668b716e5f6f,4.808641,3.680259;2.886001;2.845226;2.636545;4.337821,512.0,9.0,0.0,0,0.0,0.0,0.0,0,2766946304,2766966784,1727.875999999906,1585.4499999998773,8.642999999999152,3.03500000000019,51.316999999995176,107.0,698.0,1022.0,460.13980000001453,1890.0013999999742,6.187199999999754,2.5458000000000776,30.06360000000208,107.0,698.0,1022.0,4.535259,2.047347;1.556346;1.451734;1.467663;1.668195,512.0,9.0,0.0,0,5.0,1.0,0.0,57896.0,2778288128,2778288128,1951.2020000000962,1598.9109999999807,3.4860000000004607,1.923000000000029,39.510000000006485,107.0,698.0,1022.0,446.4910000000266,267.6716000000301,6.1851999999997656,2.972600000000075,33.03179999999961,0.0,0.0,0.0
512,100,49,0xcd72c7d3d59349dc321d463b0991cf08c327325399850a8fabcad87097e5a5ac,0x830445408e8335fd1500c7b61b884fe10d6555a42c6e16c9e65660f916c84c05,0x3cf9045b372849e6cc629d76d87102e62585c487958d5204f039b27fac687440,1;0,0xc25ac9b3232e143b28da0708ddac1dcb172685a2281cc7e757fbd354bbba0ea3;0x3c94a3ed75f0e0b4283654ef660643c7a58d5d996641242a4707b38281d3db63;0x3a79fe0c37539e7e7f79c9193a7ca3ddaf0ae2d3f29db41a15f123fc3e38d483;0x8bf99b179030bf8e282cc040bb0488bdc47a2742fee059bdb12209df8f935d83;0xcbf410f1773168ef53777a5da3d2688fdde9e7d635b638931224877627dc0bd3,5.393703,3.435756;3.02423;3.278544;2.809491;2.924429,512.0,9.0,0.0,0,0.0,0.0,0.0,0,2766991360,2767011840,2236.0109999999268,1627.5740000000205,7.290999999999547,2.905000000000095,42.844999999999686,107.0,697.0,1020.0,472.1159999999891,1708.1435999999783,6.221200000000593,2.311399999999943,29.997400000003616,107.0,697.0,1020.0,5.659774,1.972134;1.495195;1.544699;1.50539;1.335574,512.0,9.0,0.0,0,5.0,1.0,0.0,57896.0,2778443776,2778443776,2142.129999999964,1750.5289999999452,7.4010000000006295,3.7550000000002512,78.73899999999435,107.0,697.0,1020.0,465.1233999999782,261.4424000000115,6.065199999999785,2.692199999999867,32.254399999998014,0.0,0.0,0.0
512,100,50,0xf56ff2983a804b68a84b6e92428e172f2d440e7d03cb6963c1d333255abd8811,0xf931f192633c9ade0721631bb8d0c563a97d5e4d88626c6cc73a52dcaa2b368c,0x7688e871bfda1cd63f877313bf259b8b3e98d98fb743ae5e78c717eddddd4090,1;0,0x1dee23b7ebbd558f521f23e9fdd631015775d64eae3977918033c15801e62ee8;0x7c4c6ceb1c5f5096e39ddc6521175c128668d96308d0f2bc58b18a22deee148b;0xc28ccc53055048553c55ffbd6c5759f2986613949d0feb6bbd7109e42f231cf4;0x48fc6d176c121dcbb175e115d545cbc47e0b967aabe6062620b1bf9dde4a2d25;0x9765bbfc0e5042d3a024f47729cdb117da6ccc3495725a9bd573b08f1c29931c,4.38422,3.721812;3.295529;2.769907;3.134857;3.689252,512.0,9.0,0.0,0,0.0,0.0,0.0,0,2767011840,2767044608,1751.0810000000988,1569.906999999926,6.499999999999561,2.382999999999899,38.799000000006025,107.0,698.0,1024.0,536.6956000000033,1723.2982000000343,7.779800000000392,4.520799999999798,36.891999999999484,107.0,698.0,1024.0,4.657162,1.679352;1.655897;1.832824;1.904171;1.718842,512.0,9.0,0.0,0,5.0,1.0,0.0,57896.0,2778464256,2778464256,1787.2949999999666,1634.9249999999538,5.7890000000008355,3.284999999999573,51.79800000000567,107.0,698.0,1024.0,483.1908000000773,336.8959999999977,7.082599999999953,2.926399999999933,35.357399999999544,0.0,0.0,0.0
512,100,51,0x23b401a83c33d5f48e66f29767e66dea6aec2de8beca802560b0f1ba5bdc0cab,0xa9f42a4ec10d928d36ab6f4681c568918390d7583e16ad7ef9497538fe84ff17,0x672522745d86a60e9a83bc840682922d428ae398774719ce8a573194d5649bbb,1;0,0x73cfe171a4f76b111fe548e8e2294ec9224ec660ab1e2915ee86a12d461e3c30;0x916d2296af44f4902e8ad4b0f493e5a044f514731fe8e7479ee69421f8ddcfce;0xa5200e5a69f02a39067fc8d98aa0cda75eed4a03153e4e3243b0596ffa083676;0x521e67ea5ead35db6248b3f3a99f74315aa5b5ef0fef187ecea122ff21080a3b;0xf7e9690237208fa612b901378c3344234e6740ecdad103d8f6d8d8b19e0ee4b3,5.11986,3.441119;2.999123;3.087705;2.757678;2.723577,512.0,9.0,0.0,0,0.0,0.0,0.0,0,2767048704,2767077376,2336.4930000000504,1568.4550000001352,6.550000000000999,2.394000000000181,41.012000000006935,107.0,697.0,1022.0,484.35439999998664,1630.548599999937,6.662199999999535,2.8583999999999903,30.51999999999777,107.0,697.0,1022.0,6.154385,2.215832;1.668105;1.561585;1.300632;1.430067,512.0,9.0,0.0,0,5.0,1.0,0.0,57896.0,2778542080,2778554368,2178.47399999993,2123.361999999962,7.491000000000095,2.873999999999932,142.00400000000113,107.0,697.0,1022.0,445.94460000002556,248.28640000003068,6.876399999999546,3.2687999999999464,38.39579999999898,0.0,0.0,0.0
512,100,52,0xf529ff840d8bf9fcfa3c8f6f86b1a2049ac41c7f31d7592a540697f202c59002,0x5a10397b4bbb5c1393ed7d227d493b6be04b2c482397a677b2f5189299e2c005,0x0a147717de08eebfebf691b8bf1664f3fefc81df5021758bbd63ba3c12fe0c2f,1;0,0xe1b6fb7edb7e870b05a478ed3c3ee94f9c0528226c35d6bd8546b36bd175acc6;0x844f7ac77b21d0ee456b023c6b58ab610749b470f0b7072cc6997559e00eb9da;0x29e28b35cb76bc3d98531f22a879b607598ccf66d9cc156ee9d6573ffa940637;0xa3b390cec7f16632731559e52f705da318609ad96ef2e86dcabd5f1369220f8f;0x234a31cab8de84310421673d39adabb803aef01bbf8c6db0db2180fb2faffd4f,5.319341,3.160976;3.09712;2.985822;2.784328;2.700432,512.0,9.0,0.0,0,0.0,0.0,0.0,0,2767077376,2767093760,2158.2449999999476,1838.9330000001537,8.141999999999177,2.8939999999998136,40.630999999999304,107.0,697.0,1020.0,496.33839999998486,1601.0784000000556,6.51180000000029,2.890600000000215,30.990999999996884,107.0,697.0,1020.0,5.46431,2.184193;1.5581;1.617339;1.513443;1.384328,512.0,9.0,0.0,0,5.0,1.0,0.0,57896.0,2775425024,2775433216,2381.9419999999704,1663.4580000000065,7.701000000000582,3.915999999999642,51.256999999998996,107.0,697.0,1020.0,438.99199999999365,279.99219999998996,6.5438000000000995,7.417599999999871,34.00340000000168,0.0,0.0,0.0
512,100,53,0x0aaab4b507665c98b6b7f0c10b2bb88bfc2d1c3e4223a960a4a23fba5d2958a9,0x67fdcd36574301b63002b2b8b5982899014d5f06ba99131eda348b15b64c1033,0x4bf0e4ceeedf489c37678b16992437fde92f742c376017de15b59e337b7be93c,0;1,0x6eaa7a30982cbaf9735969c7d46f161d74d61a4f73e1281d57831f221554d999;0x47154f34c6962da9d274a731a4edbb8eb484a962d8b810f288fdd91df1c568fb;0xf3f60a2f42c0ff1357a4516dec788ae9a2ff3c8d4d426efc15bb3c0fbb27dbae;0xc7063bcefb766f0e41e00874c9465cb3a65e2a052b5e9e0375367c12699a8cd6;0xcb652ff76a1dbd2ab9ab690ef8e9dffbab4517c5a85cd19da2745f10b0d571b9,6.118035,5.114943;3.230792;3.860461;3.085162;3.078912,512.0,9.0,0.0,0,0.0,0.0,0.0,0,2767175680,2767196160,2443.044000000061,2259.988000000046,7.742000000001553,3.1650000000002856,50.67699999999897,107.0,698.0,1019.0,534.5578000000017,2030.1294000000248,7.0426000000005375,2.6682000000000095,31.785800000000417,107.0,698.0,1019.0,4.678705,4.225141;1.899635;1.500793;1.552035;1.680073,512.0,9.0,0.0,0,5.0,1.0,0.0,57896.0,2775621632,2775633920,2018.6740000001091,1568.1050000000419,3.3550000000000244,2.603999999999801,39.75000000000506,107.0,698.0,1019.0,477.8586000000029,262.11300000000824,7.296800000000311,3.1348000000000487,35.4493999999983,0.0,0.0,0.0
512,100,54,0xd6932fc74ce316b8ea68551b50cdffe275c507f71b29d221c9415c3852e6f217,0x022348ddf08bbe823c96f72bde5998d4132b5c32383ba3fb3d98161f85740fa3,0xf7d0dee1f48bf29ae27f74933c360e6d18b91af964d304bf3b59da5068051b25,0;1,0xee84c3af25c6f600a28dde4b24a9ccfd7e9d4d8688d610a065eb325c4d7dddc5;0x5c5b54f8759c9ef54b4e5bfe9c92524afa7c9b7a59d8dd91660272e65d156b9a;0x884892d36d80723a1258d221fe80c65ba4f965981d608f41d76130e452f67302;0x3d82f5b082c53cb2c27daa53c2947f904517341dd78f76ec349bcdd65f48046c;0x982560572511e97767d965f385e34aa448e851adb2905df27b0c9aa79af22c88,5.983462,3.281668;3.046068;2.564537;2.731459;2.733613,512.0,9.0,0.0,0,0.0,0.0,0.0,0,2767863808,2767892480,2176.43199999995,1730.7299999997915,9.885000000001142,4.106000000000249,399.0209999999994,107.0,696.0,1022.0,468.27840000003283,1580.5352000000994,6.735999999998854,2.8724000000000802,37.62860000000035,107.0,696.0,1022.0,4.984115,2.343765;1.644891;1.453833;1.295063;1.552256,512.0,9.0,0.0,0,5.0,1.0,0.0,57896.0,2779799552,2776186880,1972.10400000003,1660.9039999999632,3.9459999999994637,2.2829999999996256,40.04000000000507,107.0,696.0,1022.0,515.2150000000244,251.02259999998378,6.219600000000047,2.805999999999989,33.35020000000132,0.0,0.0,0.0
512,100,55,0x568c747edf55f2e07d92b31b24a545699f8c730ebb7351c3779b7fd255a86768,0x5b49578b5e5233cb365c814973b926f3e36bf088d42a8791532fa24a5b822b32,0xeea7b60f397dbdad1e31a5f2030d512d8b2413caf033de3220ba67c5d03095d4,1;0,0x648c8adeb7cd5f3f17d0c6e09d744cf1ed2b118f2e20f02de2c01aaf177a79f6;0xa40b1a540ab359beca6f2dd2fbc88f702f72bffcf3256b4e364375642100d312;0x6aa6e3942cbe78940ddb46a572b051094ff71e0763790957d4955c1526bc276c;0xa0fb7429f154e6bcfd93068e9afa91596702c861a3e783b1ca90d3f03fc2756a;0xe4a98061c03f9d39f871cb807bdf9bcc9653d44f3e869a8af3a78b7d071fd1c9,4.757378,3.682102;3.298098;2.909587;2.601713;2.822255,512.0,9.0,0.0,0,0.0,0.0,0.0,0,2768371712,2768388096,1674.0140000000015,1921.878000000099,6.3400000000005114,1.8220000000002816,40.47100000000026,107.0,696.0,1017.0,477.42579999998645,1643.6664000001322,6.110999999999617,2.626000000000017,40.60719999999795,107.0,696.0,1017.0,4.734018,1.93668;1.603048;1.741927;1.430346;1.313891,512.0,9.0,0.0,0,5.0,1.0,0.0,57896.0,2782457856,2782429184,1587.4529999999609,1720.955000000024,6.189000000000195,3.3250000000002027,53.55099999999891,107.0,696.0,1017.0,482.740000000037,262.03700000000384,5.822399999999908,2.3694000000001187,30.127399999999028,0.0,0.0,0.0
512,100,56,0x93254d2befdd07be48da40e68716c54cb3dd9d877a62dbb275dbb7b264d33f43,0xfce1cdf1c89aa93ee7a022cf6f5333dd942fe5133bfe050b4932905be2c9440d,0x1f953834b36a30e8c2635d76558bb530e19b28643abbbc9b343a0b82bf61edcb,0;1,0xa577cf493c96b983f4d4844c18ae307bddb1446a8a9ea25ed22ceffdc40018ce;0x3421d706ea701a38c9d832f96a61433cac89309854c3d2779e179612ef223da3;0xce37640ed49cba750af09c5f777a9afb1dbc880f916a9fca9dd284137614d075;0x204a3edf6593d8ea598b51611327f87ce540b3f71e2af79b335af6c698a24551;0x94bf127ccc236bce62b897f1f79c8fa45147b0272c7a6250e0973c3411ce2153,4.803112,6.145947;3.338805;3.092073;3.071872;2.919963,512.0,9.0,0.0,0,0.0,0.0,0.0,0,2768392192,2768433152,1684.8510000000426,1663.2780000001012,8.984000000000075,3.1349999999995966,50.475999999993746,107.0,697.0,1015.0,475.8514000000158,1773.517999999985,6.67999999999988,3.139000000000093,44.58920000000033,107.0,697.0,1015.0,4.79501,1.910601;1.723364;1.540543;1.359155;1.620368,512.0,9.0,0.0,0,5.0,1.0,0.0,57896.0,2777747456,2777763840,1613.5330000000004,1945.9440000000327,3.1849999999992997,3.254999999999751,40.861000000003145,107.0,697.0,1015.0,485.5562000000369,277.48239999998424,5.8088000000001285,3.330800000000099,30.68640000000178,0.0,0.0,0.0
512,100,57,0x9ba1fbf9bef88c0a60bb694684f60624a8ae183661c12c2c5c070fec3751086d,0xbb79871833011ee3003ff63ffaabbd5404776f7445c27036e911f78daca5a6e1,0x2b9a25b46721570b7536a70cb0b2a4e43a67b22c697054985120607d7ef6f0a4,1;0,0x6838160fd2322dd1919ac0e7db74fb45110752a01093c1ea1a195b4baf7dbd60;0x2ed33c0354dbad1acf25bec668f53eb8611fd67de7d266568c459e1502d4de94;0x9b500f1428f41905d32fdb78d6694272ad901699f7196c2205d5676a4235b894;0x744369e32f820b282cdef877d28bffa7ad77089b0ceefa75470f781647205df3;0x740297ae770fadc29972839365a3e073791493e1cbd0815e549d0c65519f676e,5.708848,3.949095;4.111049;3.080946;2.883608;2.795786,512.0,9.0,0.0,0,0.0,0.0,0.0,0,2772107264,2768433152,2033.1149999999188,2344.535000000203,7.561999999999153,2.8140000000002887,38.94799999999699,108.0,700.0,1015.0,535.4032000000064,1786.8524000000718,6.5321999999999605,2.8923999999999617,33.1598000000044,108.0,700.0,1015.0,5.076475,1.812363;1.596346;1.452099;1.403326;1.416226,512.0,9.0,0.0,0,5.0,1.0,0.0,57896.0,2782789632,2782609408,2104.633000000078,1655.9369999999963,5.398000000000208,2.5140000000003355,51.928000000006634,108.0,700.0,1015.0,408.48999999996136,303.9303999999854,5.801199999999618,2.415599999999914,30.255399999998268,0.0,0.0,0.0
512,100,58,0x2695525aff293b7cc86333338dd8b85dbc91cdf35fa3693bacb8c74ed0ded5d0,0xc0fea2e73cf5312b912e5a3a540f9f206c47b2dfd9e152e53631cd45317c1fee,0xa909ca6c321a495d277c4a1f170b3c02d828b476e38803e4311b9d48cca767ab,0;1,0x992b87ebea26c84d58fc83ff2cee5506b968d085f682059ba8d34f7708f3ff81;0x3276d2bd443fd79d9d401fb9df5efcdb3d802a31029747a33944f63dfe7b4d4d;0xbb3600c5f5b87fa075b755f6ff8696b2dfc073b27d65d7f08833566d4a4aaa1c;0xbe7f4ba824de7af0dae8b0862d81d3ceaeddb53a33c7d8f4f31e6af6d5ab43ae;0x22874e18158ae485b16b0bcc3b04c2d720f2b05ff91ccca536b943625e133da7,5.474154,3.520329;3.429011;3.240266;2.73255;2.770347,512.0,9.0,0.0,0,0.0,0.0,0.0,0,2768437248,2768449536,2227.2080000000915,1726.6430000000278,9.043000000000244,3.7159999999999624,50.566000000001885,107.0,697.0,1014.0,500.1063999999555,1682.307000000094,6.553800000001081,2.7301999999999884,30.06719999999463,107.0,697.0,1014.0,4.732736,2.099356;1.990101;1.655337;1.489306;1.458239,512.0,9.0,0.0,0,5.0,1.0,0.0,57896.0,2777796608,2783006720,1767.5349999999312,1742.1970000000008,4.957999999999352,2.954999999999798,40.26999999999503,107.0,697.0,1014.0,431.13839999997515,268.84320000000184,9.614599999999836,2.6180000000000647,63.48180000000092,0.0,0.0,0.0
512,100,59,0x5c94d0078c71b02f28ec3cd50478af2a6339773b6326dedce51519f8081fce3f,0x648a1fd988ed479bbdb738101201091ce8a6be4535cb8379fb213d02b6f59c6d,0x1b5d104dc13c11fe7d8e3540c7066bf18c6f386cb1b8717e5783660f5d30d2c2,0;1,0x7d68d7eeed2ccf87203bcd8a67752cb7135c95a8b9650e931500c58f1a6c4ea6;0x68e55a700c6baa12773b7a45a4e575a7453ee43d93fd56c7c5e0638ec4d3b9bb;0x6c6dc447b9a05b6cefcad994759f85adc0e31d743584e036a5e37055ec6da52e;0x37a75ccddce797e95709298e11b3b0fe853fb160898c71cbfa0d79691543d6b1;0x77f38fced51e866e609289360a482cb41fc06f4a89ca9855161dca0ff0b7f12e,5.339401,3.597135;2.99731;3.53486;3.431375;2.862847,512.0,9.0,0.0,0,0.0,0.0,0.0,0,2768453632,2768482304,2127.663000000002,1691.7809999998922,9.194000000000562,3.3350000000001434,53.41999999999847,107.0,697.0,1019.0,465.68639999997606,1803.111200000007,6.744200000000089,2.7461999999998934,41.27200000000053,107.0,697.0,1019.0,4.994301,2.395111;1.88344;1.973396;1.519852;1.70447,512.0,9.0,0.0,0,5.0,1.0,0.0,57896.0,2783313920,2783326208,1823.289999999922,1715.978000000007,4.696999999999687,2.3640000000003587,207.67300000000543,107.0,697.0,1019.0,488.73899999999355,283.1433999999966,6.830400000000167,2.744200000000079,37.17439999999794,0.0,0.0,0.0
512,100,60,0xbe0564dff6179e17a5c7ad24790d85a4ddf9006e63f6e2688bfcb256e6eaa0d1,0x583502d60227a9752531633b54d4185c6eceb1be59176a5f42b7c227ff0ae6d1,0x215af619d226a7e084fdbdb8d843bb9cc82cb4bbc6253c60e3521313578c01ca,1;0,0x2ed12b115d317459cd54bb8a468aecb54806180f7b36ea0afb4a5f00b04f84ce;0x692ae8ede036d250de4ff2f50713a6f883a713aed943b953bb27d081e53dfc95;0x49d0f18a0ba2739b6df900f3293abcdf4a5e1a49c7cfbd6c853e412e14a8cc7c;0x96720950c5077eea748049d43b14282c93bba3bde61ca3ba9326999151292bca;0xdefe3f5883c658aa7f9a56896226385d2eced0b48756cca4f2a98d403d034758,4.712296,3.583884;3.067476;2.754153;3.043719;2.889092,512.0,9.0,0.0,0,0.0,0.0,0.0,0,2768482304,2768510976,1867.1349999999088,1604.8089999998183,6.840000000001012,2.5140000000003355,39.05899999999407,107.0,698.0,1018.0,484.0418000000568,1623.2820000000813,6.7777999999997505,3.1586000000000114,33.69480000000036,107.0,698.0,1018.0,6.551459,2.274796;1.62489;1.334001;1.377558;1.617269,512.0,9.0,0.0,0,5.0,1.0,0.0,57896.0,2783424512,2783465472,2021.2379999999807,2838.9410000000394,38.69800000000021,3.264999999999692,55.372999999997454,107.0,698.0,1018.0,472.59460000002025,295.7959999999815,6.089399999999884,2.5037999999999796,32.97560000000144,0.0,0.0,0.0
512,100,61,0x67b8e70d02c19cfd7e72388da7870e9b3a47f4f0c05281cfeb504624cde9d5a8,0x5469fd8cc8f271f6ea6233c3163e4059dc256e62ff321f5ba72b4b8e0327d4ad,0x3d8038cb6c45194c147e09cff41abddb94963f219102579f14eedb0b061bf076,1;0,0xfc7cb4d6e06fc0f6dc48aad52fc6136b9f50cf8fee2b247f65d690d10ac8525a;0x6b9b58fecd11ef58ab0793eed16ce36ec67eeaa851839fec367e4e422ba011f7;0x43e9c3bd73f1db3456f95b7e76deba88ff5c0ca2b92934a7ca49fb79a23cecd2;0xb608cffa7f863ce41163e804a1a9ea440569f7b7b41bce492ee766d4d8e314a7;0x46e63664e9ae4b69972eebe5cc1bda301826cb681392f6c8235ea23f0fa50909,5.175845,3.870977;3.147075;3.169715;2.941126;2.826121,512.0,9.0,0.0,0,0.0,0.0,0.0,0,2768711680,2772598784,1917.8010000000522,1796.27800000004,6.2689999999997195,2.4830000000001724,43.96600000000639,107.0,698.0,1016.0,478.6017999999892,1653.4852000000376,7.577199999999479,3.2267999999998493,35.172999999999455,107.0,698.0,1016.0,6.044064,1.881427;2.542444;1.885108;1.758832;1.554063,512.0,9.0,0.0,0,5.0,1.0,0.0,57896.0,2783657984,2783657984,2035.8499999999501,1987.0859999999714,6.670000000000287,2.40299999999978,51.5180000000004,107.0,698.0,1016.0,628.0272000000142,272.2324000000054,6.013000000000199,2.2256000000000014,31.77579999999736,0.0,0.0,0.0
512,100,62,0x067ea2cb5dc77b83bfcdeefbfa67aa5595548973a0e1375e7be2c00c8c6aeff5,0x5f4b4215d7434d90522b06818157356f3d1f35f1f8d04eea515b4e0526ba31ae,0x11f133bcf41fcc04bf571549aa5f40f99cc15029ce413f5d230a3ac3c5295de0,0;1,0x393cd15a1569492ac085364d72f0bdb8e2f53f0befa9abef24958291d5d7135c;0x34a6e550e08b10915318bd4859e26af84fdc3b5a5b5fa61b82535e69a17a72b5;0xfef1b454c541e19b000fd458d678a9c09fdc5184298a14935797ed662841cb9e;0x53157c9857f86d692f459442d19b3825c491b0c70a9cc9dc46f73b89c4be78a9;0xa6b35e03320388c837a6a6540c4f8f99ffffb8c32db8288be1227f2b7855db3d,5.500464,5.583529;3.529061;2.989809;3.158078;3.26609,512.0,9.0,0.0,0,0.0,0.0,0.0,0,2769244160,2769244160,2160.2579999999707,1658.280000000012,9.644999999999099,3.645000000000037,56.55599999999927,107.0,698.0,1016.0,531.6318000000208,2108.237000000024,7.286999999999571,3.6155999999998993,41.39459999999983,107.0,698.0,1016.0,5.043325,2.001649;1.760054;1.451268;1.659558;1.847431,512.0,9.0,0.0,0,5.0,1.0,0.0,57896.0,2784243712,2778595328,1934.5470000000641,1728.9969999999544,4.456999999999378,2.733999999999896,42.153000000003104,107.0,698.0,1016.0,485.13340000000403,297.6330000000082,6.189199999999743,3.0548000000000033,32.84340000000163,0.0,0.0,0.0
512,100,63,0x2ff4bc72dadffb28139ffe8303e68b46bfe97deff2d40dd4677ba06645e14a2c,0x5f5a25a8b1d2818ec6febae9972f0df4121f329a4c0033f8aee4e654c55b6833,0xb1f1169eac0cc676af704b45669c839891d6caf3b0581fea810b55161df28a31,1;0,0x18a383b47e5ce7fe968e9257e0a6ac1adb8464f89d23a48df990ba5ec58d8063;0xa8e8fa416b22faa842c03eebb36e7c19fced36f349b628db67c4ebc6537d6bf4;0x6a65055dc376b9b6abebad7e2c34c8a59d81b72cebf33f81ed7446f30c3a4811;0x2d53dc3f45c7e71d4b9fdec9d85d4729a8e49bbf9bf9e7af07d15fcb97fa7851;0x10c87294cbaeb81963f8f04af105bc1657400fa77f0fb501bca7d15c3ac7a620,5.419552,3.822674;2.95037;2.757132;3.900617;2.696025,512.0,9.0,0.0,0,0.0,0.0,0.0,0,2772512768,2772701184,1495.9549999999933,2815.304999999935,6.420000000000037,1.9829999999996726,39.83000000000458,107.0,699.0,1018.0,480.04600000002284,1571.359600000033,10.827999999999532,3.452999999999963,35.91440000000056,107.0,699.0,1018.0,4.777394,1.702908;1.528815;1.71728;1.565992;1.380602,512.0,9.0,0.0,0,5.0,1.0,0.0,57896.0,2780303360,2780426240,1796.3279999999581,1620.1630000000077,6.040000000000559,3.0749999999999527,51.56800000000183,107.0,699.0,1018.0,473.5660000000586,259.4752000000033,7.773799999999734,3.20300000000006,31.27920000000062,0.0,0.0,0.0
512,100,64,0xeff50611b64a390efd518000fcc557a94357e148af0d794ede2bb931062d2601,0x9b417e5b1437486562e17e31589d0098479d57e861f5657f9941e3486ab8a11f,0xcd82328bec74df74a550c1914017f7f912e5c2a1fc6926107c424ee1b81b96ef,1;0,0xedeb182c7364431e70bf173474a0b86279361cf0f789616b67d4e331e991907b;0xd2d02887dbbe57732b0369a6ac5dd7e7043ef47f7262200d7ac16b3587e6cc3d;0xafb91517b82c46bee3bd40af984daa55526bd63d2d052918662e6f1e59323c17;0x11262bdf480b3d37076d558324554518dfa0b3e1438ecee4a95ad23fe20daf54;0xe746326c23b471e0607993dd1b7c69c2007467b7288ecde2c1794db201acbe78,4.64942,3.678688;3.49148;2.890018;2.941089;2.942497,512.0,9.0,0.0,0,0.0,0.0,0.0,0,2772701184,2772725760,1899.8150000000269,1532.4510000001012,7.850999999999692,2.623999999999682,41.68200000000122,107.0,700.0,1023.0,540.3289999999838,1677.5856000000645,8.51300000000027,3.4087999999999825,40.51100000000141,107.0,700.0,1023.0,6.446286,1.748286;1.811581;1.569937;1.568365;1.620048,512.0,9.0,0.0,0,5.0,1.0,0.0,57896.0,2780553216,2780553216,2919.6929999999456,1952.56399999999,7.962000000000247,4.175999999999832,51.44799999999561,107.0,700.0,1023.0,494.7421999999868,274.06500000000113,6.2231999999998875,2.33760000000003,35.32139999999906,0.0,0.0,0.0
512,100,65,0xa0f15161593f9534b5fc566e4cba71402bdb1dccef3cfde726367382a8c92f25,0x8c94e650f0b292bef82b2fd50f2ccacc46f8502b68e9619509b3e6a85c58443e,0xc7e4ac38c8c98902eab3058e8127795ee78b21d131da8b40c33f27e9ac890809,1;0,0xd565b7cb9aee0423a5cc17fe8c7f5de8eade9251391d8dc710a3acd77fa75a0d;0x7240b0a38187589af99108ba9c4654248800ab3361ac68363de0f9685c3de18b;0xb4c752b4b812604d6e620c27013562de5797d06fbd420900d08686343bff2616;0xdf7de3cdc55dbaff05751ee3853f5ec894d050ec13b35182eb4c00fda7402b60;0xc31407ec7f43bda77bbcd9ffd5add902f1b703a71247dc4be18ce21d20286230,4.955723,3.840961;3.197272;3.027936;2.978341;2.97718,512.0,9.0,0.0,0,0.0,0.0,0.0,0,2772729856,2772758528,1814.4570000000472,1589.4460000001054,5.94900000000162,3.0749999999999527,39.47999999999452,107.0,699.0,1019.0,555.8399999999519,1695.5389999999682,7.2367999999996275,2.8622000000000716,32.76340000000211,107.0,699.0,1019.0,5.233242,2.17553;1.758202;1.85722;1.629047;1.630719,512.0,9.0,0.0,0,5.0,1.0,0.0,57896.0,2780573696,2780610560,1849.0330000000554,1777.479999999998,6.3000000000007494,2.873999999999932,52.20899999999751,107.0,699.0,1019.0,528.0684000000147,287.2332000000144,6.837999999999636,3.7640000000000247,46.4519999999996,0.0,0.0,0.0
512,100,66,0xd989fbf17e0accde5c8b7ca8735ee9f12c543830bf819c0e0ba61fdc152b6e62,0xb457a33fda03534d9ad6bf56a3c4251d00f983f4c2eea2291b6501c392170fa0,0xc3c0b8dadc8eec7e82d310fd6b1027aa9f8aee685ee3d5f886f3e295dce9c490,0;1,0xca5bbc48b30ccbd29357a38219f14e6e351720c4acb925bae182b372e2276b7e;0x54876ea16faf7606d435eef32e791fd37324bf82e3910f24e6f3387946e507e5;0x41a3bff59591647c24cacd1569da25049a0cc4b4e3c2664892d029d5ae11b5d1;0x92e5ea2c0e612602c16b3622e1f5a280baa95065da574fbf0ad9bd376a38fa7f;0x21be1c26d42b330ab72ad899407f3e8ab6b4ba348b294d77d51af1718e2b8604,5.09912,3.630294;2.890378;3.68711;4.174225;2.974775,512.0,9.0,0.0,0,0.0,0.0,0.0,0,2772758528,2772791296,1768.0270000000053,1840.0039999999508,7.851999999999165,2.7450000000001777,51.48700000000284,107.0,699.0,1020.0,547.4532000000476,1765.9347999999577,8.33840000000058,4.350599999999871,36.90600000000043,107.0,699.0,1020.0,4.769662,1.826845;1.798953;1.839664;1.967106;1.695006,512.0,9.0,0.0,0,5.0,1.0,0.0,57896.0,2780626944,2780631040,1785.7429999998953,1611.7509999999945,4.066000000000486,2.6740000000002526,41.87299999999783,107.0,699.0,1020.0,555.3755999999854,250.2110000000224,7.719800000000054,3.5394000000001093,49.69079999999903,0.0,0.0,0.0
512,100,67,0x0820c8b9df016dc46791633874da675285f41cd918ed1cec421d77797fd36257,0x9db0b1c3239d2fbe76c27e39dd0d1306e1ec7816880f0ae47543f39d5d4ec1e5,0xf00584989e7aa7c673b9dbbaa13811ceb20d68b8b07feb3387bb24a53d9a1665,1;0,0x8ba25a0fbbb94c236b14664a9b8474d8b2392effa44b649ec4c2efad2fc9cac5;0x8ff82ce3800a175a21942b4141284b5accd9d270eebe60113c0916b116d9b583;0x19759477952916ca76b17a3e32dc59cd35af41a2d67abe4712d536d25ccbc0d8;0x887055769fb8faa8901484967260601c151f3776635759aa602fd24e0779f4f9;0x7a56a4da02d4cb16aa6a725bf4c9f4350aa4aac356f48ea99cf8950db371f175,4.656852,3.207576;3.164622;3.500709;3.054455;3.235378,512.0,9.0,0.0,0,0.0,0.0,0.0,0,2772795392,2772815872,1690.608999999954,1742.0470000000244,6.519999999999443,2.654000000000371,43.555000000000675,107.0,698.0,1019.0,500.1621999999983,1722.4672000000219,7.4890000000008,3.7014000000000142,31.32899999999939,107.0,698.0,1019.0,5.426383,2.279917;1.728747;1.939534;1.963741;1.471429,512.0,9.0,0.0,0,5.0,1.0,0.0,57896.0,2780651520,2780651520,2148.6490000000026,1846.2740000000367,5.767999999999746,3.2640000000002183,79.22999999999958,107.0,698.0,1019.0,544.3511999999818,337.5408000000135,7.210799999999435,3.687600000000166,36.581400000004756,0.0,0.0,0.0
512,100,68,0xa4d967744eca7ef1efb1556810d1eb7418e9c319d6f8ecb38e3921fe01b06a1d,0x6b34c148ab4c119b62b46491eb2aa8a6e1219411a7bd12cbb4c55dffe847aee0,0x76db4836e9e2b126b55ae6f168306fee352ad3b078dd1a8b53f4f4e1a8191d1d,0;1,0x6fe52cdba550d492ce230586f02215ceaa1d28820dc2a7910e04bb046124952e;0x2e3ee2b034b51babe292c9ac2630c556ca6c52ecd7f18d799ac1618ad9a55eb7;0x9e72f636a6f3ec3f7f8fab0e511d8eea4cb29ed29536288ce3c6f9b3003b0626;0x6a40df65abdad46f22f675633cd79e079fc2f3903c30e232dad2be226b1ae185;0x9aa62dc2d4e2911a2e66711d45cdd8f9e7e8c0dea5ce7ffbba5c08258b29fa5f,6.696878,4.59534;4.223388;3.705146;3.572818;3.369091,512.0,9.0,0.0,0,0.0,0.0,0.0,0,2772819968,2772844544,2517.5669999999427,1880.0149999997907,8.202999999998294,3.364999999999965,54.733000000001255,107.0,699.0,1018.0,624.7599999999575,1804.4387999999856,36.42900000000032,6.612199999999833,56.370999999999505,107.0,699.0,1018.0,6.493451,3.410393;2.10241;4.918347;2.159496;1.997242,512.0,9.0,0.0,0,5.0,1.0,0.0,57896.0,2780692480,2780737536,2551.7980000000493,1824.179999999953,7.591000000001236,3.3250000000002027,50.3560000000014,107.0,699.0,1018.0,640.906600000024,342.27799999999587,9.942999999999758,3.747600000000156,43.28520000000113,0.0,0.0,0.0
512,100,69,0x6f635cda19817b1717943e7148470bf04e7dc85178c8df0c6e88240c2cf0b685,0x08f06eb368d14aa8dd0393d7c16c8610224fbb3b6b01eaf819806e34db72bb0b,0x27c5a72dce2962bd755d9c78fe4a5a29e59438c1c7867aa0e41171f1fc1ad77c,1;0,0xf113980c74da08c82fbdbb3696a9828ae1caee6b101fa861650e35e69df6009b;0xd8badc2d9ee38bb167b6511ac1b1f5cb754117827567c9305adcc55932a945c6;0x3263ef1258d8efc4a3d87169d6d6478b2717098dcb91e8dbb147fc9c04097e25;0x2339fa42f52419a56dc8656ec2bbd252ce9779e250e050e22e5bbd39fc3e644f;0x14d791a0922eb48720db82fc3132903388abea8ba16a167432820b0353cc8a9e,5.621297,4.278762;5.803752;3.645347;3.792429;3.040795,512.0,9.0,0.0,0,0.0,0.0,0.0,0,2772942848,2772992000,2491.1359999999495,1631.3700000001318,69.16400000000003,3.445999999999831,42.52400000000212,107.0,699.0,1017.0,555.8361999999928,1686.3748000000455,10.337799999999426,3.6411999999999556,42.02720000000271,107.0,699.0,1017.0,6.687504,2.431717;2.083823;1.974548;1.990472;1.781917,512.0,9.0,0.0,0,5.0,1.0,0.0,57896.0,2780930048,2780946432,2626.9510000000996,2011.372999999983,7.24100000000158,5.589000000000288,170.02600000000368,107.0,699.0,1017.0,535.0163999999769,278.14159999999254,35.07480000000118,3.95759999999995,50.05760000000026,0.0,0.0,0.0
512,100,70,0xf15b2b8c2dd602cd73b6c218c3e8521a7d5a0c4d94022b50666cd53ac965ecd9,0x84d3dc5c1fc3eae25f2489f9a5ecbe0d51ad6a46983f5f9be5ff1fcf60dd5adc,0xf44e6d996c26ba6dfe43cbc3ea0cd029e4feb4fc25798bf3b2496d70bfd63e59,0;1,0x712b8393bf46fd6dc185b84d8e3c519f3d960034979fc94c631436284df1b2be;0xf8c393a8459204c8f30ff43ef0b5683917176206dbca7e35124c6aa7c9fae66a;0xb715a985eb0affbcecd85c6e864bad9af7cb823e8c017c94db1fb0dcca2f31f7;0x57b7c242fbf068fc178b8722ddbefd94e5c489b4ec7beda051ff216728f9644a;0x39519a51a1ce5afebebf24632f0cb4351230aaa4d481600269d2691a2669fe7e,5.778052,4.178871;4.2383;3.810727;4.193634;3.589553,512.0,9.0,0.0,0,0.0,0.0,0.0,0,2773643264,2773659648,2214.0289999998954,1669.708000000103,8.753000000000233,4.32700000000015,52.75999999999892,107.0,699.0,1020.0,593.4289999999897,1870.8467999999812,10.287399999999586,3.5949999999998137,39.58399999999807,107.0,699.0,1020.0,5.159529,3.489733;2.246407;2.877579;2.506429;1.786464,512.0,9.0,0.0,0,5.0,1.0,0.0,57896.0,2781478912,2781478912,2036.8809999999903,1622.667000000022,6.881000000000248,2.824000000000229,48.2930000000048,107.0,699.0,1020.0,597.741200000046,307.7558000000202,9.222000000000397,4.048000000000072,55.84019999999857,0.0,0.0,0.0
512,100,71,0x74aceabd2c4291f66584737eba1e1a51129b4cda0a9953af0657fd1e87f3656d,0xb10b62ba5d5c6ab56d773e5d838ad82627f08efef1341d38ab1b3c8f855a9286,0x710c98a8405ac3983629727c56bee5158f8ae647a57b34cd62a6f84d2eb7000a,0;1,0x47e2371a4539a6428081b023073039fb185f99aa58b4ecc1ad9671efeccb9578;0x683d8853161143af0a83bc307410aeeb1aecb9608dc65f07683fe31f5a64a4ec;0xd5642402982eb37e9d15a1f1e3c30443325bbbf6c641793ac8faa8c5cf90db67;0x7617ea6127421524665193fde0d23238d262d5485ed40dba5a65c4c71256a92f;0xdd4c24c3c8079b0780f3f1b095d45166fe8ba83cbebeb163f7176edcb46e4602,6.773254,4.335908;3.360558;2.877089;2.765555;2.809256,512.0,9.0,0.0,0,0.0,0.0,0.0,0,2774396928,2774425600,2682.8649999999234,1919.3639999999234,9.234000000000325,4.065999999999619,121.81399999999786,107.0,700.0,1017.0,495.9197999999887,1611.9408000000667,6.707999999999714,2.753999999999951,35.71379999999791,107.0,700.0,1017.0,5.843802,2.060557;1.688316;1.554243;1.688707;1.503241,512.0,9.0,0.0,0,5.0,1.0,0.0,57896.0,2783252480,2783272960,1725.071000000078,2116.3810000000003,6.018999999999469,3.0339999999998493,326.41199999999816,107.0,700.0,1017.0,428.77080000005566,271.84380000002676,5.528400000000266,2.2455999999998824,30.72239999999671,0.0,0.0,0.0
512,100,72,0xa478fb545dd94891a5523ad4efe5e54e45cb890cc7d3bd5506d4d406e2737c03,0x8463bc21ec556e2c99e3677d78c44cc3a97db371d2d836c9532200b16cde06a1,0x543467ec5a29d934f0313bde30cda2a36e15a6522157d3121e513b1292cb8799,0;1,0x09bd4af06fafdb766f5dc684a568cba65128bcf6a237666a4b5e6bec67f50aec;0x8e982b1abbb86c1644cddd22f0fb49814ef90ee7e5453b809e438fea3dbd3722;0x716ce2e79bc7cf7719ddd5244d515a520d81890226a21c103f092be96fe0aea6;0xd1d5540684cf723d02d59b10ea1d9a9701fb014920ab3dc46b69758a32a30675;0xcd7a464ad1d479341a89c2ccbe6f0b1e6b41d94c1aa37f29536cdb783d8ae0c2,6.007769,3.698797;2.908085;3.414749;2.740723;2.940113,512.0,9.0,0.0,0,0.0,0.0,0.0,0,2774429696,2774462464,2062.2589999998995,1919.9350000000948,7.520999999999916,2.903999999999754,54.01100000000658,107.0,700.0,1020.0,518.818199999993,1693.1771999998623,6.916199999999761,2.672400000000054,45.941399999999135,107.0,700.0,1020.0,4.61592,2.16852;1.806273;1.488805;1.459821;1.611129,512.0,9.0,0.0,0,5.0,1.0,0.0,57896.0,2783297536,2783313920,1679.4030000000237,1736.1479999999929,4.727999999998983,1.8320000000002223,42.57400000000355,107.0,700.0,1020.0,489.15140000000963,246.679999999988,6.81820000000069,2.5821999999999994,34.51219999999755,0.0,0.0,0.0
512,100,73,0x02e043fd896a3cf74fe43bd201fc20a5fd4cf73f24dd9c1daa671589d520732b,0x240543673345d61d7716ba1c144423ed45ae35ece7d14e121c3796076b39d313,0x7fc7f2707f75909f0b20dd0480ec2a734fd8903a2aafc9860417069a501e9e39,0;1,0x55f039364c6442f1685b4be3e78230ac4682d562cec6530fb470c7111ac13883;0xb79c5197759b4e3b72ab43aab63480a05f0fc3633d35a698edd9ab97eb0e8918;0xdad1a9edbf610db5edcde3bb307ee56e98d050b2b085b2c74f15f46b47cf5559;0xc2b7d9f249b4152a07d1b4ebeec3e74e2b1262079f8d21c2a6935ba3179e2b28;0x5a61fc820604fa24148c6ec2b33917f15a11f9c310c12195a5a044b640c047ee,6.418938,3.443794;3.271212;3.226666;2.870198;2.882337,512.0,9.0,0.0,0,0.0,0.0,0.0,0,2774462464,2774470656,2267.1590000000742,1821.386000000036,8.012000000001684,3.4060000000000685,123.11499999999309,107.0,700.0,1020.0,585.3765999999982,1635.3058000000865,5.842600000000031,2.545799999999904,29.69839999999724,107.0,700.0,1020.0,5.164538,2.154789;1.537349;1.590568;1.621756;1.38286,512.0,9.0,0.0,0,5.0,1.0,0.0,57896.0,2783326208,2783334400,1825.3120000000233,1774.2849999999867,144.2380000000014,2.7040000000000743,154.61399999999736,107.0,700.0,1020.0,440.5580000000242,227.01400000000316,5.840799999999591,2.9783999999999713,32.4570000000024,0.0,0.0,0.0
512,100,74,0xc75620842e0618867d4246fe925ba9b794cff7755373a70fc917a2a057b6d43c,0xf105f2bd2a50ac9e059e4d9ec757c1ff224892b01ceb14975de907e39d599159,0x5f4f9ee50ed046e2a7b08fbea5ab1dc2f43cb5ff6673bb821aca2147e62c966b,1;0,0xa50d543382be9f782f236d2a8ab60171e7f6e23e5f199515742c2e5efbf36931;0xd06d84062e770b3dba03bd224da582ca260452253822553f7d9d24cc7f394215;0xc1e2da3d98ed015c39ad6781ea1211605b06b866d43fcb99f35772e15c28bcc6;0x8517d9648bbac80fd7baca72a487e69ba71fe30c70e86e06d8e80ff8b6464b99;0x4653fe8e41757fe71658008cb72db7c1deac06a2b331f6c7e0e6314869a3ecc0,6.005565,4.022045;3.129899;4.362829;2.724127;2.775205,512.0,9.0,0.0,0,0.0,0.0,0.0,0,2774528000,2774528000,2193.4169999999754,2122.6909999998434,6.169000000000313,2.644000000000431,37.84799999999311,107.0,699.0,1016.0,484.6509999999693,1922.3023999999534,5.987000000000353,2.7261999999998383,36.06040000000144,107.0,699.0,1016.0,5.970413,2.489784;1.587163;1.454113;1.451018;1.565691,512.0,9.0,0.0,0,5.0,1.0,0.0,57896.0,2783346688,2783371264,2578.0570000000225,1582.1050000000002,5.699000000001369,3.4950000000000605,52.21900000000612,107.0,699.0,1016.0,441.4680000000004,243.6396000000007,7.082399999999711,3.162600000000161,34.442199999998316,0.0,0.0,0.0
512,100,75,0xa7c283242cc0031e5b99b753f2f62d94bc355f71db3919e0dc98922ae4ac6099,0x91416b654ec343ac66ad80dd9458248a13c21896b224b4185d1dedb3a227c852,0xfdba1fac5be9f997b092728a13b209eafab3da5c6cdced521337cfc6d9a5bde6,1;0,0x0900395f4774a8f0d5aa41b300c1d7ef829db105c5f549f0cdc409875922e1aa;0x276be83d5cd26f802535fce39a653395cfe01461224b9e7043c8a9a42ef413de;0xdc5223b5f0445057a43e6bbe1432b563cd486ad2b1b5ae685eb181772ee4778b;0x144011027be49154b1ab303484a92f3f11f1ec9df0b7aee75450590f3090c584;0xa2424ac65d74339ab5cbc12f944371fe10b25fe748e0d8595ed8ca8fdfc61619,5.018107,4.008394;3.403652;2.806923;3.585127;3.057311,512.0,9.0,0.0,0,0.0,0.0,0.0,0,2774528000,2774536192,1994.0570000001046,1668.2750000001079,7.632000000000472,2.412999999999721,40.059999999994545,107.0,701.0,1019.0,606.8950000000407,1685.4674000001069,6.619999999998849,3.162599999999988,31.976400000000016,107.0,701.0,1019.0,6.593974,2.504266;1.744541;1.992675;1.713624;1.508845,512.0,9.0,0.0,0,5.0,1.0,0.0,57896.0,2783391744,2783391744,2537.787000000069,1884.4220000000523,5.247999999999364,3.536000000000164,50.14500000000144,107.0,701.0,1019.0,482.0948000000324,265.51679999999857,7.555599999999746,3.274999999999806,34.58979999999834,0.0,0.0,0.0
512,100,76,0x97bbd363b753884c81f4f20845acacdb9cc1df8c043508b4c6560baa7702c562,0xbf0824bb774c3a9528657368a7c36e8101cb95814a7439f5134e830871ba85ad,0x09fe050982a42ac3819fe987716f60c18d7f0df0002fe59f14ed9b654ef2a688,0;1,0xde2d7a2ad9162dd5ac5bc48e5ea3bd8d00a4b1dc7eafd6f68100510f32108fd8;0x81d5d92bfb8132f3ea9cb7be1b24ce07f87791d02046874d6c24312ae6fb059e;0x170e6b46fdc982c2e6cc62f37d7fcfbb1f0c69683727baa532220b52b8c40f2b;0xc10414ef1c9e975c75a312ec923b56c3c734275eb70281c58e7882a0b5aeb609;0xea688719504ce0aa07ded64db2cf97ab7446b7bf4d26864a8e9375ccb117c1e9,6.235302,3.543563;3.191752;3.425696;3.706279;2.976639,512.0,9.0,0.0,0,0.0,0.0,0.0,0,2774540288,2774564864,2320.9099999998984,2032.064999999861,7.810999999999929,3.3050000000003217,57.92699999999928,107.0,699.0,1018.0,652.9223999999889,1679.8472000000506,6.143200000000709,7.697600000000118,41.47059999999592,107.0,699.0,1018.0,6.336665,2.297955;1.474323;1.912674;1.680013;1.603859,512.0,9.0,0.0,0,5.0,1.0,0.0,57896.0,2783408128,2783412224,2144.573999999899,2754.393000000022,4.086999999999841,2.6139999999997414,40.24099999999642,107.0,699.0,1018.0,558.6425999999811,247.10460000001436,8.027999999999507,3.3326000000001925,51.31759999999763,0.0,0.0,0.0
512,100,77,0x2350a548023e6cd9debab59a8de43ab7311d0294d86f1c97a9b4b0fff6812abe,0xa6e120a620aae201a8f254b8a52f4cd6da1a97bc00253cb537b8a00d7ddbc1fb,0x4dbde7f891d4975311b0ccc643e399827b38fc6dac396f3a5012f3b35e2d217b,0;1,0x3615157ac9e008764a487ee8c8edf03796e5d9040be739ec741237ec16cc09ef;0x744ce0f1a050ad1e744b0c3a61e365ee0cdab406044535862ca435d8ba8d1fcc;0xe8b960245d6864db09440d04a98ca5b64c1a1497f5ba8477da002b32339ad961;0xa5fabd229c596df93bf60ad485bfb381fe7112e65fca602968efa43c52e65a4e;0xacd97b4efcc362afe5c2e9bea4133e01a95413473455e010ab7ec9f94d6f42db,8.277557,3.965891;3.545026;4.7943;3.204262;2.95094,512.0,9.0,0.0,0,0.0,0.0,0.0,0,2774667264,2774687744,2720.932999999981,2942.8280000001196,9.714000000000944,4.076000000000427,51.377000000005225,107.0,700.0,1020.0,648.2414000000159,1760.2282000001244,6.754000000000482,3.4373999999998475,45.32640000000087,107.0,700.0,1020.0,5.345271,3.655303;1.803369;1.825593;1.594435;1.998514,512.0,9.0,0.0,0,5.0,1.0,0.0,57896.0,2783629312,2783641600,2073.256000000079,1814.8369999999582,5.077999999998639,3.3150000000002624,45.869000000003936,107.0,700.0,1020.0,533.3362000000452,271.34560000001693,8.148200000000077,2.8240000000000554,36.73740000000036,0.0,0.0,0.0
512,100,78,0x30d8804452d93d7e4fbd610105de69149faddfd292d391ab211bc7220fa0468b,0xd4ce7f631e17f984188d43368a903b2bf7f78c9ec965361a3a55759dbd6dbe09,0x0343efaef3f119e524a036aee5f93a7f2c64b2671f74d51ce945d8fe163d9e61,1;0,0x5e7a49b85e550f476944ff6edacc09b952a46b356a8340cdc7f7d186e9168c3b;0x7b6f81dff270a8ea0edee6a6462ee43259e20b6fe42f33b647f4bfdbd1ae3bd8;0x4eae032d352406e3ed3a9c130ca64e7d5feaeddfd7afd342da5724eba9925cec;0xf4f90e0c2e60933035ef6d6b29d167d436e068b2f76511e2354dd59a62d4f6da;0x90f33111f288d4c9445094fdf78acd520498432f823025d9fae8f49f45fcfb4f,5.827077,4.625125;3.640259;3.275229;3.127967;3.453008,512.0,9.0,0.0,0,0.0,0.0,0.0,0,2775351296,2775379968,2232.7170000000506,1867.1359999999916,8.593000000001183,3.8260000000001764,60.991999999995826,107.0,700.0,1019.0,535.4051999999944,1787.1989999999726,41.17440000000055,5.57040000000019,39.3172000000025,107.0,700.0,1019.0,6.380452,2.51301;1.682627;1.706964;1.397677;1.678911,512.0,9.0,0.0,0,5.0,1.0,0.0,57896.0,2784169984,2784186368,2376.785000000048,1976.7210000000146,6.780000000001368,2.714000000000015,53.951999999996005,107.0,700.0,1019.0,555.2014000000049,247.14480000000984,7.407000000000247,2.618399999999854,42.05579999999598,0.0,0.0,0.0
512,100,79,0x69fa4ac68b324c819a0bd974307fd4aedb0ec79122b2ab63a32f9274f3c5d81e,0xb5f475171b429be312fa163bfe69832fc994bbf3a97140abc1270cf2f53120c4,0xfb4419050d89b5f90513580b7e0113792169daae1500eee030d8e56d1aad93cc,0;1,0x6429bd6a5f0af9103a6a422feb2211c11b07242c6840330fda97f1469b5cad96;0x7e15e6ca1929f8564751cc09cc09a1d042c094b34ceacc74c86b65ef8596571c;0xb1e686364133863ad35756c8615c35b5fe2635f129be16d44bb32804fcbb13d9;0xf5c68b130ced6d006d00cd6905d601db97b6031d8f53081188ce1c8522a146c7;0xe93fda564ad67dee04a16564403b6e2f6f20672ed722b31779da8aa9806b28ec,5.265886,3.75325;3.206415;3.479662;3.466097;3.083145,512.0,9.0,0.0,0,0.0,0.0,0.0,0,2776154112,2776186880,1685.8520000000433,1638.3609999999217,9.263999999998413,3.2449999999998105,79.41000000000199,107.0,700.0,1018.0,569.0322000000414,1674.8057999999232,17.357999999999958,3.3372000000000264,55.94019999999866,107.0,700.0,1018.0,4.949774,1.808978;1.753294;2.078454;1.527784;1.487373,512.0,9.0,0.0,0,5.0,1.0,0.0,57896.0,2786332672,2786332672,1646.092000000099,1984.2220000000355,5.868999999998625,2.873999999999932,41.17200000000598,107.0,700.0,1018.0,488.40839999999554,260.2684000000188,7.052600000000131,3.3007999999999305,33.34840000000228,0.0,0.0,0.0
512,100,80,0x2bf0ba59d1e4ad41ce2524d06d7c01eb7dc039d8a06c86fbd584805a1884835a,0xabc9ec80a3a0efcc305647212841113f52f7f08a2f72fc5976452d9dea4a36fc,0x601eca9ad1aa6eafcdac7defdf902272a1597ca452a30beebf85f1be944e33eb,1;0,0xcb9e49af2fa711eb3047654fc6f4976482c95c3ca537aec7c8eb0f36ecd1deab;0x8d6bcb5cb5ef5f0e169763d1b2c6c2c2948ce0661b55b9dea01b169422a23a2d;0x41bddacc2f7478e1d421edd8bd608b62e42d613d2095f55ba401bf712c1f528f;0x8bb6f4616919ff69a3735449fd309f208048cfb19c3908a3f22e3d47a76bfc22;0x315ba077bb3a562a094a1ab0604741628a719eb8e2baf114baba6413b1cb890c,8.32226,5.119861;3.158664;3.025603;3.780802;3.13056,512.0,9.0,0.0,0,0.0,0.0,0.0,0,2776190976,2776207360,2989.8180000000884,3045.0019999999076,6.740000000001606,2.1229999999997085,44.16599999999826,107.0,699.0,1018.0,568.7596000000017,1808.1628000000017,7.333200000000928,2.777600000000019,41.246200000000236,107.0,699.0,1018.0,7.411687,2.570987;1.990321;1.754436;1.845363;1.51848,512.0,9.0,0.0,0,5.0,1.0,0.0,57896.0,2786545664,2786607104,2661.5539999998996,2323.172999999956,6.599999999998968,5.447999999999912,53.870999999997004,107.0,699.0,1018.0,521.2541999999765,256.43839999998085,19.363000000000017,3.223200000000009,36.03459999999836,0.0,0.0,0.0
512,100,81,0xd3873dbff3df4d3e1809ec004f649483e52958173634f573684f1e58a71e3f8c,0x77f849497580740e85741355c353cdd69dd078358c8fbf361526dd3745fcdb05,0x8d05a4ef00f0754e5af84269256028b6cd4afee4b3ae9eaabc0d4a5ddc99a3ea,1;0,0x9e26619899d2c693a095e464198878a83123b46a5188a35023dab84af644f224;0xda79cfddafd55d881bcd4620ead85994c8cb10dad4f68d40bab1ffbeca853a53;0x037188c88fddbfef8ec724caad92e75b35d40aef22a59b3d013797e9d6bdf0d7;0xfd9586de2dfec562536934edc221259017c5002b19536ac5fda222d931644a66;0xaa6cddda51863b0c0567a97463b1dbfc4eb9534bc1c1889742644506df594568,5.680626,4.22063;3.551205;2.929398;3.255524;5.160303,512.0,9.0,0.0,0,0.0,0.0,0.0,0,2776211456,2776223744,2026.5059999999835,1603.5880000000448,6.9409999999998915,2.1830000000002197,191.13799999999347,108.0,704.0,1016.0,517.7141999999525,2111.267999999988,7.870000000000099,3.112599999999938,31.97440000000107,108.0,704.0,1016.0,6.085401,2.416544;2.442238;1.670043;1.641255;1.722037,512.0,9.0,0.0,0,5.0,1.0,0.0,57896.0,2786959360,2786959360,2214.3690000000493,1887.8770000000377,6.1989999999984,2.964000000000265,53.68099999999987,108.0,704.0,1016.0,499.9579999999781,272.46059999999073,10.918400000000522,3.2305999999999306,35.79580000000471,0.0,0.0,0.0
512,100,82,0xf1ed6b1e68adea3a386b129f7583eb8bbc8b2a1241719c7b12cd59adbca67175,0x14dbbd899e7c2f2899d831df32aa9c90a99659dad8509a9636754a0b0f24022e,0xdb8312577a38650c1123dfb5f5aa18250ea8a56662528587671fda51fb2079b0,0;1,0xe200c7333f0f43649c8e7d2eeaa7782e04b75cfcba42b7b3381f6f6e3ddb2376;0x75cc01163999c106a682b971419a5ee802c7b9a52cef0f3d506d42fd62b9dfc4;0xb5265ad8c1c8f7d4554f2f9cd67e096009b054e3587afda94ed9357c15d585e4;0x14c01ca590da829632e7ffe32dd5a53918a2206e2b807381aa94d8c8728cb609;0xab08171a6c8627ba8e9cb3e14d822c7f815b0de3769a7f96ebfad51455a4b153,5.982523,4.012461;3.326056;3.11701;3.898259;2.760713,512.0,9.0,0.0,0,0.0,0.0,0.0,0,2776236032,2776264704,2177.9449999999033,1817.7009999997829,8.193000000000088,3.1349999999995966,52.45900000000469,108.0,704.0,1015.0,518.4358000000167,1594.470399999981,11.577399999999903,2.9282000000000266,38.616400000002216,108.0,704.0,1015.0,6.239905,2.470546;1.675827;1.787756;2.56961;1.614595,512.0,9.0,0.0,0,5.0,1.0,0.0,57896.0,2787020800,2787307520,2598.0779999998927,1666.4530000000123,4.035999999998929,2.13399999999999,41.1530000000021,108.0,704.0,1015.0,580.4302000000039,357.6274000000268,7.176800000000677,5.442199999999842,55.20120000000184,0.0,0.0,0.0
512,100,83,0x8a29f2c9299bc5d2862e41d3d0bb82246e27a8074bc231af11977b64b19e4240,0x084976305c3f1970d9d3a9ca99e358e739d532be030e22524616ff0be80cfd1b,0x7b3dfcb8bb69619abe77b848f7779d8ae35cac32ac34b7eac1a600e4a61f0b39,1;0,0xebcd4d0bf73923f62fe98ebf100de9065e9145b49dbd7c644e34f40299b70834;0x3e003370aad221cfbba4b98b0d164c4a7d8e2601106bd9f0f8b64f1aa3769ab6;0x21702616029d8018778301779a12b20824860bc3c4c728f0dd9230f1f7b20c69;0x25055cd1c0a65dade3e384754f646fda2e8ec77362d80f7a2b021b36ced17bbf;0x6e5d03aa7eaa9470e425d32e2209e03a9bec4e79a7d2cbe6d6952b44be71e090,5.80891,3.335721;3.070491;2.99086;2.767574;3.150576,512.0,9.0,0.0,0,0.0,0.0,0.0,0,2776268800,2776293376,2324.9160000000657,1839.3930000000225,6.659999999998611,3.4049999999997276,42.854999999994426,107.0,701.0,1015.0,490.252999999985,1578.598199999881,7.93559999999957,2.539799999999939,35.99820000000087,107.0,701.0,1015.0,7.736376,2.127138;1.69711;1.422195;1.457974;1.613033,512.0,9.0,0.0,0,5.0,1.0,0.0,57896.0,2787487744,2787500032,3747.731000000032,2316.262999999985,6.559999999999206,3.4960000000004015,51.167000000004734,107.0,701.0,1015.0,470.99219999999775,250.7159999999953,6.734399999999696,3.282599999999969,40.19059999999797,0.0,0.0,0.0
512,100,84,0x0162ffe76f0dbad10ef8a4dde688427af548ca90cba473d7289774dea2a37069,0xc161a66afaf4c5cb47bfc6b0dfdf870a4f052819f24f9de391e934f5f2f71b12,0xbcdb6eb4f7504df7c8ab03e6e92046a7e5738c5448d9be27509ae3ff9edd8a6f,1;0,0x7e92d499f09da5d19a63dbc394a0d82beaca7e6dafccae5021215923d93bcfac;0x76bad82fb92e563b8f9be95646ac34ead862cd642eb7a58a19e0812d09ec15d7;0xf717ad7e679e24d0b893aa6d360bb85129c435938efd78bc5f77de0dad66ba88;0x4f14cd6d227c06fb68d4dd6d3f6085cbe747e38beca1be455ef4fbc45c16e296;0x3a4ffe8dc01b5225ddf78b07fd570c12c6cb1352c7b10cd3e194c8192dfae88d,4.80091,3.738839;3.020795;2.909137;3.057781;2.850518,512.0,9.0,0.0,0,0.0,0.0,0.0,0,2776293376,2776313856,1984.7930000000956,1637.9600000000494,6.951000000001567,2.2930000000004336,39.21899999999312,107.0,701.0,1015.0,474.4973999999846,1651.3803999999686,7.66960000000011,2.8143999999999045,45.568400000001176,107.0,701.0,1015.0,5.088834,1.738432;1.546141;1.542486;1.662447;1.393321,512.0,9.0,0.0,0,5.0,1.0,0.0,57896.0,2787848192,2787852288,1917.1010000000877,1712.3020000000545,6.420000000000037,2.6139999999997414,53.02000000000084,107.0,701.0,1015.0,465.9846000000023,272.9580000000231,6.415600000000271,2.2872000000001904,31.461599999996203,0.0,0.0,0.0
512,100,85,0x48c5afba8e76361f6a33cdbd398b54e271dd4f857b55f242018b421a52f39fa9,0xa4f8290c16c0d32b31163d3cf37531642c251bb25e0fb7a95917c38cbf6185ce,0x2c23b9ac94485543af321b3d34d1ba2cd464612807c0ed9ad4a3b04f6c6958ef,1;0,0x878c6d3c5303e2c3ef62bcca8ebad108658b6ed0f20ef33428e49185771fc057;0x091fb4ae881b40109f3bd25ee4447e144d40f2a2da3bfe699cfc3e1849e09370;0xbad461d6820943cdca4c844ec6e01469a373695b8567b32543bca827a2a95177;0x362b9f198ab3627643eb027166e59c28ac1b2eb58cab85872c802e6b82850234;0xa60b1037d442cf728256f90ea87d244a9186e83062279575f00d561609bfc6e8,5.406223,3.659949;3.047667;2.672089;2.647232;2.841635,512.0,9.0,0.0,0,0.0,0.0,0.0,0,2776424448,2776461312,2422.141999999905,1575.2959999999482,6.9010000000001295,3.114999999999715,45.08799999999869,107.0,701.0,1014.0,493.80880000002844,1538.6141999999659,7.35520000000045,2.894600000000018,33.91299999999931,107.0,701.0,1014.0,6.11342,1.86674;1.675056;1.378729;1.46566;1.322675,512.0,9.0,0.0,0,5.0,1.0,0.0,57896.0,2788216832,2788368384,2125.2149999999583,2486.098999999964,6.029000000001145,4.155999999999952,71.15800000000172,107.0,701.0,1014.0,479.77740000000324,228.35639999998492,6.732199999999466,2.3673999999999573,29.8731999999996,0.0,0.0,0.0
512,100,86,0x51c0b677346a9fe1cdba1eda6a629dac1699adf6847b1f78cb25ff6c990050f7,0x6d83c41fff60a483381302f9740d75d2951e4787556a8e3b127fd0cfe390c2e3,0x2c6ff07641ce446f948fbc2aef5391bf809b383d6f3a289546ecd1a87c4d9cd7,0;1,0xb143a46edd0339b0c5ab5d8d1daa4a753e34a2cfa05aa041bd14c2a5ac1e2604;0xc7faf3afbf862471c7f6d9b5b419dd219785eebd3ae4f2f67d50a352366e31a0;0xb63c1ce00a511e2e95caa669453a17ad16af14ac8f1176b269d23e5fcedb8b33;0xb827f4786a03c8db62ab81b14ae0320df938f51c857a70068c9171d33dd96a30;0xa139396db8daed1dfd36d5d0ede4ecc643b080355c9bef62a7422163eb4f88f2,5.259061,3.199665;2.986513;2.930208;2.718109;2.648204,512.0,9.0,0.0,0,0.0,0.0,0.0,0,2777128960,2777141248,1916.9809999999288,1819.9039999999834,7.982000000000128,2.903999999999754,50.91699999999755,108.0,705.0,1016.0,466.3895999999834,1582.6326000000004,6.601999999999997,2.5238000000000342,30.379999999999296,108.0,705.0,1016.0,4.896063,2.068569;1.765322;1.447152;1.370297;1.593102,512.0,9.0,0.0,0,5.0,1.0,0.0,57896.0,2788798464,2788810752,2005.5640000000708,1687.9749999999526,4.1859999999997735,2.573999999999979,38.48800000000318,108.0,705.0,1016.0,499.1669999999893,239.22880000000202,6.435600000000152,13.51259999999993,33.10399999999769,0.0,0.0,0.0
512,100,87,0xbf1a377a87bbb6bf3d50f093dede647b29a26dd2078659d4ba963cc31564d604,0x2d21b8419daf5450cc9bebba53fd1e09b3f81638c431c9a09a12236ad4d15f2a,0xa2d301f3b967e41d3b9dded46e70cd978601312ce57f223217814980f3a494ba,0;1,0xf50bcf1f2b8a48dba4e478b93eb9e0626c9f086bee4feacac484a21d69e565cf;0xfd8b583b2b9f9cfea905e09b1543eff962935526208184afa1ebfbfc9727260d;0xe236f7d83cc25dace0379d819d7ab506ad1f2c639f19467988a4e684e9a0899e;0x90100b86c7e9867977da02060017ad450480f0649161e41e39ea64d675d2f211;0x1e03aef1a114a4f20f8fff6f885936ad1fb9374ff176c2525381d38820cfe468,4.950236,4.079662;2.872653;2.871731;3.246336;2.942317,512.0,9.0,0.0,0,0.0,0.0,0.0,0,2778169344,2778189824,1860.1449999999797,1574.7849999998564,8.582999999999508,3.9350000000000493,50.15499999999618,107.0,702.0,1017.0,473.0496000000084,1709.3500000000538,13.105800000000334,3.2609999999998887,33.51060000000017,107.0,702.0,1017.0,4.53548,1.74349;1.864972;1.540644;1.630729;1.316175,512.0,9.0,0.0,0,5.0,1.0,0.0,57896.0,2790707200,2790707200,1712.3519999999726,1625.2110000000152,4.256000000001093,1.6920000000001865,38.557999999994095,107.0,702.0,1017.0,464.0718000000099,290.6084000000142,6.974400000000353,2.639999999999934,37.31640000000092,0.0,0.0,0.0
512,100,88,0x95d35105a1137ed71f73c2e88790bf4013c30b43dc4710d757039b84b4e09ecc,0xc9d7fe6816730bfbf4b1422ee2cd3508db810b514934526ed51136cdf08bca09,0x7c1a3b5fa8b00015fdee0f0f245185f6baf66a4376c001bbef66d3d6fb476f99,0;1,0xe4729552e7736beb1d269c29d5802072d4a879b979cfb13a19d712ff65468c4c;0xebbe0c123d3b5756f3f563fb60c5932a5e8f6dcf19463d01b157c12c398fd230;0xe29912424f3ae9c048c9e46fb92658d1b960f65e2d2742b1e2bd12a409ecde3c;0xf6caf7b69721c3c612aa24f52be3fa20205e0061d469e6361455564784e74ac4;0x0ab3486debea97609b158950b317416b5fbbe31c9e5dc1976c7c95c27b7b3a6b,4.874851,3.334248;4.314386;5.286521;3.553739;3.135188,512.0,9.0,0.0,0,0.0,0.0,0.0,0,2778193920,2778210304,1699.0919999999576,1675.8669999998865,9.263999999998413,3.185000000000167,53.380000000005644,107.0,701.0,1017.0,539.5653999999972,1929.2427999999084,7.944000000000007,3.022600000000125,32.03060000000202,107.0,701.0,1017.0,4.275126,2.055479;2.118715;1.687765;1.721586;3.58122,512.0,9.0,0.0,0,5.0,1.0,0.0,57896.0,2790735872,2790735872,1676.908000000088,1541.925000000055,5.747999999999864,1.7130000000004086,39.89000000000076,107.0,701.0,1017.0,559.7740000000239,273.8130000000005,8.917399999999743,5.153800000000028,54.14759999999852,0.0,0.0,0.0
512,100,89,0xf631744656ca5d0ae68a1d9c26ecb19951fb3ca2f22129984283e7819c224991,0xe3bb67695fabd7971ec3d26f051300da616fd64f5bbd6cb9066cd241be9139f0,0x68318b40e0a645d06b1b9e4ff918d5bdb45f746dbce55a85945dc5f9b1796f25,0;1,0xe3a6e8d1c88228b16187f9a0f37240291d1822b385ea6832509c285641b7441e;0xa40fde00adf45bc1af272041cb41a649c46aafc90e893d5084d0408604fbafdd;0x8f1e983050b39a194e06648a9d9b5ef19e2ded120b0615a746ff69fe64908b74;0x3d67712a17ecc7ee34f304bcfbb0ff4329cf002514245cc7c61084eebe5d6d77;0x2442a6c26d922c6fbc7e1c4a7dd7e4d2889b3f604439f77fb9420bebd6353c16,5.370538,4.023387;2.97067;3.057891;2.909678;2.926343,512.0,9.0,0.0,0,0.0,0.0,0.0,0,2778214400,2778247168,1898.8929999999016,1828.8069999998768,8.863000000001314,4.025999999999856,51.52799999999513,107.0,702.0,1014.0,511.7797999999674,1651.5644000000052,7.054399999999878,8.366400000000239,33.54460000000448,107.0,702.0,1014.0,5.004186,1.675827;1.612902;1.419801;1.621065;1.482486,512.0,9.0,0.0,0,5.0,1.0,0.0,57896.0,2790862848,2790871040,2154.688999999932,1676.408000000018,4.436999999999497,2.4630000000002914,37.6970000000032,107.0,702.0,1014.0,481.6403999999608,250.43559999999854,6.636200000000036,2.3556000000000967,31.130800000001013,0.0,0.0,0.0
512,100,90,0x9e4ef32ae9f22c5da26858313db428a7b20733597029103adc4b639d6a81029c,0x5db3b77d541ffa5ea790748baa95c66bc9fcc05902530f1a080ef85ff54d2419,0x84e6eaf77a822580fe0f3444c0ce829096b9487b49d81694f694cbcde7c5f7f7,0;1,0x3c4a34bfbf83d11c00532ce1dcf173366a74ed675de10bb4afcc3ca9fb6ff279;0xa39644799d1acfa75b55a36f33520677ea6c399752ca897f872d5f0cbe53a83c;0xb4ec29437bede89b21fecfa78d216ff0667801cf3895ba28db857302cc122028;0x93af8252f4695ba9122af7074c2b0391378f6ccec444c891791813a16bf10a1a;0x3a942bbae53ed2b4cdd7748f0707d2fe00f2e34bd81f476e483b0c6c4dd3f788,5.029174,3.987754;3.676895;3.144201;3.323081;2.921856,512.0,9.0,0.0,0,0.0,0.0,0.0,0,2778247168,2778275840,1799.8139999999553,1739.5929999999282,8.423000000000458,3.154000000000004,53.49100000000273,107.0,702.0,1012.0,563.5158000000029,1657.1688000000863,8.58480000000064,4.522799999999785,37.83500000000273,107.0,702.0,1012.0,5.695479,3.224803;1.634605;1.930842;1.795097;1.622307,512.0,9.0,0.0,0,5.0,1.0,0.0,57896.0,2791342080,2791354368,1918.402999999902,2419.739000000032,5.187999999999721,2.5839999999999197,39.68000000000027,107.0,702.0,1012.0,482.94220000002497,244.75500000000764,42.13940000000055,2.8121999999998484,32.57100000000068,0.0,0.0,0.0
512,100,91,0xe3a2564b7bbba679ef8c149fce49227d79ee62153479bb4fc880d655bc936d40,0xea9068b248e5488e67c6d8b00c1315b85a11d925f707db6014df2c9baaa97d64,0xbd03efc267273f126f7a734114736a672b4f62ed1d9c4999b4d4fcf81cb983f7,0;1,0x424ff08c6cd40eba9667f43c3aa563d6b2d6c236039a05c446b069a897a1ad7c;0x7bc853770543f58ef23b8d1de7646cf4c4e33dd5029f803dda556e435a4efa3e;0x16f58b36a6d0d53184a172a3819aa98380ff87f479e6762bafea0f5b515cd16f;0x6c15f11a292aee21951e283d2fc33e10fdb0ba54c60d65c23ce725a527b7d201;0x94cad9f7bb5cd4acc66e85e3cfeb01a185810c87382de06f52c16db464a795f9,6.474378,3.767751;3.619227;3.298594;3.308399;2.749737,512.0,9.0,0.0,0,0.0,0.0,0.0,0,2778279936,2778292224,2255.5410000000275,2649.776000000159,9.214000000000445,3.765000000000192,51.53800000000375,107.0,704.0,1014.0,568.7535999999938,1747.6892000000353,7.501400000000519,2.6221999999999355,37.701000000001095,107.0,704.0,1014.0,5.25238,1.779122;1.629167;1.507203;1.457167;1.242844,512.0,9.0,0.0,0,5.0,1.0,0.0,57896.0,2791358464,2791415808,2038.6039999999994,1928.3669999999863,4.026000000000724,2.9950000000004278,41.85299999999448,107.0,704.0,1014.0,455.7373999999559,228.53059999998757,6.4738000000001685,3.016399999999919,45.79480000000136,0.0,0.0,0.0
512,100,92,0x8e911c726b2f7273d9134fa05c7041758b6b62cc8eaf8332da72b101b8ab5941,0x294fd27aabd5511b9f636877869f3d964b18fa13fb20d4f34b0433ba3d4e5d43,0xffaccfdd2d93c19003ef69785976166fc18a1485ff9e52400f0e5986369ef062,0;1,0xe6db5e7c52ec75b5e1992c69ef2f52d6bc42fbd147365ee8121d5b121d747000;0xc7c232c0facd4974567a5f6d363cf0fc7c542384dd6725eab6c116b504bc5700;0x12a6afff5aa086f00aa1a8ae1022565cd60884dbc2aa6756a89bb9d1fa72de25;0x6ffffb7bc7b8f33cd43a77085f68908fc705021dd8813c47897c72c3dbf3d0df;0x70ce3da188ff70386e574b08238c295b8ee630981a843e587cffe3f185c84405,5.577781,3.828374;3.008086;2.662019;2.743237;2.80218,512.0,9.0,0.0,0,0.0,0.0,0.0,0,2778296320,2778333184,2087.9579999999455,1737.1700000001765,8.613000000001064,3.225000000000797,52.14800000000186,107.0,703.0,1011.0,491.55099999995673,1571.2374000000473,6.906200000000168,2.760400000000399,32.97579999999855,107.0,703.0,1011.0,5.303707,1.835878;1.442025;1.502301;1.888578;1.389215,512.0,9.0,0.0,0,5.0,1.0,0.0,57896.0,2791436288,2791444480,2004.2620000000345,2110.1510000000044,4.007000000000316,2.3430000000001368,43.26500000000066,107.0,703.0,1011.0,465.5702000000428,248.36419999998418,6.29560000000029,2.6600000000001622,41.52260000000463,0.0,0.0,0.0
512,100,93,0x73f4e5e4b80d3c28fc803ab09892da8749d92111c4809ad0c8a05c0a1fa02927,0x32eb51be16afb5d39eb85558ba68aa79476b4c9e8e4fc2271454bf26b673fd51,0xcc864fe4f8dcdae08299d5681251008fadaca4254b44a1b1f476eabb01619ea0,1;0,0xaa2782343f72cfd225b973e82b4ab9f3bc7505e1885e0a423e355a5e81f992ba;0x6b611e838376f6e8fda6bf544b53043e2f8c61983508eb7f1826aa72e5505c56;0xbb04fd6fcd66cb5c53e04304385a443bc0a88f0926430e2c879cc42dee08cc9d;0x76179587e1176e290c8c271bfd8c324dba89f04a52f83a81640be78b840eca3e;0x72df7758c76a4beef1ccf051779424dde6b64ac203f585f5f7c48f58f2a50119,4.692916,3.132904;3.413317;2.726782;2.88483;2.870669,512.0,9.0,0.0,0,0.0,0.0,0.0,0,2778411008,2778423296,1948.4780000000867,1624.7200000001349,8.072000000001328,2.333000000000196,39.44899999999696,108.0,708.0,1013.0,483.5033999999627,1567.5816000000787,10.523999999999951,2.9022000000000077,30.04339999999606,108.0,708.0,1013.0,5.654467,2.081298;1.831211;1.411088;1.356646;1.727465,512.0,9.0,0.0,0,5.0,1.0,0.0,57896.0,2791849984,2792030208,2461.371000000101,1646.0619999999483,6.6399999999987305,2.844999999999584,86.7009999999946,108.0,708.0,1013.0,469.8705999999664,244.54080000000374,7.262800000000514,2.732199999999976,44.71939999999841,0.0,0.0,0.0
512,100,94,0xa352f7110d1cdffda166b6c0ff44a4b1c87e83bdefb65b5150cc64ed0c79b970,0x741e05a1fd787010d1c1af02c8dd01ef73d6c266d96d41dbbc76629206db9d8e,0xf4e0fd8dac71cd66dc32b8e4142d8c953d32f069c0415e9d2a42d2c6e53be557,0;1,0x2b073c49237d89a8b9a07b34f00cf5f550ff8c37667c5e7cae2f0bdf2aeeaca6;0x918775b347f136e06d9f8f56fccf322ce7eb6891f8b4c654fe0ed3d02dcb52db;0x600d4065c7045d1cd0f758fbcc62881265eb0351bf9ccb2c23ba33a1e7ae193e;0xb61e360fee89e29b11aa4f5896bea9edb5ae6d5753db9c1c7d16a9aa6eab6d4c;0x44e5074bc2f5e6fa89b669315dbce79b45b976f3bf3070d8e3f43794981a6c1f,5.850372,5.136159;3.075798;3.429101;2.709946;3.346126,512.0,9.0,0.0,0,0.0,0.0,0.0,0,2779086848,2779127808,2169.271000000084,1984.6019999998355,7.120999999998823,4.406999999999675,52.21900000000612,107.0,703.0,1014.0,502.277200000023,2009.5541999999969,7.535800000000453,3.6435999999997333,34.259599999997285,107.0,703.0,1014.0,4.630862,1.847536;1.622487;1.741135;1.383216;1.388424,512.0,9.0,0.0,0,5.0,1.0,0.0,57896.0,2792644608,2792677376,2004.3729999998927,1566.6330000000394,4.636999999998309,2.3630000000000178,42.032999999996875,107.0,703.0,1014.0,448.63019999996646,276.7151999999884,5.838799999999256,2.041000000000022,31.01480000000101,0.0,0.0,0.0
512,100,95,0x82d3ca524854f8404180b976071e50fe1c571cf392d3069820e7f288be7015b4,0xa9ab5d6c1b740d4fe55f9e06982b31dc988a5402d2a53c164f8965dfff04aac2,0xb1e122482a7f733ec1f53018d66c2a0d591a17fa481078013da5a1d555e6d885,1;0,0x3f09001a651fcf145a7b87d65aeb9483bae13839d076d0e26123ae8586cd9970;0x445c79c9803f914faee9a38079668f8d3c5f254db2d0315fd6633f7278b6a5aa;0xab7d117e62222569a8177f48073d05647ee6828159001f16eda63bde1b041bef;0x09ec155fa4f3a13ec44059577798001dfe0af32dabf4da429dec24830b6aa870;0x193a71f0f061d85d7c93cb9802d870399137ca863f296c21972631197b89af16,4.299974,4.069707;2.85135;2.916393;2.773542;2.618699,512.0,9.0,0.0,0,0.0,0.0,0.0,0,2780495872,2780508160,1525.3399999999306,1563.3070000000694,26.939999999999603,2.412999999999721,39.54000000000457,107.0,703.0,1010.0,465.7723999999863,1593.9236000000358,7.603200000000365,3.2210000000004735,33.666800000001224,107.0,703.0,1010.0,4.883293,1.838196;1.580163;1.431659;1.55823;1.362545,512.0,9.0,0.0,0,5.0,1.0,0.0,57896.0,2793582592,2792546304,1898.8330000000442,1578.4699999999984,5.868999999998625,3.5050000000000012,73.01999999999309,107.0,703.0,1010.0,495.3130000000083,232.92120000000247,6.689999999999475,2.854400000000014,31.257199999998324,0.0,0.0,0.0
512,100,96,0x3bd9919a5534c40c0afcb031f1a4c78c1d2338f6e326c4046adebf880ac5741d,0xb33f75497a3f0cdc0dd8dcdee3f69dc1ed02b62f90d35394ae11e81bf70a0722,0x0b2489a37175a204228f825a03a6f653b367ac832d23d51f927e2b5d9db92bc4,1;0,0x801941866357da7d5f9c6097b310724ced8c0eb2defe33f3f5151530efcecf69;0x816222bb43da766b85cfc6a55fd3ee31d7a41aaf1c355c63f5e249e2a6a6e88c;0xb058647c0f8284805e87a4d13c197da81373f50e502945b5af0b352e42e566ae;0x0e64757ba9e997f1099b4f850c6d2e25f071232732378b843f439cd2a9649d73;0xeb6559999d90009bfe3384d452d9559658f8f41c6dde83c4189c35b848081819,4.521117,3.631576;3.078652;3.164001;3.101166;2.66642,512.0,9.0,0.0,0,0.0,0.0,0.0,0,2780508160,2780540928,1746.2230000000468,1604.4399999999293,6.550000000000999,2.212999999999174,38.40800000000366,107.0,703.0,1012.0,440.3640000000042,1679.462400000009,6.720200000000926,3.034400000000159,31.597399999999666,107.0,703.0,1012.0,4.898341,2.049796;1.72405;1.623398;1.43268;1.539601,512.0,9.0,0.0,0,5.0,1.0,0.0,57896.0,2792636416,2792640512,1672.1319999999373,1644.7099999999937,9.14299999999965,2.5140000000003355,53.99100000000323,107.0,703.0,1012.0,451.00419999997143,237.9187999999921,6.6617999999997455,2.4277999999999107,32.44900000000106,0.0,0.0,0.0
512,100,97,0x98feeed671ff0fed8c834eec5e0dd07f92ccda3482279081a50e4d0a7e39d091,0x1711841177757423e259a3b450a7583185f34913be8d00af8b56020b85399345,0xe3f648246b39713b3ec3a844bfcf76372d3ee8acbe219beb0e909347e67acd91,0;1,0x2f8acf75089f9a1a14cb6a724314fc0b4110f2b60b5be34da34e111aac49809c;0x101b91e40b5b1c08da78dd2691e44ec39a7ed6c6ac568bfbc54bf2a34a00b888;0x43a783ea2e7a8af1f8b54e649de8db24004d034224e0d1e927bc102f0032609d;0x979df75a07974510a851ed977b5bb5f724010036d5ca8a89376a6f006fc95eb6;0xd1aa63567b397949cdf86fe97e803b9816c12ce6634b757b757f21218ff61096,5.208003,3.969696;3.050169;3.018571;2.753973;2.74585,512.0,9.0,0.0,0,0.0,0.0,0.0,0,2780549120,2780569600,2119.5259999999826,1615.7360000002009,8.082999999999007,3.345000000000084,50.64700000000089,107.0,704.0,1011.0,580.7997999999869,1583.798199999986,6.569999999999493,3.00439999999999,33.186399999998734,107.0,704.0,1011.0,5.177497,1.877051;1.483798;1.411769;1.523838;1.252148,512.0,9.0,0.0,0,5.0,1.0,0.0,57896.0,2792878080,2792906752,1886.854999999965,1885.9340000000336,5.247999999999364,5.708000000000101,40.961000000006024,107.0,704.0,1011.0,470.80200000002566,252.36299999999991,5.844799999999567,6.940399999999861,33.98319999999844,0.0,0.0,0.0
512,100,98,0xe6f26c0d02d88ddd75a6698882cec6f9426c12a7c02dbda165bffe4af038c7a6,0xf1ababef3d17dc722cfc9ca0ca7a2f32ee6eff9417307da1d0c271e2833aa05d,0xde2fbb35686f1464f7141e3f3a02fa76715e77c0e8cfbba2e5b9a94867350c54,1;0,0xf2cdc13ce16527314c8a921b81d933d5b3abb4b7aee9a5331b1f215a4e36ea80;0x2444c2426ebc093547c488920f5bb9d7b8fbcb219575ccbe9898fb8c636d96a8;0x9bd7ef1475d66b9b9343b1e95724260a6236473862b029e00e274ec22ed754db;0x5e71efb95196afba861042f8f7842e647fd47295408999e29150f6bfc8e8b3e3;0xd06fb3555128b098ed57b3711af99e5aa48c91aaab2eea3797114c75223c19a8,4.724851,3.667832;2.983314;2.759062;2.684328;2.61897,512.0,9.0,0.0,0,0.0,0.0,0.0,0,2780569600,2780610560,1960.0410000000234,1590.0580000001164,6.72999999999993,2.0430000000001836,69.84499999999893,107.0,702.0,1011.0,444.6204000000175,1541.3208000000013,6.357799999999469,2.9161999999995776,39.98220000000219,107.0,702.0,1011.0,5.201915,1.682407;1.439782;1.599583;1.411699;1.428004,512.0,9.0,0.0,0,5.0,1.0,0.0,57896.0,2793213952,2793226240,2076.922999999953,1684.1100000000165,5.639000000001726,3.73500000000037,76.4050000000016,107.0,702.0,1011.0,451.86539999999553,262.039199999986,5.9909999999996355,1.9627999999998968,29.630600000002392,0.0,0.0,0.0
512,100,99,0x7a339a84c00fa3a47045c628562622aae602dafb83dcc32a9a6c2654452b9ca9,0x7573b7d6a3d8d39ebd048b7aa15acb37326eebe3fa9b2e619adea2104a9365a8,0xeb8e2b9f05f302638648f0b931cc8a763e38d672d018b5a5075179ceb5f77ade,1;0,0x51a5df10c6fcd8697b5885cbcd642994c358220ee4129afebff1daf78c51f65e;0x4f2b8300a25266775a2dc28386d688a9081d954288272382ba9b38a48d6a4ae8;0x325cc5600e552ea639d9601d1667b0d651ad551aa2ae34aba12db4b847f30a40;0x46bc06db8e321f72346fab0dab2bf29b2e219156b2c8bfb53b4a27c60c2790aa;0x4e97e73f833a42a7fb3733347d41776dcedc6950a4ae20db93c7824ae2adedc4,4.531144,4.033203;3.453078;2.722571;2.654483;2.595464,512.0,9.0,0.0,0,0.0,0.0,0.0,0,2780610560,2780631040,1807.2860000000192,1555.3650000001974,5.928999999998269,2.383999999999373,39.68999999999501,107.0,703.0,1011.0,475.23700000002833,1666.5356000000743,6.4677999999998566,2.8724000000000802,33.71460000000104,107.0,703.0,1011.0,4.984097,1.691091;1.532161;1.67747;1.654946;1.45873,512.0,9.0,0.0,0,5.0,1.0,0.0,57896.0,2793242624,2793259008,1847.7070000000317,1734.4049999999945,6.069000000000907,2.4339999999999433,71.53799999999599,107.0,703.0,1011.0,549.4827999999785,252.22619999998307,6.6818000000003215,2.4513999999999787,29.820799999999426,0.0,0.0,0.0
