slots,overlap,sample,parent_hash,block_hash,state_root,off_first_ms,off_repeat_ms,off_bal_load_us,off_root_first_us,off_root_repeat_us,off_execution_first_us,off_execution_repeat_us,off_cache_first_us,off_cache_repeat_us,off_rss_after,on_first_ms,on_repeat_ms,on_bal_load_us,on_root_first_us,on_root_repeat_us,on_execution_first_us,on_execution_repeat_us,on_cache_first_us,on_cache_repeat_us,on_rss_after
64,0,0,0xa5b67a2bd552e6dfdf185e99e610faee8c307d67122eef872b357ee8f06fef14,0x795d4483527deaefd1b750f2ffe4c303fc5c47007a79b3ef2831a59183718395,0x652b15cbbb57b9f8291e9789d5ad9076e22f1451136f4bef7f51134d42305cf7,[4.974591],"[1.750119,1.377567,1.097195,0.909692,1.244456]",0.0,419.913,278.2756,953.0569999999999,125.9718,31.347000000000005,2.9065999999999996,2544590848,[2.394461],"[3.047386,1.780935,1.095402,1.045687,1.401323]",9.504000000000003,272.702,361.19859999999994,631.712,141.88379999999995,5.649,3.4387999999999996,2542653440
64,0,1,0xd4a1c815052729e5ef328638bab9b00b8f0286006d74f62e47470239d66c121e,0xd605f697b0cccfee1e50b1ed186647f427cc160fafba390fb7186400f6b7aaf7,0x9bba661203736f133971ddff0d03ab9b6e01d37100f199fa4b1cb289f5b4f2b4,[2.683347],"[1.94311,1.434223,1.172548,1.518925,1.290416]",0.0,561.6570000000002,306.7046,536.2890000000001,130.5728,6.979999999999998,3.4248000000000016,2547593216,[1.886535],"[1.56537,1.327402,0.91488,1.229263,1.010644]",8.283000000000001,268.92600000000004,268.56100000000004,564.5909999999999,138.5992,5.478999999999999,2.894200000000001,2553503744
64,0,2,0xd56a1229fe1d592b298af6e069cf25f9a9b9ccd5dfff8cd9306d78815a7046af,0x7c6c1f87b4f7556f84f7cc3f26f612817d09447d97a37b1194cdb4fb460488d2,0x0feac7001c48d00ec99e2faf5e66cb04b3147ffedc26aea90c1e335fed2c0b63,[1.944893],"[1.5215,1.059438,1.08081,1.131236,0.880878]",0.0,331.2890000000002,323.0731999999999,401.29499999999985,105.25860000000003,5.6779999999999955,2.9046000000000016,2549239808,[2.377305],"[2.59911,1.75052,1.060469,0.97454,0.933868]",8.953999999999995,347.63499999999976,301.2438000000001,504.071,227.8988,8.011999999999997,2.598199999999997,2556264448
64,0,3,0x1695806da385e6fd1b9cab01c604398f3eedba61eca5bfd2be0093f1e919aea1,0x42515af109cd5eab2e3d9f086934321d5093814c5600a79145aecf4c64d2a945,0x1a257eeb0fee0ab4dd65ad525c267ca24d94860c41063fd658c79b8bb7b0befb,[2.113206],"[1.196414,1.000299,1.137906,1.074621,1.095252]",0.0,302.7969999999996,251.52920000000023,557.7610000000004,102.41440000000011,5.177999999999997,2.211200000000002,2549858304,[1.86015],"[1.929559,1.045446,1.330736,0.929532,0.975331]",8.342999999999998,248.07400000000004,327.19739999999985,405.73100000000034,127.00539999999997,6.009000000000003,2.988599999999999,2556948480
64,0,4,0x60e8bf389b11ba640edb6133816a0f1bfd587f2ad80c14ed8ff36ef438d58354,0x58dbd397deed99ea4d7846ae49507c7e886cfe4526d6cdf8a1c29d8de624b976,0x61bd018633804e50ad6644a45d68df18842b374b8431c57ec0bdcf16930d60d8,[3.22914],"[2.79184,1.773695,1.400452,2.590556,0.944465]",0.0,417.7399999999998,475.33499999999964,539.0430000000003,257.94679999999994,5.368999999999995,3.3152000000000026,2551275520,[2.150733],"[1.915659,1.400381,1.301873,1.175703,1.05414]",7.801999999999998,298.02999999999946,346.0318000000004,456.88900000000024,110.4308,8.452999999999996,3.142999999999999,2553290752
64,0,5,0xe8d9434b85cb74c03322bb1006ae20345b5556e40a27d688244315777eaef2ab,0x866458496bcd4bd09d2832de846c4d0f9d07d7a98d650e3bbff7179464689871,0xe6964c09bd19888d7f9947a95c1b00c3c4047e6db09f0b23a1955645c70ab9b4,[3.433628],"[2.149211,1.018511,1.40628,1.194861,0.992297]",0.0,544.4409999999997,282.7642000000002,594.9670000000001,149.73960000000014,5.337999999999996,2.9964,2551877632,[1.714645],"[1.530848,1.143234,1.184506,1.18013,4.494648]",7.050000000000002,262.73599999999954,762.6100000000004,501.07500000000016,131.04159999999985,6.308999999999997,2.6619999999999986,2554195968
64,0,6,0xbcdd754c22e99137e445116070973a31dbc8a861e93247843967d9ae5647dde0,0x46e843e9ce349998faf6b7ccb36392c78a01f3b262bdc18222264957dff28b72,0x3814a53b33c5c3afa258e64b65bc91a9cd542e95c3a9a346c2aa552c1325af9e,[2.118855],"[3.700931,1.188112,0.878605,0.883773,1.084295]",0.0,357.55900000000037,358.2866000000001,562.5189999999992,124.20560000000019,5.748,3.0406000000000017,2552635392,[1.566252],"[1.344106,1.062332,1.403997,0.883412,1.036894]",7.672000000000004,246.6320000000001,400.4380000000002,469.74800000000073,112.33759999999988,6.2299999999999995,2.485600000000002,2556039168
64,0,7,0xb58fc62ae2af72ee348a231f00b1b7cce56dcc442fe78445c0d9b65724d6070f,0xbc006e93663bf0ffe50d69fb868d6f1b10d2ecbc8eaef1d29760c5c77b6595e0,0xc6cc5f3829f1045bc59e1121d5d9babacb739531c8137c08eb0ee590986be66f,[2.346188],"[1.812183,1.052747,0.97451,1.00119,1.062062]",0.0,313.65300000000053,281.8352,543.3799999999995,142.9736000000001,6.2299999999999995,2.541799999999998,2552864768,[2.037953],"[1.487633,1.033319,1.022742,0.889672,0.876031]",7.2210000000000045,311.0189999999992,260.2706000000003,629.7149999999995,98.44860000000031,5.068,2.455999999999997,2556321792
64,0,8,0xb9048767a41edd0b7492b78f14c5e5c99ce870e32ae8160767bcaece201052f8,0x329368459d9b11c4ff535d02311cbbc8c09d82369c4a5d7238a56dcb635bda88,0xc66f7a601e9c63ac2f72e5790ed01944a8c3c0a0a68bf928a5a2594c576b7227,[3.060265],"[1.864582,1.124686,1.027169,0.96152,1.283145]",0.0,345.3609999999989,302.0153999999997,546.955,128.05900000000017,6.029000000000006,2.804200000000004,2553683968,[2.072796],"[1.151426,1.086239,0.820132,0.938305,1.042342]",7.701,357.7189999999994,264.2366,485.7219999999992,91.50379999999964,6.168999999999988,2.5277999999999996,2556309504
64,0,9,0xfc2f77b6abfc7d06318c7cf60f733f3657a257bb950efb078768fe497ecd734c,0xa404cc7facab72b5cfbae0f1c2b933c88ad7fab059d92d2237cad172b8fa796d,0x8a3a7f553de8e6e924c2adb4f8feba425cb4417f63d8f848fa6db14ff85f03ba,[1.739654],"[1.552751,1.385539,1.2868,0.992056,1.013558]",0.0,348.77599999999853,330.3000000000007,448.04600000000056,114.69319999999998,3.6159999999999872,2.4955999999999916,2553913344,[2.418727],"[2.2217,1.303696,1.011686,1.092668,0.997394]",10.175000000000004,368.7059999999999,327.46700000000004,695.6440000000005,102.89519999999997,5.657999999999992,2.9701999999999997,2556743680
64,0,10,0x40c923434442fe3db8ad8987b0b0480c230ef1d339fb24dff0cf4a0d5e16a90e,0x4b782e77dc6ad884c2f80631c93967a9fa00a6ba03298b521f8062f5f27bc246,0xdfd3862c77abf0b9542aa41b7b3bc468724fce63784a90fc61494d406ae5b8f2,[1.590068],"[1.877401,1.202834,1.433391,1.005106,1.012346]",0.0,284.0490000000015,406.72120000000075,470.0989999999999,111.57419999999995,3.395000000000004,3.294999999999996,2554204160,[2.116391],"[1.366521,1.228272,1.424008,1.056313,1.020378]",9.044000000000004,314.45399999999876,286.2537999999998,667.6470000000004,122.08839999999985,5.6190000000000015,2.772400000000002,2556911616
64,0,11,0xc07474f933a0b57f38d0b378d359bf76bbdb13a86bb0820525282d7596b3ca42,0xb0d48ef7acd2a07851098917891bd6dd4209ceefbfa7357c87f4f495e9a1be88,0x4e545f1337f3a8cf7688513b97e4cd06a6e3e22196f9bdce0830131324403b7b,[2.140638],"[2.064434,1.249835,1.10072,1.175282,0.931865]",0.0,306.733,323.9864000000002,521.7469999999995,114.72299999999991,4.928000000000018,3.1143999999999985,2554368000,[2.218776],"[1.506713,1.212368,1.095431,0.978094,1.298578]",7.401000000000006,308.2950000000001,301.60080000000005,601.1769999999996,110.52239999999983,4.036000000000014,2.900200000000003,2557038592
64,0,12,0x31fc138831236fe8146c93b3ba9e83c670a3ad37b6dfaccd185885854ca3ced6,0x37e9fce5009e639ff5ac7aee710815b7317c5c86f4a9c011d3834126a775089e,0xf70f3ed1415a90f72b55c07f156607bd62b3ca0516e836a6394e8cfd836d1473,[2.481492],"[1.374553,1.408454,0.98143,1.369625,0.982562]",0.0,308.0849999999996,311.9602000000006,699.1239999999989,97.79139999999964,4.797000000000015,2.5395999999999903,2554929152,[2.490526],"[2.329764,1.158707,1.175232,1.177616,1.079077]",10.195000000000007,360.1329999999986,383.75079999999963,549.5080000000006,112.36139999999985,8.191999999999991,3.2148000000000074,2557308928
64,0,13,0x06ec8e66e07d2f1207377042ec2defcbe9245d2af2b539fb8692c1a03c9c531d,0x79b40f323ef20a26f98c5059d72728ed871688869c06525e58a5f969f612d659,0xe9382233a51bc1e0a9243cbb62892e341bcd559a71bc7a22b0aacfb7b87f5ac1,[1.953325],"[1.787656,1.043484,1.527974,0.947299,1.121191]",0.0,302.086,340.86759999999924,582.8390000000016,130.54299999999895,3.255000000000022,2.763999999999989,2555142144,[4.593377],"[1.183155,0.975702,0.86882,1.086228,1.053108]",9.253999999999989,327.95399999999836,263.12860000000035,885.5650000000013,94.02180000000065,8.894000000000013,2.6980000000000017,2556219392
64,0,14,0xaea4754dbf1c9cd5b94153b640284c5bec3f504d8a9d8e80257703f07d3c8806,0xb931711191cda3cb6b7013ce6f80899b50c0f4188ee993cbc658f55e8e3a964c,0x60d583e49ab6b2192f568b8699fdd087d368d6549e4b1e32f70dbdaad1718952,[1.702857],"[1.473231,1.34615,0.986337,0.919687,0.932606]",0.0,289.42599999999885,318.48459999999983,469.4369999999996,97.47899999999892,4.085999999999988,2.5878000000000014,2555506688,[2.257018],"[2.321971,1.359836,1.12073,0.967709,0.935891]",9.864999999999988,369.9279999999985,347.08940000000024,686.0640000000001,118.53480000000097,7.11100000000002,3.1908000000000087,2556563456
64,0,15,0x6a59bc22acc463532e3afdf39761eeab79111ca7e3f8a3daaf86705701535e74,0x157626db49021a6ad1d6004eb38f7e91598ad2eeab1e3543bf2fc9d5c28c8858,0x8e5eeabd497a456dc837100264cd1b30794ae742ff0959596a3bbc551a8b0dec,[1.937462],"[2.051554,1.088161,0.991946,1.026928,0.905115]",0.0,356.4380000000006,322.4763999999991,500.4449999999987,101.0224000000004,5.2979999999999885,2.5740000000000007,2556035072,[2.02912],"[1.383596,1.029893,0.919447,0.886677,0.929091]",7.041000000000002,332.7719999999985,276.7171999999999,651.1319999999987,103.53199999999993,5.338000000000022,2.535600000000003,2558001152
64,0,16,0x43e6c3daa4bfca8b244f44cf1c07df15791077b1fe916d0a1f218be72d8f6ea7,0x19de4f99283537931960f8b3894ba9e34b16ce4b62c5c6aeeb7c5163e3349558,0xdfa135359e2bfe0e98d8e39cca38735b76d0991fad02d9291bf65fcbcf9ac761,[2.173543],"[1.314913,1.114861,0.976502,1.271447,0.973738]",0.0,349.567000000002,331.7520000000004,547.0350000000012,106.03199999999966,32.13899999999998,2.395800000000003,2556190720,[1.857651],"[2.054338,1.174772,1.262383,1.308413,1.012497]",7.520999999999998,282.70600000000064,414.5120000000002,535.4070000000016,119.62439999999991,4.425999999999974,3.1992000000000003,2558337024
64,0,17,0xc6b1ce39a7c4931642522936e711ad07e6eda21cf051aa6107f1edcc20b94428,0x904b82425c5f1588bd02fee69c5fa65799289e88c174e36c48a374067419352c,0x7256472f9927f3520dbd3170b541e972a1e9fe54e42b855710acb548e94e8aa8,[2.505198],"[2.235541,1.183816,0.910824,0.903353,0.911615]",0.0,752.9849999999977,318.61860000000075,671.9329999999995,102.14800000000051,4.546999999999982,2.8384000000000005,2556780544,[2.768625],"[1.369676,1.126098,0.999467,0.914769,0.982492]",9.615000000000009,417.9100000000005,323.4695999999995,1053.2289999999994,88.83580000000057,6.029000000000006,3.134599999999991,2557276160
64,0,18,0xc35ecc4ce0fd030aaf8fe03ab75891a9f2bc76fc3997e982068c18776c014770,0x72d1810819267ceca230d6014115f4eb7a9cf0661b45441de23c737ebdc5c714,0x9044822a68afe3d13c85fac105be9e8967e041b82b4800c3400df24eb8b821ae,[2.293399],"[2.249903,1.488164,1.053168,1.01503,1.08734]",0.0,463.9300000000013,402.4228000000005,655.8790000000016,119.8148000000003,5.2979999999999885,2.8662000000000156,2557059072,[1.893426],"[1.478489,1.105827,1.108561,1.315804,0.843342]",7.280999999999986,292.9210000000015,293.76279999999974,620.1249999999992,105.21660000000001,4.57700000000002,2.650000000000005,2557497344
64,0,19,0x78281266538a490f2c8ef995e007cb674eebd057428a3187d5f03aad6f710641,0xe2b3d31b8931b85ab6d4328a417ca68fe069898351de73aafca34dbc59ca17f0,0xc07510ac93d10e271127b2b0c3066f8db198001d731a5b87223df010de02fdfd,[1.837631],"[1.973566,1.23383,0.97545,1.937211,1.294071]",0.0,279.952,355.6603999999991,655.3879999999998,141.0628000000004,4.116999999999988,3.6333999999999955,2558177280,[2.230088],"[1.230806,1.193811,0.861298,2.286317,1.063745]",9.904999999999994,335.96699999999953,346.76280000000145,697.2719999999988,113.34900000000009,7.401999999999995,3.1426000000000087,2559184896
64,0,20,0xff209aa4920c55139376b14f5376ca00c31f7cabeed583f5282d78b57a175475,0x4ccc4c25fc5bc59bb280d00ee0d446fa8422c09fef64e27fe34a810f96e47031,0x5c1500d23b6a4efe9d195efd96036c6d030d7b7871ab364663d7ff95094ccd97,[1.679102],"[2.016546,2.387129,1.097835,1.204447,1.190245]",0.0,355.72700000000015,341.61920000000123,511.8619999999983,171.86520000000013,3.455000000000027,3.1205999999999987,2555203584,[3.188929],"[1.403536,1.351769,1.141251,1.025086,1.05425]",9.66500000000001,344.7899999999976,355.00759999999997,649.2389999999994,102.53880000000021,7.972000000000024,3.3352000000000057,2559299584
64,0,21,0x280ee6ef86ef26bd81a5b47b33269e017d654d181cd28ca8315c684c7bf56d13,0x0ac438306cd8959c645fc03c3600d914139f0bad0dbeb76de03f6dcfe5917e93,0x246a7d2b8edac0cda5b4619341d9569f20b0c40683d4a20f95208a64738e63c1,[2.172145],"[2.363143,1.090995,1.20001,1.347928,1.451268]",0.0,372.4010000000014,440.42420000000027,557.7810000000003,140.7142000000007,5.7790000000000274,2.764199999999992,2555346944,[1.985925],"[1.293851,1.052177,0.932496,0.889927,0.90891]",7.370999999999994,329.0759999999976,320.0125999999998,615.5880000000002,98.91120000000004,5.036999999999999,2.5162000000000013,2558038016
64,0,22,0xd1bd823eec275ac0fad3cc7889fa685135381c53b3c28ebe1e606ceeb1a629db,0xfa2bcd25df0a60cfdb729f9fce414a1df3ae10098390420ad39bde2a0dfff0e7,0x43ac0af7edb207e3b3e776b20cb05f1bdda76d3ff327215706d1501533e54400,[1.902029],"[2.036601,1.092367,1.174752,1.068101,1.04745]",0.0,311.4099999999981,340.3989999999996,620.4359999999986,115.39419999999981,4.085999999999988,2.6883999999999806,2555514880,[3.187226],"[1.264397,1.236815,1.453532,1.172428,1.025447]",9.544000000000002,535.2470000000026,300.80359999999916,1094.3209999999988,98.55099999999949,5.458000000000014,2.433599999999991,2558169088
64,0,23,0x164391c378ebf43160623b1ff8dba15a6fea305feb0b38c6e51eca8a5b0121aa,0xac2def32b7ffa21fd7d5df30baef3e460fcb9c86deb8f178c1bb0c8053857324,0xd4ed6b425fbc9816919db3b1286134a35e831d6a6cafa7fe0dc6fd65df5c821a,[2.106867],"[1.928829,1.253169,3.069609,1.229695,1.023323]",0.0,360.47399999999953,612.9984000000005,578.6529999999984,120.44360000000032,5.759000000000038,3.5195999999999925,2560225280,[2.083001],"[1.449551,1.500282,1.108391,0.908139,0.805955]",7.8719999999999954,331.2400000000035,414.489400000001,940.448,102.15640000000026,3.926000000000016,2.996800000000012,2561024000
64,0,24,0x37822b3aeb03bdbe29166c6ac061aa6059019a5eef541937c36b84802758ef59,0xc17781d0a769df6586e02e447928c702fc0086f9dd0d9e8aa0f7e474b9b73188,0x4e7d9a9879d63e5a686383e30b938787f569d2aeecb7cec83ea20d0a0775ef8f,[4.849603],"[1.895238,1.050464,1.218447,1.161031,2.643772]",0.0,376.2169999999981,565.647200000001,670.3909999999994,122.17640000000073,5.287999999999994,3.0205999999999853,2557136896,[1.970707],"[1.475856,1.238658,1.073599,1.074481,0.914479]",8.353000000000007,355.7459999999971,338.4803999999991,626.8650000000008,121.05859999999997,5.208000000000036,3.268999999999993,2565111808
64,0,25,0x88e3d71fadd698829b85b5431636e85d0438ae0866accd6aa42644aceb5eb58d,0x2b6f361aa3a171723ef63fda631be85633383bf7b5d5042bbb165256d7aba091,0x4058172776ee34a211df0c212146820777d96e2ae7ea0ee56a3017ad8d26589f,[1.811342],"[2.031984,1.135923,1.165187,1.047149,1.142572]",0.0,334.64500000000146,355.3417999999989,581.1869999999969,102.25620000000046,3.3550000000000244,2.986399999999989,2560225280,[2.242893],"[1.324517,1.234431,0.924044,1.000969,1.002231]",9.704,339.6229999999972,311.3115999999985,655.217999999999,99.69819999999935,8.372999999999996,2.6960000000000135,2565279744
64,0,26,0x8c09dbc5f2805c41fc41d275f7e930c57f37a5b23be4fa611bdb5046fd47df55,0xcb9f835c44707c7f166cf6829931a9d2b6dc87e2917eacebad69474c3e3eac0a,0x09c5095120cd02e0385bf12c4830d07a930e9c5457aefbbdcf2e46322bb1b68f,[2.438486],"[2.01606,1.444077,1.079247,0.889992,1.003744]",0.0,358.1600000000032,358.84699999999964,622.7990000000003,109.99400000000077,6.389999999999998,2.6739999999999924,2560311296,[2.360389],"[1.396105,0.993118,1.003623,0.883251,0.971695]",7.3209999999999935,423.6790000000032,334.77080000000046,973.1269999999972,105.65940000000079,5.907999999999999,2.892400000000005,2565365760
64,0,27,0xa82899ef5ca3617549d3cddf7483aa5db0df457640427d641e9c25f3840bcfc1,0x3835322c43b847e16ad281dcf5dd1d885318a9dafdf352c4d1c69d3abb660fbf,0x75335e4f07b8973fb9b6462a006ab364b8b87553877514b014ae468cb1a2b02e,[2.238184],"[1.445239,1.032267,2.169256,1.292904,1.076963]",0.0,378.220999999998,321.8732000000002,606.3739999999998,114.82279999999872,5.728999999999999,3.188599999999985,2560385024,[2.546841],"[1.93021,1.13386,1.036793,1.192182,1.133449]",7.530999999999993,308.33499999999987,406.13420000000093,1475.8049999999967,113.96600000000007,6.4299999999999775,3.359000000000001,2574794752
64,0,28,0x9e54d8f02dbe97ce424fcdac14c32a1152548680b5c8e630c550a64b28190cb6,0x9b36e3b267783c98ef47640926af54e64222bc4e7ec008b08419d76cd4288c26,0xf1c2784da75f739aefe438cbf49df5dba2f5fb5169e72567c9fc4e16a5e47d00,[2.643771],"[1.443797,1.031576,0.966958,1.10776,1.062852]",0.0,343.6980000000034,336.112999999999,813.4060000000027,91.29579999999915,4.045999999999954,2.403600000000028,2560544768,[2.396703],"[2.220708,1.091546,0.946537,1.169234,1.447232]",44.887999999999984,385.27000000000004,324.8797999999997,714.4869999999997,165.5214000000016,6.448999999999951,2.9203999999999906,2565697536
64,0,29,0x47eceeb180bbbc2540b2b8090b877552511037a81c0432e7e1cbbcc64bbc1a47,0x0ebe9f2e8b81ebeb0905c7277c60a803667e04f0ddec1e404521116a1b0d14f4,0x2b042ecdcd88e9d157715bfb285c7e059f81d3315f1026b297b4e286747b9a2c,[2.243403],"[2.325486,1.322864,1.092858,1.098126,1.029292]",0.0,452.51200000000216,342.7727999999963,682.7900000000026,115.87880000000078,4.80700000000001,2.956599999999997,2560880640,[2.68607],"[2.122605,1.517097,1.405926,1.66495,1.126198]",9.875000000000009,437.9200000000014,410.2465999999999,981.0199999999991,132.88020000000037,6.730999999999947,3.287199999999998,2567458816
64,0,30,0x13b1af3271d472e262e93612685026941278a2b8956d21459104b094b501a29c,0xae84c9ecb6e76ac805e0220bc2759dcda79f92d3600aedb09eacb91f4ff2504e,0x483bf17a72af98eea6e452d193a015426752fab3d03c2e34f9ff1bf0a5dbfef9,[2.021838],"[1.914537,1.626862,1.139738,1.14732,1.026067]",0.0,367.4240000000051,358.70919999999865,637.9820000000022,132.4178000000009,4.567000000000026,3.258800000000006,2561052672,[2.710076],"[1.923279,1.252559,1.252478,1.352335,0.894519]",10.205000000000002,368.26599999999905,397.67759999999595,963.9339999999996,131.01339999999905,7.351999999999967,8.242399999999977,2567561216
64,0,31,0x9066219862fb0e9d061da3a3eb90aa13025325f3624bca9f729b3f7f42904e11,0xa3aee7d08ea5a1174d0dab567f54072b4d63f291e6a0c9129d6de95cf5d0ca15,0xd7d75fa55f7b5e4a7d6f7871e618e098626d33ed652a3d695d646db5da2d847e,[1.73777],"[1.275353,0.984474,1.100369,0.908179,1.450466]",0.0,430.10799999999847,326.05339999999813,448.0749999999992,102.21040000000097,3.095000000000051,2.445599999999974,2572435456,[2.391986],"[1.691661,1.073418,1.100499,1.025406,1.0012]",12.087999999999997,523.5989999999996,345.5247999999994,728.9789999999977,107.39980000000065,6.420000000000037,2.8421999999999734,2583515136
64,0,32,0x4122d6b78e4e6e03cc51b2e252ec5f28c68def263449d63a382689324ec15d16,0xbc5e330ce9a102dd08a22f7d206e4374b73ff10b0d421dbcb8c7b8f4aeadef08,0x8128f510fc577d18df6ccd1b6081d07004fa59d84be77d0d55cc524f2e21b7bb,[2.401681],"[1.298938,1.184396,0.972386,0.92196,0.86196]",0.0,421.5449999999954,313.57880000000006,715.4080000000007,94.05560000000091,5.518000000000038,2.4497999999999753,2572619776,[1.796599],"[2.132205,1.131316,0.93536,0.898725,0.912316]",7.6809999999999965,384.64000000000556,354.45219999999944,500.06400000000144,110.12400000000034,5.5780000000000065,2.914599999999986,2584182784
64,0,33,0x092f321541dbd6fc1f21b972cf870fed196938138e9789fa3945b58210bdf046,0x1ef2f61ef344b17892fb7bc6c9f48b40768131faacd35fa0678696878c484372,0xe8f501b8b6056ba839f6ca36113d376980deef541f44b8d26a78cd478b8b433d,[2.093606],"[1.549396,1.305418,0.945455,0.961019,1.011095]",0.0,387.3739999999959,349.2926000000035,554.8559999999994,95.0112000000003,5.278000000000054,7.375000000000003,2572640256,[1.900886],"[2.674463,1.290255,1.075281,1.14763,1.169754]",7.049999999999982,339.41199999999725,407.64239999999955,717.5719999999997,176.93679999999935,4.706999999999954,2.6638000000000055,2584481792
64,0,34,0xdbcdd6b333f54f24a698dac4483ad295f388911c0b95d17bc75c66db7896c6aa,0xed2343728576cff59e0d047f97111e8459bbe6504130fa40407852e49c1e6590,0x628a88ff19a11a3d999759a679cb8fd643e1a6f45586e5a5035a8477e4ce8990,[1.585771],"[2.096642,1.087069,1.029442,1.083003,1.363035]",0.0,315.90600000000467,343.84439999999853,444.67000000000115,151.22219999999936,3.494999999999952,2.8965999999999843,2572836864,[2.703225],"[1.380502,1.108511,0.971875,1.11462,0.948089]",9.865000000000014,417.61899999999406,337.85139999999996,840.3069999999984,109.75320000000121,5.5489999999999835,2.215199999999989,2584780800
64,0,35,0xe659751c6af4985fcf5be076413d37f36838d98c707bc5339bf17f0484b85664,0x6948fa565ace48690f346f3410284e2a73e37fc214ad19e5bf6779825ff509c9,0xc97c98814d23bd155e35c94fbc7e8462dc364dbf4174fc7191024e2c96306e86,[1.819378],"[1.254752,1.126709,0.910062,0.950373,1.442925]",0.0,391.62099999999475,393.3191999999974,522.3869999999991,94.11399999999931,3.384999999999955,2.237000000000007,2572853248,[2.443064],"[1.692442,1.011254,0.965196,0.918435,0.936983]",9.553999999999997,393.55300000000483,340.57160000000033,601.477000000003,101.89159999999947,6.389999999999998,2.5637999999999703,2585108480
64,0,36,0x95406621a4fc86a6ea73671d518488b08e598bffc723b9aebb4d6cb5e1c4a023,0x2ce9c34e02cd8e0a0e16f83db5f18b9c4ded030dd2a508050689a28e15e46565,0x8938f8074c5ddbba789277e96115ef4a791f2269dc787ac740db870bb2f1545c,[2.201099],"[2.026135,1.382515,1.179669,1.155683,1.069933]",0.0,391.87100000000197,402.2385999999989,695.5890000000034,160.00519999999906,6.008999999999962,3.0349999999999953,2572992512,[1.638761],"[1.482786,1.076754,1.099458,1.041721,1.232087]",6.970999999999985,348.70600000000417,355.7102000000006,471.1709999999994,99.29199999999945,4.425999999999974,2.5122000000000035,2585219072
64,0,37,0xaeb7227e37a69caeecf4d960c6024c5627f35c9c32c666da05ceac9d849ad0dc,0xabc5815340d1fc890f1428cc33582f5ca53b4c9e1d7bd3c74a11eee13eb7d452,0xfa03424c726c42a43178a4c2d6f98da6ad10fde2c67da10e595c420006d29333,[2.414045],"[2.061398,1.071035,0.925105,2.305916,1.274552]",0.0,371.6700000000045,639.1177999999969,788.6090000000027,154.7029999999991,5.608000000000045,2.8281999999999696,2573205504,[1.94642],"[1.433872,1.06791,0.906617,0.953588,1.075442]",7.802000000000004,534.5459999999969,335.4962000000017,558.6320000000034,98.83879999999928,4.6970000000000125,2.6615999999999924,2585309184
64,0,38,0x7bfa81b2f5e603cf75ca447b5f47cb35650f555452bfa6a3eea041bd35158361,0x42b30ea75af18c3d012502a02335949972da352515a8718afa11482ed79641cd,0x3d99fa061b12720fe4921ffdeb5017c745ee5de8bc2427b9885afbd709c48679,[2.221529],"[1.719498,1.208663,1.155012,1.006808,1.095301]",0.0,398.09999999999843,351.8467999999969,650.0399999999976,111.5484,5.106999999999963,2.950599999999989,2573303808,[2.03637],"[2.621938,1.201862,1.303105,1.450648,1.004224]",7.841999999999984,330.3580000000028,446.44900000000155,635.4979999999982,140.7764000000006,24.267000000000017,3.6315999999999997,2585530368
64,0,39,0xdf4e86459b4e5698c3469ae09a4e86b327b79fd65b42c3beb90189464a7190d1,0x083448a4f5b62638ce95910754220e93da704cfbaaa4ec57d85b9b0705609d5e,0xe867c4a1f907a552a85104ee2fd1f3befa335f8335867de4b32ebd18c771bff7,[1.633243],"[2.390004,1.061611,3.205093,1.639342,1.125476]",0.0,311.25999999999374,375.2017999999996,558.6730000000026,119.62259999999948,3.5050000000000012,34.90679999999999,2574774272,[2.452548],"[1.35285,1.25304,1.549006,1.215282,0.973478]",9.153999999999987,363.7390000000018,391.8545999999995,655.5680000000023,107.14160000000055,8.521999999999956,3.030200000000006,2587168768
64,0,40,0xa1bead4a6e4c6d90b63fcab76978558e62f911358cd9d544257ed9041ebbc96f,0x72d6a91df9eae4f16e74db24d81d69bc798cffa78b888d14b4e0d8a9de8a81c9,0x2b11434e91498a04ba9c49dfc4a6f66c7c8d07b6e22bb0c5082f2962c3572035,[2.336403],"[1.754064,1.10743,0.997574,1.149974,1.002312]",0.0,381.5159999999984,354.3902000000015,577.9819999999977,111.57799999999968,5.177000000000089,3.022599999999995,2574802944,[1.935979],"[1.323405,1.769117,1.24039,1.046037,1.209644]",8.481999999999978,336.60700000000264,350.165999999999,559.6340000000033,153.19299999999868,5.458999999999976,2.7642000000000246,2587488256
64,0,41,0x819522fada5c7ff7b9e293ac378f7470858d5c2f09a4130c5b66813a7bfa24eb,0x978c6e50734d29f76d9e8dfde2b7e4a10098bd6a82928151ca770461fad00ef5,0xec874ab53a3c95479b6f9eac0cdf52f8f345df4d2d0e602ae8b375ed41dc7433,[2.234149],"[1.361502,1.101932,0.997645,1.129062,1.959014]",0.0,435.5770000000064,514.9945999999989,578.3020000000027,101.12640000000117,6.780000000000067,2.4098000000000606,2574856192,[1.857601],"[1.987717,1.17359,0.970924,0.984174,1.020369]",7.241000000000008,451.50099999999304,362.09019999999816,493.7149999999987,102.73479999999974,4.947000000000046,2.8945999999999747,2587529216
64,0,42,0x3c5721683e51104c668ef68eb38438e72c26b36ae2e7293c577cb207bd64ca76,0x2ecb2076bdfb9e898addfb009f0c8f8d57b9a32d3369e20e39e1ee3be9d3c896,0xc295389025a0aec56f37ad6043250b66663b414a36e08273b62c0b2cdc86147e,[2.091443],"[1.450297,1.066668,0.998054,1.956309,1.202724]",0.0,618.6229999999987,440.96059999999824,612.5030000000004,104.33119999999768,3.975999999999936,2.5777999999999737,2574872576,[2.30787],"[2.399369,1.924752,1.334272,2.33793,1.267251]",10.195000000000007,410.3079999999981,412.63220000000155,666.2039999999967,202.46919999999946,7.089999999999961,3.733800000000004,2587553792
64,0,43,0xe9351ac1051ceca324ac5d5efddba3e47666bcbdaab7b42593b085af600ace19,0xab09021cb8bfa3156245b1efdf6f17958fe614904b92a6f763e4dcd1ba149bd3,0xd5dbd13302152179530a59dce1ec5244d3fbf428f453c628a8788440b40e73bb,[2.941525],"[1.912905,1.078005,1.181081,2.117622,1.693343]",0.0,556.9500000000005,586.4884000000014,1095.5019999999981,139.11539999999917,5.278000000000054,2.9748000000000014,2574966784,[1.752202],"[1.632962,1.170125,1.023964,1.480943,1.581024]",8.482999999999993,373.9839999999939,436.2255999999981,525.8529999999997,118.87899999999951,6.469999999999957,3.7016000000000178,2587586560
64,0,44,0xa18882c618c3ee9f1626a94606d0d1ce38848f50f5e9a6a22f3dffaa61dcdcbf,0xda7fd7b841c307e24d73bb251958d0cb133c7bfe64f4e231be01d80f2a96892b,0x3ffb18f1b3170cbf44f5b3c6247beb24e38ca38b969855f610bcbfeb183dfe81,[2.186407],"[2.199857,1.364327,1.016803,1.201137,1.078707]",0.0,546.673999999997,421.1170000000014,618.513000000001,111.56420000000139,3.2149999999999888,36.80100000000002,2575052800,[3.448139],"[1.375835,1.105838,1.422405,1.130795,1.050283]",9.593999999999976,461.4359999999956,356.63579999999916,1721.3849999999989,127.56439999999925,6.448999999999951,2.6056000000000212,2587639808
64,0,45,0x89ee0aa6bcae201f51a0d8daf45c4ce0a301c5247ae7ad8b50d656df87ddbcfb,0xae06ad25cdcb547f02ffc0bd9ee54190c0c940e244093c5aa6a4581e2478a02f,0x333cf83d324f0821dbea2bb8f02cfa905308a7a36e68ae7c72c6fd779e894c48,[1.851932],"[1.846264,1.154561,0.956021,0.896321,1.192618]",0.0,370.9689999999988,381.8237999999974,587.7259999999967,104.32140000000007,3.0250000000000328,2.9446000000000248,2575130624,[2.775354],"[1.333731,2.049851,1.072186,0.930393,1.184511]",9.82400000000002,399.77300000000605,352.2529999999968,727.1360000000033,100.78180000000076,7.381000000000098,2.517600000000045,2587725824
64,0,46,0xa8c63fd1d89f7f25a90378787cd44725917d00dccf890b5c8d10419a21a347aa,0x1c08edc98bae84afb7cb1ee28097ea26b72af7fafce86a249ff3f576902f4c31,0xe614a0b6d001e3650d89baa654bb590992948856076907f5aaf224ac93caea0e,[2.330144],"[2.348291,1.709578,0.979186,1.156223,0.944884]",0.0,352.24200000000263,437.2472000000016,664.0210000000008,95.26159999999895,4.015999999999916,2.387800000000018,2575392768,[3.046033],"[2.449413,1.43883,0.996001,0.963854,0.925565]",10.915999999999976,449.29800000000074,471.66500000000167,806.3660000000028,106.614599999999,39.91999999999993,2.8543999999999703,2587832320
64,0,47,0x121f0f28db60774f8e7fa4f4d75c92e8d6878a74df10c287376ad06465a5e219,0x026e85f261ae7c1f1aaf886531a923845bf826c6ca5d348e750d163fb485211c,0x1e8711d92d8b7fe72215e6cce9a951f4b971ea580c95c041ba634d17b092fa81,[2.121629],"[1.383907,1.30681,1.217085,2.102455,1.268633]",0.0,360.5629999999943,575.0050000000034,515.3379999999971,108.28519999999952,3.1449999999999707,2.8002000000000065,2576920576,[2.516514],"[1.994408,1.108342,1.115347,1.43951,1.012447]",9.703999999999974,485.28200000000356,401.2669999999996,843.7719999999996,176.28400000000016,7.000999999999969,3.084599999999974,2589450240
64,0,48,0x0f0dc73f9c517b05697749710eb7d064cd1d2ada1c646d3cf66c6997b17a80dd,0x009c46ad5d84a8f70ca8fd4689c01496157c4c5877f39b6ac2a9956842ec2a6e,0x4f7cbb23eb0c8dfa885305992b0d00afc1af3f4776c3b37c831d90adae05235f,[2.68936],"[3.048176,1.925944,1.194211,1.423827,1.128782]",0.0,476.8089999999947,641.7997999999981,721.3179999999986,107.76460000000016,6.249000000000055,2.644200000000022,2573058048,[2.827834],"[2.230844,1.547053,1.241933,1.082011,1.125407]",8.423000000000025,753.3559999999967,372.2573999999978,552.3179999999961,135.45019999999798,5.367999999999952,3.358999999999958,2589794304
64,0,49,0xd6cabd1b8fa7df29cdb8a753e0044914964e78ff2300f2802a46e3fce60970d5,0x57120e7f4c7ac0893f38771f39c8405763cd01570d8c4ce94cf89b5bce86dd6c,0xd3ca65a665a79f9f0e23558210fbab1058c2d81cbdcc2749be45189d05adc047,[2.648354],"[2.582544,1.257786,1.440892,1.10136,1.004234]",0.0,614.1560000000046,363.1735999999997,545.061999999999,148.1514000000003,4.686999999999964,10.145399999999997,2577088512,[2.088369],"[2.213558,1.348824,1.190535,1.138537,1.050304]",7.461000000000002,391.9609999999962,387.02800000000036,695.0780000000018,141.0008000000018,7.450999999999898,2.9786000000000397,2586734592
64,0,50,0xfa11b30f1c4dbafb1ddbb6da56555330e2f5d4f13ea1cddcdc281359d2a26391,0xa8fd3e698c0b4b76667b3ec311e42e9e1520ff3431d4bdb473ebfdf6fbabdf4d,0x7779e572d11a0aee985cd922012ab0006eeccd7c643b0f2aa4b63a56af6aff59,[2.354781],"[1.697409,1.126108,1.028411,0.92202,2.868746]",0.0,410.61900000000094,372.4954000000003,776.1299999999999,112.91039999999919,5.688000000000004,2.972800000000013,2573176832,[2.821434],"[3.420568,1.357226,1.307582,0.941971,3.045698]",12.068000000000007,584.7920000000006,482.3149999999998,718.434000000004,185.85200000000023,5.657999999999965,2.7102000000000204,2586869760
64,0,51,0xf021f9d94335733df4359e0e033eda71cb2f1792f64e6824669c4a413e2f39ce,0xc6f4da6be0032f3e264e4161e1aabe7cb9704a048790bbf8d05f929989561d02,0xcf91e066935df4311c30a5a1f479b70dff2e56bf3f6730c3dfb6ccb55befebb4,[2.100657],"[2.146687,1.690769,1.151676,0.978746,1.046343]",0.0,618.3020000000012,411.9051999999984,599.3439999999947,144.79260000000158,3.9059999999999184,2.9919999999999685,2577756160,[2.370024],"[1.565476,1.470978,1.216384,1.038276,1.029413]",11.157000000000028,421.99599999999396,340.3210000000018,594.5069999999942,136.62180000000023,9.043000000000028,3.102599999999997,2590519296
64,0,52,0x00a488804c42af063e140284496bc2427a472eba3ba20a5e0fc018d4c6a96ad2,0x9c2e2cb905a4a822bb22364a056cb3f316d8db446bfa61b4ae53a81812116769,0xecef0f13e56591e754bf6f12769fe6a4dd95545acc8ddd2705da967803b48bac,[3.109904],"[3.131432,1.970702,1.463758,1.477568,1.227571]",0.0,525.8229999999947,453.143200000003,683.4609999999964,207.35279999999912,5.348000000000072,2.74800000000003,2578980864,[2.154633],"[2.173137,1.290026,1.155563,1.435464,1.145928]",8.522999999999973,397.91999999999604,423.160000000003,849.5210000000059,128.60379999999896,5.358000000000012,3.853799999999942,2591068160
64,0,53,0xc6d5722ee86a41889936742c6e59b63bdf652334f8198b1b2a02939d39857c64,0x3f19bdc69a7af00abb5beef0ef6652ce91e8ee55331092f4614c2e9251370056,0x33fec4795d272e617e89492674fdb479c87404fde083abc96ded36fd618585c2,[2.090683],"[1.761766,1.254041,1.096644,1.046488,1.078116]",0.0,459.97400000000187,369.0627999999946,564.3810000000027,110.66880000000224,3.624999999999939,2.674000000000036,2579783680,[3.065132],"[2.166417,1.315174,1.149153,1.105186,1.062027]",10.024999999999986,624.821999999997,371.1375999999989,649.428999999993,119.14600000000053,10.335999999999895,3.24899999999996,2591477760
64,0,54,0xe6b3d28c23ec1e1b4566decb8a0188f8aec9e1fe14f51ae59130f5a0eebb8bb6,0xf24851472cdb59fc4a74603de313ef2a54563f5b64444477ea6c96a7e0530296,0x91fe33425bd8d73095f8e7ed701b35407241ea0561ed046b6b8eec87113489dd,[1.878072],"[2.104144,1.463657,1.659212,1.093399,1.254742]",0.0,350.5279999999888,504.6970000000039,580.9259999999955,103.7725999999961,3.745000000000094,2.808200000000002,2580561920,[4.937676],"[1.435415,1.179509,1.007709,1.007259,1.086489]",9.965000000000018,476.1479999999957,366.02619999999695,2674.5529999999962,115.14159999999885,8.823000000000034,2.5959999999999788,2591670272
64,0,55,0x396ba3065400b9406f76d3de001d017fd858d3bfa95749fb419eb840e9cac18a,0xac2bdd24db0a020cdd43e31ff7adfe667110ebdf5fb0ad706cdb3afa406b43fe,0xd953f8e09c348d67dfa78717145f1c0b4afda132d4ac0fe283ce2a7de9fa22b3,[2.331827],"[2.004763,1.246881,0.940989,1.034239,1.033048]",0.0,370.2479999999897,357.23260000000147,590.33,118.01000000000172,3.5250000000000994,2.3533999999999966,2586370048,[4.373025],"[2.203954,1.302334,1.095052,0.950704,1.234161]",10.315,616.5800000000055,466.85959999999966,714.2370000000064,116.02720000000177,9.585000000000106,3.0168000000000554,2597400576
64,0,56,0xe3435910ad54e14307091a8f29f0f658e0a8bef4ef179aaccfd403277f39a504,0x6c4846d61486428a7814969d908835b74d17cedf1193fd6419cf3c9d349fcb9d,0xf3d2a3fed3d9940ee7df2a3663d528fcba88ed750ec04445aa19820c7fe92d1c,[1.842348],"[1.44258,1.209605,1.099889,1.159859,0.962762]",0.0,457.7900000000135,413.12099999999964,512.953999999996,117.47500000000299,4.186999999999897,2.4112000000000178,2588397568,[2.260709],"[1.83672,1.159669,1.340461,1.087009,1.053569]",10.51600000000002,411.84099999999614,393.5812000000066,539.574000000001,157.32920000000317,6.219000000000016,2.9401999999999986,2599555072
64,0,57,0x104e65738157d5c0627d1a16efe0889ce243f4b31390e38e86edcc3f21ee7ba4,0x5973ba92db0b78ceedfa45413023178ee3ab81f12af1c6b6d496b8d5d794a503,0x7f9cbeef72c9557e6bd591e683ed7b76272a319f96d86db75ec9746e8865757a,[1.993706],"[1.633413,1.087069,0.90818,1.02103,1.27963]",0.0,342.2359999999958,410.6251999999977,611.1719999999932,92.42160000000054,3.3150000000000452,2.46959999999994,2588737536,[2.785049],"[2.031593,1.085767,1.052047,0.976423,0.942912]",10.536000000000008,529.0569999999994,363.08360000000266,663.5110000000055,116.43159999999986,8.542999999999962,2.826199999999982,2599940096
64,0,58,0xa86bd5a67bbdeb2f3cb7a1ef222973dabda58415855376b7d89ff61ac614796f,0x52b6d2574c0a14ac51ab298cbc4ed0758ed71d62a0aaa03ab3f91e6b3860e4d0,0x61253bb162bf65c68aa5fc8dbe5b970394dce37e627d309f2c1c2ae9bec50f28,[2.050823],"[1.75777,1.285509,1.104035,1.34643,0.952236]",0.0,478.97299999999365,428.7086000000051,692.7149999999965,130.94939999999667,3.816000000000019,2.457600000000011,2586501120,[2.747413],"[1.750815,1.107069,1.208613,0.938456,1.406181]",10.185000000000011,472.29200000001305,472.6190000000019,692.7999999999935,91.29140000000147,6.380000000000058,2.3054000000000214,2602065920
64,0,59,0xb88e2f56d9fcab8255557f7c55aae0b1592bc331d956d50ac482cd9ced7e5efa,0xa29dd2e2642af858f3f12a3111f59cb663509cb73babef38a84479ab87518d6b,0xf66624c13566554cc5789f93cd59a96cdbf389e112bc8f24193fb7c9111c5dbb,[2.503726],"[1.732272,1.246649,1.048211,1.144246,1.091937]",0.0,725.9649999999951,398.13419999999985,676.8810000000042,107.79659999999858,4.766999999999922,2.726200000000012,2586669056,[2.060512],"[1.364458,1.287291,1.04065,1.059147,1.165117]",7.92200000000005,364.1990000000095,409.9522000000022,653.4700000000032,103.37019999999976,59.22900000000005,2.4558000000000044,2604355584
64,0,60,0x8d9dc09412e10175151756e710ca37951702a5d96912a4966b9f0bd8fce3559f,0x1f45c1fdcf05558048577fce4f70f67d88190da920d3f0d9764baea1b4653228,0xbaad19293712d7c88103c95596d2b16c46abea65b6e65cabe1bc45c4d6082414,[2.263092],"[1.457598,1.294832,0.992106,1.022993,0.982782]",0.0,360.65399999998806,350.56279999999276,601.7170000000016,112.37380000000131,4.155999999999952,3.100600000000009,2591526912,[2.385948],"[1.877681,1.112347,1.046638,0.985596,0.996112]",10.504999999999955,532.6240000000093,372.6459999999987,707.0460000000029,120.90439999999924,6.761000000000093,2.8041999999999825,2607333376
64,0,61,0x4f06b9bf5becbdd374de61360179b218c16f59b6d02c8503e1e19f4bfceaaeaa,0x3c570bd887b5234d9c581deb2d555256c7dfa27e9cfb8b83d8099252563cf9bd,0x9a58d8501f00466f2ac9f4f19444db534f21985a800c824a348a827078ef1b11,[2.285807],"[2.017742,1.199198,0.979667,1.085236,0.964495]",0.0,482.7079999999984,376.04299999999813,663.9410000000012,109.46520000000015,8.834000000000099,3.168799999999977,2592215040,[1.749078],"[1.520893,1.164516,1.157065,1.125067,1.102873]",7.2810000000000406,351.9810000000012,354.59660000000116,589.6400000000024,94.28819999999781,4.186999999999897,2.4937999999999523,2608226304
64,0,62,0xc2c782fbb6dd9a54d1889efd8fea60906f499074da20701df2cf2be808db6eef,0xc70ca36891ddb854c3118e7e926996d699de1c9b02d08e0b5dc22f6f3bf0ecc5,0xff7d073d0641b897b93b1b1ab181ef84aca4a7aaabfbbcf2b05ccc7d3be27448,[2.526199],"[1.433532,1.138788,1.338709,1.168032,1.031225]",0.0,481.2760000000027,389.65980000000286,842.2700000000061,104.17300000000185,5.369000000000077,2.541999999999996,2586898432,[1.689678],"[2.180879,1.112628,1.394203,1.04804,1.139619]",8.062999999999994,393.13299999999,434.55939999999526,551.2109999999959,115.40199999999778,4.18599999999999,2.8503999999999943,2610196480
64,0,63,0xf764eed0be02e51130b1cb31296bf51f5c7d09f3dbd679430cae0df6db0b73b6,0x1815f35d8f8f54d6140a77bab580097a2b8ea96444c2449c90591853692b8d45,0x90f9ccb2e920d630a38e2c124fb452bf20a2cfdde38f4193838f391eba06b01a,[2.052035],"[5.55709,1.325328,1.154801,1.042171,1.428353]",0.0,378.0710000000076,472.9213999999926,618.2629999999939,117.26700000000145,4.256000000000008,2.9445999999999812,2587082752,[2.117504],"[1.646904,1.324557,1.350537,1.029162,0.98184]",9.24400000000005,423.4989999999938,369.4890000000006,583.5000000000007,115.251600000002,6.860000000000026,2.798199999999931,2613563392
64,0,64,0x70e827727c162ea65d777fff5d0e0f9b1854d23f077739ae4e2bdc738d113e13,0xda94438a178f6c5c80ecbf34c5be006bf85c401e0aa022187f1331db9a235748,0xfb2ffc421ad6c1fe1571df46b5fcf7d47bbe62f0eb311ae4f6533ba73c3095ec,[3.046164],"[1.694185,1.118777,1.041951,1.155543,1.000358]",0.0,414.3050000000037,361.0642000000053,621.4370000000025,95.49799999999942,5.217999999999976,2.599999999999998,2597261312,[3.951579],"[3.659498,1.190716,1.502166,1.067339,1.057314]",8.232000000000053,2196.0520000000038,731.1966000000003,475.8480000000009,115.10359999999942,4.988000000000041,2.8844000000000523,2615730176
64,0,65,0x6be4faa3457acfb801a212264b8917c86328471f53e80dc7e9bc6e16098d6ca0,0x711a57236f43813abf987e6dd20c5efdda6ee68c756949915273d51607982a46,0x3c05f06d706c1b3b46748b1fc86975d62c7be263e92b43b7b3bb673e2c896f16,[2.608494],"[1.870801,1.221151,1.33934,1.531079,1.177676]",0.0,460.9949999999918,428.86060000000276,804.0019999999981,122.10019999999989,5.447999999999912,3.2954000000000403,2598277120,[1.921548],"[1.384788,1.202314,1.145617,1.120379,1.508355]",8.293000000000037,366.8940000000065,433.78019999999464,679.6149999999946,143.3720000000027,6.951000000000049,3.2386000000000132,2618011648
64,0,66,0x4db14f249da00168eb17c425877f98c78986395f83b0dc7c941d562f4cbaa1b0,0x94ff1a17ad0b40c2d77a68c022572461502fd16173c9a55e4467594e581dd853,0x87f780d0f3923dcbe138a54f51b65bc83c0b370514fadd25caa48163f2058e69,[2.405858],"[2.108079,1.434428,1.563628,1.08155,1.067379]",0.0,461.4659999999937,526.9267999999994,643.9810000000018,128.6539999999975,5.3880000000000505,2.7782000000000497,2598985728,[1.895639],"[1.308453,1.23683,1.073639,1.022923,1.211256]",7.200999999999974,428.75600000000236,373.41319999999456,549.9800000000055,109.29640000000018,4.597000000000064,2.699999999999968,2608300032
64,0,67,0x885e2f30a8c95a16212bd803085db68fbe2dee16d29a16127b3163a7e9d57487,0x43c8cd0cecaa4be9a84e32547db6e219059579127187063cedf137fdd046733d,0xd595ac0379f8e0668e0907b4025fe2f86f60ceb475aee6a99407febd08c57b5c,[1.842478],"[2.049551,1.24006,1.123855,1.096013,1.074911]",0.0,403.2890000000011,423.29640000000614,599.6639999999998,104.20899999999956,3.385999999999971,2.9865999999999486,2599374848,[2.404015],"[1.453692,1.248172,1.08792,1.142603,1.123815]",10.575999999999988,425.58200000000767,415.21620000000706,578.5029999999941,109.24479999999959,8.53300000000002,2.7901999999999787,2616307712
64,0,68,0x93651e6f11954d50771c69e283e754e10cb177ad978a873c84c6b7d9aa60cb7e,0x6aef229813f803f714892afe6898ace924fdf4f0efb2b5c684aaef7d4e619474,0x83ea1059c4c00ea1d8f17c739acb4ed38342f0d317615050c484fa281b90502b,[2.630692],"[1.488665,1.156664,1.064415,1.187711,1.258958]",0.0,460.1640000000129,380.90219999999954,878.2249999999964,110.23620000000234,5.287999999999994,2.7402000000000157,2596331520,[1.901217],"[2.695225,1.530318,1.041451,1.541215,1.291457]",8.00200000000001,366.5019999999908,531.4935999999992,669.8200000000015,139.4403999999988,5.47799999999995,3.222999999999941,2614464512
64,0,69,0x5afc90facf49c3ef69d7ea4b7f16a4f0952f5bc3f02bdd08260f8e5cb26570b1,0xc3476930617ccaafe37631ac1b68d3531d4bc5ba4252028698203db18e6b9955,0x05a1f6a99cd6e349d5836a02108caa3bc53e58747b2ae767589b35962790c0f3,[2.279958],"[1.310096,1.793228,1.270796,2.265923,2.013796]",0.0,409.1270000000091,646.5528000000054,650.8810000000059,202.66339999999994,3.5849999999999596,3.5372000000000097,2600345600,[3.198348],"[2.409634,1.231998,1.370407,1.098046,1.331131]",58.54799999999995,439.3719999999934,391.0137999999952,735.999000000001,123.81660000000127,9.885000000000058,3.3412000000000024,2614648832
64,0,70,0xc656800989d4bcfa0c9853ae0e195feaf4bd356736705432d7586f07256eab41,0x4eae162d68ba1645c325695dc430f0d42828ced873ea5c43e4b2ee6bab99b52c,0x55cd9a29e94d2b1b7018af8fb63ad0ca4594ebccbc76c5af6f99a3643e1a72eb,[1.899996],"[1.773604,1.090855,1.062482,1.026918,1.263155]",0.0,395.6860000000062,434.3349999999968,562.2380000000065,112.89440000000205,3.434999999999983,2.6962000000000166,2600574976,[2.357645],"[1.365519,1.083549,0.922942,0.969112,1.255102]",8.782999999999946,448.4760000000032,382.15639999999996,741.0570000000033,96.53180000000205,5.978999999999924,2.3333999999999855,2621542400
64,0,71,0xe6e6971df5ca370e8e80f1823ea32f828bf7decc75b7dbb6d45279cf8600ab26,0xcd4f96abf31470038263aaf9d21710b425876769fa09a423640fa430166a2167,0x305265ec8b5494893359fc641143885d2ba7cb18da2a0207ff7a6804eaa41d54,[2.396734],"[1.920345,1.407623,1.043604,1.159439,1.042893]",0.0,487.445000000003,453.9187999999972,715.2589999999959,114.26040000000194,3.9659999999999958,3.0144000000000175,2601758720,[2.312317],"[1.697179,1.293691,1.383457,1.287842,2.585258]",7.98200000000002,380.0429999999966,495.70560000000154,803.9930000000029,126.94140000000243,6.228999999999957,2.6721999999999855,2623807488
64,0,72,0x910f44e3323484645103636e5c71ff08a42bbf05bf178a9bb3f7836e3331e10d,0x98d8b5b4cbb7edc9b0a012db795b49a9a0c3e7a50f6a1462ea317e51eb3fa55d,0x7f251b8a99f492792f4a3e7157dd7ca4ace7ceff924f9179eb0e9f9cd3079f71,[6.547774],"[2.984731,1.442515,1.087099,1.095532,1.341032]",0.0,1180.3200000000124,539.8544000000005,825.6049999999932,113.34080000000024,6.67000000000007,3.100799999999947,2602291200,[5.247819],"[1.662186,1.277402,1.271532,1.326996,1.341533]",8.162000000000035,1647.1939999999906,387.1539999999951,1797.760999999995,130.97140000000172,5.868999999999926,3.293000000000003,2624323584
64,0,73,0xe17304cdfd6bf0fafe7aa0a92a41166595f3fb35677d49ce856f241fd3df0255,0x1d1fd562e70032a81a2ce0c3fa58b7085dad5580919edb90add3cf695c03b1de,0xf236b8b8a22939c43e1b870a07836ff918895b6e86cd5ccfa997c370afba0221,[1.784942],"[2.285416,1.310997,1.417908,1.164486,1.015922]",0.0,388.21599999999677,429.29520000000724,490.9710000000067,112.30540000000123,4.0759999999999925,3.0824000000000042,2602315776,[3.078312],"[1.924181,1.297376,1.189023,1.055502,1.117835]",9.954999999999968,436.90900000001307,430.9379999999974,884.7139999999948,146.56899999999916,6.479999999999897,2.8241999999999936,2624708608
64,0,74,0x498762f9efb0e6806e84bc77bd35c55e00924bd56f5a2509be45501cd9f5c535,0x054b8928abc7970f9cce9901070201293ac42a315e25a52cea7ccb5f84d3ed16,0x47dac9d9aef2d8f94d8500673fc6d613e457ec765757a302790e08c768278c0c,[1.839078],"[1.888849,1.458514,2.381261,1.348474,1.139568]",0.0,437.981000000004,449.716,545.8130000000061,123.01760000000273,4.127000000000037,3.235,2599403520,[2.71535],"[2.669205,1.449345,1.124906,1.245975,1.277908]",10.325000000000047,464.63099999999315,517.2300000000018,674.0410000000002,134.0257999999955,7.33099999999996,3.2708000000000217,2620088320
64,0,75,0xb85292ca54c78a2358047dda5499ff27871667a7a09bb7379fe0d4cc6893c080,0x18a36d3f49663c478277237a08d5d6d38c12a51f937dc173edde745b41ba4125,0x3656eabbad1e94d8a277cc4a0a436748798ea025a59e22d8c867296956f91cb6,[1.697159],"[1.590548,1.579522,1.077705,1.225138,1.092808]",0.0,376.7580000000048,480.21619999999984,539.6430000000063,146.1001999999989,3.0849999999998934,3.0005999999999955,2599424000,[2.395242],"[2.176562,1.469226,1.197395,1.118046,1.089093]",10.566000000000047,462.27700000001096,421.1312000000023,692.7639999999985,149.48139999999833,8.994000000000016,2.874199999999957,2620485632
64,0,76,0x9baf7d40d082ec9f58452c37642389ece4cfc58fef3eed631bcc544cfcb6bdcb,0x95e5755d42482ee824d8332e88fcfe8f1f72889535113f43508da869a90f0c24,0xe28e4446d0323297c4d0d355b119f845e6782d5f2b70737aecebc646d94e5988,[2.364907],"[2.085465,1.268914,1.276965,1.202814,1.231317]",0.0,407.17400000001015,445.5078000000001,553.254000000003,170.92380000000017,15.393000000000047,3.1087999999999862,2599448576,[2.323574],"[1.554724,1.51194,1.117355,1.14738,2.047868]",10.134999999999984,451.50099999999304,657.473599999997,659.7349999999947,115.24960000000029,6.589999999999894,2.2450000000000245,2625748992
64,0,77,0xc1f71eabfe761a6c626dd8ec7431334466e346a2c8db92c4bce3b4b8954798f4,0x6fe3bfb3108a703890c1f561f1224f6103c2391e33fe76a2a0d949a75efbf713,0xed92f99c86b8ae001bc53d2ac0a2fb1086d44ea11a3c773a594d6ac06edadbdf,[1.956325],"[2.667138,1.494603,1.228923,1.393111,1.054891]",0.0,374.27500000000725,530.6601999999993,591.2009999999996,119.40799999999862,4.857000000000038,3.174800000000028,2599559168,[2.574903],"[1.761186,1.3265,1.349725,1.215242,1.135673]",10.154999999999973,444.35000000001,428.267800000004,790.6619999999975,118.33440000000306,8.062999999999994,2.691599999999966,2626052096
64,0,78,0x0004374757223af38f344c9676eaf5b62b4b2b3764a319e102d3b0a029cfe06e,0x62f27572a8e156e8cd24eebc64d78547db77163a82c53ae4f9cea905f8dc212f,0x471888384614d9e9d8184d7ea12772f339641a41b694e0f5ff1e2afb4fce2893,[1.898823],"[1.919374,1.663844,1.138903,1.134151,1.121562]",0.0,403.76899999999824,449.7238000000014,623.3600000000033,123.05519999999959,2.693999999999917,2.9786000000000397,2599653376,[2.558899],"[1.667594,1.409024,1.062252,1.123043,1.162393]",9.974999999999957,444.7300000000043,443.83559999999767,798.083000000005,139.44060000000425,6.259999999999903,2.8981999999999877,2626486272
64,0,79,0xa22b7a50f182b7f5928a275c66c4a4f4b67dda703fcc0ae06130e706f16d696f,0xcde033e1bd9043944bdc863714e182fbb0da36ffac8ee127d09d0792287aeb32,0x9e5d5e5f3166a99312334ec1ff594e382cad0664d24ddf62bba856d1a5bb8373,[5.500815],"[1.730119,1.994858,1.18707,1.813274,1.128982]",0.0,465.18200000000843,488.6369999999973,3209.0439999999944,153.45580000000191,10.815999999999864,3.7174000000000063,2600542208,[2.38696],"[2.973383,1.304367,1.355143,1.197937,1.297206]",7.852000000000032,617.7519999999992,519.2790000000003,576.8089999999976,158.66340000000312,6.399999999999939,3.407200000000001,2627428352
64,0,80,0x9b685ab7a06dd68dd476fda7f3c9056ef2c4c8c1ccd20bba6040cd87c661fa01,0x3f11ac8440454171a8f2e0831114343171e421942fa178ef975ef69e6d313a24,0x30d54d3119de11b704de8d8e0c310b3819aa8351d5050b3c160332d7c16ab72b,[2.012245],"[2.35369,1.346921,1.514123,1.885132,1.128452]",0.0,389.02599999998677,474.7823999999956,547.1950000000003,156.47000000000023,3.6160000000001227,3.1330000000000418,2605510656,[2.976464],"[1.540323,1.361924,1.198657,4.247084,1.201312]",10.395999999999972,630.4809999999883,653.028800000005,647.3760000000051,114.63879999999982,6.979999999999964,3.6858000000000293,2627772416
64,0,81,0xfc4be3f96e0c9b4237f72b97a876e9f0143cdda4943744010e3967cce16f114f,0xe68083490de4da16338b0a3088296e6f815f36da63fd430de9c0414c64c70e62,0xe48f0ccbcf382171168676f06136965d172b97443076989077528d005618963b,[2.642545],"[1.945484,1.246299,1.311949,1.583398,1.109703]",0.0,528.4070000000086,423.64479999999486,752.6149999999982,141.24900000000162,6.330000000000138,3.351400000000011,2600566784,[2.023662],"[1.646022,1.382735,2.211465,1.198217,1.326691]",7.561000000000004,383.69799999998787,654.7114000000021,813.4070000000021,140.1690000000011,6.970000000000023,3.0985999999999776,2627973120
64,0,82,0x279642f8c74ccf89902469de74df8a0cb4b12ab1f51b1e5c5a5f54637a488d07,0x7e2160740a7384a539331203cbfc623fffbce07830ff20ec2695196e54dc736a,0xf2d121b88d2d2213b601873695499204b8f3275f59e574bddc8c5994bdbd829c,[3.387939],"[1.35943,1.417037,1.14036,1.139248,1.04755]",0.0,434.19499999999834,419.5586000000029,672.1390000000022,96.6637999999992,5.71899999999995,2.5017999999999048,2600599552,[2.093778],"[2.053637,2.27451,1.486411,1.021821,1.109934]",8.501999999999967,403.21800000001076,416.902600000002,774.7179999999937,122.69919999999824,6.06900000000004,3.6016000000000257,2628132864
64,0,83,0x327c5983fd49e7d0270be625fac35bee95bfb991f93ed2349e203552b0fc93b2,0xb7e462047f5b9e6eba400581aa23d73bd29a3f5df6af7b0727d2117b88112e08,0x45944ff8e34aea350a5951965e6d37ce5125dda02a9d057de4006eed87e8d18b,[2.509404],"[1.622326,1.356286,1.636718,1.703168,1.330787]",0.0,486.23300000000256,579.2893999999992,720.640999999994,99.31820000000091,50.66599999999999,2.687800000000101,2605924352,[2.065495],"[2.278035,1.255153,1.168803,1.195292,1.559772]",8.443000000000014,449.2269999999965,451.3707999999949,601.1759999999949,117.09239999999897,8.191999999999965,2.916200000000011,2628448256
64,0,84,0x906b3ad39a06a62fc2c447dd52eeb8b339e4ece423f9f9f5cbc19bdd25b8eb3d,0x6824bd95a9650f389616c514224e2d59d2d28e08b97496a69a79aae053b7d677,0x286e2af53ca40be520c8d063b59815a5dced718694f06e1900d4bf5a24e667ac,[2.290995],"[1.998103,1.326731,1.292739,1.16059,0.973958]",0.0,454.19499999999056,415.0919999999947,754.0270000000044,162.64920000000072,5.398000000000208,2.8903999999999734,2600648704,[1.948658],"[1.49849,1.289394,1.047209,1.385469,1.323586]",8.142000000000046,433.5229999999912,492.6366000000016,694.3370000000032,139.48440000000062,5.929000000000004,8.985799999999994,2628562944
64,0,85,0xe336f768f60eee43c971f1f31b562448e66621c253b5f9513b4972f5f804bb33,0x70d997754d480edc3424d1e5403b68334d61fa7243ad648556c214fbc439e63c,0x926823e57576a01924bd4ff2166d900515fd7bc89ae77bc3c2f0d9335c3417f7,[2.838281],"[1.519006,1.20003,1.315038,2.103572,1.842709]",0.0,464.3699999999917,476.1420000000016,658.172999999998,165.7413999999996,4.4559999999999045,2.842200000000017,2606276608,[2.266408],"[1.977462,1.222649,1.133629,1.666307,1.167721]",8.452000000000048,437.0489999999949,507.73439999999835,608.497999999999,119.06780000000006,8.613000000000197,3.505800000000014,2628673536
64,0,86,0x7fabeeed89f31455e79bd048154eb0344dc5c85b9a544984a44f99d3cb9f4fd5,0xffa614911e91db206a40345212001c7cd9d7add0ded81e76197a02d43d133f24,0x93d70413896101439097aee5c837d71864b5af6319ddd90af984f234e8aa3e1f,[2.624107],"[1.987357,1.243395,1.133239,1.4057,1.451329]",0.0,567.3959999999978,449.962399999998,767.6469999999963,116.6079999999986,6.0889999999999205,3.17460000000009,2600816640,[2.073042],"[1.480343,1.199779,1.49151,1.163164,1.24063]",7.872000000000022,388.3759999999958,439.70299999999685,682.8299999999954,119.37219999999805,6.42900000000007,3.096800000000014,2628796416
64,0,87,0x09dbdc5184724fb1ad891ea7daaaf33d322ca14dc485403e782f866d2a31562d,0x34302d0189368cf50e0cc88d659ed632de669991bf436a5f85bb0e112140281f,0x5a7f4fc33259ec35a6f0d8a12f340cc780406b46a352f0fa0eafcb1246cd3874,[2.375272],"[1.84401,1.606091,1.219179,1.627634,1.023212]",0.0,496.1689999999908,500.44260000000065,528.6969999999947,208.83699999999783,5.8490000000000455,3.332999999999982,2611556352,[2.026045],"[1.663038,1.155602,1.990382,1.418229,1.128982]",7.92200000000005,386.25300000000306,584.2652000000003,646.6650000000046,113.25039999999787,7.4609999999998395,3.2569999999999126,2632732672
64,0,88,0x681a098fb704f83f1f637ed6df45a2ed074172eeb64ecee6b204d0aa615c4473,0xc4e2d7e8fd68418ba51205bb74b2335e7c36ffa2752f9293baa82f8c94d49440,0x5cc6ea6d794778ce2c219f224f38dd3854620200afee29ccaa85adf4573464dd,[2.498257],"[1.959685,1.295293,1.075932,1.67764,1.172729]",0.0,573.7449999999866,522.6999999999981,656.8700000000039,120.13519999999889,5.808999999999849,3.282800000000037,2611757056,[2.21123],"[1.400853,1.463407,1.662717,1.17395,1.11406]",8.101999999999958,426.5430000000014,468.41040000000226,768.8899999999943,142.19839999999874,6.280000000000001,6.852200000000142,2634403840
64,0,89,0xffb92023b4470b8cd02e7ecd763be5d21b6db81edd6aa69d6796288ec20fa6f0,0x6bb1fa390e007ffdcc277f761357965107879d5249e98fc728c36bc0fe59f2bf,0x7cafe2cd6307d56638e368f21360de5077c012092c98b1d507e22f4d64330f60,[1.756448],"[1.510447,1.229874,1.288413,1.147871,1.29974]",0.0,384.72000000000503,419.4321999999973,546.3039999999975,102.49859999999777,3.2249999999999295,2.836400000000034,2602512384,[2.390144],"[2.519128,1.536657,1.149283,1.207301,1.516552]",10.235999999999947,459.9730000000024,513.0756000000014,705.4840000000062,144.5117999999995,7.0109999999999095,3.084399999999949,2629390336
64,0,90,0x0c08a545ca0392b8a4c22d1f3be35931f8c6257f8b682fb8493b798b45cb6553,0x74149bfdacd02138eda18507000b44ac6acbe9385392dde173f3a5bcb0e11bb7,0x6dc357c9274f80dcdabbb9358471ecc7fec038b405f840e9da2653f1cf63ed68,[2.593376],"[1.866014,1.479631,1.232504,1.048952,2.770988]",0.0,424.8410000000091,655.8688000000035,713.7960000000027,112.70780000000036,6.349000000000111,2.9324000000000714,2602889216,[2.830618],"[1.64782,1.270782,1.191357,1.358729,1.114841]",8.702999999999987,695.0579999999984,431.9736000000018,684.0719999999939,109.27279999999872,7.250999999999785,2.531599999999919,2625531904
64,0,91,0xee09087a62ee100cf72e5206af3404f1940b77e60203b3a47617a1899d862b79,0x68864571aa212d259fcc5c97fa5c9021e6cc84dd0da6c57c198c7077f2d5653b,0x6ded87867c10e354a354323b9aa1151c6b07a23abebe826e0e50d0494c2d2c4c,[2.349893],"[1.943911,1.984392,1.19387,1.128352,1.126979]",0.0,458.1310000000005,429.5576000000023,603.3200000000044,125.72340000000236,3.604999999999841,2.9845999999999173,2611814400,[2.306378],"[1.518319,1.358078,1.201282,1.08739,1.122663]",10.024999999999986,469.01799999998775,426.0284000000003,613.9649999999941,105.38320000000046,6.540000000000192,9.744799999999998,2630934528
64,0,92,0x4f78d196605178876b58c028ca8ddb0d6f6a224491287c33633e722b6236e4d9,0xa861b112d0c44b45a1b2761528c60d14f2ae46c0aa84fc177501c8ebc51371d2,0x6b882b177698f899e3bf2f96c8b3d82ac60090ab9e15d3fec230e16c53fd6487,[2.809036],"[2.165726,1.257666,1.436577,1.455545,1.075012]",0.0,469.45800000000594,502.77200000000136,586.3440000000026,162.61499999999927,6.07899999999998,4.310400000000041,2611896320,[2.092455],"[1.852124,1.325349,1.358538,1.274593,1.110966]",8.322999999999968,461.845999999988,423.7731999999994,604.8119999999963,136.46979999999974,4.987000000000133,2.976599999999965,2635014144
64,0,93,0xd962d635053f27297e2fef7f5628b2bf0a816cc990768d1a98b7546d078481b1,0xeee927c78aea9277d53405f3c4fbab1b2c09e15fa2fca067a5079053e4a28ff2,0xea43bb9a5bf4d3785e11ceaaefb13782745e6c0fd9551ce5e1c86c5c9e7044cc,[2.086607],"[1.686974,1.34585,1.085166,1.292043,1.52531]",0.0,415.7359999999999,509.8507999999946,672.1140000000014,113.04439999999805,3.7249999999999956,2.393600000000044,2612031488,[2.761424],"[2.047478,1.922789,1.135923,1.967798,1.122142]",9.63400000000001,457.49999999999955,694.9759999999972,967.0380000000034,112.1250000000018,6.2299999999998645,2.94220000000003,2635026432
64,0,94,0x1302c99fd317d6a3c5e4f4869db99d15c63f4f4cbc601203dc9f0af07610826d,0xded7a741e6307b12a9dc76d01abefe15beecfbc4bbc8afc978ffbebd639e00b4,0x3f1eb8c039fe7fad21d7e2c4156766821e2c39c8d05fdbb9fa0cebddc49a4f78,[2.212166],"[2.432568,1.391618,1.795848,1.961819,1.26967]",0.0,454.9560000000064,581.0641999999978,525.5930000000047,196.1277999999983,3.7159999999999624,3.46340000000004,2603134976,[2.79842],"[1.816269,1.249735,2.163572,1.164696,1.524318]",10.93600000000002,457.64000000000914,452.51020000000034,956.7319999999879,170.2990000000015,7.220999999999964,3.010799999999918,2625830912
64,0,95,0x54594bf3196a15c1c0bdc8237f082251767e80457bbc32797ec72cf66dbc85f3,0xd5937bd158ebc7494ae69d2397512f80ec7ba175a67c30c2eb4cccf2c8bdf77a,0xfb1a2ca30c412646ae8563bfb3457ca5a4e5b79090e72bc19dd072d651d5b43d,[2.307254],"[1.342494,1.146539,1.131386,1.503227,0.959346]",0.0,559.2429999999871,391.91100000000034,601.0659999999973,160.8823999999953,5.548000000000185,2.696399999999998,2613915648,[1.88359],"[1.853781,1.331022,1.02125,0.953998,0.960368]",7.069999999999971,428.265000000011,420.28980000000104,505.3519999999867,109.80560000000139,4.936999999999997,2.7842000000000144,2627653632
64,0,96,0xd0c693b243ef4bc09c05835d59762edf5269d06aa84273497e83d9e5c072a2e1,0x5a5b111a114e1ffc8fd7e89b5e6fff19b0446afa5e11a3b48134479711a6f33d,0xd22beae4631ea2215e88d560fa05784c7a6b8b467edaac42625a540c866f508a,[1.6119],"[1.399711,1.11384,1.018687,1.108201,1.118997]",0.0,376.07700000000244,407.0073999999979,444.6300000000014,95.27940000000069,3.6649999999999183,2.823999999999969,2613936128,[2.474271],"[1.800935,1.032097,0.924364,0.949822,1.215262]",9.925000000000038,556.7290000000058,414.82760000000064,729.8609999999983,101.4410000000021,7.4609999999998395,2.4017999999999784,2631921664
64,0,97,0x9ae393bd2e6df6d41bd7d9fd338c64667957a74cf2164a2e8868fce47da323fe,0xc2b567048bdf2ed0c62512d823dd6ecca8c9019837e04c4b24112aa457dd9db6,0x1bfd41e2a6d08f0480b1f4156afccdaa94c30d0f612812c1d36f33fd16a45d8e,[1.79121],"[1.871062,1.268093,1.218387,1.138526,1.189944]",0.0,427.7860000000133,431.3524000000013,466.7029999999989,108.64180000000056,3.6849999999997998,2.8477999999999315,2614140928,[2.225025],"[1.798252,1.038266,1.763554,1.040619,1.124976]",9.534999999999968,426.4029999999919,417.32540000000154,620.8659999999977,110.36240000000252,6.42900000000007,2.515799999999908,2636374016
64,0,98,0x495f5c63e7d4ee85db4506d4c55ce5d54912b6812b00fdbd095d2e804707b3fe,0x938241f89ae475c16e96e09f8303d9ad772d05f28b7b1b0e3bfa2954f8923c44,0x86cf120cbd56d5c58034f31b6fc8fe3dd14e40ece2cac1f04e84066253860cd5,[2.19492],"[2.089311,1.188151,1.1672,2.679901,1.103795]",0.0,485.49200000000405,444.0395999999958,516.920000000004,122.51899999999873,5.929000000000004,3.3470000000000724,2614439936,[1.748186],"[1.490758,1.467353,1.084375,1.198477,1.171647]",8.62300000000003,419.09200000000976,430.79359999999565,519.8740000000035,137.77179999999723,4.918000000000023,2.7001999999999926,2632155136
64,0,99,0xbcbcb5bc2edafa1d3061448a6dd376326bfcc0b7088791f3b75ef29bf0d82726,0xa960766b2c2204cc7533b852cc69d0946811598d4b799520fa728499aecd7f2e,0xa35b8a6f93fdac486aeaef11e9fb576d1f192cde649dcfc844f8a6b2bc4e0242,[2.42729],"[1.433892,1.346781,1.08093,1.10095,1.293641]",0.0,454.0350000000193,411.94300000000345,651.1919999999949,99.97860000000026,5.578999999999914,3.030599999999991,2614505472,[1.720434],"[2.335417,1.302884,1.151938,1.027705,1.197987]",8.292999999999928,464.7710000000027,524.5125999999989,491.73199999999474,107.77679999999789,5.1970000000001875,2.91060000000001,2632220672
64,25,0,0x02b4e7eebbedb3037796e05cdb3e1dd98cb39f0b8f8d05a81aaff7741d091697,0x10b6814753ff1bbb20c9cc4a4a26f8de7059343328cf6293a5dbfa0c6016c088,0xcfeeb281a5afc9c2445c23e8819c9dc69e9722d74652895a28fcbaf10705ce0d,[2.344826],"[1.913756,1.296725,1.516477,1.011104,1.110194]",0.0,460.094000000022,446.38940000000235,644.6519999999956,114.7591999999975,5.317999999999816,2.6036000000000112,2614919168,[1.854877],"[1.438439,1.516877,1.054621,1.036933,1.101581]",7.721999999999937,378.90200000001425,380.84440000000217,539.67399999999,94.29000000000244,4.956999999999878,2.4440000000000572,2636754944
64,25,1,0x353d86cb7b1b2aadeeeb8e03bfb0a6c35ffff86d29173c74471242575a35f8fd,0x06a7a7abf0cee4cc1fd752fc79426b99903a77ac0f77d716b6bef1d5a9681ee3,0x84b91476772334a9ce95ddf9b60486ee081e5a0b4557a05e1ae338943f52e650,[1.780965],"[1.553983,1.302905,1.112988,0.989562,1.02778]",0.0,396.53800000000183,447.9216000000008,596.1590000000127,98.71299999999472,2.94399999999995,2.547599999999997,2615005184,[2.296933],"[1.797641,1.275754,1.082042,0.994279,0.930292]",9.424000000000063,471.4710000000011,420.0257999999901,811.2429999999893,112.62160000000132,6.930999999999951,7.701600000000006,2630782976
64,25,2,0x588e3418dd44ecd0c376b6a05d36843f88d7b84bdb7ecd775ba6457c592567b4,0x6db1c80477b6b4db4737dd5a923afe80d7c762b9ce4906b856e18174654b6b5c,0x9c13f46a386b0717950d05d775ca9e6079d1fc340aa8768dc53e3243f6a4d5fe,[2.338828],"[1.871593,1.11427,1.067569,1.111356,0.977214]",0.0,456.18800000002403,416.13540000000614,617.1399999999883,102.77060000000172,5.61900000000011,2.5775999999999923,2615066624,[4.320074],"[1.48575,1.172118,1.256574,1.064085,1.015431]",8.582999999999942,469.5379999999916,490.50940000001646,2707.211999999987,104.53760000000422,5.07799999999994,2.3235999999999395,2631413760
64,25,3,0x7ea0e8ef9d0c44ed90ba4fb89af7e8abfeab8d99a0897624ffefca763fd55cb4,0x675e35ef220f365ce01c27889989bf50ab4c1e4ddcad3e3f43b69d350637e883,0xd75a361b31aacca072ad7d24beb37ee86385387046c6e372a7123eaaff9c2339,[2.118975],"[1.399601,1.234692,1.211361,1.047399,1.02818]",0.0,460.0439999999928,423.3946000000044,511.3909999999999,101.39680000000318,5.718000000000043,2.664000000000052,2615832576,[1.997142],"[2.041819,1.590819,1.191261,0.983603,1.119979]",7.2710000000001,459.19199999999717,514.1634000000117,485.4220000000131,117.60539999999264,5.42800000000003,3.2707999999999346,2634027008
64,25,4,0xa5853109bc0db06e018a9e271f503c7e5dc5d3523ee4cc2047d2ad3752012075,0xef15f935ffa14e18573fb5654a44b47366c3cb1e12e742ad59eb8c3d987acb65,0x170fac0c5e0aff299dcb8e8f2c271d1689cdb088869fe1656ff2dc8982e35343,[2.269592],"[2.144423,1.484058,1.032658,1.033729,1.259489]",0.0,466.7039999999845,496.21660000001015,593.4350000000032,103.42779999999996,5.278000000000054,2.874200000000087,2615857152,[1.92359],"[1.59136,1.541204,1.064605,1.354172,1.500432]",7.510999999999976,419.121999999994,495.9439999999926,572.2930000000015,116.49760000000398,4.33700000000009,2.8242000000001237,2639065088
64,25,5,0xbc5adfc7e4620bbe478cd4912b16ba90fbf56022631ec8f1083c6b13e6571270,0x2ecd57027cba5dd4ad182e05da2ccf69d7e8d88f3a6db08f87ec2b04bb93e1df,0x9534dfab7da9b132f131a7ab8a4e843a135222b96e5b63c5324396b8a8d6e45c,[2.133968],"[1.630218,1.162173,1.059588,0.947039,0.983002]",0.0,462.4670000000219,386.51659999998645,605.8240000000048,137.79780000000574,4.9279999999999635,2.6920000000000592,2615955456,[1.686033],"[1.799043,1.083143,1.065762,1.045236,0.959927]",6.740999999999995,427.3149999999837,411.25599999998207,503.33899999999153,111.2777999999981,5.877999999999959,2.8204000000000424,2631667712
64,25,6,0x90e817ed9baea8a03f35221b51aaec1186bd996137421cf8540d071481d981f1,0x50c5fb42c80915d1de762185cfdc7dcc1c28839909ba16d291f84acdbcfd487a,0x049954adc117955cfe27c792dce4cdb57038cbbf18e27b6e2248300fb92d197c,[1.920656],"[1.892184,1.188262,1.147871,1.198417,1.036303]",0.0,428.62700000001473,463.813600000007,529.1679999999965,104.19499999999582,3.865999999999939,2.8361999999999656,2615996416,[2.989192],"[1.406231,1.104015,1.158502,1.192718,1.050655]",9.684000000000038,484.4709999999863,426.2407999999996,546.6339999999902,101.65759999999912,7.1500000000000385,2.411600000000111,2626682880
64,25,7,0xf0c508113a68c21e0142b303fb2f0c7844e51b0e2553b3bf8a2723d953b7af6a,0x29eadf4138768eb117621bd4c22a5b2fe7836b1039977db6ce340b0d8a37d96e,0x35005d77d22a7e8c01b7cb91e201b925cc5b8795446ea61e43d18c03e6bc509c,[3.414764],"[1.840536,1.289684,1.202022,1.152347,1.036193]",0.0,453.9650000000006,455.35059999999294,562.5979999999975,119.90280000000465,5.457999999999852,2.6941999999999418,2616209408,[2.341135],"[1.963361,1.304127,1.334051,1.086619,1.111436]",8.643000000000018,579.8539999999907,461.07539999998835,707.576999999987,130.48499999999686,6.289999999999941,3.8800000000001162,2634366976
64,25,8,0x24af70955f61cdae2bf024f77874e2cdd3894bf9bdc47a352c5354db0f8bb3f2,0x698edc303e6a3e1b1f433d1e181aae4a2fea2a61fdfc5e6872c9c94602e67867,0xe2e8f85750ab96946795c434705aab02da99a03a4a982033063cf00e2615994d,[2.272316],"[1.452009,1.172428,1.045276,1.14067,1.019688]",0.0,450.8599999999974,424.4877999999952,585.0030000000006,97.25080000000386,5.548000000000185,2.7262000000000985,2616541184,[1.826243],"[2.107363,1.198537,1.385138,1.08096,1.1536]",7.782000000000014,396.9580000000028,423.14239999999836,596.1690000000075,147.53459999999885,6.148999999999998,3.186599999999932,2640797696
64,25,9,0x588e3f2a62f554ba48e32a3769abb05d9dd089ee71c67aef595d66eec232b472,0xf4eba9d57572e6aedb4716fd528829be103a8979da907fc1dbef9586c80c9708,0x47f199e6a3faa2c4f128b1bc1eaa69733be28411dd6e9f39ec07666cd30ee415,[2.661033],"[1.964252,1.261873,1.043113,1.214181,1.164676]",0.0,951.4449999999952,450.0688000000141,592.3840000000014,104.49379999999397,5.759000000000146,15.123000000000047,2614063104,[1.912594],"[1.468444,1.277516,1.131736,1.25299,1.012016]",7.541000000000015,573.535000000014,455.5349999999847,561.2759999999994,99.27780000000274,6.130000000000024,3.1106000000000362,2640977920
64,25,10,0xa0b1ed3bbad5df58ec648c78fd5640777c1a9e11c30c67f9088a1bcc50f68eb3,0x5a301d9b9f439eee502f5db4b3ffa083cd0c20ab89d77fd47993ce3efbebe18b,0x8610736479ee82c9276a61e1d2345518e9cf65bf90f44cef05c59ff760c4fe35,[2.024683],"[1.995689,1.475215,1.606863,1.072107,1.005246]",0.0,587.1359999999881,452.85899999999435,540.9259999999971,108.22300000000173,3.0040000000000275,3.074400000000095,2619039744,[3.179855],"[1.330026,1.051876,1.099688,1.045306,1.124035]",10.346000000000053,1241.421999999992,393.73379999999565,673.0650000000005,98.71679999999827,6.760000000000186,2.768400000000004,2641825792
64,25,11,0xc63db1637378fc6d9322ba28b407a87d843fab93d321f9eccdfe7cadd31d9a58,0x21033e3592dc0ecd99c58e70ee89823c0cd338900ba4d5ab9c523d46edee69d4,0x6348573cdf66151da71ccb1cd83859c23411d0f595628715b0553e874ceadae7,[1.780756],"[1.376556,1.434187,1.130575,1.03466,1.600023]",0.0,405.6020000000049,546.5841999999999,473.9850000000101,132.85240000000533,3.115000000000149,2.6537999999999564,2616655872,[2.556655],"[1.799243,1.387863,1.066618,1.054249,1.106058]",10.086000000000078,587.6160000000131,423.11019999999866,583.5999999999897,111.10140000000767,6.969999999999806,2.9584000000000032,2646564864
64,25,12,0xd751fa3c15feadd86ced72db562693eb5aeae652dda39ea15fab219c410c3f1f,0xd3bb90c51c6f9445118f51f4a5a1998fba36fa9ef8c36c34a925a5bb418eb43b,0x9d41857de8e7dbf744b8cac0ea5b4c5e7ed77db9984e88af8c2390ec1a7a1a74,[2.280009],"[1.954848,1.117195,0.984334,1.309925,1.04119]",0.0,523.419000000025,468.6545999999958,648.2979999999916,108.09299999999799,4.807999999999809,7.589599999999978,2625105920,[1.780575],"[1.324267,1.298619,0.970394,1.124936,0.965906]",7.190999999999925,395.8969999999784,382.04819999999586,535.9679999999978,100.95839999999524,4.816999999999842,2.599999999999998,2645278720
64,25,13,0xb349ce049a9556d101d184d81807d22cb40b6595dc17375f179d9733f9eaa3ac,0xf50b891ec7cef630070b1613e1ae7478c2d0a18c09968075bb3fc56781f6a4d7,0x305a48ddd3a6c230f3c274bd56b98a10b4dc729b6ad8d1c3474687a00172ddc7,[2.025394],"[1.421364,1.256925,1.330957,1.163254,1.069262]",0.0,412.90199999999277,422.4989999999984,577.501000000008,107.7042000000028,3.04399999999979,2.898400000000013,2626150400,[2.145325],"[1.863069,1.282554,1.169964,1.126879,1.059938]",8.874000000000079,451.3600000000117,446.4754000000126,584.7119999999873,132.79840000000044,7.671999999999801,2.7860000000000213,2645364736
64,25,14,0xe3720645a1a153649b619e6ad1f62a66a1e28dc848e11d4ce292d6fc9df43c8a,0x6900b649a0a843936dc7682e22195db06231fb2235b817c76e1ea72aab5b879e,0x78ffa3e57bfa09df411cf2c6e6dedaa9dff92d8180594d295e2894efa2b58e6b,[1.939174],"[1.554614,1.244166,1.382205,1.096364,1.078146]",0.0,449.13699999998835,420.90260000000603,608.5180000000023,98.47239999999924,3.294999999999947,3.02280000000002,2626674688,[2.383094],"[1.944162,1.142943,1.101822,0.948981,1.015752]",9.845000000000079,511.74100000001,437.1573999999989,660.7560000000124,106.89519999999564,6.250000000000179,2.6318,2649141248
64,25,15,0xc6dbf0e60e166d47541c06eff37edf8b2f9b05de13a65f1116513637dc54e616,0x3bac44f851eee192e4aad20b9da827d90316e826d45bb08f34efa26d24dd77c4,0xd5e8c696cb6989ce162cd7334431a125e2d594263b5476784b5293d68a82074e,[1.958984],"[1.473191,1.404318,1.1013,1.073559,1.051976]",0.0,405.6820000000183,439.1542000000026,608.5269999999975,92.88780000000219,3.1549999999999114,2.7280000000000184,2628337664,[2.18187],"[2.008098,1.564279,1.043133,1.353271,1.09402]",9.314999999999975,443.2979999999809,518.4838000000025,548.5970000000118,108.31719999999656,7.090999999999868,3.09259999999997,2648039424
64,25,16,0x7f1a40c63db0a87eebca1b1e3d5efee3c235388d36fa997508189bcbe4b59495,0x2ba323fefd97c9d4b6c5456642f7bd18dbc152a55cdf343ec5111094c7b29ae7,0xb6a9c6b2cafa745e5bdb52902c7100eab9d5e8c8b46114ed3e2152e6df63ba1b,[2.355982],"[1.334523,1.439381,1.019708,1.086438,1.289043]",0.0,446.9539999999994,406.6312000000072,737.713000000001,107.52800000000673,3.9459999999998976,2.5616000000000008,2625478656,[2.636486],"[2.145605,1.197946,1.091196,1.164816,1.189424]",9.705000000000043,558.3619999999789,439.8891999999877,698.7430000000016,101.67719999999436,7.150999999999946,2.818199999999986,2649903104
64,25,17,0xd05a512a643fbfea8b78dd12a43549c298e0ac49a35c7db667b4999c9945a476,0xf2e84eee17f422c2c77397fbc682ae2737a5f9b197e8c383fab945cec80a0b1c,0x66994c8e7310b38dc934a4d7e456766328ed8ee138b78e541a75dbcde6495a19,[1.992584],"[1.509385,1.261993,1.049423,1.069943,0.969602]",0.0,428.16499999998035,393.15279999999615,584.6710000000088,96.52580000000799,3.444999999999924,2.6459999999999853,2625572864,[2.225747],"[1.960397,1.18023,1.126328,1.075091,1.10756]",9.003999999999957,498.63199999999887,428.2700000000084,611.6620000000128,115.62219999999846,6.499999999999996,2.666200000000021,2649972736
64,25,18,0xb66e97e0bb75d56e3ab62d4b0b7d4c7e0ed2ae945b3fbf8506af41a734bb80f4,0x429de014721f7ae9017d76f9e663edb2d59773c69c30dc8c89dcfd23e4ff5cdc,0x85bdeb26e3ce937b490bbc67b95212ccdcba705542695563136fc144927d4d8d,[2.032184],"[1.793034,1.159108,1.071095,0.969061,1.009632]",0.0,443.44899999998466,432.1397999999976,599.1740000000078,99.72840000000427,4.216999999999936,2.9306000000000645,2625667072,[2.159386],"[1.387973,1.022331,0.998496,1.191466,1.316165]",9.22399999999995,458.0109999999804,411.61660000000876,682.9899999999944,138.77899999999997,5.839000000000104,2.5697999999999346,2651144192
64,25,19,0x07edeb6f876630b0659707bffd1c64f0507ff6902b3cc23866febcfe4aa6fc00,0xbcb03c3a0668fab6b1031b23702a2a24a95b1732b89cbf97c0579f4d5aae564d,0xebc5ae3743798dc46cd0aa0c83c11267bb454cdb1806ba7a667c0c5e3e39193e,[1.826143],"[1.38983,1.128261,1.036804,0.982872,1.059137]",0.0,452.4830000000035,410.99959999998384,515.598000000006,99.16179999999719,3.5659999999999856,2.4618000000000557,2626043904,[2.20883],"[1.913044,1.115872,0.970623,0.989642,0.919967]",9.464000000000043,457.68000000001587,414.26279999999815,564.1409999999902,95.82860000000304,7.320999999999803,2.590000000000057,2659999744
64,25,20,0x990f6756ee6fed92d15adb358202fe152b8023b6a3a2acf1c81bea1d2d25ad21,0x747ff27c52f379061b4ad78f3dc7f65b280e55fde4d251990bcf30099c9387e7,0x21787186f7cda878ad78ec28951c0f5e004ffe27113be180372ef59db21dd696,[1.75767],"[1.472972,1.484058,1.191717,1.026527,0.999637]",0.0,435.4670000000227,402.1888000000029,548.7770000000003,111.80660000000287,3.3849999999998466,2.465800000000119,2635419648,[2.316203],"[2.246037,1.413421,1.544038,1.14723,0.981029]",9.955000000000076,505.1520000000087,446.6553999999956,603.1900000000035,239.18439999999762,6.9710000000001475,3.329000000000006,2650243072
64,25,21,0xb09fc03949b5f092673cb24030317792d93ab458f3ab8ecf8dc88686430b6968,0xf74c4a2a98741f8838b453e03ee53da68840abe2c2b704f696de0967eabce171,0x8fa445e7a75e45046fbf9110912a1d2bb1ead071a155098b16a5bbccb436ff08,[1.955549],"[1.85702,1.244647,1.066418,1.116905,1.093835]",0.0,428.71599999999563,418.6236000000121,550.5299999999935,131.6223999999977,3.5259999999997897,3.126799999999923,2636492800,[2.392498],"[1.512871,1.248713,1.397021,1.184876,1.069378]",9.60400000000008,559.7239999999837,457.936400000003,622.6890000000096,168.47580000000082,6.349000000000111,12.188400000000005,2661396480
64,25,22,0xdb7ce6edef2439f1cac4aa724ccd20fbd8d2ca5feb1a21e54aaffe1a63d39213,0x1211534a8e21b97aa224ca0693a531520bf33275322ea62aa78b97ea9cbe1bb7,0xee3ab73820a6739ad67280375d8e0550e7f0c2adea38b4be99866ffccdf3ee11,[3.716885],"[2.160989,1.616848,1.145227,1.033539,1.088451]",0.0,870.5829999999803,490.0448000000002,1134.9519999999945,129.50099999999853,5.807999999999942,3.0745999999999034,2636754944,[2.313549],"[1.616888,1.658,1.471379,1.137676,1.049232]",8.923999999999998,474.82599999998376,517.021800000006,639.2640000000005,108.28519999999675,5.9589999999998255,3.6514000000000513,2665922560
64,25,23,0x77183b5994c81a7b22ef5f31232ee12de10a3cded80eada64c808e1020f133e0,0xe69db816d90242034f0323aff0640949b3aaec7f1c243b0864241984fabe3032,0x5bddcba2cdda2ddf325d0a83ed1a322e14d7a42bb27c02d2463da61bf2aa809e,[2.067698],"[1.507663,1.288343,1.142022,1.077264,1.084135]",0.0,469.68800000002364,431.53879999999754,625.7239999999941,93.88739999999785,4.446999999999871,2.5279999999999054,2636771328,[2.510736],"[2.06865,1.239359,1.183024,1.109212,1.174961]",11.808000000000087,523.39899999998,451.81939999999753,737.9519999999861,117.57320000000405,7.8619999999999735,2.7517999999999816,2666520576
64,25,24,0x6289afc628c97f98376366ce42afe9f97d50ec9dade8943ef2292e9ad138a4f2,0xfeaab56a7e0fcfa4950df68771116dd3d66858bb537d22d647f4ad0c431ff645,0xb9af30caaac74b778b2374a8920925f8fbbe4232eb972844f68307ed80dd4952,[2.273157],"[2.01554,1.252098,1.125367,1.061561,1.086037]",0.0,469.6189999999767,430.63299999999134,638.7529999999919,123.24180000000128,4.96800000000016,3.521399999999956,2638462976,[2.125174],"[1.594384,1.404899,1.086107,1.010864,1.226489]",8.32200000000006,401.38499999997634,464.62500000001853,747.4070000000055,96.92860000000137,4.8579999999999455,2.7340000000000697,2666958848
64,25,25,0xeef932647e2832d2ec15e9275142b757076aeba8cc0309e3282faaad5097a1e2,0x1e63a8475027cc78f3e17f291fb01e8703e4ac82d72468b50b5f966e551b2547,0x2e3c6c60efb656f846f52ce6b8ff4acbaaf1347181f80d5d4e6d86c1a03980ab,[1.932103],"[1.363877,1.703188,1.118266,1.038046,1.018917]",0.0,415.58699999999504,496.0417999999911,571.4420000000054,100.03260000000513,3.3250000000002027,2.6978000000000417,2638872576,[2.839472],"[1.934236,1.402955,1.217055,1.229524,1.025927]",10.515999999999911,550.6699999999753,454.00440000000765,783.2610000000074,127.39020000000491,8.822999999999817,2.758000000000014,2667765760
64,25,26,0x7d06df5a55322784c0711045aff7b2aa2a33d0f9ac146aef3deba51674394ce1,0xdf5d8726505f55e5457c3ba7041eb03acddf66cf9eded778bd7979620ccd3013,0x0198b4225c1cd41c132ff0c9b66d938df118d307bde270c2b82caef48b7147e0,[1.90693],"[1.428554,1.132187,0.988731,1.199503,1.079849]",0.0,433.864000000006,415.2999999999962,545.3119999999923,97.71340000000461,3.8049999999999544,2.6701999999999977,2639044608,[2.169251],"[1.89914,1.122172,1.244777,1.02144,1.014369]",10.185000000000011,472.9729999999877,440.5662000000033,629.0790000000046,158.68359999999805,6.610000000000209,2.807799999999909,2667880448
64,25,27,0x9cea014f4097f8344ebb3955a4828127d5ee870f587da6adc9721c1cecb87b68,0x1ea5421c0da96d8b702116aaf2baba68cab69abaf4cdfef4da7b09c7740b54fd,0x2ce66c85e4453a1d3e944aece3bac54115e4c59cc837c839bab66c5347ddc414,[1.736298],"[2.63951,1.158216,1.268092,1.38597,1.018646]",0.0,409.3869999999833,505.96500000000816,498.9230000000122,130.31259999999878,6.468999999999832,2.7822000000000267,2640461824,[2.412037],"[2.465778,1.688857,1.159188,1.08736,1.0411]",10.945999999999959,590.360000000012,448.9226000000013,653.8959999999871,114.78699999999952,6.690000000000168,3.066399999999969,2669158400
64,25,28,0xe36759b14f871b874c40664146b111f59a8d8b49429b0e8363775dc505764660,0x2277472599c84f7078014b2d46a7a65b1f6995ad7a7d30797e066bc76335b0d4,0xefe0dd1770c7da62b3d49c757f9a178a40bf1842d7e24fbb11763351fda2656c,[2.509715],"[1.411568,1.305719,1.308102,1.062552,1.687595]",0.0,631.8419999999936,554.8947999999942,572.3529999999977,104.33920000000319,5.689000000000128,2.721999999999967,2640797696,[2.131674],"[2.375391,1.160079,1.470727,1.091866,1.172949]",7.751999999999976,642.8290000000114,568.2247999999945,591.942000000012,119.5761999999989,6.66099999999982,3.096600000000033,2667155456
64,25,29,0x1e4337d1af8dd85768fbceb37704f2329970a3c9400779304b6e07c48e6f4751,0x15a34165d3fb39c7e7eacc6654290821081a06e362a60ae00b726a3ea1fea0c0,0x2d4332c730421d05ab9a844b19f45bbf4ea19e2a3f2731094ef78f9d0e8043b2,[2.328151],"[1.811852,1.309564,1.027509,1.076483,1.241953]",0.0,540.3549999999924,460.9969999999963,584.2410000000131,131.4818000000051,5.007999999999922,2.870200000000024,2637987840,[1.929229],"[1.390036,1.20685,1.053068,1.269785,1.000118]",7.840999999999968,459.8539999999818,439.00359999999864,534.3660000000083,107.95100000000058,4.816999999999842,2.9584000000000032,2664624128
64,25,30,0x4c0532e8f7b9eae5c9e68fd3def17ffa0830d584eeb3f2e72ef5f068abd941b1,0xb53cb4b1e3fe669e0e279a3e16af726701e509a72998b4de8b6f4101110b53bc,0x0fea7c8762572d62b9b71536f13afba38281b6a078b94dc3254cd5d8035a6a17,[2.276237],"[2.025234,1.579952,1.227811,1.27337,1.158517]",0.0,532.5130000000122,494.0268000000025,666.0739999999887,129.9220000000101,3.935999999999957,10.572000000000099,2641141760,[2.761369],"[1.436996,1.303135,1.129974,1.129053,1.405745]",11.626999999999947,547.3959999999778,452.16759999999744,734.7179999999953,114.81959999999903,10.20500000000011,5.248000000000058,2668335104
64,25,31,0x83d7cc426fe65ac6d800378a71f4a46cfa28c3ceba449f2bde4f6a24d539d512,0x4e5ee9a7b76614b05e9b2ef832a6e61aeaebd708e9c98d4733e9868b8430c578,0xb954a47bb97b0125bf0b2b4e90df131fc8441d765472fed6fc01cd3c07c70d4a,[2.490185],"[1.434422,1.204617,0.986908,1.079007,1.082282]",0.0,505.2019999999824,429.5296000000004,598.4820000000113,104.94000000000891,5.3079999999998755,2.7679999999999545,2638372864,[1.780274],"[1.961147,1.218988,1.044054,0.972276,1.04129]",8.051999999999929,435.7770000000261,412.2538000000065,514.7659999999998,104.4718,6.869999999999966,2.697999999999937,2668343296
64,25,32,0xe81c008b31ba7aae0f3e3b8c4b2789785b591b43395a3a79afe4799b404abd84,0x5049b2ef4df1174c371f0c7d1029e3f9dae713694dedd909d8850786d26c90b6,0x621d6c5726a7110f4de035194c4f8b0f5f5a229da78cbc04aa2ea2ffd31256bb,[2.280699],"[1.600563,1.307432,1.119207,1.165297,0.9819]",0.0,469.0969999999739,434.7555999999919,645.8840000000132,132.59800000000044,4.947999999999845,2.6177999999999098,2641649664,[1.871212],"[2.706532,1.314913,1.229635,1.05487,1.07388]",8.12300000000007,487.8260000000245,465.74820000001574,604.2709999999896,184.30560000000096,5.387999999999834,2.8903999999999734,2664693760
64,25,33,0xbb9523c03649367066853eda17dd7ae1a5846171c140d21b6e82c1c50beaedb2,0xfdd00b3e98225ebbd6c859153ca9ecfc2e5f05c90c8cf08a180f1f0ae8480c35,0xb0fa2951dc8f261416a4bdc67d6f577d24b62ebdce18153cf92f21b15b51d467,[1.858723],"[1.663799,1.347091,1.129323,1.150415,0.989503]",0.0,419.8429999999753,426.6853999999931,591.0610000000038,105.81139999999435,2.9240000000000688,2.7740000000000054,2638897152,[2.352678],"[1.97615,1.327862,1.111405,1.089603,1.073579]",9.253999999999989,440.3339999999867,441.3115999999939,658.8329999999976,108.29359999999788,5.607999999999828,2.4574000000000296,2664759296
64,25,34,0x280996dd63c8c5eaf84676019362acc58030dc4ada002f54a970523918df0713,0xd8254d8e577d79f9918875cfa5f087c38fdf07a69766fe00c797dd6505d56f60,0x27965efbbade714d3c14197461f524bde2d89aa82d7be04b62826bd2b6b868e4,[2.365788],"[1.691886,1.294922,1.159628,1.290236,9.578563]",0.0,482.80800000000124,483.9758000000028,680.9070000000083,117.86939999999801,4.687000000000181,3.2569999999999997,2639003648,[2.015609],"[1.945644,1.327371,1.155782,1.405855,1.570479]",8.292000000000021,422.65699999999293,488.1742000000022,764.3129999999887,123.22560000000428,5.629000000000051,3.871399999999959,2664820736
64,25,35,0xcc5e5e824353ca6a333d02da217df4cea29dee4406604269804142dd783965a7,0x9fff2f58fc82e68140662b9d55484585de8dc5b3ea5478bf719e1b6b6408a168,0xb700550dce3845b6ed1bf6ecf97169eb4408653ca2254bd19acbcf41090d01eb,[2.275851],"[1.446041,1.248663,1.153744,1.044926,1.027549]",0.0,546.5640000000271,426.7673999999944,567.2349999999992,108.37120000000145,5.1980000000000945,2.829999999999933,2639106048,[1.853816],"[2.05589,1.281262,1.29315,1.067309,1.009092]",7.751999999999976,446.89399999997545,474.1630000000052,607.8660000000125,127.0172000000014,4.4170000000000496,3.2147999999999204,2665459712
64,25,36,0xad2035eaff54d94a263247c45bce4d3a126a304f487c465c122e6419ad547b6b,0x9f3083465efd8b263a0ad51b21b2a5b04d204fe50850380a4a1973a958af27cd,0xf0d9d33d786b43fb6c48753befb472b52368fab8b2a85271b0c9f5777212678a,[2.106866],"[1.686794,1.447483,1.95635,1.337707,1.420932]",0.0,440.7550000000149,450.89400000001274,602.6289999999934,120.72999999999666,3.4050000000001615,4.058199999999908,2639171584,[2.409343],"[2.209261,3.653119,2.779251,1.768017,2.209492]",9.654999999999907,567.6459999999772,899.2600000000018,664.7730000000074,233.4117999999996,7.491000000000095,11.348999999999995,2669879296
64,25,37,0x7da7844e0dfd5113276d7158c7c4fe4f50820082d3cd537880a56a38b84d25ed,0xe2378810628111dab16bd077e30ea22ac8dad9f557aaa89f667f903d032a664e,0xe46602cf2220d65617a48cb77e8f9ba10517b1874ff4aeb02a91bc6e38d11b22,[2.227064],"[1.781697,1.867497,1.263996,1.229854,1.221182]",0.0,469.1479999999748,555.8361999999928,774.6479999999889,119.84879999999976,3.715000000000055,2.950400000000051,2639196160,[2.528193],"[2.419559,1.769558,1.361994,1.22642,1.408965]",10.206000000000017,517.1589999999893,553.5228000000059,571.6719999999953,129.90600000000185,6.199000000000135,3.258999999999988,2670292992
64,25,38,0xe72be36c14d7f03e4392c8bc8b657f346708dcbc116eaf56d470892ecb539d01,0x5b4f44d6115111c71e3798a09fc6e046cace19c10ea04ca43af6c97e9778d86f,0xf804a52a460cfe73778806da3da9acb778f93b86e8e6beed8b746cd2f6b7ea98,[3.838708],"[2.915452,1.712061,1.703253,1.222133,1.131176]",0.0,412.70300000001424,600.3992000000013,2360.990000000007,190.8178000000038,3.7959999999999208,4.0600000000000005,2639200256,[2.46699],"[1.781156,1.330927,1.315779,1.189704,1.187887]",9.733999999999957,481.1259999999984,470.31120000000647,728.6689999999874,124.3292000000007,7.542000000000139,3.5772000000000754,2670219264
64,25,39,0x456d85c1f2d71350cbae6b6658d91128663dc4c06fc2cb0484808bd05d3bc04f,0x06635b5d3522724a22e5e81a74c90a6fad8877e03d66135717f43d5c3180b75e,0x95a953a4409f45e1779b2124c9250adc578872799d4f5fe392d4167eb91304df,[2.094133],"[2.091864,1.393862,1.112358,1.151006,1.131226]",0.0,442.35700000000435,487.4473999999962,634.701999999987,106.32040000000399,3.3149999999998285,2.9885999999999804,2639249408,[2.688259],"[1.458099,1.543107,1.184326,1.187531,1.184035]",9.915000000000097,545.5129999999974,500.4285999999913,730.7520000000012,96.07279999999662,8.273000000000048,2.9986000000000077,2670505984
64,25,40,0x7a8b79a056ee0998a1c99d611312b0c059b765de50fe3e23a831e61eef7d206f,0x2c155947168415957a70629e01cccfb3ca2b26a26695dce6de4991bec9c3864d,0x7c4ca58aabae90f7087435514f9f120ba71dbb7f8b02289da7bea598c025a5c4,[2.465307],"[1.572231,1.526381,1.330787,1.146248,1.228172]",0.0,476.5090000000138,502.1492000000016,643.119999999997,112.74200000000457,5.038000000000178,3.233000000000055,2639286272,[2.039987],"[2.448382,1.297616,1.242273,1.169584,1.123474]",7.700999999999932,476.32800000002584,493.27800000000815,550.610000000007,125.94800000000349,4.216000000000029,3.092799999999951,2674315264
64,25,41,0x746c163681a5d314ff27a9c58fa786724c6c7eac7082bdab6aef33ecc6402a49,0x0e7d5b3ccc0aac1482ef0c6b5e03a09806692f528b7cdd193975017663ba745c,0xa5c9ebd9b30f4ce4478734affad61ebc6df91da3758aae6d54b2ef07aedc16b6,[2.059967],"[1.848057,1.413512,1.143805,1.10089,1.06085]",0.0,484.9710000000007,445.7281999999951,710.9919999999936,121.58340000000267,3.7549999999998174,3.1145999999999257,2639364096,[2.518698],"[1.56166,1.291057,1.291328,1.106809,2.087648]",10.425000000000104,507.40500000001634,495.8537999999902,742.7190000000028,111.03739999999695,10.055000000000133,2.729800000000025,2674397184
64,25,42,0x4a2f79c0d3d16f9e0e55537e8a98bf43f9b1857c090de5dc528882bfdf48641a,0xf3f728f5450d09d104a7c8d9b259bb1d9aa1ff13cf5cfed09a419589630509e9,0xc223463fb1c60aad5c1ffca31bc48418c07e7cb9722613d53490448159ef8ae3,[2.744429],"[1.955268,1.257666,1.033429,1.081761,1.017004]",0.0,472.7729999999819,438.0886000000084,760.6669999999926,117.31899999999905,6.579999999999954,2.7079999999999638,2639450112,[2.021559],"[2.95798,1.236725,1.35963,1.244477,1.082913]",8.201999999999906,497.7110000000118,484.6547999999951,647.8570000000017,112.83840000000377,5.389000000000175,2.6639999999998785,2674839552
64,25,43,0x970c600d0aab31767a7bc6aa4e8d4de1af3bd5485ab84b89336ecec8790d1f1a,0x68fc2a308e1aa5b9538916ee6acfe0259f5c94afa1553953f487a3b9315a3e29,0xcbee20f02c6331f9e68bcfc8d64b490df41fcac2b4ec19a677bbf623346cacca,[1.860966],"[1.772232,1.341643,1.375824,1.089713,1.086057]",0.0,454.8059999999743,470.0525999999927,499.32299999999594,111.03739999999695,62.86500000000006,3.088599999999994,2649174016,[2.191885],"[1.43924,1.179979,1.121301,1.357237,1.125186]",9.895,474.84599999997323,412.55379999999286,566.7149999999954,126.38440000000138,7.000999999999969,3.080599999999954,2679422976
64,25,44,0xc26725f2876f124b6f99446310c9dfd4b204b5f85270508a77ae6b96ba9003ad,0xd244e2b45e0fdbedc531c66fd654f7b818e7dd919070e0edf959888ced223533,0xbbb973a778d7e8d483026e4ae7fb78b5cef5577abec8b5bb474a83c47f7ddb01,[1.804461],"[1.86971,1.16049,1.066758,1.023323,1.00823]",0.0,441.99600000000004,443.55259999999674,498.902999999995,104.64159999999389,3.6860000000001407,3.0665999999999505,2649399296,[2.216512],"[1.415975,1.178146,0.956432,1.032637,0.988841]",9.77500000000006,516.6690000000251,418.7315999999997,534.2859999999949,93.97959999999927,6.468999999999832,2.7061999999999573,2675245056
64,25,45,0x195924c792aa70e23ecbdee59338afb5cf4aa717d5a44e9b7d504f2f0623731c,0x27bc28cd0c9e3d2ddd789ad829c404caa445e1f9df7bd0a675ac738c6d256da8,0xfb6f69a2dcaf0a4bc0e8440f93ed8f2e80459144899ca59ab4e51ccd8bdd62d3,[2.252867],"[1.410997,1.466251,1.018776,1.057996,1.026537]",0.0,496.35799999997454,483.5089999999931,625.6980000000078,103.72079999999562,5.807999999999942,2.641999999999922,2649591808,[1.999334],"[1.968057,1.243615,1.026978,1.022221,0.983843]",8.20300000000003,690.6019999999846,461.4761999999995,527.1749999999909,105.39900000000046,5.178000000000214,2.9225999999999384,2669907968
64,25,46,0xadae71993a23bcdca19ce9b5dd92e7b56e0bd54fe54fd04ebeea58701b6b901c,0x179be512c25e0723a846fe9e79695d59943863ee4d8941ccb7c77d56752040cc,0x6a2c7a0b33a610a712ad3e49eacc2c998b8c607f1a12840016658b2efa5ed9f6,[1.981848],"[1.517127,1.311036,1.143374,1.131256,1.135242]",0.0,449.5680000000113,461.6677999999985,626.5749999999904,119.86480000000243,4.506999999999948,3.114400000000031,2649624576,[2.178384],"[1.872903,1.258056,1.135503,1.133849,1.044415]",11.247000000000037,492.2419999999761,472.4005999999892,571.6920000000125,121.16079999999752,7.100999999999809,2.8764000000000567,2675802112
64,25,47,0x3c7b1b9bc0dea9ce3176a0a1be60abc25f415b37072b871a653c983bafbeedb3,0x76021f80740abb0a7d2d13f7804ee7d62617ee4dfc4e674a260736ace481628c,0x655df883479438d367affee3d5665703308999b8a14ae2d9cc5a313132db17e9,[3.087154],"[1.603258,1.207481,0.978175,1.305688,1.078717]",0.0,540.2339999999728,483.9900000000008,948.8800000000131,97.3607999999959,5.4690000000001335,2.8201999999999745,2649645056,[2.013916],"[1.862889,1.281472,1.140199,1.082722,0.989793]",7.8509999999999085,429.66799999999415,472.81479999999874,561.4969999999942,112.58539999999816,7.851000000000125,2.7845999999999775,2681208832
64,25,48,0xabe129c824f598c9e5baa2236ac022feba8f2976250ffa780950cbbb2a8a239f,0x6b240f8662e3e5761889a40f26a1262ce711c4ceb768a03a7170df5476cc34c6,0xc0650d647046b35fe348003384d68b54921d122dfc252be27e8de362a8714391,[2.032214],"[1.751861,1.568646,1.060218,1.042281,1.208262]",0.0,503.28799999999063,516.8316000000005,692.5740000000013,107.9667999999978,3.1950000000001073,18.91259999999995,2649677824,[2.545748],"[1.913536,1.165057,1.2004,1.066728,1.066358]",10.716000000000024,617.8119999999954,463.48279999999244,655.7789999999952,108.65760000000613,6.420000000000037,3.2288000000000108,2675363840
64,25,49,0xc757ed253459e0730a02eff94ba3ba80deb0fddf60b37574b06b3b705ecdd9f3,0x9de9675ba9cdeedd66b7fc212f2dc50da2cc3084dece0fc0b0faf8a4bae95a86,0xdc4c0f2818c3153726507ba2c2c6f3c161360ab7c3cd7f6f23d528c2c342e173,[2.364736],"[2.048378,1.333851,1.654665,1.309695,1.14076]",0.0,728.769000000018,463.60460000000046,632.5440000000126,220.87020000000624,3.5560000000000453,3.3711999999999978,2649817088,[2.987875],"[1.750509,1.516346,1.263976,1.274451,1.106699]",10.936999999999927,477.9710000000215,535.770000000002,1298.9379999999994,103.23580000000109,6.318999999999856,2.8861999999999295,2676133888
64,25,50,0x0834d8335daa766f43bda8a4b5f97a83d3288c5de1b47bb70f4c5fd16952761c,0x38ccc49e353dbcd3b52e030b30e4415b0f61c2cd0851c2e8e8a5a17cbe5129a6,0x6eaafcd80b324fc3ab9ce018b5e29d98241b60afc3452224f2046f4e9513300c,[2.091533],"[1.965013,1.231416,1.156013,1.267241,1.154481]",0.0,687.4960000000096,475.7372000000038,550.7999999999902,116.17879999999968,3.5050000000000012,3.5433999999999983,2640072704,[2.40702],"[1.463998,1.207821,1.234201,1.097044,1.184867]",9.293999999999969,497.80100000001994,475.62100000001493,747.4070000000055,93.34060000000255,6.0490000000001585,2.7081999999999455,2682515456
64,25,51,0x817db1d4ebee6e7945ae21ed205c4ab65b35ec2f3632e7fa6e8191aa004818d4,0x37bedc3ad965a050fd34087b0c57388cb9605156f5f9e3d69df2d399a74961ba,0x81ce0b2543be025c6c74bc209c1ae86cdab4c1713ff9c2c5e932cb9d9e39b5f7,[2.474591],"[1.640009,1.351838,1.159178,1.214592,1.072638]",0.0,561.2059999999808,467.9295999999944,658.5129999999995,109.64720000000149,5.738999999999831,2.950200000000156,2652696576,[2.40704],"[2.084053,1.161371,1.283655,1.115241,1.082051]",8.764000000000081,480.3440000000214,469.25339999999153,772.8049999999876,120.01700000000004,6.550000000000132,2.7280000000000184,2683670528
64,25,52,0x7cd47478b8fe10508a5562803a68aed19d584998631ca1bbea954ee8826b871a,0x1570b87e07aa9b824f2752974f7a4df66fde8c90408862278bcc1148d8ff9080,0x4cf55b7720fc0d13da173f073b12aebd348e03859fbe1d1555f97163955299cc,[2.390324],"[1.95625,1.367302,1.16755,1.145187,1.04742]",0.0,530.3600000000075,487.43279999999834,609.5889999999937,107.76259999999426,5.8480000000001375,3.104599999999985,2652704768,[1.809339],"[1.423767,1.234762,1.126629,1.211897,1.045307]",7.810999999999929,483.0379999999912,448.3799999999927,477.960999999999,128.24720000000343,5.176999999999873,2.597600000000047,2684121088
64,25,53,0xa5108c320f0afa7e0cf03fead92c46815c8ee1b236f0bd98c43e6bbf24d82b64,0x601b1166a0e4b082bd73256e0c2bccbe0df3b888a5a0738d246eda154c1fcbfe,0xc07eb1764d6ae9aaacfed71d15217c7d82d1d1bd048cc26cc7e3484e0cd3e740,[1.799523],"[1.950401,1.272579,1.239849,1.128742,1.036834]",0.0,486.3230000000107,480.5267999999918,520.7650000000064,127.814599999998,3.415000000000102,2.9201999999999875,2652790784,[2.257915],"[1.520462,1.124395,1.106959,1.030234,1.016583]",9.915000000000097,497.91999999998507,443.20439999999684,596.8699999999993,99.80459999999746,5.578999999999914,2.415799999999982,2678263808
64,25,54,0x694d4d083fa10e5496889957c339ef39b1e28cb6994740d43172e2a4add0fb87,0x5153049e8f48fb5e6f9b73b1791241efdfb5555d9ba7385eae9abf91ead821b6,0xa95ee5592ca3637058a8e5a7ccd7c4e1611a734b4b32a4a253089bd475c63712,[2.408222],"[2.017132,1.361653,1.12742,1.159423,1.166959]",0.0,521.4359999999863,482.267000000014,678.7930000000108,103.67419999999794,6.1589999999999385,3.0448000000000626,2652893184,[1.961448],"[1.555716,1.256194,1.162367,1.096854,1.088832]",8.322999999999968,457.9809999999962,428.03180000000606,550.2699999999916,98.22179999999793,32.42900000000005,2.521599999999978,2678304768
64,25,55,0x053c44f846b79992a959f27666f7cf39aff3113f6a3f46920000d9d83b370596,0x2208b067a3526c06f0bc4516fac15b1ded92bb3b6a7db65ad6b825af22bfc20c,0x17a185f20ebdae17460a89517e80708210b0d42b523a683159c430988db00346,[2.597897],"[1.819438,1.222803,1.08031,1.112824,1.14759]",0.0,507.08399999999097,497.28200000001004,796.5410000000118,97.40899999999831,5.1280000000000765,3.0464000000000877,2652913664,[2.12244],"[2.007287,1.31988,1.068661,1.035932,1.069913]",8.432999999999964,439.3919999999829,454.92599999999993,799.4450000000097,115.58019999999836,4.78700000000002,2.7080000000000504,2684219392
64,25,56,0xdf2174c982068b0fd5844c38f712ecb4a471853dc71d64941481922daea7a5ee,0xce1f158c4041433afd1f0e7d268b1eecd12a4c497b2467055382825d1b1421bf,0x4da5fbcec0d5f58d63fdfd5a2d21c2b9bcfc7586dd430da4a0a044c60e0b659f,[2.254059],"[1.389385,1.138366,1.111156,1.207982,1.191317]",0.0,531.3710000000027,450.6918000000026,596.2589999999879,101.30679999999504,5.61900000000011,2.39340000000015,2652966912,[1.990857],"[1.831511,1.16747,0.978185,3.219915,1.16731]",7.690999999999991,453.34400000002216,469.9548000000053,742.2189999999885,118.93740000000207,5.909000000000122,2.9986000000000077,2684358656
64,25,57,0xc46f6aefbced6679ca6c453ee9878808192f260f2bdd3dffe3b92ec3f65d987f,0x1681321e60b9af717e1199448f4202ad0eca64c2b9807f6563e8b47c946252f3,0xe8ea582a6b865b55a5914e399b7fe99a429554ea708b58ecfdd012ef273449ea,[1.918904],"[1.546853,1.259549,1.162443,0.976993,1.00777]",0.0,457.8599999999766,482.8439999999934,575.3219999999892,94.56659999999562,3.115000000000149,2.788000000000096,2653048832,[2.362983],"[2.115681,1.27288,1.056433,1.13372,1.00798]",10.54599999999995,523.7499999999895,460.4906000000075,678.5629999999932,113.41060000000236,7.401000000000195,2.798200000000018,2684637184
64,25,58,0xb4cd0959d45fba12348104d824dd4a51c7eb013cfea92f19860e8dffb7203932,0x592dd7fb38745eec565658478645f4f22c033d177d36ef5ba3f107bdb88a7d2a,0xe6221ac6c8bc50601ad7ecf1ecd384fd93b657301ccd1f69a2e5c6a0e20e2e4a,[2.229141],"[1.758672,1.782988,1.2133,1.075461,1.035251]",0.0,669.5199999999791,557.2162000000103,582.7280000000046,98.52259999999502,3.2149999999999888,2.347600000000057,2653220864,[2.525399],"[2.33494,1.222864,1.181181,1.108712,1.080519]",10.084999999999955,501.90700000002363,472.49219999999644,815.9409999999867,123.07520000000018,7.2810000000000406,2.6634000000001072,2677977088
64,25,59,0xb6c0af2cd8345f12caf2ba7d921f312aaa8b689ea35350ba475ebe9821ff176d,0x319537d8d6cc444e425cb7abe6a2223e709a7cc00fa3e41a455e270d72547e0a,0xb87163596fdad7cc2df994f430acaa549ffbdb5f6bf904b8cb3dfe9d1d381d4a,[2.576491],"[1.886585,1.306875,1.229474,1.055616,1.264196]",0.0,592.3030000000163,469.28140000001,605.8439999999943,108.46780000000611,5.038000000000178,16.857599999999927,2654015488,[1.847436],"[1.450688,1.166594,1.075372,0.991284,1.010313]",8.20300000000003,478.3910000000224,428.4623999999959,537.1100000000073,98.31239999999464,4.196000000000147,2.50160000000001,2685603840
64,25,60,0x5c0418ededc9a43074aec9385bee76cf219ed231e481ffad1f0c507539605794,0xe1d31788f1886face13589cec110f0eca9f180c631ba266654f17f0f5e27606b,0xc464d4707e67d3023886ee199361269470d947bba661f1b9b360a836fee94dbc,[2.249632],"[1.598195,1.248623,1.064565,0.991295,1.118436]",0.0,507.1150000000024,440.2638000000181,573.9760000000039,100.76980000000013,5.5079999999999885,3.054599999999935,2654056448,[1.735697],"[2.178996,1.33946,1.122423,1.058516,1.045296]",7.821999999999994,438.5709999999987,480.68879999999535,514.856000000008,115.21759999999492,5.948999999999885,2.804200000000069,2686169088
64,25,61,0x5879a6be0d05a93daa4c3c18cef75c1ec6879d8cbd090275972f1b8ebacefed0,0xb0fbf7dfc5e8830ca9426e80db39428a44277ce894f11aa3379a59ec52778733,0x25abcde41dc7db636f252878c9763dc933a2e9fea2da5a5525a3926730737522,[2.307089],"[3.254317,1.343826,1.416086,1.192828,1.197746]",0.0,511.28099999997454,477.42799999999085,606.2440000000058,160.71219999999607,5.769000000000086,3.28900000000007,2654183424,[1.789468],"[2.377936,1.371619,1.356405,1.374232,1.157726]",7.2710000000001,459.702999999978,496.9310000000005,559.4329999999981,118.84919999999855,4.656999999999925,8.035799999999998,2686480384
64,25,62,0xf7cc7ac9ed412208ab13401d803a99108a7d1b639a0194dd5beaafb6ce9008c3,0xbc4becd9755401457231d4d68c689da77a5e0b929c677a1b1b43a8d3f0b4f9bd,0x80f6c960fce13bad07e3044ed21d54103fe208f48bb71a26c4630821e9c5ccbd,[2.651639],"[1.905994,1.585786,2.050823,1.61121,2.227539]",0.0,543.528999999987,581.5065999999924,732.6950000000054,184.21160000000046,5.579000000000348,5.270199999999822,2654216192,[2.351355],"[1.638791,1.101101,2.04941,1.866995,2.170923]",8.814,487.7560000000058,520.7449999999891,697.7629999999901,206.387600000002,9.22399999999995,4.4387999999999375,2679193600
64,25,63,0x270cdc25dca4feb9be0b5967c5837102e424fb2a6520c83b9407bea7ef622873,0x3c1436430bae681d022fc8e18e2f2c2c0d2eca3dbbf00e4709217d8aa60fe733,0x43b2559bb0f47311d7c2b7e2de4c3bd8a43dd208c01bc206ee243bac3b076e3a,[2.372818],"[1.489075,1.341252,0.996893,1.081891,1.394874]",0.0,551.5919999999896,484.00180000001126,678.5830000000103,113.23859999999853,4.9669999999998184,2.608000000000124,2654359552,[2.681994],"[1.909209,1.374362,1.394404,1.14031,1.033379]",10.676000000000045,615.9179999999931,438.8457999999984,616.4800000000026,113.5973999999984,6.7000000000001085,3.208799999999956,2686545920
64,25,64,0xcdb2d9e09970a8ebf9767c00e4e5a82fac44699491184562b3b5d1bd54e02914,0xa1503a573726ae0c115baeb43bcceb337787d65413de5df369d12b25520357b2,0x7d9012c435f8672c8c616c0de9708f0da2a6a9fa178feca227550d7a8bf4eb91,[3.136841],"[1.879895,1.255123,1.201391,1.236385,1.037004]",0.0,894.5289999999773,489.0892000000036,738.6940000000119,116.285599999999,5.86900000000036,2.7199999999998057,2654511104,[2.298051],"[2.084469,1.151767,1.155863,1.403326,1.094791]",8.37199999999998,695.6490000000204,468.3323999999933,583.7099999999873,106.22200000000026,6.610000000000209,2.726200000000012,2686799872
64,25,65,0xa6df180614a9f991890daaf1cee2abd022f5609989b9e2bc31aad08252892e1b,0xe75ede4038715cce7117e9e659667dbcecf9c95eabfb261b995c014a8bf903e2,0xa5cccf48d781f0024fa3da5c8656594c1d0340e1e29b841f3e1d73d3938d7229,[1.903629],"[1.389275,1.178297,1.037935,1.070123,1.204637]",0.0,443.65899999998516,437.1490000000033,609.4680000000019,103.53579999999863,3.42599999999995,2.655999999999839,2654769152,[2.448341],"[1.916919,1.130865,1.065516,1.043373,1.059357]",10.315000000000108,565.6729999999887,431.9952000000016,684.4920000000087,112.97640000000331,6.259000000000213,2.868599999999999,2681053184
64,25,66,0x8ddfd25424cc1aff917ba267fc6a595f719067180582ceaef0477b6da053c3f8,0x7050b33ac1d4ea8b41d5cb87b3d140c57f09c3fbd4316e25cd3a43ec278ba089,0x9b26cc3fe5cd3891482c70f1ebf47a16aa9f02b4a294c58794baff28e4303c16,[2.651708],"[2.36178,1.866604,1.203164,1.398774,1.53218]",0.0,627.5660000000238,565.6827999999891,738.7739999999976,135.64479999999546,6.118999999999743,47.96060000000005,2654846976,[2.336052],"[2.086386,1.401863,1.8373,1.343821,1.579321]",32.63899999999989,443.47799999999717,640.099000000005,716.2900000000083,130.18020000000186,7.471000000000213,3.6612000000000973,2681171968
64,25,67,0x6be13b85f08b77cbb0f8703b7ed55d9baac0545a6df01cc5778b04c83a0c61cc,0x0b9bc103ac02b29097a6d6e16b7e674329afa9e587ef49006b9d91bf1096d3e1,0x0ca4a566a6ec21080c54b217b7b290336e39427412ad60dbd5e7dec7ee5870ff,[2.510304],"[2.026415,1.342073,1.404457,1.120329,1.062412]",0.0,548.5869999999893,508.25839999999454,697.4809999999998,127.43619999999734,5.17799999999978,2.768200000000283,2656235520,[1.906755],"[1.481323,1.233981,1.066307,1.11416,1.030985]",8.673999999999964,433.8540000000113,455.4126000000047,655.8879999999933,103.18519999999998,6.169000000000313,2.7601999999999833,2689273856
64,25,68,0xa745357243909162ba7b5525e3931548703eb1c1822a17e895b31c7721358159,0x16568930b73f93fc235ff6ca1edf76a9dd0bd09db1c008e1b3b62bc4859f874a,0xac0c71c39f580c01cd67245a611ba3bd6a0e1a2f1c36126d37c003fdc1d0f324,[2.405106],"[2.012794,1.307892,1.119208,1.089172,1.096238]",0.0,501.1650000000256,438.06240000000554,602.4580000000002,121.78359999999722,5.648999999999932,2.864399999999954,2658004992,[1.942448],"[1.473561,1.229584,1.106328,1.107289,1.07417]",8.493000000000043,434.60600000000403,434.37499999999795,560.1550000000066,100.88040000000298,6.861000000000367,2.17140000000008,2689597440
64,25,69,0xad059594ccd1e73692b4238622bbb63e97104061fbf58c92f8b86c83a9e1c5cd,0xc0ea02ed3821d58a88edde71f59e34ee942eaad27536dc5a697de4c3fd80389d,0xad3162e6fa614075e5d046abe6e7a67278ad4e3a5f47a064b68925ba1b5228af,[2.292311],"[1.583027,1.243766,1.095192,1.178107,1.095792]",0.0,464.24000000000467,444.3322000000083,944.349000000011,110.92940000000384,3.274999999999632,6.187199999999928,2658029568,[2.398166],"[3.009227,1.471629,1.107019,1.543648,1.079168]",10.685999999999986,472.5320000000255,600.4453999999937,658.4129999999966,130.7169999999913,8.00200000000001,3.5951999999998816,2689056768
64,25,70,0x0ccfdd6c71f667760f3c02ab774cd5b4bdab2534bc80ab044d5dd4991a2a6956,0x28f828d1dc016f16d9a2acabba5cb67f1d81d1518d57bdf874eadd3a5e696b22,0x659e365fbd99faba2af519dd7e020b0a962f115acdf583eb798c5239b1c946af,[2.279518],"[2.066256,1.324798,1.18056,1.110855,1.08737]",0.0,474.5259999999751,487.46920000001245,615.1679999999993,113.18280000000014,6.169999999999787,2.9984000000000264,2658037760,[2.12225],"[1.600563,1.239569,1.090635,1.248132,1.109703]",7.97199999999997,513.9849999999946,455.62859999999097,664.2920000000107,119.56820000000312,6.619999999999717,2.729800000000025,2689069056
64,25,71,0xbed061cdac8280cae608fb5b498cf552c2b23b9cd8a1af2a8025be842e393c20,0xdaee64736e5cc6819e1fc284c1d1149e3ed551b1f4d88a84b4c04fb6238b34ac,0x47be6d1754a5e6e103a18b54e49f871dfaa84583e56f5b8282f9183ad2d39fbf,[1.941688],"[1.852152,1.267421,1.12719,1.307852,1.06111]",0.0,519.3430000000054,531.5497999999974,548.1459999999994,99.84440000000427,4.086000000000367,3.06879999999992,2658238464,[2.879111],"[1.996731,1.289324,1.147931,1.089092,1.251356]",10.384999999999907,553.0340000000078,463.55480000001006,839.4760000000057,128.53580000000142,5.828000000000257,2.81420000000001,2680233984
64,25,72,0x931d748e2b752fbd5c0bafcff3311ba74ce8d1d83c44491c0d612b2b01efd7c8,0x97ce790de8a291bf1db56ca8034c34ea1991df2f3eb6dc55d10fa4eb36be2b5d,0xae641cad0834ab15a912bef0bc9997bd2aa45ce07bfc306e9dbef1186f81247b,[2.32746],"[1.490267,1.202664,1.225789,1.346331,1.149213]",0.0,506.67399999998474,469.78859999998735,697.8019999999974,141.32739999999643,5.63799999999965,2.5562000000001546,2658254848,[1.998313],"[2.019646,1.204817,3.319586,1.247611,1.08058]",7.541999999999922,504.2199999999997,472.67699999999917,655.188000000001,113.31300000000377,6.07899999999998,2.954400000000114,2681180160
64,25,73,0xf960c28414470faae20f06bb1df0b80953b78b46d3121518de01ce19824ce7cb,0x327620710033bf7e888ba82d768bc5ccf9018000cca60b15e2d81383d6328550,0xa7b5d93980ad1ed7a0819795ca1b456bbd58ff040eb9acb74e994c23dfc421ea,[1.887786],"[1.928368,1.367702,1.085747,1.09401,1.14139]",0.0,479.0219999999956,478.6855999999951,528.8679999999879,112.48759999999969,3.8249999999998354,3.0683999999999574,2658361344,[2.561387],"[1.730695,1.194021,1.063093,1.239269,1.082412]",9.995000000000056,552.4129999999739,467.59259999999966,687.3159999999933,133.7097999999981,6.629999999999657,2.768400000000004,2688126976
64,25,74,0x9e4410b6c5efe6b94d8991c2c790ca33fc624a0a0d87491324b61033761d98ba,0xd259851ea116eee6ad25071db664f06a8cb5cd79145138570775c01ad0b4a44d,0x8f891d97e01fd847e49d14e13b1eacf6bd37383dfc22b11064140dc53e4d8a39,[2.289442],"[1.517267,1.144025,1.072417,1.073338,1.12769]",0.0,512.2430000000234,472.5267999999949,652.9939999999901,104.6458000000028,5.337999999999697,2.66239999999994,2658455552,[1.947101],"[1.998093,1.344247,1.50529,1.019788,1.085197]",7.450999999999898,491.8910000000221,552.048599999988,640.6260000000052,153.22479999999584,4.747999999999732,2.645599999999935,2688245760
64,25,75,0xf07a3915becde6d7bf574d38d7791004c1351db4eeeee52bc188379a4bccde39,0xbff2e80d6eb1f172e879f66d027b8704e803583528f2fd0bf55fb5f27d2b364a,0xd87832585cdb659f9399d5e5047d659d021457ee5b272f8fce4e150e2b0093c1,[2.494822],"[2.190423,1.484589,1.156183,1.18977,1.096043]",0.0,543.2790000000076,539.381399999983,617.9420000000102,114.16579999999898,4.9270000000000564,3.1008000000000773,2659049472,[1.879203],"[1.393902,1.081831,1.14052,1.14048,1.115782]",8.97300000000001,464.4610000000271,457.5296000000062,550.9810000000059,100.88220000000757,6.449999999999859,3.0627999999997826,2689572864
64,25,76,0xcf299cea6cedcd53b35e187ab72f5090bbec3aee2626f2bc43afbf5da3c6cabb,0x5c27412a2c04cbefd9201248c817bf5a7540df47794a6ed27928189feeb1b501,0x54fd884e8782ccf861cd403e5ba355005cfd8999dc0cf6492e6d83441a76995b,[2.435102],"[1.463877,1.350156,1.220931,1.205858,1.070394]",0.0,525.3020000000053,465.2476000000072,715.1989999999997,106.98339999999918,6.779999999999633,2.7702000000000977,2659483648,[1.945904],"[1.981468,1.221141,1.157986,1.142673,1.095573]",8.573,484.64100000000786,455.77299999999263,602.8289999999992,110.59860000000587,5.17799999999978,2.9644000000000545,2689699840
64,25,77,0x734a2f1da06df119f89619c09f9c835985516b1963f1b85aa372f56e777f0a97,0x7b51a18c4258c3a76bd1a3a4a875792c7de257894d7807e709dd77a6062c52f5,0x2ffe53d49f9c2212f0bece3ca353b48bc9b6d1a0533a721240e1618e6705e322,[2.396273],"[1.908417,1.276425,1.222393,1.13402,1.082282]",0.0,486.43300000000835,471.4430000000047,827.2779999999868,112.84220000000178,6.0889999999999205,3.3529999999996893,2659491840,[2.211294],"[1.69388,1.223425,1.090855,1.118306,1.213169]",8.603000000000039,430.29900000002283,481.65819999999025,844.6440000000055,104.7959999999959,4.757999999999672,2.7903999999998734,2689716224
64,25,78,0x79dd5c3c80229ffd58a9762332e36aa199ccfbefd502427068f27c68ca47cf39,0x35ec2e068b8d22d2ac77d3f580e04b3e780f383754e060a972a44eb680e918bf,0xe4f39b29ce8973992acf24ca56e98bb100dbf49850c743f2346d53bb6f974bde,[1.662287],"[1.460973,1.287091,1.130605,1.104625,1.123323]",0.0,428.79600000000903,442.3130000000053,451.1500000000113,96.19120000000092,3.7149999999996215,2.647599999999924,2659557376,[2.504707],"[1.852293,1.152819,1.137115,1.219534,1.568971]",9.915000000000097,551.530999999994,536.5753999999945,655.8489999999862,115.42000000000496,7.522000000000258,3.1106000000001233,2689810432
64,25,79,0x86138567ef985252f9d8bc7eb7548d2f7d5a8bdcd6ec8230a04dea3e4568be26,0xba1c6492bd81e60f4fbcd05fdc8390b05dbce5def995f2b73b7ea76b08f7592c,0x2991b8feba59a9bab72e2bd853a338f7a160a3f107848e59e12a35d9f8d6b605,[1.887075],"[1.824601,1.26004,1.195663,1.14759,1.022351]",0.0,466.9239999999797,452.656600000001,503.12899999999104,114.83919999999982,4.055999999999678,3.2088000000001298,2659561472,[2.182501],"[1.343195,1.200029,1.162543,1.168602,1.057885]",10.054999999999916,489.04799999999193,476.00979999998793,665.3329999999902,103.37600000000502,6.149000000000432,2.6398000000000397,2689835008
64,25,80,0x646a99b14d20b71b490bcff88c5c27da811529d78e2551d0cd0ed51112433b61,0x1d5bc1cc2324629e76282c2fc5eee1999a5d177db1cd0cea542db1001c2f26bf,0x7ee908f191eb2143f8f4d6fa7b1b9a560ac0b69bf778eda2ebbcaad2c10f10a3,[1.932554],"[1.815517,1.295434,1.096714,1.133208,1.031746]",0.0,479.79300000000615,443.04179999999917,521.0959999999986,112.09959999999852,3.154000000000004,2.753999999999951,2659586048,[2.364245],"[1.981297,1.224697,1.48552,1.078636,1.115923]",10.42600000000001,497.7110000000118,537.0956000000039,666.9860000000083,114.82479999999629,5.929000000000004,2.9084000000002135,2689859584
64,25,81,0x0b336e41766dfeb381ef5bd7afbdb74a0afe4896b2775ca47eaa4bbc4238a49b,0xa98893601078d207178180bab0e46c11634dc1037464b3661cca7a9cd989ed1a,0x14d82c8e9f77af9402fbce985b23cee46e8c2d4f441f62e7b3081acf82823033,[1.840235],"[2.158315,1.297547,1.127461,1.570038,1.526712]",0.0,479.092999999986,585.4430000000077,560.5850000000023,183.66320000000601,3.514999999999942,2.788200000000164,2659667968,[2.52631],"[2.097012,1.657169,1.315123,1.301142,1.032506]",10.175000000000072,727.1460000000118,540.2889999999938,666.3949999999863,119.9370000000033,6.329999999999704,2.8264000000000067,2689896448
64,25,82,0xb8cf57654acbd1a366aa127f7ddeb37a32475cc033fcaab16052ee08916cf24d,0xdadfd3b2195d917be9d7217ec584db6413d14ae0338a481f5846b100032c12fa,0x8a7062bb3894207dd995ccd9f2d93097f71651d8b7896379c205d2f616eb1cca,[2.24835],"[2.172156,1.331878,1.228943,1.203405,1.848608]",0.0,508.8970000000081,623.21580000001,600.6659999999997,108.52739999999693,5.317999999999816,3.244999999999984,2659745792,[2.397555],"[1.755467,1.464789,1.172778,1.049603,1.289004]",7.510999999999976,465.7330000000237,481.57400000000683,688.6989999999871,130.40280000000126,6.059000000000099,2.5317999999999867,2681954304
64,25,83,0x0b50bbdfbbe09faf81c4aa0d602e171b27af4703d602e65f36b47a77a2922ec7,0x014ff6ff22da693b38d24acc05d8c808630ab10a36b2c6702c076027f7071ae1,0xbc9e885524347ff23dd626f3b7c8654f4ba344f7f269dedf0e3734755d9f2aa0,[2.3738],"[2.104473,1.300421,1.13392,1.068311,1.169063]",0.0,528.6369999999985,505.04160000000024,564.0399999999879,111.04959999999609,5.62799999999971,3.206600000000073,2660278272,[1.947998],"[1.528184,1.35309,1.102062,1.085797,1.072857]",7.882000000000072,475.81800000001675,428.7182,526.5439999999899,111.59419999999254,5.378000000000327,2.469800000000008,2690220032
64,25,84,0x523859bb5330dcb2c0a5d41732ed171c8c74c7a2fc262b890a21782c86bb75a6,0x1579985e45b4bb129855c0f335be661119709455319058f0eb3ba7ced492ede3,0xe5d2a072de0f46dfee9d6b5c6500327df40ef41287ee0252a1e718c4de7d0026,[2.559174],"[2.001868,1.451178,1.119037,1.009112,1.002491]",0.0,642.7190000000138,459.4748000000037,647.8570000000017,125.8895999999954,5.357999999999579,3.2027999999999914,2660282368,[2.676275],"[1.744916,1.265849,1.098672,1.240871,1.32616]",8.902999999999993,639.7349999999747,509.61019999999917,787.8279999999904,100.68380000000099,7.361,2.898200000000031,2690228224
64,25,85,0x6f4c0c3a74dee9ab6c928b9d1c9ba8a5ed6106f0a09c2a2f2c51a4356a4c5994,0xee1ed8d110d6c72827c962157cc5a0f10b2c8f4d8e908017b6e3d859de663eff,0x059bac1fc3dbea0360b672b04935630988388ba98283c43099d9432122195665,[1.956145],"[1.982129,1.20975,1.254422,1.26049,1.729929]",0.0,463.2780000000114,499.1246000000116,594.6370000000089,124.73820000000191,4.266000000000165,3.499200000000105,2660286464,[2.431987],"[1.568486,1.259309,1.297316,1.248142,1.192097]",10.395000000000065,503.379000000026,493.9771999999953,756.6910000000038,103.41600000000062,6.850000000000085,2.930600000000151,2687225856
64,25,86,0x7bb2c4a248f485f2352366f969a602e73df7f7cec84f776166a25b1a9f6e4004,0x91c9ecf7eef5333c8aa13f62d1f6aaff156a4cb7281e397a59a88ed94ef47469,0xf6912745a45fedd44bb1f240c182cbc4dc8721c14ac15d3c0d396fface0355b8,[2.301571],"[2.245666,1.252208,1.078306,1.145107,1.082762]",0.0,521.8470000000198,486.69179999999426,624.3820000000067,129.73379999999813,6.52000000000031,2.7997999999999568,2660294656,[2.139557],"[1.652361,1.403016,1.136214,1.090935,0.990553]",8.051999999999929,522.2579999999977,458.8720000000102,686.0240000000073,101.93559999999714,5.1570000000004255,2.4979999999999096,2687242240
64,25,87,0xb938ce94e78a4d14b80c3a99cdbff20f446a8719b005c2f31cf888f9cddf99bf,0x2e6f6e94376442dd5dc68195f2d260e8888541096fcb0a6e1b3fb70d83d9f683,0x21e6db0efc0fbf223c13973ffde052e8b66897d483441a8e817b25d7cd8ccbb3,[2.146658],"[1.970761,1.330076,1.156754,1.099518,1.171116]",0.0,450.88000000004234,490.0671999999773,560.7960000000023,119.52640000000846,3.435000000000417,3.0667999999999322,2660302848,[2.476705],"[1.376856,1.440642,1.088051,0.972085,1.049873]",11.067000000000021,646.9850000000444,498.2813999999891,612.5040000000137,100.07459999999412,6.891000000000188,2.706200000000131,2687258624
64,25,88,0x1e024f630c676015dca447dc606704313a0ba24988fab0d46b1cf9dfe67d4b08,0x257df8d9da5d21043d48d220f702b4f537f068b07982e337cd41a2cc874ad8b7,0xefc9da3b1e6dc6daa71e44abb7552c536e56a412eab0050747b9aea8bcb44f8f,[2.372638],"[2.059576,1.409726,1.138898,1.230536,1.072857]",0.0,571.8820000000235,517.7668000000191,630.2699999999884,123.0353999999989,5.508000000000422,2.880400000000033,2660331520,[1.811111],"[1.382044,1.252319,1.157225,1.058125,1.051025]",7.831000000000027,447.41500000000656,442.09079999999454,506.30300000001347,107.17959999999583,5.968999999999766,2.6180000000000647,2687328256
64,25,89,0x7cf49db6185bd39095373c045e1bc0d228891f62950594e80db20cfa47f6f3b4,0xbf3c71c2d60df0a469996829de8859d2937cbe66ef1d6b52060fa4879d07eec6,0xe61ab042f2f4a4c142374a41b2b5ee607f74d7fd4c6e78a956fcd3a5bed17acc,[2.306899],"[1.390266,1.277727,1.481353,1.16678,1.079438]",0.0,561.7169999999616,518.3375999999962,634.9469999999968,100.58780000000156,5.919000000000063,2.5839999999999197,2660413440,[1.789549],"[2.08908,2.786722,1.181121,1.093068,1.220611]",8.112000000000007,454.4450000000255,755.0925999999959,559.3839999999961,120.26159999999896,4.356999999999972,3.3451999999999784,2691690496
64,25,90,0xd9c012c70c77cf61ccf78322f6d71301b7d1c2ebd5d38d057910f7f2b03a9bfa,0x1ef9b3aa190d8f1b0548f64c779c09738f0bcdb4226acec9ad19057ca6dc8b2b,0xc90f189501c7fc73b7f01ace5ce98363403424f761d948086b32d01e27575bee,[2.306327],"[1.618931,1.369746,1.051145,1.145708,0.997624]",0.0,557.0599999999981,443.612399999993,865.9249999999896,103.70599999999786,4.055999999999678,2.8481999999999816,2660499456,[2.232667],"[1.959635,1.258487,1.077676,1.083123,1.242423]",9.695000000000103,474.19500000001057,510.5499999999985,633.0549999999935,107.0735999999961,7.601000000000309,2.788000000000096,2691891200
64,25,91,0xad0ba1cb512d22744c7585c3c346bbf94a78d34fe4db35fd44ea3bf340122a21,0x4c1dd2a974456f144440d62b2cee4e458a309d702a5103091a9c727b7c1fc742,0xab55203c56315ce5cffcdac84515aafb2eb91cbe51cbcaea4fd1b5d4fe49d91a,[1.781356],"[1.572071,1.397928,1.231727,1.115582,1.17433]",0.0,442.7380000000536,457.872199999998,521.746999999989,104.88799999999743,3.8759999999998795,2.6816000000000684,2660622336,[2.561733],"[2.051744,1.20677,1.008141,1.148021,0.987679]",10.084999999999955,499.3530000000357,464.8828000000105,811.4630000000122,117.02639999999208,6.92100000000001,2.8340000000001697,2687733760
64,25,92,0x8d8ab0faa43609f9fc2971a56ea7a27576577012a29fae6773d78e5002fd9212,0x2bb558e009dd866a8decc994d158372d7955e688a108241fdbdb6676cbc2b687,0xdb74f5dc8e348ed9eadef35cd99ab5fa997f835c151c69c9ae703f9ba400051f,[1.859584],"[1.849319,1.305348,1.178807,1.295203,1.179999]",0.0,500.93500000003564,460.87499999998283,538.7219999999915,113.71119999999956,4.096000000000307,3.4213999999999425,2660737024,[2.230674],"[1.581334,1.135533,1.132428,1.367302,1.190455]",10.646000000000006,485.64200000000835,487.95980000000407,589.1479999999838,102.04760000001033,7.260999999999726,3.2545999999999617,2687762432
64,25,93,0x1bf319b9b5d8cd174718b902abcae9b70ecf08e59a0129503f874a0499313cf9,0x77daa17972e99d588399634a2df893e15dbfd225be844c062a6c3ebd4226501e,0x2d62710429f3ce02dcdc5180d9a60f52c2a276c61bed22d32cc0742cdd973608,[3.93251],"[1.48563,1.202884,1.019096,1.224777,1.099538]",0.0,454.50599999996564,452.1374000000078,622.4989999999985,112.50780000000016,3.7659999999996656,2.7986000000000675,2660753408,[2.347099],"[2.041539,1.160279,1.086448,1.04748,1.397477]",9.794999999999943,474.6260000000335,444.107600000021,611.6319999999731,148.8806000000009,6.398999999999814,2.872399999999907,2692407296
64,25,94,0xc9e186777ccc58c6ce7eca9704cb7e814b3c1f02f464137c6407438b4e36e089,0xca295ad902c91ab0dbed1ccb484a9b41c65d905a583e40400cd9781a90a60893,0x88ea8d7f2bc246cf4e6006e3d53b9aaf859c039221db7f70bd16af83eabe1e3c,[2.333108],"[1.390447,1.270495,1.132228,1.357487,1.046208]",0.0,479.27299999994676,480.128000000013,667.385999999992,92.50360000000457,5.42800000000003,2.792000000000072,2660790272,[2.116131],"[1.85676,1.219859,1.10097,1.082432,1.089713]",8.081999999999967,449.42800000002944,443.2703999999621,538.0220000000269,101.70160000000372,7.211000000000023,2.4717999999999964,2692464640
64,25,95,0x927a4eb87c1606dfe9894038b5a189c76295b4fa11aa0b74712f9e501c020e6d,0x29f1e76746a12dd4f1286e2508b7a8f4c8da1a639dee0aa130f9869d4d139eb4,0x3863d6cff457242aceeac74666f09423fd853428b56f8ce9d04eedb2866d8287,[1.726603],"[1.397527,1.543677,1.175102,1.128943,1.045206]",0.0,434.97599999997584,504.0358000000022,527.3650000000018,99.03540000000265,3.254999999999751,2.8886000000000536,2660823040,[2.247068],"[2.021899,1.286419,1.142412,1.105717,1.079658]",10.21500000000005,516.6989999999538,482.3673999999834,653.9360000000216,111.21180000001063,6.438999999999577,3.112599999999938,2687926272
64,25,96,0x8ea436b287e299679468532ba180e5851a008fb94b963095ec0654cc1152b98c,0x00d53c576ec10abbc3fb3f389c64abb2eacc5f43319fd8ca8146723dbd363539,0x74573027bd3abde760007327ee63b8c43422ef9ca5dea09196330405254b3ca3,[2.40042],"[1.414893,1.197295,1.031496,1.00795,0.966317]",0.0,474.9760000000158,421.50979999997503,727.6969999999993,100.60800000000759,5.378000000000327,2.479600000000054,2660872192,[1.915884],"[1.861828,1.161532,1.10777,1.242964,1.127225]",7.871999999999914,455.03599999996425,508.10620000001364,611.6219999999784,115.59440000000754,6.52899999999991,3.3831999999999263,2687963136
64,25,97,0xe445a6a9833df425de664b8f240580d4a5759433a0d86a276314b50ee9798033,0xf7f05ef7c44103ae5093edc8eeade7262656458799f39268d2f06a09983df0af,0x4c5e5a0b1b2e91f10d0c5ee8c5b6161fd72004f3e75b73eb325f5a3e82bb1b67,[2.363183],"[1.890911,1.192398,1.112848,1.095953,1.01417]",0.0,494.9760000000358,461.22920000000175,685.403000000001,114.12019999999522,4.907000000000175,3.066600000000037,2660892672,[1.92297],"[1.486622,1.331868,1.041701,0.980799,1.138206]",7.651000000000012,504.47099999995083,449.4955999999828,572.1630000000144,102.18399999999406,5.078000000000374,2.4361999999999995,2692870144
64,25,98,0xa7a044c0bc2f9edf4a24009b4b272e10f7a1daad09c8328795045f8f4abb69b6,0xfad28c7fd6e079ce258ce198f51d926cba9e044bd35a02eb2e0951631180e531,0xae5b432174431c8840e7395d40d94641ca3734ece5ec4abf827c6489561bc1bb,[1.829313],"[2.25814,1.64828,1.421874,1.442661,1.174011]",0.0,454.07500000005376,474.35499999999297,548.6580000000074,119.47219999999814,3.816000000000236,3.218600000000002,2661023744,[2.616871],"[1.529026,1.147801,1.068331,1.159248,1.154961]",8.984000000000075,664.8529999999653,439.79100000000045,734.4779999999829,107.09540000000128,8.323000000000185,2.737799999999978,2692960256
64,25,99,0x9dce73769dedc367ef78146d9abf47ec469cdaeaa57dc3715757c0e3d4ea80de,0x41ee58e5f20ebb73d0f4caaf3be6c30d0955e72679dd71cef18b3370333ef8b7,0x266b097fcca40054c194c80ad3e5343b985f58e5d3ebf74cc4e3ff142d1290e8,[2.127809],"[1.879334,1.295664,1.216774,1.096553,1.095973]",0.0,464.1800000000362,488.25580000000366,575.0670000000124,112.36540000000849,6.118999999999743,3.142800000000001,2661212160,[1.794086],"[1.442024,1.137736,1.159899,1.065156,1.183074]",7.501000000000035,469.69799999996286,435.57499999999914,520.0340000000026,102.24860000001001,3.5649999999996447,2.2834000000001087,2688339968
64,100,0,0x4aa95d3fb5b1c15708b834a8f045bd81af937874f959596c5f046b86cb87c3b0,0x1078d7062b0c9e5d70508e1ff2bae885172908bf419019b54d72ac22c0ecd06f,0x204b2e08e4718c27c08887807e6a2f54e5b3faf8488007e1bf4a0b5396e211f5,[2.632239],"[1.659673,1.407062,1.338167,1.171066,1.118987]",0.0,501.1860000000423,483.65540000001596,847.1770000000045,142.91760000000318,6.059000000000099,2.9163999999999923,2661216256,[2.02295],"[2.04261,1.471639,1.088431,1.218347,1.171507]",7.32100000000002,467.01500000001505,526.0755999999978,507.38599999999855,112.0809999999972,5.968999999999766,3.1123999999998695,2688622592
64,100,1,0xa9de9b5d7fe3db7eebd300fab5ec004c770edc2a256e34392dfc2616ad96d4c7,0x2f1276d7e13296ad88cdedf717ec184602f5dfd7c77ffa413ed838c8c04941ff,0xab00729028eab13dd171737e493f66386347372570a921902975cb78a2214b94,[2.31439],"[1.586081,1.188953,1.078025,1.32698,1.119869]",0.0,523.4589999999483,485.40779999999285,606.4840000000182,104.50179999998977,5.668000000000339,2.780200000000038,2661228544,[2.96103],"[2.357826,1.198137,1.125477,1.414658,1.170776]",7.560999999999896,455.1560000000121,462.8040000000277,789.1749999999753,162.15280000000388,4.78700000000002,3.3689999999999416,2694668288
64,100,2,0x534f0963e587459876fbec45874918a71375293c25feed2083009e4ac02e572c,0x92919c9914194c9b395608ee264bbfbee4badc524c59442d6275c8902deaeb7a,0xb9210bc7dd19a3b32cf62a309d8a3e37a1cf6388dc15eb44ce968f70221ec105,[1.73776],"[1.374353,1.272108,1.131376,1.134982,0.998035]",0.0,450.97999999998973,452.9307999999732,500.6040000000156,121.00260000000863,3.9360000000003907,2.8104000000001017,2661265408,[2.210994],"[2.683366,1.133389,1.055842,1.145267,1.115922]",10.315000000000108,482.4770000000367,485.7365999999974,627.4470000000032,185.3396000000007,6.228999999999957,2.671800000000023,2694701056
64,100,3,0xad3d5ecd6ca888ba9a5cef8c05b801fc62139883ba6529f5dbca185c140d136c,0x1cf474747ecc35c9262761b88afc6d3035a28901e01edfa0fc1472c1196fbfbd,0xb02621929775744cd9db79a71ae7b2f2d96bcd1f620303cdeaf87b188b24b3f3,[2.334901],"[1.534964,1.239449,1.08769,1.165022,1.030804]",0.0,508.807,452.80879999998194,655.6580000000034,100.8322000000117,5.167000000000366,2.5880000000000694,2661289984,[1.78446],"[1.838922,1.228703,1.136284,1.090966,1.060609]",7.691999999999899,443.8390000000014,454.50900000001405,560.0749999999932,113.51120000000492,4.297000000000328,2.6459999999998987,2694815744
64,100,4,0x697ea5c12dc49c84a3ca6299bb2a4fbbf3b359ab4cdfc3bd473ab7c2846d809d,0xc9ef6ba44871f220e79cc9017fcabc731432df7554d38b18d3694762a40478b2,0x89caf2612a8cecf7d94b2a3f7eab027c040dcad0cd4ecc21c6a3aeaeeb0497ca,[2.351215],"[1.950711,1.165778,1.037565,1.030143,1.023193]",0.0,496.75900000001326,456.31419999998536,652.7639999999724,100.35119999999287,6.098999999999862,3.1727999999999965,2661326848,[1.993376],"[1.415956,1.13443,1.020579,1.000649,1.058546]",7.37099999999994,455.2270000000025,439.2364000000093,637.9819999999814,98.43259999999798,5.86900000000036,2.4098000000000175,2694864896
64,100,5,0xf227cdaa12e0daa5f24e2243a834d0562ea7412347e428dfcaa1520a1135c54c,0xbdf4ca21ac2df947a9b7d09ab54a1a3f2d45886a6ec0fd50fd0596cd82e00bfe,0x8de76fb557d3d3e9a441ea18645d336ae3c21b3982b9b156ed775fa395f9662e,[2.325256],"[1.662386,1.251176,1.13417,2.958131,1.1271]",0.0,563.0279999999655,515.5873999999949,616.029000000018,122.47840000000342,4.215999999999595,2.517600000000002,2661351424,[2.692079],"[1.934116,1.308714,1.174101,1.113058,1.076764]",10.9559999999999,523.5190000000279,493.3737999999854,723.7720000000114,115.2657999999862,7.151000000000379,3.120800000000132,2691493888
64,100,6,0xc6d72ca71e6a1958a4021defde96a5a6202578ed506a25895ab48b6696032bbf,0x51d29d866b33c1e7aaf503ce1e27def4e1e5475d289a90ca1041e14265c0efb1,0x76060b8f3078fdaffdc1e42070097ec9b2f8916b8cc3c63aca8be1f1a721ce35,[1.875618],"[1.688456,1.244907,1.04087,1.056313,1.184126]",0.0,447.83500000000754,497.6564000000128,639.4140000000048,104.16699999998835,3.475999999999653,2.687999999999996,2661560320,[2.502153],"[2.047888,1.350847,1.336756,1.139428,1.039648]",9.484000000000142,494.1750000000411,515.4614000000279,731.4230000000089,124.07299999999121,6.739999999999871,2.9801999999998916,2691612672
64,100,7,0x2311bba2ecdd81ee118d10b9452a9822a6492a0d3e6ff905cb341f0d5cd52b7e,0x765781c774d81cd365347e9d44605ab44cb95df851c94393e8e4ad4f853b6efe,0x55888014964eadc7d73ddd6815cfa498e279da12bc2a92593f1052e5e4b0f80f,[2.52658],"[1.465149,1.212699,1.184245,1.025797,1.049723]",0.0,729.3000000000438,447.7813999999913,619.0030000000069,99.34180000000791,5.268000000000113,2.6120000000002737,2661793792,[1.986686],"[1.998549,1.311157,1.218627,1.245988,1.18051]",9.293999999999969,550.319999999993,485.9532,512.341999999999,111.90699999999998,5.207999999999602,2.800399999999814,2696257536
64,100,8,0xc0dfdc6b113c21ed8f99a33569b2990f987a5359081fd9e7f295fa872b86fcc9,0xc0901209b2167b1dbea183a01e081eefd78afa39ea2c9a2ed0f186bd353d27cd,0x7b5b1edbfefd7d49e74cd9d27181fd0f73a7cb0ba98626711c11ee57193e19ac,[2.134418],"[1.831492,1.173019,1.264878,1.075993,1.158126]",0.0,500.00400000005385,451.2783999999881,771.1429999999741,121.6813999999955,4.907000000000175,2.9324000000000714,2661793792,[2.296713],"[1.343936,1.112418,1.003413,1.184206,1.129744]",10.515000000000004,504.56099999995894,437.62600000001316,636.7199999999796,99.54020000000341,6.800000000000382,2.413599999999752,2696265728
64,100,9,0x41c2d387c5bc8b29a6ad8b0a740c8cc44d37a8a89645e645eadc0c23a233aaea,0x86c1adac0295be4e018f63473218140e14092373d6f1563e3210e0d5788ead9d,0xbb31fbd7542f521655af83e37f1a9fe4e5342a0d4788962ea520529b0c69b39a,[2.575604],"[1.559782,1.199268,1.113979,1.18028,1.061912]",0.0,1148.5159999999883,463.5891999999808,576.409,107.49400000000797,4.3869999999997935,2.5998000000001036,2661830656,[2.305917],"[2.13489,1.216104,1.193289,1.079228,1.071726]",11.04700000000014,501.83699999994946,502.5738000000058,627.2359999999754,108.17920000001368,7.331000000000178,2.665799999999885,2696437760
64,100,10,0x78c586aed33dee4e3a1c0973542a44dacd19b681f7d0065968b58a853afa6168,0x9f2c69ed7a586a488db216d7cd643f7d9e605debe655fed482dc0662f0223b10,0x10ab87a25688edb713abd3d0bf553cb281ed0059143b7fe07537cc7ba9ddfbc4,[2.419579],"[4.23798,1.350547,1.066248,1.089683,1.02173]",0.0,624.9320000000225,469.7884000000041,603.9910000000259,118.25420000001196,5.41800000000009,2.8505999999999325,2661851136,[1.911903],"[2.700537,1.2466,1.066788,1.056448,1.171847]",7.431000000000018,476.8689999999909,446.2554000000063,604.5009999999795,102.52259999999902,7.140999999999571,2.8904000000001466,2696450048
64,100,11,0x7adaae50c83ef8866e99f7b78927f72ccf1a28a792de9fac9f71c3d02d3c3e2f,0xd0c70ac2e715a4e5ba6f16ed43bbf7084c96241022093ed551facfe38a789593,0x4df8615fa5656ee02908d864c96e4d32528656ae3e6c1a7686e6e421db29e108,[1.734345],"[1.98992,1.178187,1.024886,1.059748,0.977794]",0.0,455.15699999998384,492.56079999999696,531.8309999999826,110.61059999999401,4.106000000000249,2.594000000000034,2661851136,[2.299051],"[1.427212,1.13395,1.075006,1.273951,1.04813]",9.85500000000002,503.2289999999939,487.34079999999125,628.5979999999802,93.84960000000665,8.441999999999998,2.4255999999998545,2692030464
64,100,12,0x316f73338e6fb0d90cdbf857c0c370bac04ca16fb8f93b19cb16c4c320f6c5bd,0x5e4a658aea24076c8d313e1671c1863692a171e4999fdc9c5768fe3ba08d7568,0xd239620ae0d8b3f21175bb4802ca5b2a29d1ae44a18d418e54b83a33a237c99b,[2.258646],"[1.559842,1.261303,1.205899,1.085637,1.022762]",0.0,548.9180000000093,474.6978000000013,645.7340000000089,96.35500000000351,5.3479999999996375,2.7901999999999787,2661896192,[2.019915],"[2.074087,1.25359,1.173129,1.117826,1.123404]",7.532000000000198,455.4369999999475,520.8415999999883,725.0739999999922,114.04799999998882,5.317999999999816,3.1848000000000987,2692075520
64,100,13,0xabe1baa5c78bf2d9c6e2a61eb0e6b412eaa0e00084dd426cc8e539e66a87fe02,0x5d309be6645e3fd8ba0175d3d22e5e3b5c0435862310bd911e1d445d2bfb0771,0xa98bd5adeaaae83447042d956fa3d8fd8c0f2ce59ca9de23d8dc14054a61bca1,[2.190774],"[2.123672,1.211166,1.068461,1.068061,1.078937]",0.0,475.5570000000153,453.2114000000087,588.6480000000249,114.49460000000356,5.948999999999885,3.0748000000000584,2661982208,[1.962759],"[1.45942,1.241192,1.025677,1.087359,1.238237]",7.902000000000169,527.4250000000258,440.70839999996724,663.1000000000275,99.62439999999795,5.388000000000267,2.4757999999999725,2697031680
64,100,14,0x4b6ab7ceb0d73c3ba6e3a903cc117409717787927cb24f2e2b8aa84e8a7684ec,0x141cbd6d22dfd547487e34e1eb4108e36d8ee28d69797d7c41d1bdf6d34dc016,0xe13cb1ee85cdb2c313e64fdd6027db684f83f3736a3e338c928edb1cafe3c38b,[2.485247],"[1.508655,1.49925,1.116594,1.045697,1.041411]",0.0,637.4609999999503,466.29319999997864,610.6309999999726,95.80059999999557,5.167999999999839,2.3794000000000595,2662084608,[1.937531],"[2.078664,3.189975,1.173099,1.011415,1.18989]",7.811999999999837,449.89799999994864,514.7382000000089,629.9499999999903,112.75600000000274,6.52000000000031,2.9144000000000045,2697134080
64,100,15,0xa1f423b736dda76b7f63f3a65a732a8dfc13fed063a9636b6239aa975c0293e3,0xb067c9fe663a5a8177a48a4395ffbb5ff4dabf1767c2ad3cabf85ab8d8e6187c,0x8bd47ee8f410dbc85244a3569a328814796492e55cb998126c361543997e60eb,[2.415782],"[2.211434,1.249484,1.098416,0.966537,1.066879]",0.0,512.6229999999898,461.59599999999745,581.9180000000146,101.7176000000064,5.688000000000221,2.798200000000105,2662211584,[2.638479],"[1.655206,1.126509,1.134451,1.353461,0.975952]",8.072999999999935,463.49899999997837,439.2184000000077,537.3900000000265,156.89240000000828,4.838000000000065,2.6062000000000305,2698067968
64,100,16,0x9fcd1cc73bdde0c1cb4d6a1adff99c2c954ce07cde1ed56cedf2923bb49e3cc4,0x2e38d8b6c0891b60bd7ada14a3b63e32e800ccb5ade29b4225be4b51593f64ee,0x977f878d9f9727da565892488750e098196d9b2ee89f13906516d999d72ad1ba,[2.284725],"[1.640614,1.288002,1.108827,1.186419,1.249634]",0.0,469.4880000000179,513.3121999999713,552.3530000000054,99.98520000000788,5.327999999999757,30.07139999999988,2662227968,[1.778081],"[1.878573,1.161702,1.231717,1.025156,1.208743]",7.6210000000001905,443.2189999999947,465.7146000000001,536.5090000000183,116.10319999999507,4.757999999999672,2.862000000000003,2698088448
64,100,17,0x94af6e9af6c10a920a03ae64f0fce93a0dcf51976e6f27919b0313eb47bfeec6,0x17f6fb43c2ed7f26dc114033c18f5395fbaca501e241bdbe1639a1231bd06460,0x09a8b8f64bea937e3e587aad075e6cc713247e8a5aeb27acce71f1eb46d2caeb,[2.313078],"[1.525961,1.181011,1.090294,1.042311,1.018415]",0.0,484.42100000001267,476.0918000000114,626.4140000000195,97.35059999999018,5.287999999999994,2.459999999999962,2662248448,[2.207799],"[2.077833,1.358018,1.083193,1.050334,1.342564]",7.91200000000011,553.6550000000418,538.0152000000082,796.2300000000089,105.68960000000294,4.3869999999997935,3.0788000000000344,2698211328
64,100,18,0xb9abf9657a2333f55e9340fbdedf2f71456694723599a044fb88d1ca1b9ca98e,0x1e24fafa27b917bcd8d3d1e2f16ecea211ead4b9e6b5399b5eea962e896c2ea1,0x5e1c01c4bc37b489905a67b0ade63fd8211f993a5661c12e525d44dd631b7890,[8.539877],"[1.579572,1.327532,1.218668,1.20718,1.265378]",0.0,516.959000000039,521.1419999999966,3555.9270000000142,101.47119999999177,5.647999999999591,2.439600000000118,2662248448,[2.203773],"[2.091985,1.4063,1.183665,1.165787,1.079588]",9.064000000000034,482.96800000002804,498.4875999999971,626.3639999999904,114.6547999999803,8.082000000000402,2.818599999999949,2698227712
64,100,19,0xfa472bfad0d349e3b0fd74d9bd98360fc620f1592bb563214d00dbb8604e1129,0xe2af92db7be940fade423bc95e8f6c633743a28256ce49312f3df79647dd5385,0x4f8bf35132df2276f9fdeabe3e96c16818fa2efee242a2dac648026fbcd22191,[3.137371],"[1.77712,1.364717,1.145878,1.143644,1.14697]",0.0,764.4119999999921,480.55460000002716,1010.4240000000098,95.18739999998526,3.8260000000001764,2.6762000000001356,2662264832,[2.982578],"[2.230734,1.412009,1.085827,1.111155,1.095622]",10.60599999999981,749.7400000000542,514.0090000000264,868.6199999999866,112.96040000000619,6.479999999999681,2.786599999999792,2698280960
64,100,20,0xdc85e6cbe74ec779a1ca4aab1724d680d627266838610882862255ac61732235,0x56361fb1e8d643adee06e387af4c2ab26a1723d9d29522a4f80950acd2d0c211,0x41bf57cbebdbf6177fc9a78256a399a08862dd2e629a1d17bf8f5fb6bfc9c0c8,[2.561483],"[1.876309,1.653944,1.356195,1.621235,1.607524]",0.0,525.4519999999818,538.135400000006,903.0210000000038,146.65319999999093,5.278000000000054,3.03860000000003,2662363136,[4.847589],"[1.583237,2.328121,1.237637,1.356235,1.301863]",10.566000000000047,508.17599999997134,451.7851999999989,690.9720000000119,119.01959999999212,7.692000000000116,3.144599999999921,2698330112
64,100,21,0x85df14c710ead1a84815aec29c7cdd62eb40153e6044724a3326964432a857a6,0x81e8c87fc1201c651d72ebea2550b2e2048db18f6bbb8fd59214737428e3bbe4,0x344dac01955c99ebef65debaba343e8c0fb49d5880085e847089dd63f9143e8d,[3.043539],"[1.502155,1.276915,1.165798,1.056363,1.03503]",0.0,563.0389999999874,445.51159999999254,727.9880000000128,102.98340000000071,9.163999999999874,2.6660000000001265,2662514688,[1.931783],"[2.045134,1.177395,1.049843,1.35973,1.077895]",8.081999999999967,427.4739999999833,512.5688000000127,588.2970000000154,125.22299999999652,5.147999999999958,2.852400000000026,2698539008
64,100,22,0xae2dde3d271288c025eaafb162b2f614a0001d096bcc545835fcd2227ed740ad,0x6cd02ad5d980acc5e9adef3bf5afa3d57c201b3ad89d0e738ad1ec2defe6cd8f,0x718ce5296b67273d2d6c92bfa5dd045b528c2eb3466ffc4ed511409b5db549da,[2.289512],"[1.834976,1.193329,1.221082,1.18086,1.036843]",0.0,514.5960000000338,449.30140000001285,643.168999999999,105.38479999999683,5.5380000000002445,2.8122000000000216,2662731776,[1.933906],"[1.446601,1.185999,1.514555,1.144826,1.05389]",7.992000000000068,534.6760000000118,463.0139999999727,567.4960000000007,104.53760000000977,6.238999999999898,2.59979999999993,2698792960
64,100,23,0xd4bfd60974d685cc4ba32c31f282662b82074170775fb9ffae4be28a713929ef,0x524a8f1e6a1cf87d28e2279f427581541a2f89754673add1a0152a0335ca7dcb,0xd3079bdf27079bd96ad6348437b43b82a9648c1cf156f69a887ae283db90dbce,[2.316242],"[1.524268,1.177335,1.212518,1.243846,1.067039]",0.0,543.4290000000397,484.2781999999657,542.6279999999895,95.09359999999577,4.95800000000022,2.5759999999997936,2663301120,[2.516414],"[1.963461,1.24026,1.053969,1.111727,1.089673]",7.92200000000005,464.8210000000041,473.6459999999942,1117.1649999999756,112.2391999999972,5.459000000000193,2.8541999999997723,2700140544
64,100,24,0x51d2f88f4112c4d136e5f97554c565fbb0bf57d693f7f161e536c83d98827d31,0x13d641137ceda2d41b1955f355feee4d7764573a16248a8f7417d76fd2bdd3b2,0x864c99ed7e25809a087e3f66c97458d468706f6a8b62cb962c04cdc996e16654,[1.701385],"[1.809048,1.35288,1.283575,1.248032,1.044305]",0.0,461.36500000004685,522.9366000000012,466.55299999998067,111.79439999998708,3.5549999999997044,14.087399999999917,2663305216,[2.332718],"[1.535325,1.169173,1.13429,1.228082,1.311298]",9.825000000000198,510.2790000000024,432.9607999999929,623.539999999978,107.33579999999688,6.680000000000227,3.014399999999931,2700156928
64,100,25,0x741ef740e9858288f47a90475f11c20073e9465c9e410e169c322b1700a423fc,0x80f12c9f9443242d07a26ef777d014e9e20d8e62ea379c75458ae008d3e9940c,0x2ca1bcf8f7db712a83ef1431cbcd6fb5232637a75ec5fd58d9f54642c15014e0,[2.216282],"[1.898412,1.563798,1.378559,1.192348,1.029533]",0.0,510.67000000004634,497.29380000000936,658.9730000000071,131.07759999999578,4.747000000000258,3.467000000000227,2663317504,[1.875608],"[3.381919,1.587464,1.173269,1.06112,1.032717]",8.301999999999962,434.2750000000395,791.651800000004,623.1589999999843,110.32460000000022,4.637000000000044,3.1005999999998353,2700288000
64,100,26,0x8f0c6508878e05d2435bf311c552abbadb370af804c9d85cbb250156effc88a3,0x61699cbb95ab4c0bcee495d91185ff1ff4bb6e4582177b42dba0b0bf3d8a948c,0xbf3582afe2baf73758f984855a3c16238c87c2072c76ec1010b93b5f4a857f46,[2.504096],"[2.090162,1.451559,1.131176,1.088412,1.078086]",0.0,582.2279999999624,467.17099999997737,693.0150000000191,102.73680000000284,5.5380000000002445,2.880400000000033,2663325696,[1.940926],"[1.7309,1.181201,1.082843,1.259058,1.139999]",8.152999999999892,482.026999999996,448.45419999999245,558.5929999999961,101.3824000000052,5.808999999999849,2.221200000000062,2700349440
64,100,27,0x693f6534f7b1fa6398fb6aed828415340c11f07f250d888938369461d824347f,0x383a77e52249012ef9b3299f75e1d993b03a894494fd618b495302c1eaade4bf,0x810d7cafdde7b21dcf16db2729800ec700a6f9f9df435c2d01fb463d9401d497,[1.856049],"[1.521655,1.5122,1.249874,1.381072,1.233831]",0.0,449.15700000003335,473.4421999999849,573.665000000001,137.13480000000501,3.7250000000004295,3.2832000000000003,2663333888,[2.618869],"[2.177453,1.824101,1.252359,2.104654,1.182754]",10.375999999999875,733.5969999999747,557.5067999999961,688.3080000000264,128.0452000000043,7.291000000000415,4.414599999999838,2700496896
64,100,28,0x72af2374bf2b389c26ba8bc849ed169ae01903c82fb0fad24fee16aff0c2e0a2,0x7c129161bfa3ba4905c033f76bcce1a9f4cf1f8d03a5b8f6a9ddc39366620bff,0x126a27a1a48bff0b6aa63fdfce9e745080359083f1167cafd751c1402ffdf9c2,[2.814684],"[1.983111,1.261051,1.0417,1.133029,1.036323]",0.0,529.1079999999448,481.49799999999135,653.7160000000264,102.86499999999643,6.339999999999645,3.152600000000047,2663354368,[2.388472],"[1.479962,1.15391,1.090645,1.330556,1.216275]",8.30299999999987,434.9259999999466,503.9338000000004,826.686000000021,112.89199999999776,9.814999999999824,2.2513999999997787,2700582912
64,100,29,0x8c803f6462bccd7a381365adcc757d747a27c392533039bdba1e676fdf7ef041,0x117c15abc596fb589478a399abc71d50cecb3540b58d13e92f50ee8978f715e8,0x52342069bbdb23b76915f195504e7937efe5c0a792a99e65ee3714a9f94d44e5,[1.939755],"[1.329876,1.315995,1.210305,1.095822,1.256184]",0.0,444.68099999994683,438.8397999999905,589.698999999999,107.30979999999946,3.364999999999965,2.802200000000081,2663432192,[2.337044],"[1.764791,1.323055,1.057305,1.132098,1.10031]",10.524999999999944,495.37700000001905,460.6783999999697,648.9780000000222,113.27679999999508,6.92999999999961,2.7261999999998383,2700648448
64,100,30,0xcbf24308482066c19d4ab400f73422b7bdf610a44a289ee7286aa70595a52877,0xccd232c72acfe2105f30adf0b166dad99cb34387e931012700f4accd275e165a,0x9f599f2e0c3ae7c1bb13c0e1685751b4f93ea5df71a1bcfc8c257d614eaf6f71,[2.459579],"[2.038404,1.402946,1.164336,1.224777,1.095162]",0.0,672.9749999999646,495.9759999999758,621.2460000000198,106.54860000000043,5.739000000000265,2.726000000000117,2663530496,[1.92973],"[1.803279,1.185668,1.155092,1.057645,1.150465]",7.832000000000152,469.2370000000112,489.4018000000111,580.9059999999921,103.3198000000013,5.457999999999852,2.729800000000025,2700754944
64,100,31,0x08076ee7087c7e3d48ae10fdf9114f1233fcd6a6fc6e1b7121b8f2b3763310b1,0xf5b0a829d6fb4c7669111e3f9d511109f214b1ee11159dff72c82364bc7d8950,0xcc6105e5c39b4334a155b167de30b43d34150d5ad571619f7b40ef009535736d,[1.808668],"[1.424117,1.345299,1.15403,1.042913,1.013448]",0.0,546.66400000003,445.1112000000146,474.8969999999741,106.25000000000773,3.455000000000298,2.5539999999999243,2663829504,[2.310795],"[1.945563,1.21312,1.154431,1.155722,1.115132]",11.597999999999816,485.2619999999863,451.7170000000181,667.56699999998,117.06259999999524,6.199000000000135,2.792199999999967,2700976128
64,100,32,0xb382c336a939671a84e38edacb831d35dfed7b4e9517e3de397be20cbe744f34,0x3b546a01f2261f6673bccebb2601ebe98117d149ed46af2ca8a5873261db407e,0x5fc3e74fe79258d257c7ed9ff4a29cacbcdc3e839f6cf46a1fa56618a837e28d,[2.204945],"[1.606823,1.384347,1.11392,1.184586,1.135021]",0.0,521.7870000000513,451.79520000000474,571.7829999999924,111.36180000000938,5.938999999999944,2.80839999999994,2663849984,[2.014959],"[2.298436,1.680343,1.866835,1.142463,1.329174]",8.683000000000215,495.72700000000134,501.864800000007,640.976999999987,118.17040000000611,5.368000000000387,3.1828000000001104,2700984320
64,100,33,0x94e5020c6f98c7e83f5d745732971a723f56514488e548da2cdd5ce92b685162,0xabc505097377005796410fe5e427285724c93a3aab539042aa67b37f6e7185b7,0x7dca42ec2b2ce561eb2ffa455f2d43bac2b51f9c391e42b62445ad7da8b6ba81,[2.243873],"[1.886224,1.222703,1.051656,1.191366,1.022752]",0.0,531.2610000000051,463.1243999999813,637.8919999999732,107.68439999998547,5.658999999999873,2.720199999999874,2663858176,[1.829939],"[1.376606,1.079217,1.105056,2.522974,1.341833]",7.310999999999863,472.0409999999786,506.6417999999961,481.1960000000171,102.30619999999081,5.477999999999733,2.6443999999998735,2701000704
64,100,34,0x5ab9e1e88b52ffb02a1610a2d4c968d4d5d2862d8fa21b534800feb81ae56537,0xfd92a1310c857c6b32f32faf9ce4f04150ab87b4dfa57276a4e80b2a9cd2b748,0x941ad2387c337af5419f77e389fbde5d24b8b62967a6d82cfb27972b72644726,[1.994918],"[1.887346,1.315734,1.065237,1.150345,1.046127]",0.0,459.702999999978,468.81500000000017,604.1010000000235,107.09740000000022,4.146000000000011,2.9144000000000045,2663882752,[2.464546],"[1.604679,1.125888,1.085757,1.131536,1.18053]",10.20500000000011,600.8560000000384,480.46219999999806,677.1409999999922,99.56399999999644,7.0499999999997645,2.5720000000001644,2701004800
64,100,35,0xaa052c8aa967fcaa03ac5dd51d4e0d11e4cf0b555b64ec7619fbbd9c35ee0458,0xc0ceebfcb8f1111ed2364a910170a3e19159baa69bfba456558259d6697c64fe,0x34731d066435400d6c0a693b5523e9457f1a3f912e5429a36c2a2a15492a38a6,[3.270211],"[2.070742,1.315994,1.076283,1.059558,1.085046]",0.0,447.26399999994726,460.3162000000216,539.2630000000121,115.38399999999615,2.7739999999996585,2.9786000000000397,2663960576,[2.399158],"[2.677167,1.086458,1.077585,1.0479,1.055792]",9.8749999999999,502.3680000000308,470.3734000000237,640.7259999999803,96.57980000000732,6.309000000000349,2.5636000000000756,2701131776
64,100,36,0xe8863835e3a573cc8971417a89745a27f041861f72f9549f890779786dfb13a5,0xf96d874f16ef1cf10cf0da13748b4473b971f48e2cd386c0f50c38214967ffe6,0x1b67087c36d6307c3af59690f41c9d6d3e1655b91455be47d2075edfa3cbb5e4,[1.994788],"[1.897972,1.263175,1.151897,1.10067,1.109663]",0.0,445.5920000000502,449.38519999997425,663.289999999983,116.71779999998799,4.656999999999925,2.7184000000001274,2663981056,[4.030918],"[1.463076,1.227701,1.106238,1.041471,1.074741]",10.025999999999785,523.9900000000297,446.1648000000151,2137.7129999999856,98.75879999999837,7.16100000000032,2.686000000000008,2701144064
64,100,37,0xfcfe850820e6cf735b5d760b7cf0595acc107068e4c7b97ea7f6cf18c0003435,0xd3fc40d0c304eb8a54605ac8eeae387264cd4b82c770d55c3a0a40e5e6b095c3,0x2b78bc4538797a7aab6dfc7c1647f77585cec8bc35e993240c9d23553d1c2cc7,[2.342923],"[1.408794,1.508825,1.144686,1.058566,1.117976]",0.0,507.17499999997085,471.4390000000179,680.5209999999895,105.87739999999846,4.9669999999998184,2.7900000000000844,2664050688,[2.238776],"[2.314059,1.229884,1.182322,1.054741,1.006468]",8.02199999999989,547.0650000000132,485.393600000017,618.6630000000193,118.36460000000937,5.429000000000371,2.9085999999999346,2701238272
64,100,38,0xd3480f0beafb7789b8bae0ad4b2f3a8bbc01051d3269416e64950c556d692341,0x982e8a984662afbbf0f3bbe564d6c6ff1085bb0424d702274f21a6224a34485f,0x42cf59a676069ec1ce46151fd732090d747be1e16af7437a48ea73bdc5837791,[2.598654],"[2.562814,1.63841,1.576448,1.424729,1.138997]",0.0,474.6960000000522,613.4550000000072,766.3660000000183,113.33500000000329,4.948000000000278,3.1766000000000782,2664161280,[2.301521],"[1.79703,3.109108,3.51451,1.353091,1.210075]",8.052000000000145,677.5220000000414,542.0975999999911,795.4290000000142,118.05200000000181,6.1599999999998465,3.143000000000069,2701328384
64,100,39,0x99746f29602718cf379e83e88e701af6dccbdbb311e56863b67fdae99ebf4711,0x15d9c10b2c08fd68681c949c6db26b195029effafc1755bccc22af4c0f4dde08,0x35472c7e5a11f4a7b06dc622900c26bdf7ed34e3f21fb7d1003fe35868f8f844,[1.964863],"[1.496036,1.231086,1.06109,1.06115,1.004975]",0.0,474.21500000000003,418.53720000000203,549.9589999999888,133.39079999999947,3.5560000000000453,2.7061999999999573,2664316928,[2.308346],"[1.877782,1.198818,1.047861,1.00122,1.003644]",10.184999999999794,495.8269999999487,429.83200000001887,632.8440000000213,107.58020000000145,6.960999999999773,2.896200000000043,2701697024
64,100,40,0x401cb047dda93f20e1bedb5e54d4d361705baac8056cf0053268cb3dbd2d051c,0x4fb708b769aceded605bf8e9cc69797edef9cbbfa227e6bc76a02e2dd3ac311c,0x6c5e91e23c2e6be1dd6e08501ed3fe3a797f10c36a2ff579d3a8a33f21840c84,[1.735537],"[1.922499,1.184897,1.212809,1.105306,0.999076]",0.0,468.57600000005385,432.3520000000247,436.619000000027,121.08459999998766,3.895999999999761,2.9085999999999346,2664341504,[2.236763],"[1.372099,1.178357,1.119598,1.136503,1.033629]",10.145000000000033,491.0799999999771,420.95059999998074,600.0749999999778,101.68119999999226,7.090999999999868,2.723800000000061,2701697024
64,100,41,0x359ec1bd6666918a63f2fc6526b4e3bf06c6c166d94e30e30df623e7a05466f9,0x6d3fd0d9a113156ba8fffd4e428f4f24ff5230e54e1853f85677552a5d1f8f66,0x7bc51b0f7b1ada6ac54dcf7a3c9fe8451b6ab5c9094724e579a5b90467acfcf1,[1.873355],"[2.178941,1.214766,0.995822,1.093319,0.983173]",0.0,497.3299999999625,500.08400000001177,548.6769999999974,116.51600000001095,3.5549999999997044,3.0525999999999467,2664370176,[2.720773],"[1.511098,1.12727,1.019898,1.040469,1.101551]",12.167999999999902,763.6810000000161,455.77919999999494,739.955999999986,94.14979999998741,6.5890000000004205,2.8624000000001395,2701717504
64,100,42,0xb782363bc7e70a20eba71754c758783c565c015dc772b03422f066206702090e,0xa46b40b4d60d8a355ba0946d6ad98d94d272a49a0d2faac823fb0c6b32632996,0xe89f90ff99878efee9530516c9ea6e216520731c602d4b7e88734612bc85cb07,[2.024102],"[1.823419,1.269725,1.251938,1.062171,1.024564]",0.0,487.9960000000461,458.02859999999333,576.589999999988,106.19020000000035,3.02500000000025,2.798199999999758,2664398848,[2.424846],"[1.641165,1.109052,1.029062,1.400261,0.997564]",10.004999999999997,511.0210000000004,425.70559999997033,729.4500000000204,156.08539999999448,6.810000000000323,2.8359999999999843,2701762560
64,100,43,0xddae68830af763d1fe8f123fe1c6593b08a4e1f96ca6c88bbc5e24250283e049,0x77b9ddabd7731ecf6d905cfd194376eb2fb667873d3e91a17289b5fc1175231a,0x434002e63856e46602583e08c1c5a412c3f392d6c6ff7eacad0487d8b1e4ca4c,[1.819945],"[1.33934,1.241041,1.076603,1.109252,0.997004]",0.0,433.302999999996,423.034000000011,551.7919999999954,97.71940000000701,3.295000000000381,2.509599999999876,2664407040,[2.393238],"[1.968795,1.335734,1.128402,1.208662,1.142723]",10.476000000000148,505.292000000046,457.3437999999985,706.203999999988,117.59140000001666,6.139999999999965,3.1308000000000726,2701770752
64,100,44,0x88c865854d9f9111147cf72e753f9a03730b8df7958fdcb1a1041a94fd629368,0x277fba5f5a43f8b6bfbcf3d45631304e4d8db8eb9daebb6e61498b890c129fd9,0xc7cb81cc53a018480cf1c81c54ab9d1bdfdc18166502887728ffe49fff6f272f,[1.820369],"[1.384628,1.293441,1.033698,1.110985,1.108732]",0.0,443.00799999996696,429.76200000000017,476.54899999999276,105.39880000000056,3.6560000000003186,2.469800000000008,2664419328,[2.337254],"[2.060177,1.254833,1.10776,1.114931,1.152649]",10.83600000000018,600.8859999999672,464.0960000000138,645.634000000006,109.57100000000831,6.7000000000001085,2.814199999999836,2701791232
64,100,45,0x644d0f3547c40e76d751cf31636b78308e831c2965e73c94a3c4be89257d915a,0xa838eb55bb902776a253f04f1a96d32e74f7d49f805cc0a70decf8e8ebe3d166,0x6dcc3fe3956ad00cfc90406f9f63bd0d1d68cfbb0ffcecb8be6c6fa0d0231861,[2.30758],"[1.960486,1.3129,1.055912,1.130936,1.134781]",0.0,503.0390000000384,444.4381999999747,660.0050000000191,114.62680000000614,5.909000000000122,2.751999999999963,2664570880,[1.873845],"[1.542446,1.372449,1.092958,1.197806,1.12087]",8.202000000000123,417.4999999999596,456.4904000000203,562.1370000000181,108.52760000000794,5.197999999999661,2.793799999999992,2701889536
64,100,46,0xdfa6541a12212c30fe54884fc8c3b316ca52cbbcfb70c6a63a39b2989384ea59,0xa3e82f540b6c8dd6cbcb6f0df5516fb04c78d6a1f101ba6a0ef7dcd6b940d501,0x67689337dfa6beb658f6c3f57997782fc3c65eca49b6b88cc4c979b728dba48a,[1.846865],"[1.732963,1.318648,1.152789,1.118897,0.999127]",0.0,444.7100000000148,448.83479999999753,611.5919999999942,97.63520000000136,3.9660000000002125,2.4538000000001032,2664714240,[2.31813],"[2.045344,1.363316,1.117555,1.290556,1.104966]",10.48600000000009,501.2460000000107,468.26820000001044,643.8009999999994,128.12500000000114,6.228999999999957,3.030600000000078,2702000128
64,100,47,0xc481e1ee0d4922451d5dd7858abb11441618790abae5e92ab19458873f1df144,0xbdd056d2ba5e42f824e03ba2f23c8a8c6ceadf91926c173f1c66d997b08f07a8,0xf3b9214cc5ff8d6b9bb38643b1a401316aff53314c4af450b5683b4b22af695c,[1.822107],"[1.509135,1.135973,1.016442,1.238808,1.002271]",0.0,446.0520000000301,440.33999999999463,466.8540000000165,110.66680000000328,4.646999999999984,2.4233999999999716,2665226240,[2.529855],"[1.997893,1.298868,1.098667,1.194391,0.988911]",14.260999999999788,484.44100000000213,440.1017999999812,725.5640000000119,127.0092000000056,6.52000000000031,3.016400000000093,2702540800
64,100,48,0xd92151dc7ced08693fef2589463359787787eae27df7d7683ece34c5afceebd5,0x83011962c6ac9355e5eadde5bff5620220c5655d66a04165e41c60733e884d28,0x7a60cf3c480eb6fffd572e54bef936fd38c53241ee84f1414cfe858a6abfc057,[1.693553],"[1.743619,1.371188,1.256545,1.094751,1.091136]",0.0,410.10900000004733,435.6987999999839,483.177999999973,108.41520000000048,3.4049999999997276,2.902399999999902,2665250816,[2.171814],"[1.473602,1.791652,1.154762,1.283596,1.107961]",33.399999999999835,456.41799999995845,464.5283999999972,595.4879999999773,141.37100000001237,7.1710000000002605,2.6738000000000106,2702581760
64,100,49,0x9c46ff9dad0be7064fd7fa8bfc04553dc0cc1a0f879be00af162465fcdc0f1e4,0x8fc7a96b6e5c143f61dac1107c31d05a6e8d1d57c35a611e5286943c91514342,0x4d16f4d34b0da763004e36b32408ee6625522420f859382d4a1ce968a04e1563,[2.751078],"[2.464507,1.405169,2.134669,2.149596,5.584931]",0.0,459.5729999999909,1407.5483999999917,636.4890000000179,224.5265999999968,5.60900000000017,3.8815999999998807,2665340928,[2.298466],"[1.669447,1.689462,1.898508,2.089471,1.421659]",8.522999999999865,558.9929999999521,488.9896000000116,730.903000000005,137.4051999999959,6.840000000000145,3.2508000000000536,2702602240
64,100,50,0x7a5ab080f06064120dd7c57e6b08f523773c4a30e9609a8f61472ae62755d9de,0x6cf8bd02167cccace27bd5d875265af9e3af09c5b52abde56751222a81bab5d8,0xeccb52a62f07ae14bd95d19e5c0f8b5260157e0cbef58098423df323ff232ad3,[2.349993],"[1.919875,1.130815,1.096313,1.013128,1.007168]",0.0,510.5690000000163,427.7413999999924,665.3229999999954,102.00160000000125,5.398000000000208,2.798400000000173,2665345024,[1.81106],"[1.45278,1.081501,1.047429,1.075311,1.022281]",7.310999999999863,437.5300000000193,421.40740000000676,609.0690000000176,95.37399999999252,4.0059999999999745,2.427600000000016,2702704640
64,100,51,0xe715722158499d7377dd5b1717cc246ab7222f08952122a00984286a1ef1a958,0x569f7429f2c3fa1eb6adae9dbd02b306785caba73c5ba81a506a0e398918dd7f,0x571cde1e580bbbe6bd60557502f9b873766f63eb147098fd05e5e95fca8d0227,[2.355001],"[2.373189,1.16722,1.161442,1.052627,1.051987]",0.0,513.835000000018,493.57000000000977,690.440999999986,116.74619999999526,5.408000000000149,2.8501999999999694,2665349120,[2.193608],"[1.462855,1.235343,1.20678,1.187691,1.038686]",8.541999999999838,429.97899999996923,470.8820000000058,555.0970000000044,112.3195999999993,4.355999999999631,2.589799999999989,2702712832
64,100,52,0xe2930fc13d1e174a28e226b71483d4bfede22c822bd524ee6cdf94dff0d05f0e,0xab3b7284513beff9285b6d2766de19fbffaa990fdb0869a533724fd5ef67c363,0xaf62fa22d9fc0c870de55d0180df619ff1fbd35c15f03a153cd6dd29649aada8,[2.633301],"[2.601783,1.706394,1.629807,1.245969,1.663719]",0.0,908.2900000000338,582.5021999999791,634.185999999981,143.6926000000116,3.5449999999997637,2.9986000000000943,2665361408,[3.269209],"[2.986744,1.328764,1.196363,1.515245,1.148212]",10.745999999999846,715.8590000000409,475.8315999999985,917.4229999999728,127.83459999999859,9.453999999999887,3.357000000000013,2702741504
64,100,53,0xfbb3f54a5accce879faa539d9cf0164ac25db5d1483528cee0d732c4b2e6e4bf,0x374d201755157e54bc7568c026604a7ff93f6b657a71606203f0ef26489b4a24,0x971c40ce27a792a66d7335559c25582e5191f85fa5fe91bf5e9fc38a607c9e76,[1.977773],"[1.501805,1.130765,1.079427,1.26673,1.040178]",0.0,440.4239999999948,472.48039999998605,648.3170000000093,100.62760000000281,3.5850000000003934,2.6680000000001147,2665426944,[2.417675],"[2.287449,1.116083,1.120339,1.003794,1.02791]",10.374999999999968,484.0699999999476,511.0887999999925,612.4140000000056,104.77380000001313,6.408999999999756,2.9965999999999324,2702811136
64,100,54,0x513b043aa6aaa421af03de6d26c8e909aa666b8e53ae05acca9434886ac71150,0x9b2c15ba4f5e3b4409741911d4807a3662ce4e555d3df1c4ef1383170bb78d88,0x4bd8e3b9e004520d7234ed1e2f37f49cf3dfc406fe1f1fc42a17fbe84959c01f,[1.92949],"[1.888317,1.291017,1.269194,1.305679,1.284267]",0.0,425.6419999999483,473.14320000002573,612.1729999999936,153.9960000000007,3.7049999999996808,3.026599999999928,2665541632,[2.506329],"[1.511329,1.221833,1.141421,1.185547,1.210225]",9.733999999999957,490.8300000000532,455.9037999999793,741.7379999999918,114.7311999999956,6.97000000000024,8.622800000000069,2702934016
64,100,55,0xe0ecd931c6225280960e1c82a1d5cce691353a9ea6551d06fd249b08cc9f30d9,0x19abb3d819ac3fb5ff440186021c48f37448d92afdd4de825b68cf22343cf3ca,0x453ecea6baaad310ff24c310ba2be7d11796ac8aaae867a974f8205b96600566,[1.805372],"[1.553432,1.205447,1.057224,1.075742,1.011325]",0.0,462.70800000003385,436.36200000001236,515.0669999999802,97.30679999999658,3.3949999999997873,2.4016000000001703,2666090496,[2.164013],"[1.910812,1.214332,1.132918,1.056754,1.106008]",10.394999999999849,490.0289999999474,452.536399999981,519.9639999999839,117.29679999999965,6.029000000000277,2.9761999999999147,2703040512
64,100,56,0xb8369cfc0b7572bc2e76f1228d4fef2d9b31c798c1b790b5be744fa5aa85d730,0x4709879b44afc313ff68d398741e11581345a51e8590b89b63aae511276798f6,0x552133b8d4131b319618dc4bce49e6ded510aff77091b47fdc8897dd2c169fc5,[1.94943],"[2.240909,1.350607,1.373151,1.686083,1.060679]",0.0,444.91099999999227,542.5357999999881,705.273999999978,129.3350000000082,3.846000000000058,2.8201999999999745,2666115072,[2.279778],"[1.564059,1.151797,1.705032,1.12069,1.158126]",9.714000000000077,481.0250000000238,472.0677999999978,686.7260000000264,135.39800000000878,6.810000000000323,2.8262000000002856,2703056896
64,100,57,0x74046612695a3ccef3b1b76e768ef59c0b74a2fab596d4912adea281af99cf9c,0xb6cdc662c0824454f09895f61f1fe3aae2a1156579d9176b3a73a0fbb8fa3ac4,0xfd3c4aadd733208467cb2be920e275ff4b1e11681e41d2575e65f64f13e4e1e8,[2.195155],"[1.353921,1.328033,1.058677,1.94974,1.270415]",0.0,610.3809999999932,475.2588000000113,743.3110000000243,103.84660000000157,3.5449999999997637,3.018600000000149,2666131456,[2.242251],"[1.791451,1.124185,1.092753,1.642883,1.212213]",9.944999999999919,515.025999999974,437.94640000001107,599.6349999999873,124.84440000000153,6.439999999999918,2.774400000000142,2703073280
64,100,58,0x56a93cf271b5a61a925438f8b9063bea12b057d699f09543b981f6418fd9c619,0x38ed38054d0c8080b886258d990eae3a9ea114b4ea17fded5d9c58ca70b2ea10,0x01a6be42e11710dfb0359349e5dba32919d40baf0da7922aedd8b2e2db56cc44,[2.604217],"[1.525279,1.274622,1.108221,1.134411,1.038235]",0.0,436.80899999998246,442.2852000000033,526.0329999999814,94.91120000000296,3.6849999999997998,2.8183999999998806,2666143744,[3.737111],"[2.067898,1.330266,1.165858,1.025667,1.066628]",10.30499999999995,640.6460000000225,468.36020000000644,826.8570000000142,127.46239999998909,6.861000000000367,2.7320000000000815,2703081472
64,100,59,0x1f9242aa85268db73c412c7d03e50a08a4665038ff8ed52e2fd7c960aba8aa47,0x9e3a35f832d9b3b6075b5397235a238ace941d7695662f04d156482255b6492c,0xda1f1ae3f31bcf3531056750eb3b2a79d927c863a3831dceaef5a94a9711ab3b,[1.822949],"[1.924542,1.241452,1.078967,1.052798,1.105637]",0.0,455.5670000000456,473.76239999998853,583.1800000000164,109.21659999999501,4.015999999999916,2.8161999999998244,2666160128,[2.16891],"[1.355143,1.115091,1.051346,1.09439,1.076123]",9.794999999999943,498.7720000000362,416.862799999973,600.4459999999767,103.1294000000016,32.77999999999962,2.4875999999996594,2703163392
64,100,60,0x9482937456c3014cc214fb980bf91b5886a24917b143a8e8fb191bd8c0eec79d,0x1ba5987fc8455e28c00460e16ed405568964bdd17a8a5992fd1bb1c2f76cc22f,0x97960f9617b12f8ce2d9846ddf8a724b5a085cdef3a85f04f2d78a3c57c44875,[1.945233],"[1.493592,1.247641,1.065066,1.119859,0.974309]",0.0,522.3680000000508,426.4272000000124,518.2309999999801,104.27920000000145,3.4149999999996683,2.341600000000006,2666180608,[4.754519],"[1.854647,1.263225,1.133859,1.080739,1.02823]",10.535999999999792,494.635000000021,455.1844000000082,979.3370000000245,118.70280000000344,8.964000000000194,3.1308000000000726,2703175680
64,100,61,0x32cc58f8966534b3d64946d22c5b47b24dd541b787587487aed7ed9fba1ee464,0xb7be67d7ccba5999ff0729b4adacc61e28548f33bfd970237d6e3cdd32402dd3,0x614913859e20a079f0a71a7d85a2d328a90f54a5c1a95a44c274c69522bad27f,[1.759633],"[1.313992,1.205658,1.069012,1.065506,0.987479]",0.0,449.76799999996155,439.9094000000048,557.7410000000004,96.51959999998905,2.8440000000001104,2.281200000000053,2666283008,[2.558558],"[1.793785,1.539902,1.030104,0.989192,1.116513]",10.034999999999819,501.03599999995475,458.8381999999891,674.5870000000043,102.76479999999921,6.27899999999966,2.415600000000087,2703253504
64,100,62,0xa22a04a3f73a87b14b59bd29a87753bc2e0e58ee6799c709e7533f73bd5d80dd,0xbd468a46daee21415448fa21012a020be4ea0ce805801c67e61af037459e7067,0x62ac0b83347c7a9a11251a8264ef8c79072078144cbbd41caa91273643ea87af,[2.331635],"[1.401523,1.181361,1.043393,1.006147,1.062783]",0.0,539.2530000000173,444.424199999971,676.1100000000075,94.24840000000766,5.278000000000054,2.403599999999811,2666364928,[1.814627],"[1.793204,1.181691,0.998605,1.010844,0.926958]",7.401000000000195,444.0890000000364,442.2772000000075,597.9409999999907,102.27640000000093,5.638999999999991,2.534000000000043,2703347712
64,100,63,0x401eafbbe56ec482adba614bac52650a65c1d31e1d800898965f8aba62010712,0x4926bd9689afe5a5b501db1746035c72d645ba0d041b2530ead27417f0cfc805,0x83baeae96f80f02db699068b14d4b878cbb14fa2b6fe346e80796d3765834b09,[2.286287],"[1.886104,1.25972,1.102913,1.142953,0.998155]",0.0,605.9640000000144,447.70679999999174,538.2609999999843,124.43559999999465,5.248000000000232,2.7339999999997224,2666815488,[1.913285],"[1.477298,1.204777,1.109223,1.116314,1.061211]",7.721999999999937,452.47199999998156,454.6295999999783,655.5979999999795,106.55840000000083,3.696000000000081,2.3014000000001755,2703679488
64,100,64,0xb77414302ac253eb6dd400e7bddd332f5aa5443f4cecbd786e9bc08b641a0e53,0x1521fb571d229d38d4652814c03518897ec245d0d571fa51c9df91933aee1cad,0x0c181da32ca50206fc7bdbcd00f20eb0cf18842c8e1df07092c12debbbdc63f7,[1.962048],"[2.132286,1.178377,1.064475,1.078977,1.013057]",0.0,517.871000000003,500.89360000000744,585.1629999999997,103.52000000000139,4.116000000000189,2.6820000000000315,2666819584,[3.363692],"[1.4123,1.12722,0.988511,0.952727,1.084225]",8.763000000000174,529.9389999999793,427.1181999999874,1511.017999999975,99.0892000000021,7.542000000000139,2.317399999999907,2703761408
64,100,65,0x5669f5172e1159b6541a88a5d69bcbd9917c3273c5285e74d260e6fe5ca4f8f8,0xc42c0a1713129794acc78a75153bef39d4c5bd2120f2f183a55877847838d950,0xd700872a69ecced56ba2c2748095ed006666c433b9f5fa065d9ce7e1fd25de06,[2.149762],"[2.190193,1.355854,1.131657,1.138667,1.093108]",0.0,434.0940000000515,504.0660000000142,626.0339999999975,135.67239999999757,3.4650000000002388,2.970399999999845,2666835968,[2.331305],"[1.518039,1.181871,1.145337,1.071485,0.984674]",10.997000000000003,540.8959999999574,430.41679999999974,639.1139999999962,97.22659999999993,6.400000000000156,2.3452000000000197,2703761408
64,100,66,0x73d18a08cd5f579003ff11a908f2f0506ea0d1b3bd5bc2cf905d304a1ea44528,0xe7220456bd8f5208da7c4704c83e46372219523cd0892791bd6e074692fdc5e7,0xe0c8c0bd4f730f6068ef26ce6dcd6ce9ca975ce0766aa90868b3ea280a7eab4a,[2.325917],"[1.913556,1.36631,1.185066,1.241071,1.078626]",0.0,528.0869999999549,527.9942000000037,639.0640000000225,129.72560000000797,4.826999999999783,2.8623999999999663,2666840064,[2.078364],"[1.430778,1.26003,1.076013,1.110795,0.993128]",7.941999999999932,442.23700000001196,482.79999999998324,620.0149999999737,95.09340000001254,5.868000000000019,2.5640000000000382,2703765504
64,100,67,0x3c6ef48a0e1a260b6bca6aa6c283ed237731f9b93e8d5345bf6814b22c083bed,0xa30330e64b76047137f67e95c240c1d386752ec9f606fc6a1a2b5794b0cac18c,0x66d04b5fa1303b4cca5374905f1e8b9f5e3e06cffaaf8a7076018d83fdc36653,[2.009871],"[1.601334,1.221732,1.230365,1.037074,1.010514]",0.0,453.74399999997814,464.17000000003037,654.22599999998,95.60820000001914,5.3079999999998755,9.608400000000149,2707279872,[2.277975],"[1.970651,1.242313,1.059658,1.046558,1.081391]",12.288999999999962,489.42799999995844,440.9467999999972,645.9739999999936,104.49740000000318,6.629999999999657,2.5536000000001353,2703806464
64,100,68,0xaf3ab97a6e7af81d510597ae7e7465077f8658b882d69e624fb343a37c37b472,0x914e9406f2baa2550dde8dc1ca504af56b268b6eefe269b63fd275dc82bf646d,0xcc35c1a8853cf22364de5945fce501cb15c9f87c5a9baa13e83fe8ec705cb11f,[2.42712],"[2.121098,1.370827,1.348824,1.056323,1.097765]",0.0,494.50600000000566,494.0168000000078,712.6849999999907,118.89339999999748,5.708999999999575,2.8241999999999505,2707464192,[2.140828],"[1.467734,1.187591,1.330936,1.038426,1.142994]",7.530999999999858,532.6230000000098,450.0327999999998,731.2369999999956,97.34280000001094,5.607999999999828,2.309599999999849,2703806464
64,100,69,0x81f6c6fd9ce98b49ba532a0b3e11668ed094b4d5dd062084a5b556d62978e4e9,0x5d8779a37c39361e1a82152f5e81fdd15421de1603934fef1a11759d495867c9,0xf43d902db4cf25266e908c4997f8e38171167f6100559d9d8456486dd802a8b8,[2.535984],"[2.190543,1.297466,1.117325,1.266239,1.165918]",0.0,505.933000000014,534.0071999999641,748.9190000000145,128.69020000000341,6.810000000000323,2.818199999999986,2707542016,[2.089981],"[1.490958,1.364077,1.269755,1.08726,1.075461]",8.983000000000168,531.4709999999501,428.2055999999867,620.5659999999891,127.26560000000386,5.727999999999983,2.499599999999935,2703884288
64,100,70,0x07f1cb314d4d928cf7640f4a1e8472fb30aa8580f97af38298a597976bbf9c9f,0xaa581a5da513d2b7f6003b6e98ef5a93a8c3b1a9930a6e96f78260400e67657f,0xae37ecbdc69df371cf1615234d27a5e92f15267a8d402ec97150c819e527a8cd,[1.972204],"[1.61785,1.239579,1.41303,1.586523,1.181832]",0.0,473.87399999998524,569.202400000024,646.1839999999941,106.2981999999879,4.055999999999678,2.6158000000000086,2707640320,[2.429373],"[2.136912,1.224776,1.0805,1.199289,1.434763]",10.254999999999812,498.4209999999711,484.08019999999215,684.7919999999897,125.7533999999838,6.06900000000004,2.838600000000177,2703970304
64,100,71,0x42006d58913427104669f114f484ae444226fd1ff43e0f9acf61ce6bb848fdbe,0xa8d2d91f03b7bc9cec269f1698657a9dcf4f4969b27bc2a2bc2284508778cf8e,0xeae2f9d35c615aef3dc2f960667e239bd730e666f1346f84a877d682516b2178,[2.16224],"[2.379028,1.190716,1.041271,1.243074,1.06765]",0.0,506.56400000004265,512.9776000000197,551.3609999999725,118.8354000000058,6.098999999999862,3.2689999999998416,2708008960,[1.700524],"[1.712262,1.112267,1.308874,1.076243,1.024104]",8.774000000000022,415.83700000003,470.1388000000195,492.1330000000057,99.83479999998713,5.108000000000196,2.5637999999999703,2704252928
64,100,72,0xda46905218c8b78ae41ab5c2f4f94a193aaee5e9551592bc7fb73758483bfdac,0x70f89cbac537e758752ef078729c8d38b8ca161191e02f59ce5ac609b9413590,0xa7f46c4053767edea74fcf982f6cbbb330a95841125dd23e8dab42d73847b26b,[1.998754],"[1.592136,1.303856,1.116649,1.009993,1.081381]",0.0,459.0719999999493,443.5245999999893,581.6169999999787,107.13940000001143,3.045000000000131,2.820399999999869,2708148224,[2.718419],"[1.924917,1.165979,1.086709,1.349415,1.022061]",10.024999999999878,497.81999999998214,436.34180000000634,874.4889999999783,110.36440000000702,7.792000000000389,2.691999999999972,2704269312
64,100,73,0xb9ed0dd67072842eb4720701b3ceed4c9c92ff27ffe5a32191d53ebc07fcab8f,0x460e99741339dba99cfd7338d634773d5ce5343ab691818ed2ac4bbc7472529c,0xb728882f39f727f11780007e22d50bd5b5e583f064492c5aebda28b0596061df,[1.852634],"[1.472099,1.124726,1.113179,1.248332,1.151156]",0.0,453.94499999995566,449.075600000004,599.5440000000074,121.61540000001914,3.976000000000153,2.6139999999997414,2708172800,[2.185295],"[2.035329,1.35934,1.1738,1.230476,0.989633]",10.675999999999828,485.18200000002844,517.3304000000156,568.3069999999901,106.2066000000139,6.349000000000111,3.0225999999999518,2704273408
64,100,74,0x164ec6e1144f2fe2211c7efb24724f51c3cbf7fc8d2816f4ca3162a4d5c57fda,0xd166da159811475c016d4082cbe8673b9203ee7ef3d7b23a7b577ecf3a10ca65,0x43ee1378f740d41db3bc814f6fa1efb072cc5bcc99d490188c96ed605ff430cd,[1.79668],"[1.931783,1.269134,1.100229,1.075111,1.057785]",0.0,427.4650000000157,466.505599999989,524.75099999999,118.78100000000114,3.435000000000417,3.376599999999931,2708197376,[2.262481],"[1.551119,1.191086,1.10708,1.112448,1.1209]",10.095999999999803,502.86799999998965,430.7456000000043,615.8889999999806,112.36140000000505,6.230000000000298,2.8541999999999454,2704285696
64,100,75,0xb4bb6eecb1af6bd23084f8cf3ac1e6ffabd7248dc6f789c495177edca809690c,0x7e446398e2ce439f99a46e5c04663e387910abc19ceebd00a4f6775f5d2a7e12,0x9437be1a40d24c72721007cef037aad1bdef8e7adf7e11183f299935ba2897f4,[2.382667],"[1.899825,1.166839,1.089512,1.021711,1.208953]",0.0,470.5799999999982,432.7240000000066,822.2800000000086,119.64060000000387,5.368000000000387,3.0403999999999503,2708275200,[2.309192],"[1.449085,1.10705,1.003223,1.035482,0.990253]",10.254999999999812,467.9260000000074,408.8765999999966,637.6109999999824,93.4431999999874,6.258999999999778,2.329199999999941,2704302080
64,100,76,0x7274bc112582ccd0ceffb4081f90394303377278a80384b449568006f8f07943,0xa1db5557857d43345ab305c09e02a1ff1dade98a5eee5131b338c3f0bb9197f9,0xd431e128cf1ba50652537a6c7f4401c43f3f654512a5a308f57fb8678fa134f9,[2.285196],"[1.427152,1.113419,1.446411,1.179989,1.060589]",0.0,492.3730000000459,488.3142000000173,573.0239999999776,137.17700000001054,5.828000000000257,2.8520000000000625,2708312064,[1.805262],"[1.839424,1.348724,1.128907,1.057605,1.013989]",7.602000000000216,442.1570000000541,454.74979999999834,544.4809999999856,103.61620000000072,6.639999999999597,2.7200000000001525,2704330752
64,100,77,0x7e29806374fd03afe345dfacad54dc3ce4611162899daf3777c761ce380d3f64,0x7cce8f1a92d8ca719cf43f8b4f97786ee2651a5a4c2ebee0031f0050d34c0283,0x33cd24d7e8a795bbb064a5726722388476caf6a1d9d1602538bc21d7e7bff921,[1.955129],"[1.655836,1.177926,1.108521,1.015721,1.071155]",0.0,472.0520000000006,428.7424000000151,609.358999999976,99.1956000000016,3.9560000000002717,2.984600000000004,2708418560,[2.280499],"[2.321631,1.198928,1.042522,1.021701,1.098927]",10.254999999999812,525.8729999999546,491.8316000000145,667.0859999999834,121.17660000000585,6.800000000000382,2.751999999999963,2704375808
64,100,78,0x0400afeca1683920ca23320097dddbfb31ceab1f923eea375f354dae94abcda7,0x2b0684757a879941baf2f6e4df66f7055a78695e062b1a75c7eb4b062ee4e0a2,0xd5140e90482a18f73fb26f183053d7106eb44ccc3c9fc3246a7c7f555817a100,[2.125044],"[1.911042,1.415194,2.091014,1.339278,1.066788]",0.0,518.1810000000064,509.3317999999902,594.8170000000252,141.17899999999128,5.648999999999932,3.326599999999881,2708574208,[2.675485],"[1.560033,1.290837,1.025837,1.121431,1.104355]",10.365999999999934,464.4900000000396,435.05400000001254,1056.8730000000137,111.94300000000324,5.388000000000267,3.3072000000000306,2704453632
64,100,79,0x0736a7ee5a4e2a40e3beada878f588eb3ddd1fa18c39e98f5513a2e1335a7425,0x7ff14c09cbcb3c9629449109db5d413d7402a82afeefa74b1247b1dbb6e60de5,0xcd83de1ac14ba699fd347bf5477697bfe5155ba9bf4a5aff4bb7c6603ece6b52,[3.483017],"[1.580143,1.249274,1.329565,1.075442,1.2207]",0.0,931.7349999999891,465.17940000001533,1146.448999999994,126.54659999999929,7.211000000000023,3.4048000000000065,2709188608,[1.98946],"[1.974217,1.267,1.050193,1.110334,1.210545]",8.231999999999944,462.97900000003,497.15560000000994,603.6799999999953,121.3711999999978,7.181000000000201,2.872200000000186,2704687104
64,100,80,0x5303a3b709ff4ac18401be4617e278965d51a0a9719da861931bc480f880e7c4,0x549f676c40031e76dd2225c53fcc3049174e21aa64dab4f0a102d96cf10aa378,0x3ec50c86ba050f96d5d886cb34610abf7444e344b59377a0049a5cf0d1552afd,[2.386158],"[1.637183,1.18037,1.148512,1.06111,1.282899]",0.0,487.7450000000394,425.8099999999932,594.957000000007,126.33419999998895,5.207000000000129,3.052199999999984,2709196800,[2.383204],"[2.513249,1.278718,1.188892,1.145347,1.08812]",10.365999999999934,509.92900000002004,539.2548000000107,718.9639999999886,120.3974000000052,5.968999999999766,2.8362000000000527,2704703488
64,100,81,0xf129bb3e9200d5b7f5a030e309b1a9373b386daabb3e0b92a4461371edd89589,0xe9aba4ed5b84fd14538f485d11dc0c706b0b4a69520a08f8e9419a75215bff0c,0x0e492fcbab0c794779627604a23fba57b4c42a1b590f0c0e52b3c0f16244e179,[1.780535],"[2.888816,1.303466,1.123103,1.142703,1.210526]",0.0,445.62199999997887,506.93420000003096,503.968999999993,158.42500000000646,5.207999999999602,3.3911999999997056,2709209088,[2.448431],"[1.635526,1.261052,1.116083,1.025586,1.064265]",10.11500000000021,511.8119999999449,441.36559999998775,667.1360000000126,101.88759999999465,6.869999999999966,2.4015999999998234,2704719872
64,100,82,0xaae3f0fad38c62f6991709e503881bbd97247c536439568195be7af2666407cf,0xbe1bd1097cc8ddb8fd578109a820f7b56ed78fb4bd91f139a96b353ef3959706,0x0011c7ad30ff0ea1cb0ccbe18338a00e19441cad1d1c9ce085775c8e811aae33,[2.416584],"[1.685817,1.180861,1.162993,1.005216,1.035862]",0.0,498.05099999999936,441.27119999997075,589.7990000000019,118.78879999999148,5.86900000000036,3.156800000000265,2709299200,[1.851277],"[1.941567,1.317546,1.100409,1.172483,0.979667]",8.713000000000036,432.2919999999453,479.5247999999974,584.0810000000141,117.79560000000356,4.948000000000278,2.8221999999999623,2704801792
64,100,83,0xfceaf5e85f3b130e1215a8f61c037bbf2a1bd20cf4562fb2b93978f87bd3a43b,0xbbdd64c942cd0db0558bc9e6049742db20d125ee96c5db795a2b0f480078c2b8,0x2ead59a9071afd456213c0603cb7d6aedacfc8a4e07f2ff4024ad9a151ba6b49,[1.980146],"[1.927386,1.335453,1.213209,1.051836,1.112312]",0.0,516.1280000000046,492.41259999999176,589.8189999999914,137.61539999999073,4.165999999999892,3.0865999999999185,2709319680,[2.353013],"[1.376485,1.201592,1.099839,1.031906,1.092597]",10.0460000000001,505.37200000000394,420.63399999998643,712.8450000000175,106.44399999999443,6.650000000000405,2.6840000000000197,2704809984
64,100,84,0x25909df3a35eca5a546e7c96b9731cec0115e288019ff5eb4e54bd8a12718d86,0xe7d3f303d1d6d90c324fc5f506f4fc4635d4df7deacc49722533a06da39f590e,0xe5326124c1121e7e879d9633eefe26ab0e7c0acd894ff1e4e07036780cbb57e4,[2.312076],"[1.533192,1.298578,1.132743,1.127896,1.076202]",0.0,470.9299999999805,456.09979999998717,709.4699999999898,108.47759999998985,5.929000000000004,2.8264000000000067,2709327872,[1.829158],"[2.263884,1.17383,1.150956,1.193565,1.086117]",8.372999999999887,422.53800000002786,473.78220000000584,561.8669999999937,155.07379999999404,5.899000000000182,2.9222000000000623,2704900096
64,100,85,0x14d92996fde1c492ac92360c3ff637f995c89933e3d13952d152ac9a3128ea2c,0x3ad57fd4926ee055dd7aabd154a1661598989d22cb87b7eb688cebcea8e264ec,0x18852ff28ed21378224205e7a2bd4e16674193243e4f0c6107876db58d700a38,[1.772873],"[3.056088,1.665141,1.172157,1.159759,1.105257]",0.0,435.3070000000514,483.1406000000094,523.3090000000274,149.5937999999919,4.355999999999631,5.953000000000208,2709430272,[2.609639],"[1.71732,1.209233,1.02814,1.142123,1.171277]",10.104999999999837,789.6200000000464,463.6091999999925,692.0040000000238,98.24620000000728,6.510000000000369,2.5861999999999763,2704969728
64,100,86,0xec902c26780eb54e51d9814d9f8ea903b5a99dc0d68f41ed22a1efaf74e142c7,0x4762be22b734d72ea50f0af45efe0fc69339c1d36ed93e75305f56e4457e456b,0x7ac0c3dc16e4829c4b701ff8c91af0c354cf6fdf442b685c1391c168ff5e19ac,[2.151825],"[1.509506,1.646032,3.783906,1.39275,1.214942]",0.0,457.96099999995124,523.1328000000035,651.6529999999743,129.53119999999927,4.516999999999889,3.9237999999998734,2709532672,[2.771769],"[1.795838,1.557087,1.23371,1.365169,1.437808]",10.93600000000002,557.1699999999958,537.0899999999956,816.8619999999738,121.12279999999531,8.794000000000336,4.02019999999996,2705043456
64,100,87,0x6e00460d140e3554916d3afb8bfcd16c1ec4188d11da83102e084964a0775115,0x6e7f6cd8f51d9604a75c9a374ac7bd86ccd99af0a12f8df6bb34a7f3375dc487,0x0cf02150581bad6b426c15190ba419d1b9ea40c3a184943c96e1cae2276f4daa,[2.730893],"[1.577619,1.27329,1.08137,1.21351,1.08781]",0.0,507.07500000002346,460.8928000000123,1054.3499999999817,103.0851999999971,6.179000000000253,3.0825999999999425,2709938176,[1.971448],"[2.342057,1.509676,1.495364,1.248713,1.104375]",8.333000000000125,553.7650000000393,535.0165999999934,515.266999999986,120.12319999998854,5.708000000000101,3.48099999999997,2705305600
64,100,88,0xd81ae3dfdda6d513528f48e996995f55c6a91b034b1ac6ee7c9f596f0710969c,0xc93e5f57d4a94b0503b8c3e9c38e9b43674c58b4f66db1b707d95ec089953c08,0xbb8fecf27914c8a2b16813295ad0e0e50670038715756e1de1637f1364763d24,[1.883169],"[1.85726,1.931373,1.492441,1.422585,1.632021]",0.0,481.45600000004674,747.5331999999835,532.1730000000247,121.70719999998747,3.996000000000034,3.4994000000001733,2709942272,[2.547752],"[2.036531,1.291518,1.13423,1.085567,1.204426]",9.964999999999801,522.6879999999934,464.4142000000295,742.3500000000028,117.95959999999495,6.349999999999585,2.854200000000119,2705330176
64,100,89,0x876c62ae55c2dac5e5cb0d839745a6fa1c5093f8e631e9947a89d604bbac03b6,0x56f5bd538c7b17f741214966336bc11ff860b81f27faea68d005c33b47eac03b,0x35d20d4806e655db3868237c58f625f1ada350e816d8ff0c04b199dab28ceb3b,[2.563956],"[1.546261,1.409365,1.092677,1.149223,1.108281]",0.0,653.1050000000427,468.18799999999163,689.019000000013,134.32639999999552,6.009000000000396,3.892200000000026,2710114304,[2.345056],"[1.945714,1.483887,1.312909,1.139118,1.059097]",8.062000000000086,858.033999999952,465.90680000000435,485.4519999999973,133.13060000000877,5.398000000000208,3.18899999999997,2705330176
64,100,90,0x45b51defc6b8d9c563f321f4053e1bd28d6fc6d201b7be5c14820d370e7f3f4a,0x9358e2742328fa8db1e72ff45ff57f49ae9a23da40fac5efc3696d860ff3b1fe,0xc0f63f8e0a4557bc3229e1e824b676d9f853fada176b62698845e6442f7e28a6,[2.356804],"[1.901497,1.362425,1.261493,1.138818,0.992606]",0.0,501.4460000000165,446.20920000000285,656.2800000000091,130.6709999999933,6.110000000000143,3.5734000000000807,2710446080,[1.833124],"[2.881199,1.1871,1.096113,1.068671,1.151656]",7.020999999999851,463.8590000000109,475.0483999999888,589.2889999999928,104.21539999999618,5.60900000000017,2.7141999999999094,2705338368
64,100,91,0x311a70460b97e0a9704315672e3c265dc24d6bac6c90529aac16a185bd04b948,0x46a6b18a9c5dddc862284748cf3d36067a0e52bc5267047feb8526fbc2382886,0xb9d2739ce915b9a8e9a0c7d1fd17a47e7d4e51001f6974ba09188e9dc0d0a2a4,[1.931953],"[1.888457,1.564119,1.129132,1.126228,1.048551]",0.0,468.4169999999988,515.6554000000035,594.407000000019,120.78819999999935,4.33700000000009,6.8443999999999106,2710732800,[2.322151],"[1.491319,1.249634,1.198758,1.024135,1.20011]",9.733999999999957,525.0119999999914,486.1150000000203,706.7450000000086,111.4378000000027,6.139999999999965,2.9523999999999524,2705358848
64,100,92,0x7c7a16571de78d42d31c2e4d649300907a45a0983813d44d610189ae2e264d6e,0xf8b621daa8f9d7a606e76fe62ed47befbcf5f0ce2bbcca242a1d5aa930ab8fbc,0xa9e9c0db87aa284ca6e718df04634d79c23af0a19e3c25512b25cffd1f0b8156,[1.808768],"[2.100367,1.21321,1.036102,1.08717,1.073669]",0.0,415.83700000003,456.39820000000776,563.1899999999912,111.59459999998677,3.846000000000058,3.2292000000001475,2708533248,[2.252707],"[1.394192,1.156875,1.016042,1.129618,1.020849]",10.234999999999932,486.01299999995183,440.0194000000024,711.2329999999778,100.37139999998779,5.848999999999611,2.7721999999997387,2705436672
64,100,93,0x8d8d09a566f314a48acbd5e373e1f7aa046fba2ad27445728d7acac4d4de8881,0x7baf4fa18a87624c2d2fc68a29f8625a13a16a7c2c387933bd4749bf46c2d009,0x049f1c58aaeac9c68e1e5d9814201b3a179a5210e41e489a34e25c8883b0203b,[2.717347],"[2.179927,2.014218,1.362745,1.198147,1.089122]",0.0,507.0050000000048,540.8493999999874,769.721000000001,112.37340000000984,5.388000000000267,3.4872000000000027,2708660224,[1.974016],"[1.987647,1.627184,1.832413,1.159008,1.004795]",8.282000000000082,478.4820000000023,515.4993999999969,641.8180000000162,159.16000000000264,6.570000000000014,3.2346000000000803,2705555456
64,100,94,0x0f914edaf5ad365f7210dc79626ec01610d96927fa4f1c62da6fcf4e57522f4b,0xbb5ee9b31d2f81028b7d9f1b7d9d6900c38118f4d0d04c3a234d48d79877bd94,0xc740aa913b83b91f7bc8d61f08a73d894e5f36e68579e5461701f45e956efa01,[1.984487],"[2.018333,1.835698,1.316735,1.246449,1.050804]",0.0,416.1580000000553,443.16820000001036,614.7870000000055,121.36080000001436,4.287000000000388,3.49539999999985,2708742144,[2.28141],"[1.567805,1.300321,1.205338,1.057905,1.002302]",9.274000000000088,484.61099999996816,452.24019999998694,727.6769999999822,111.30820000001539,6.7000000000001085,2.8521999999999577,2705649664
64,100,95,0x7bce82b38189545cd0ff7427cfad8874751774fb791546b22485f722c73d960b,0x5546ac037700848d2c3181f0f7b2987893498d6178994f7a371e9c85ea48daa8,0x07a9f4a883f16eda07c395d729c8b3b74ccc013d19b3cedf65bc835f2873c07e,[2.683015],"[2.020627,1.195282,1.198367,1.07435,0.999587]",0.0,515.3669999999888,488.32239999996307,691.8630000000147,117.3770000000074,5.568000000000066,3.0524000000000524,2709061632,[2.092896],"[1.595576,1.15352,1.037404,1.033618,1.01521]",8.301999999999962,439.2330000000388,431.6089999999883,709.6699999999955,103.08560000000799,5.017999999999863,2.4978000000000153,2705739776
64,100,96,0x1b8dbf14ff638d5170bcd73f7c50ecc3e9ce9087daecc96a0d1b6a6c4b295a5e,0xfd0b8ac3b4e82cab3bc278c49dcddc0fbae3bda8fe69013472015d3c4f6bdfb8,0x2f2e98badb4c83c71c22ec6c8a36f931f56f75a8249b59bf19b371b0d9423af5,[1.853735],"[2.040487,1.376926,1.208923,1.106388,1.114601]",0.0,466.0619999999893,476.8070000000124,530.4300000000262,119.15379999999365,4.437000000000364,3.186600000000019,2709069824,[2.370705],"[1.457963,1.395073,1.046809,1.157827,1.110775]",9.57400000000004,501.7170000000126,484.6547999999951,657.9520000000172,123.7306000000049,6.670000000000287,3.3812000000001117,2705752064
64,100,97,0x38d7d39f645b19f218a13bdb7fccc4438e425a514006ccdf1df4b95caf13328e,0x7df245d33b37c0e624a99b0f7a63e4083eee566f7bbc9069f837dc35ce0f433c,0x28cb2f35a6bf1c606df7b30569d921391164c8afa120356e4ce9c1bb74030ab0,[1.819884],"[2.352247,1.294112,1.182293,1.510187,1.196835]",0.0,447.87499999998647,530.077200000001,534.8769999999892,128.27119999999636,3.205000000000048,3.753600000000121,2709090304,[2.386659],"[1.676498,1.474603,1.072838,1.488535,1.196264]",9.474000000000201,521.9069999999881,520.8273999999901,676.2900000000238,106.45259999999546,6.830000000000204,3.156799999999918,2705764352
64,100,98,0x94471565ab1bc09ce67c2971ae110cda3066ca3a323e6f41b786d017b995787d,0x0b554ceb013492eb9d61358180a425241a001a31ec43115bf4e526d60c695c1b,0x4ddac492f93c0ad74040aa760fba7ee2f12ad38833b40188ab5c55f14c9a5508,[2.15549],"[2.185666,1.388323,1.101951,1.16019,1.178107]",0.0,516.5190000000485,491.70959999997876,581.5470000000156,133.48899999999776,3.435000000000417,3.1606000000001733,2709106688,[2.246978],"[1.686944,1.154411,1.402535,1.315174,1.164716]",9.404000000000183,483.57899999995624,525.2843999999923,635.0179999999872,100.5574000000009,6.9199999999996695,2.7060000000000626,2705784832
64,100,99,0x804962476c3c69809cd730584cd1c3da06bc6224ac07ac3e372fbb8ed8fdf154,0x417c884e9e047093331c502590ebf140dfc9aff7c173bd66897499282d04507b,0x17afec8e18c8402561b62884f049a510aefd715f9068a8101e43acc5b905248d,[2.572779],"[1.579812,1.234331,1.152228,1.063864,1.101171]",0.0,521.8270000000302,458.9720000000019,845.4840000000074,125.7914000000082,5.36899999999986,2.745800000000104,2709127168,[2.166507],"[1.891422,1.169503,1.009251,1.044846,1.072377]",8.331999999999784,511.67200000001856,435.80539999998894,635.11799999999,114.04979999999344,5.258000000000172,2.8823999999998478,2705809408
512,0,0,0xfe579dd419166139099596ba410a9f68f3b3173cf7d8ddeaae204cf35ae4669c,0x3e4cc1e6bd5c4b4b8b7259d86c94ce9330761a901b8fa30e15fccab5c6249054,0xb3dfdf4816d9a8180abad3bbf01b71e9fe8e199d3249b896ce5f4f48bb6a09f6,[4.964285],"[2.926883,2.71937,2.456083,2.497897,2.502363]",0.0,1495.795,1376.2509999999997,2026.9260000000002,407.5746,8.934,9.5,2547904512,[4.288646],"[3.353897,2.453469,2.466509,2.486369,2.492438]",16.746,1475.035,1373.2128000000002,1522.6659999999997,411.84680000000003,4.837,5.754600000000001,2545008640
512,0,1,0x87f79cc26869b7df9b55d38ebb10e9e7768d7d159a4d295c1e0596a1f6ab93df,0xf5efee69aff6bb4f28a681c633cf8b2a4d3c8c1767f9804a69cc2bf96de491f8,0xae47c0852de660dc5995e3c7e22f67d1808caaff6b03d9323e7a76a993f9d49e,[3.626388],"[3.093885,2.607562,2.265446,2.389423,2.404937]",0.0,1588.3349999999998,1318.3938000000003,911.1639999999999,389.83579999999995,4.997999999999995,6.3214000000000015,2551939072,[3.718908],"[2.725971,2.521442,2.408402,2.409904,2.3009]",18.317999999999998,1403.586,1340.4189999999996,1061.8210000000001,367.23360000000014,6.590000000000003,5.101799999999997,2554011648
512,0,2,0x71d8dc5500954b1f85f7a2f3b8d1d0e39a3394963916a91c3afe2df5b693fd7e,0x8bad7fd1b763494c5c459619153891fdcf4302df6bf60637d1960913c0ffaa5e,0x87e57b27599dcf155370a8966af2abc5db37f2393267de2271497e6bff39d315,[3.193225],"[2.89173,2.714077,2.249352,2.306233,2.317344]",0.0,1364.1069999999997,1330.9068,880.3479999999995,394.77120000000025,3.456000000000002,5.664599999999998,2553098240,[3.732208],"[3.273435,2.569946,2.497445,2.341831,2.388131]",33.741,1363.6859999999995,1317.9152,1069.683000000001,395.2502,6.720000000000003,8.983599999999997,2557640704
512,0,3,0xb39140dd9bfb4b7b0a5c02e09252b83b846de695d888e45f1167fdf06d591411,0x3f1b84ec3cfeb5ae8d497e24b366fde882c275a20b7f5dc43892c7cc6baac535,0x92d3230618823f1732b08e1547bcb61a10ecab71e1d4178a0fe51de8e6dc84cb,[3.95288],"[2.803317,2.520921,2.570556,2.404415,2.463555]",0.0,1500.5519999999988,1378.9393999999998,1077.6550000000002,385.87760000000014,4.516999999999998,5.6864,2554531840,[3.733579],"[3.347608,2.61899,2.617978,2.390474,2.502123]",16.685000000000006,1517.3779999999997,1356.7617999999989,1044.6350000000004,425.3616000000002,7.0509999999999975,5.9692000000000025,2556424192
512,0,4,0x292a1cb001f6350a0f354402b10ed626c45295c41d674e4f30ae7cb75eddfdb3,0x673ec349064311d361fc7b2fe3866dc7e47256ca7d058c70a7f01308b1d6a98f,0xf2a01d27df96272e94684e6ede8b56cf7e018f7393e5b43396f0145ce4866320,[3.519673],"[2.98413,2.509288,2.473385,2.486449,2.488693]",0.0,1437.5770000000023,1365.5570000000005,1013.1480000000001,392.3136000000004,3.3549999999999973,5.830800000000003,2556116992,[3.968254],"[3.297132,2.699691,2.581553,2.370745,2.251626]",17.145000000000014,1423.2659999999994,1331.4578000000008,1259.8690000000004,414.1703999999996,6.829999999999987,6.017199999999999,2561503232
512,0,5,0x453afc2d5e0cee600822764a008ff9b285778730c943a48e9b7ff20f9a1270a0,0x80da40d5e48142222615e820ac86fd7127e3d498c2bf12f7774faff2d438091a,0x7f7b966c15e852ce90539a64520af7413e8b9fc34d86ed9b02b6801a608cd367,[4.023577],"[3.485836,2.71218,2.593641,2.784974,2.372027]",0.0,1436.5169999999982,1428.1051999999988,1385.819,427.10800000000035,5.068,7.050599999999997,2557452288,[3.870075],"[3.021966,2.783637,2.640902,3.553959,2.563696]",16.115000000000006,1617.6690000000021,1603.0872000000015,1271.4680000000012,438.9878000000007,5.096999999999995,18.410000000000007,2558160896
512,0,6,0x8593dda6bf3dc46f3803c42d9c71da28c9eec643e22efd93b194946deb111bd3,0xb63955cd7a838ebf07197f88bd000df86f86f57044cf5e69a46db1f98d7cfe79,0x617b4e039f65964658539e040662fdfe212809e4407971e0f85cb3ebaa7f0ab5,[3.589673],"[2.695455,2.877348,2.437205,2.512839,2.668003]",0.0,1386.1699999999992,1383.5264,1083.113,406.5654000000002,3.996000000000007,6.638200000000003,2558242816,[4.346394],"[3.287317,2.943769,2.463415,2.471036,2.496835]",18.258,1664.4400000000032,1340.1490000000001,1238.1670000000017,485.5059999999994,7.200999999999974,6.285199999999996,2563522560
512,0,7,0xf6b1e79c8a85c0c10a5467afece15a6b741b91191c288fcaf98e3a9ae789a813,0x8a159bd23bc02aa294848e66a0794772a90847915471d23188e5ce7ed11f1527,0x3d909a46957bdfec0b167868852b59bdb5435d3a66720771e2024f94bd8bb5b3,[4.028674],"[2.907624,2.642054,2.570687,2.821755,2.696626]",0.0,1410.7079999999967,1424.0909999999994,1306.459999999999,457.4698000000009,5.44800000000002,6.727999999999996,2560409600,[3.841542],"[3.40864,2.570846,3.106444,2.59338,2.854835]",15.533000000000001,1547.0929999999994,1474.5038000000015,1190.4850000000015,471.5733999999999,5.438000000000025,6.8522,2564550656
512,0,8,0x36e1442008492ea47d9a307c3f91eea9e5f0f2b2df8b732eb6ed385203abbd0f,0x7b1cf1a5b85ba296d300655a00b7e741d2a520ff9de6a2dba7e015af5819d99a,0x2cc159a5733e7e1921a7b2754aebb19a54ab2750638f6eb7871af0d58e065792,[3.922324],"[2.957009,2.53331,2.458257,2.418346,2.3742]",0.0,1364.2380000000037,1322.3701999999978,1290.6360000000013,411.41259999999954,6.068999999999986,5.767000000000001,2561384448,[3.719589],"[3.498065,2.888756,2.515708,2.578609,2.452799]",15.642999999999999,1486.9019999999982,1422.256599999999,1210.3650000000014,453.12519999999995,4.808000000000026,8.516999999999996,2565582848
512,0,9,0xba8346a56da5bef315b4d4f0049753e5fd9093ee5ccc03936be47058310c30a7,0xa1bc634ecdb14b05c6797721a387540b059753cc6ecb493bcc8cc18c593ce889,0x961fcc19d1435a9564d3329c9dc64bcb673b5667c83d3aa001f3023b2bbdbd55,[4.200173],"[2.928125,2.617096,2.509725,2.484336,2.439819]",0.0,1508.4050000000043,1370.803399999998,1307.6610000000016,408.836600000001,5.0180000000000256,6.029400000000012,2562220032,[3.734931],"[3.271303,2.608183,2.607512,2.522124,2.479679]",16.444999999999997,1365.9200000000067,1342.3924000000004,1323.0050000000022,419.75080000000025,6.329000000000013,6.559799999999994,2566488064
512,0,10,0x9ca887fb6914d0cad1caa03a45940244b830c13874a02ce1f443482fcacfcbc4,0x3a3b903dc40f9d6a1fe3f7da028abcf36666c9408b4a81c70e9cd7f2338812f9,0x882cc588b237e5d8e2b148be372dea116eb1b50fc69d6305eef8e745ba7ea3e3,[4.39059],"[2.658258,2.688494,2.683447,2.592339,2.49352]",0.0,1392.6100000000024,1402.0160000000003,1743.3790000000033,410.1547999999996,5.858999999999986,5.676599999999998,2563284992,[3.631797],"[3.126585,2.561253,3.57434,2.477546,2.476074]",15.753999999999985,1321.2120000000023,1539.057000000002,1331.6780000000028,430.25079999999826,4.416999999999995,6.443599999999996,2567503872
512,0,11,0x2a21a30f0518c49a804f6fda59fe06fbea76fcde9e9645d92286a3aa4af30e98,0x4d0cfc8ab425c5c100a27852607f8c5f1aafb368620b405593ada6edd55b761b,0xc4fb215e8b452ef12a69d6ebb52c7f222070109e15e11a625b5def19785fad2a,[4.209989],"[3.504364,2.565058,2.519229,2.323404,2.647743]",0.0,1393.581000000005,1429.8441999999966,1322.6650000000006,414.5072000000014,5.497999999999994,5.904799999999991,2564190208,[4.265693],"[2.994765,2.579349,2.372598,2.444316,2.45346]",15.90399999999999,1437.076999999995,1379.5903999999996,1628.095000000003,391.6903999999999,4.988000000000041,5.738399999999974,2568548352
512,0,12,0x1772ac117ea9f9f89bcf482aec3eb13c7e20509abd4c497c9d70c68fad3a6296,0x48e87b1667383dfca3cf76da559893fa0f024b9f456aeee4415222a485d4960d,0x486aec8976a3b86a988f820b30ec8ede0729972684883b8b9105b763a2c4cc1c,[4.31711],"[3.398465,2.558378,2.445047,2.404645,2.578818]",0.0,1433.4109999999955,1400.3255999999963,1397.187000000001,418.91159999999786,6.49,5.548400000000007,2564993024,[4.049096],"[3.573999,2.622715,2.463184,2.746091,2.431737]",15.313000000000008,1325.8200000000054,1376.0791999999992,1702.407000000003,457.8083999999996,4.616999999999946,6.215199999999978,2569719808
512,0,13,0x69239ffe0cc676a29c3a47cc44ff33d5c979185ccd07bded661db712ebd08830,0xc4b0fc1e1e6bfc0cfcdc99773925f54ad7f4699a9b58a96bdca327dbc19ef504,0x40d5ff0990a472428ca811f3ccd98c073fc1f1278337b199f1d7c613ce7e415b,[4.172021],"[3.204703,2.578508,2.371726,2.376834,2.596245]",0.0,1446.1310000000033,1376.7816000000043,1460.9530000000009,428.5459999999991,5.979000000000032,6.469600000000015,2565775360,[4.426956],"[2.985482,2.44073,2.58017,2.370204,2.519239]",16.055000000000007,1511.0390000000057,1396.5197999999984,1807.7650000000028,418.75140000000033,5.959000000000042,5.520199999999986,2570432512
512,0,14,0xaab22007a96f31fb294cbb2e9c254f09f552e84a8acb5194832a6dcc055d0f27,0xc2ec67da66e6103c01ef5fbeeb165017548735d66f35b0bb75fb9fcfed5154a9,0x5978ed8ee2230677e9937cb46f8b467a39faa8b26c1b08c4d15dd629337ea31b,[4.471833],"[2.873683,2.648704,2.423184,2.432117,2.326608]",0.0,1400.4920000000031,1363.6864000000025,1428.7450000000022,388.9380000000012,6.350000000000019,6.037199999999994,2566811648,[4.026051],"[3.13694,2.586029,2.39389,2.612299,2.352126]",16.024000000000008,1374.9239999999995,1368.4957999999997,1507.2979999999973,405.5494000000007,4.616999999999946,5.972599999999996,2571628544
512,0,15,0x6809866a60edf8d154f7a168b49398c4ccad8ced6cc06d176747db256eb3b129,0xeaa1b3164040d783446bb2dda18019b7e95f6650c2d74cdb2e4c5c55b8998162,0x61a599c717cbeed34b686d0f90dd57540a6d7ced1ce76f03f887f7b2dedd20b7,[4.326949],"[2.673642,2.582439,2.651829,2.596776,2.907173]",0.0,1412.2189999999923,1429.8019999999967,1679.9629999999995,402.6053999999987,5.017999999999971,6.1072000000000335,2567749632,[3.929475],"[3.547329,2.585964,3.51471,2.48007,2.876357]",16.493999999999982,1345.529000000012,1516.7494000000004,1594.3340000000028,547.9283999999986,4.747999999999949,16.104400000000016,2572431360
512,0,16,0xf87126294d950657434b68773317d4f496a0e97673bc889ae43ceb620d4bfaff,0xc8db20254ab73f845318be6c398b403a238b53384b5363b12439652d1c3fa2b2,0xb1d9beaab99315d0bd4ceb759a8374ab0bb777151d42eb96b367a9ca658af17e,[4.750403],"[3.379546,3.346556,2.348141,2.54003,2.544557]",0.0,1475.8049999999967,1436.055199999997,1708.2750000000021,463.6972000000003,4.8869999999999685,5.8567999999999945,2568663040,[4.176808],"[2.711268,2.462463,2.410104,2.752711,2.541613]",15.973999999999979,1432.3189999999875,1369.2987999999962,1749.9789999999987,389.5952000000008,5.7679999999999625,5.276199999999982,2573524992
512,0,17,0x2703d6400526f8901530152da470df56f7f4c83630533dc5db9b36992f182c76,0xd4a2754b6e5bd37a2924490e2f94b64328f603d1490dfd26730d9a6f161a75a7,0x8614f2a25bf60dd389423bc2778f75e3526bfd3556f11f88a956cb8a92696484,[4.087784],"[2.763998,2.638518,2.381311,2.723096,2.342813]",0.0,1341.2419999999925,1324.5991999999985,1668.7660000000021,419.97359999999816,3.8360000000000087,6.009000000000006,2569494528,[4.756668],"[3.163239,2.601133,2.494762,2.463249,2.499189]",17.78700000000001,1614.384999999996,1386.1521999999961,1824.4309999999944,395.43440000000265,6.799999999999948,6.608000000000026,2574356480
512,0,18,0x0c1604343f85a06695b865323d48430688a3adcd357bd45050d52278fcfd132e,0x19a29cf468525d97ab757f162779e54e3ede151e248c16a675640ec20ea77d02,0xd12a51323ea4c48bfcda52e7763b9f3a426f2429b277aa5543122f0228a0ec86,[4.50252],"[3.191152,2.78565,2.463444,2.816127,2.7256]",0.0,1428.9550000000095,1453.4778000000083,1600.3539999999982,418.4408000000001,4.637000000000044,5.762600000000007,2570625024,[4.163068],"[2.703166,2.618889,2.362632,2.65963,2.436925]",16.00499999999998,1369.0239999999965,1350.3700000000008,1846.5440000000056,410.8277999999993,4.657000000000034,5.184000000000005,2575306752
512,0,19,0xf1a2cf3dab58a191309e1c8749ac7d4b7b878448465a056c72cd8aa610faba4c,0x78d4311dc32e2d8c081b5f0b03a2aff67b3addb4b31537d93401859655d67e0b,0x910d0d5edc38bf737e9ca07f8643de81e5e9f4cbdfdd4467d31f26e824c6c20a,[4.753648],"[3.274137,2.962968,2.466099,2.737338,2.389392]",0.0,1423.3559999999868,1380.589800000004,2160.897999999994,472.04179999999764,4.115999999999972,6.574199999999993,2571816960,[4.843533],"[3.035026,2.632269,2.875866,2.423414,2.495162]",17.495999999999984,1679.8030000000074,1394.2239999999995,1808.1159999999984,471.959600000002,6.2400000000000215,6.371200000000006,2576228352
512,0,20,0x9ffab45263ae1605f7dae8d36d290eace8ead8a3dbf2c71fdfa1b163ffe6a26a,0x09e719c759b1261e483ca8af3d2f7076f76aab92de1cbd10ec12e234f1f0835a,0x537fb6bc4a6d0750afac3dbc96f13a05cbe8a0da0cf05cee5caf9085321185fd,[4.477507],"[3.637956,2.852071,2.568934,2.763126,2.924951]",0.0,1413.7220000000061,1483.3947999999987,1793.193999999998,495.24680000000154,5.278000000000054,6.875000000000002,2572996608,[4.165001],"[3.350582,2.815806,2.655569,2.753031,2.715305]",15.163000000000004,1397.0970000000138,1419.4042000000018,1778.0609999999974,418.2465999999996,4.7670000000000305,6.68820000000001,2577084416
512,0,21,0xeef82f803a68e4c93b2f66e6e617cade7823944f379e363936f67bac8a20603d,0xe02925721c088b4f5ef1127975e076c28f83f3b7b26f7aa4c04574693d196d16,0x73e300e7dbdc7ed2397d3fab60ef5406e3228bc05b8bead36b71f3c5836519b6,[4.78752],"[3.129759,4.823183,2.76552,6.47226,2.544517]",0.0,1731.381000000004,2523.4293999999936,1754.725999999998,438.98579999999964,5.698000000000053,6.715999999999992,2574487552,[4.385553],"[2.890458,2.617347,3.588171,2.74594,3.090911]",16.08399999999998,1334.8230000000128,1507.7354000000043,1930.009999999996,476.7473999999994,23.716000000000015,6.111199999999988,2577883136
512,0,22,0x7978b4cd812df7319030a5f75d2708de783aa14d4d8efb7873e7167ee2a46f79,0x75eadc664d9b1da24fdfa3c44a21d94c8570a0857e1f62b3a4d6eeac9e3253c2,0x05da0bec14e833e962c0d88947494d2bc7fc67043eba8a628ced59906c5c1bf4,[4.554558],"[3.112924,2.687754,2.749917,2.418216,2.482483]",0.0,1443.2570000000032,1348.2288000000008,2050.252000000002,431.84140000000207,3.6850000000000165,5.934799999999987,2575400960,[4.903324],"[2.754854,2.741273,2.678429,2.614662,2.474791]",17.577000000000012,1471.6690000000087,1458.2350000000022,2071.0470000000064,407.7548000000014,7.031000000000008,5.111999999999998,2578960384
512,0,23,0x4d3f544fe1312fc4d37ead22f96be27531eb6fad9124f7fb585a2979045f828b,0x791f541881c43cea3e81f4dc1098a5816b19bd0026085ed048ae4893b5707a9f,0xaf733033c2a29dd5dfa61b8b153287e2cd2574c92c7574e26ee91c5db152153e,[4.856272],"[3.44156,2.856638,2.819982,3.140736,2.779121]",0.0,1660.4940000000124,1669.6195999999995,1508.9249999999943,452.96499999999963,6.570000000000014,6.734000000000015,2587901952,[4.382749],"[3.001566,2.501217,2.904069,2.622555,2.782606]",16.194000000000027,1548.5050000000056,1481.4298000000003,1753.3839999999968,463.1847999999994,8.013000000000075,6.039000000000001,2587758592
512,0,24,0x72aeca2ca108f4ee7967e9d029e9f2c57a79dcfd7ff11b40817dfd18a29cb370,0x4e0d17fc8de12ac2e9736d7f2f7793191d40ba96eeb982a058ce2966a630d2dd,0x04adfe664aaa5ef24a72f77efca5dea1cb0c0227ad5e6ebe082ac858bd240960,[4.836813],"[3.686189,2.71906,2.728625,2.472768,3.044591]",0.0,1620.192999999992,1552.2927999999993,1578.8209999999942,432.02920000000034,5.3180000000000325,6.347600000000003,2588127232,[4.450891],"[3.282721,2.751079,2.775035,3.280086,2.578529]",15.894000000000021,1431.399,1474.605599999995,1958.5329999999983,421.5680000000027,5.938999999999944,5.634199999999959,2595430400
512,0,25,0x9ba06eb1ffcfd9c38d488b1ed5018f5e3aa6a8ce086c914cb7766664504049fd,0xba383858933e3647ba1a69c7099027fcfef60ef52c6983e910cbeb53449ac71e,0x372f7bc4d7b2b138a97c6bb12778ec9f2b0da237d0f551af6509a53d0cb3ab14,[5.086139],"[2.942057,2.698559,2.458717,2.449915,2.617517]",0.0,1712.3520000000003,1395.6923999999983,1932.9139999999938,387.21200000000067,5.397999999999992,11.311000000000003,2588180480,[4.524262],"[3.450043,2.597216,2.607171,2.494721,2.504376]",16.775000000000016,1437.1469999999997,1393.3790000000001,1867.0449999999978,405.67960000000016,6.860000000000026,5.744800000000031,2595827712
512,0,26,0x01538239b089b8ccb411383830b442050c91aa4019b64664dd07e937a83220d6,0xe9e78abc5369debc67b9b3b3e5a050cefa67c93f74a355e1855088f596eb40f6,0x22606b04518fbaf23aeab5bc2c22a68c9d2af17c807459dbbb1484870cae853c,[4.81443],"[6.100269,3.305264,2.801344,3.022488,2.825381]",0.0,1454.0229999999988,2064.108399999998,1805.5530000000015,510.48180000000104,4.637000000000044,7.1729999999999885,2588499968,[6.463186],"[3.250671,5.211739,3.024781,3.183851,3.00458]",363.7779999999999,1644.6800000000094,1961.3553999999976,2623.005999999997,457.25920000000144,8.502000000000075,13.826800000000041,2596876288
512,0,27,0x13257f01bb3d47ae06abedd2d1ee67facd091c0d86256c6fb8bd8e6ca997b5e4,0x3f532f9b779dae764fc129a4820e505d5154c7cd80745cd967a498a1fdd4258a,0xb2bbad1da1071c78956976b0d2026e07c07bd786ffa97bf11fed9b5ccf5e0366,[5.189836],"[2.791959,2.73869,3.222419,2.832661,2.755125]",0.0,1659.973000000009,1496.8032000000076,2020.0159999999994,425.1050000000006,5.267999999999896,6.515799999999919,2588655616,[4.477321],"[3.656033,3.052233,3.330442,3.212203,3.232664]",15.994999999999985,1497.5080000000085,1672.5661999999973,1825.9540000000047,521.6743999999995,8.392999999999985,6.998400000000037,2597122048
512,0,28,0xa38cdadc164b3020ef98564f2d12db1affaa437aa0fa7e307b8222c80dbdeb05,0x2f79a5855c8aedc14be11b78b080c0b3c2942b65df1ecf2f0d9cda2f2412e974,0x8bcd160d158545a76e54d341ed1a883955924db14075baf6fea339142409d732,[4.735135],"[3.277072,2.859331,2.518648,2.487882,2.584648]",0.0,1857.3809999999912,1459.9954000000027,1735.4370000000063,429.61380000000054,3.2649999999999086,5.700200000000044,2588749824,[5.003795],"[3.650014,2.969006,2.698219,2.568393,2.577837]",18.026999999999994,1424.6179999999886,1486.3874,2128.4790000000025,419.2202000000006,6.699999999999892,6.6758000000000095,2597543936
512,0,29,0xdf0aa94750dbc710482bd1c82eb17ffbe8a3c33571a6a6e8826e0aa6a4e07d27,0xe4a9d2a6100cf632c98875b58bd0eff747048fd85dbc942efdcce550550e55cc,0x73b08db4369768529077d60a4cd7e7c5dc23786be6712fa4d2c12aec949eb336,[4.34418],"[3.244782,2.781364,2.464777,2.399568,2.323554]",0.0,1491.0280000000052,1386.2725999999936,1840.3449999999932,413.6135999999985,3.5050000000000012,6.173599999999974,2589097984,[4.997656],"[3.05739,2.614633,2.514712,2.459018,2.7719]",18.979000000000024,1616.4269999999758,1469.7306000000076,1938.1029999999967,389.5774000000019,7.230999999999904,5.259800000000049,2597998592
512,0,30,0x97385072ddb3963d50829d32d073bc15c9fad103766685c06f1e4028ed60ef3a,0xdb9754d9a8acb701d882a485b77441a3ce917ea923fdc2c3a3edb8be2d282c6e,0x882674ff8de4cce34873fe0c75fc1128f29a614a6bb67465eaf6330f8a2b39ab,[4.333745],"[2.840644,3.008567,2.529414,2.397996,2.52011]",0.0,1363.0350000000124,1491.0563999999904,1785.2619999999959,389.28099999999966,3.8959999999999777,5.612600000000009,2589696000,[5.078367],"[3.237071,2.774674,2.814354,2.51338,2.326638]",17.94700000000004,1703.2379999999957,1451.1984000000089,2012.0240000000013,416.30359999999814,6.488999999999931,5.8627999999999805,2598637568
512,0,31,0x1bdb659f1a452639add83794ee602d20ac5c27dc47ffe56045e808aca61aaa81,0xd919a80ddd6c477d14e0609805ad178b46c47f45e17b00a0778271d689abe282,0xbcaecd0dd928c92d0940737fe84407bd2106f6363648a6ae8157c02a14a8c681,[4.291501],"[3.468009,2.717458,2.430094,2.632269,2.609655]",0.0,1413.0809999999826,1454.6893999999866,1468.5150000000035,406.21060000000375,5.538000000000027,6.097000000000004,2593402880,[4.118601],"[3.096579,2.487531,2.50673,2.475973,2.450876]",16.01399999999996,1493.0209999999834,1378.550600000006,1618.6609999999935,439.0235999999992,4.7269999999999435,5.566399999999997,2601648128
512,0,32,0x7322532d04c8849d717a2de7474992bd51aa9dffc58d69bd21d8d749e5cf9e4e,0xa265e6e54e6817d339baeb412096ec36af5906b3bbcaaffbb429f3e8e0ea9836,0xb07c21ef4436c2c44f842f5613eb053a9465eed14429ba6f0b839104e44d4f43,[4.408407],"[3.269409,3.41548,2.590485,2.511577,2.449744]",0.0,1473.3610000000065,1523.3349999999925,1627.853999999998,417.23720000000077,5.959000000000042,6.3633999999999915,2590187520,[4.353785],"[3.419727,2.894024,2.852091,2.683236,2.616195]",16.60500000000005,1441.4030000000078,1460.6185999999855,1576.176999999998,450.71360000000226,4.908000000000082,7.224800000000002,2602831872
512,0,33,0x4fe895fd19007ff1527ace00a070d3b1b2dbf666956e4759a5bf507becddc66a,0x59a8269767eadbd74bf7f20f47cc7332eda4d02e079464dd2e9cb2581975c024,0x2696cb480bf7021489982bf9e4df5ccab74a3ad2b761f09545b47bb3c4881317,[3.947322],"[3.198073,2.870999,2.377846,2.620331,2.360089]",0.0,1395.8450000000066,1408.547799999993,1520.1729999999998,432.60839999999797,3.8359999999999004,5.7428,2593533952,[4.595304],"[2.847804,2.555053,2.449814,2.399909,2.363004]",18.617999999999977,1471.9389999999776,1376.9724000000094,1797.7610000000088,397.0468000000005,7.351000000000059,5.065400000000023,2603024384
512,0,34,0xa56eb9c428e722fcff55b17328fb86e5a59b3ee956707e177f10c4000cf94388,0x36327fac2bc4b6e4b65d6ce32bd2836c465fc022d1284f06686fe0ef4a558e7a,0x26a0c41c9007c9794a8e7d79bc6f301b3df7d09410ff7d4f51766e8048523cb1,[4.155707],"[7.330414,3.000569,2.707683,2.656937,2.575313]",0.0,1411.8989999999942,1841.3141999999882,1701.555999999993,428.33380000000255,4.026000000000073,6.691999999999982,2590212096,[4.524502],"[3.28906,2.904319,2.600902,2.853112,2.594462]",18.628000000000025,1468.1340000000098,1483.1845999999982,1798.5620000000035,417.5295999999995,6.560000000000072,6.463999999999992,2603626496
512,0,35,0x5ad947376f17a405b28b2461fa63925fa93b591eab7a706cc2e2d8bde75375f0,0x76760147712c87d53d5ff59bb7d5d906a99751cb9891e5479b6ec6587ea08ae8,0x47bdc609edabaef7508d148bcfde9aeecbcecf169e051e8abd9a6f48f32b89b9,[4.075586],"[3.339916,3.683103,2.696887,2.509514,2.489454]",0.0,1416.5159999999787,1583.9705999999953,1630.9090000000137,436.9954000000009,3.926000000000016,6.557799999999973,2593755136,[4.47642],"[2.941616,2.742245,2.756477,2.604216,2.477997]",39.79000000000005,1424.478000000007,1423.0721999999862,1791.240999999999,405.4994000000034,7.0100000000000025,6.113000000000039,2603745280
512,0,36,0xe5eabb218a5a767f62639e0f82452a5c7a77612207a6495b4cac30f5d7471418,0xf8d98a7cccd11a22aeed45dbecd92904d21084475b2d480c06b1c3b65e145161,0xa98906ce71129ca273766291a3195fe5a8f1e178aa054d788efdb624a3901a15,[4.891767],"[4.272263,4.444422,2.754599,2.628554,2.485858]",0.0,1565.2999999999918,1875.594199999997,1987.9479999999894,442.727599999998,6.4189999999999126,6.900800000000018,2590343168,[4.322128],"[3.456011,3.098192,2.529785,2.464076,2.810528]",15.503999999999952,1434.2030000000227,1517.5739999999994,1820.94599999999,411.49240000000196,4.83699999999994,6.525600000000009,2600026112
512,0,37,0x2c3e20e0cac34be1c76245d2a9b6f29a52744f9b97c9b088f60d7ee39e5afec9,0x6cb34299e85d47a674437b7c6ca61cb38639bff24f7e4285218238b57168b38e,0xee30551ff8a5315690e06fe6275f9a06fe4568c24c47be802bffc600929a51d5,[4.221155],"[3.40869,2.861795,2.56015,2.48362,2.488242]",0.0,1352.8899999999956,1476.0198000000057,1813.0939999999873,408.40200000000215,3.8959999999999777,5.960999999999988,2590642176,[5.029534],"[2.911521,2.535323,2.517947,2.464606,2.569925]",17.356000000000055,1417.8280000000098,1408.571999999997,2227.3989999999912,413.15859999999645,6.67000000000007,5.73879999999998,2600275968
512,0,38,0x76e706f46a13c8baadff5b1479c2d2926d0bca28be0a46d983f185a7e99019b7,0x849a22b6e429e213a159f7020a9e6a29d8cd65ef527154fd99dc502f7728b008,0x3fb129afa71da056f8e42a2058cad208db3bba9ab4e391f8a9f718a336064913,[4.352964],"[3.060245,2.87808,2.515584,2.504316,2.547832]",0.0,1404.22699999998,1458.311000000012,1779.9540000000002,389.46319999999537,4.125999999999912,5.786799999999999,2594897920,[5.035062],"[3.438455,3.856294,2.830979,2.742856,2.550766]",17.887000000000068,1444.357999999979,1507.204799999995,2181.059000000013,479.1806000000065,7.31100000000008,6.7177999999999765,2604347392
512,0,39,0xba149e95d5e34757faf8f0ecd765b02fbf6223cdcac50d9367a965ff2d7f6548,0xbd6ff82e2bf328dd04c39c7d0d69533f7bcc79f5797c21af732a1937adab3393,0xf42dd34baf330edcfdd4ec79b98c3349249e0f2c7d7ef3134fe0d884b6715c74,[4.279794],"[2.752811,2.668499,2.936823,3.118753,2.671002]",0.0,1516.1360000000013,1472.5845999999822,1571.1989999999953,421.453000000005,3.514999999999942,6.601800000000015,2597851136,[6.278682],"[3.34208,2.620642,2.942077,2.617907,2.961846]",18.177999999999987,1551.4589999999773,1487.987600000007,3050.499000000012,475.7993999999988,6.6899999999999515,6.411800000000016,2605891584
512,0,40,0x617e278b84d5bb750e4693f467d23e9276fba97241f92296c78dcc0a37fda0e2,0x91c7f7a071fe6be877216c79e896b2f5856337b2312dbe9c0986939aa0c2acb2,0x85a7c60dbe8787eca920cf8e224c8abe6d7e2e6b7aaa79ba9d0ff075112f9d18,[4.246103],"[3.603854,2.793873,3.111682,2.797408,2.63887]",0.0,1573.5829999999896,1554.2818000000013,1652.282000000005,440.2217999999958,3.484999999999903,6.523800000000001,2598129664,[4.810363],"[3.356801,2.844189,3.35605,2.787203,2.559179]",17.97699999999997,1557.909000000024,1478.847800000005,1814.486000000004,551.7437999999986,7.241000000000062,5.764599999999974,2608103424
512,0,41,0xa8316da979c322d289e1e6364969673bfcee2ca1b7eb491b2b3be19472c786cc,0xa968f9ae1a6541d7277503e30db5e8fb1636b472a588715634bc0368218014ec,0xf2297569c27f7f93cdbb180150234978412a281af0dbb5916ebe0b7599cba280,[4.526351],"[2.991832,2.785741,2.439778,2.621012,2.513971]",0.0,1378.7490000000125,1411.594599999999,2004.2620000000065,412.5183999999948,3.415000000000102,5.985000000000018,2598264832,[4.650593],"[3.56802,2.666842,2.668874,2.679331,2.5069]",18.056999999999924,1576.9780000000067,1425.3152000000102,1745.5919999999903,427.64480000000435,6.329999999999921,5.997200000000015,2608357376
512,0,42,0xbafc92d7ac961e943e256fee7d286418fcb64792cd1249aa4d1aca684d30b63a,0x51bc612888eb66ff3f5d74a59cd3ebcf3dc738072749d6f8541691cbb18045a3,0x1460704f4c61e5d7215822c98a1d4372a6bb45bfe2ea086431e5951521938ff3,[4.930686],"[2.936758,2.638708,2.764569,2.699231,2.455903]",0.0,1796.2590000000223,1447.8854000000042,1721.12499999999,421.30920000000293,5.348000000000072,6.301199999999944,2598281216,[4.413215],"[3.395551,2.859872,2.618118,2.671328,2.673261]",15.402999999999988,1528.4549999999842,1442.5531999999962,1799.3430000000087,420.021399999998,6.258999999999996,6.5717999999999765,2604118016
512,0,43,0x06b008d0fd8fa091a0c4519a3d7738c0e9fbc4ed6d81c4638a522dc778a6a1f9,0xa4038e4f5f6b05f81654f1b0416deee49fd994f10b9d8371f07d03ea51d982a9,0xb956f1db4671fd0b49e94327ee0c1e9c8034cd3fc6ce3ec321c7fe738092a00c,[5.147782],"[3.351624,2.684468,2.479244,2.598659,2.63234]",0.0,1805.5730000000049,1424.641999999998,1914.2669999999973,428.23939999999675,4.857000000000038,6.153399999999981,2598289408,[4.382218],"[2.781455,2.551708,2.702134,2.509875,2.732515]",15.913999999999902,1556.4169999999767,1444.7205999999935,1725.1110000000015,399.62659999999704,4.527000000000046,6.5678,2608279552
512,0,44,0xaa229f93ee8d9ec8da5792550b1b60b8040bb896f780b8322dda6229d119a0e5,0x58ff2fb8b2ecdf38c1ccfd7ed321419dcc0f52438a8313bdf9c210f11a3f3ba4,0x59d97a95c563c1badacd7fc4bc774d35eaaa0fef8e1b5dee43e41dd4033eb46c,[4.783903],"[3.015797,2.61901,2.576585,2.576917,2.572349]",0.0,1634.2039999999724,1422.174399999998,1760.9060000000065,406.8953999999958,5.688999999999911,5.538200000000009,2598305792,[4.320045],"[3.485045,2.870529,2.62577,2.428422,2.657788]",16.73499999999993,1478.429999999975,1436.8327999999985,1820.0050000000135,426.55099999999726,5.088000000000098,9.532199999999968,2608336896
512,0,45,0x50ae591de7819028530b635c202bb1afa36a0207458f34817db5f199ba51012b,0x1a928d50f594765d2fed5a0e747e981b1b3f70cf2954cd3351d262eee672f1b5,0x9597b2a5c6282f7d320d1232ddc89032ace394d4cdd3f0f03aeb403ad0498eb6,[4.870875],"[3.593939,2.843337,2.525418,2.477326,3.201087]",0.0,1957.4210000000148,1457.0170000000048,1872.6940000000081,428.6524000000014,3.5949999999999003,5.840799999999981,2598506496,[4.799277],"[3.447179,2.974615,2.468062,2.82526,2.900614]",17.836999999999932,1521.0139999999872,1621.1350000000068,1908.2169999999899,427.8610000000016,6.420000000000037,9.802800000000001,2608443392
512,0,46,0x28416e918c9890858b92b2aacba56533e785a658c5fdd2367c5811a9e3983ace,0xf1c4de14b9a4ba17e6ad249dac79ee2e95b73f51bf3a5625825826b2a5699f18,0x69049107f4fb6f572d64cf8848b70e6411de8c609d4dd9c77eb2a19076a84eb0,[4.404632],"[3.145478,4.055465,2.478667,2.377916,2.456204]",0.0,1370.5569999999946,1485.0651999999907,1974.6479999999956,395.4526000000014,3.886000000000037,5.90100000000004,2599133184,[5.081623],"[3.297072,2.578273,2.728744,2.472808,2.9249]",19.06900000000003,1630.6289999999944,1441.3696000000086,1853.3139999999948,438.85359999999986,7.150999999999946,6.131199999999956,2609098752
512,0,47,0x935017136684d73cb6e956aa0d743fe2d07048f09f151852b4da7fdb7663345f,0xd5e9147ddb8090b7896432059bc9a86e01482b914c3353bc455c20f7e3a7de59,0x9740ca414678085a05786a21ac673885ba13b02d1bd8645dd61c07780491cb6e,[4.189447],"[4.027563,2.891039,2.737217,2.763777,3.148538]",0.0,1471.749000000022,1794.0630000000012,1521.9649999999863,409.6375999999957,4.436999999999931,5.960799999999963,2600923136,[5.162054],"[3.472907,2.75221,2.54698,2.448463,2.46739]",18.358000000000004,1598.0999999999913,1428.7084000000118,2064.1329999999957,414.3669999999988,7.322000000000144,5.936999999999956,2606735360
512,0,48,0x6d9cd80d966259ad07edfc59ce9b657cdc0da2bfaed9414dc62b9fa6ec5f9864,0x8caaa1b2f44afddea07098c820bca11be61773f2c55cc855c6996e62b7d8b10c,0x2a204ed13f3a0d19c5664e5378019344aa31f1b9bf1c7a362d57c2334807e037,[5.705703],"[3.908494,2.815125,3.198774,2.553531,2.511327]",0.0,1770.8900000000249,1536.330599999991,2166.9880000000085,495.4108000000013,6.059000000000099,6.301599999999994,2601058304,[4.534067],"[2.99742,2.502283,2.677458,2.605038,2.680752]",15.913999999999902,1419.3299999999965,1428.5021999999926,1954.6779999999874,419.00979999999754,5.488000000000107,5.85239999999999,2606948352
512,0,49,0xca5a6045d724e521940744554fc49172f045aacd5ee783b3eb7ab2cbf229663b,0xcad16862a717581561f53c1e8c33a3fe1321437b55ff28962cad436a4ce83c36,0x5f38b9a4c62050151a3b154eddb50d7a9662d9d5dd515205f77ba9f160290a82,[4.783784],"[3.095158,2.905932,3.023128,2.730617,2.916989]",0.0,1640.9740000000172,1550.3597999999897,1781.4670000000087,439.23859999999706,5.3180000000000325,5.620400000000023,2601197568,[4.833659],"[3.36869,2.774344,2.81815,2.489014,2.511898]",16.233999999999952,1552.5809999999974,1476.566400000001,2140.1669999999986,415.4265999999962,6.008999999999962,6.24340000000001,2611609600
512,0,50,0x57dc63ecbd955495c912cfc397e170e8d7fc29cf73d139c0fc7d011fb3996b36,0x11b3789c0dcbf958be339c5564361fead94c15169c2b6dfc2c1890ef9e727948,0x97056c7e42d4d5f7b520307430d7c2640fb9ee83c07d5c21f768c6e185886794,[4.90068],"[3.867241,2.876939,2.657568,2.54605,2.762806]",0.0,1493.2819999999847,1505.6745999999955,1772.0420000000015,438.33300000000185,5.458000000000069,6.277400000000025,2601263104,[4.75453],"[3.048177,3.115608,2.658008,2.766322,2.684848]",16.484999999999893,1535.5659999999882,1490.2212000000081,2051.404000000007,433.13899999999353,6.499999999999996,6.3897999999999735,2611650560
512,0,51,0x87628efc2e42396852ede446b4cb879a7dc527811aa987ff5b3cc2d1236160c9,0x6abae37cb0e6f3fa71a5d4d6c312ad4472f28441940a3191ffd5814b25849623,0xb577fc2c054f81706122b22c7adf968ec155d16f8ce54ce14c245d936fe22244,[4.27767],"[3.154046,2.736192,2.414271,2.607182,2.6726]",0.0,1554.8439999999996,1460.7967999999971,1668.0960000000077,403.01340000000187,4.197000000000055,6.129000000000031,2601381888,[5.036685],"[3.4526,2.655124,2.477556,3.81967,2.430545]",17.73700000000009,1558.530999999974,1643.9910000000002,2155.4799999999873,426.54719999999924,6.579000000000047,6.040999999999946,2607185920
512,0,52,0xb965a44d716b7a8648946e147581947e8e4d44eae15d5c61eeea4646adffbff7,0xc0b054bd8dd50e84d1d53470d656194c89261cd4620ba7ba9ba2bdd262bd7a93,0x93dfedcc38eac75a2a83009bbe89d1d097df3309e81b1dd1311230396b2a6453,[4.483611],"[3.685568,2.70516,2.675254,2.568894,2.618799]",0.0,1588.25600000001,1474.753799999995,1668.5260000000035,465.3035999999999,4.87699999999992,6.341600000000017,2602532864,[5.014622],"[3.141867,2.56621,2.529685,2.567692,2.706531]",18.62900000000004,1548.7350000000233,1457.175200000005,1808.2359999999908,419.3265999999973,7.501999999999943,5.7605999999999975,2607427584
512,0,53,0x68d5a601e1392614ec5a997bc4a0aeabac13ef45c81afe43b0cc533f33ac7edb,0x99af589775f938517a07807e2ad99ede63a232465d72304e206805d9edc19fd0,0xb68f932bde3cbc9fe8062b1d2c2ed88dfb1a0746755d489c0bf1fc1dd27feb77,[4.309469],"[2.97823,2.862336,2.566169,2.600832,2.50066]",0.0,1466.1710000000162,1485.577799999993,1788.1670000000072,397.6156000000008,4.326000000000026,5.8529999999999776,2603360256,[4.846698],"[3.374228,2.649305,2.539529,2.401321,2.435603]",17.17600000000004,1506.2310000000246,1449.3453999999904,1949.0390000000134,397.65760000000097,5.709000000000009,5.864599999999901,2612543488
512,0,54,0x10e766a19f243e655de2f8640caa201100d9a70e711239a250867787ad1e9e37,0x8e75a1475ee2ae7315dab1951649db75caa555c3303ba09d283ef4b7782e83a5,0xec539c54eeec0438cca03de9a8ae1fc6d8d266ff2b959c8174801b17eb45c19b,[4.634698],"[2.973103,2.815155,2.846372,2.830007,2.727809]",0.0,1498.7300000000037,1495.2244000000169,1996.9310000000073,426.83780000000166,4.4559999999999045,5.852999999999934,2604355584,[5.06628],"[3.371453,2.735936,2.625799,2.648052,2.686631]",18.51799999999992,1482.8150000000262,1449.5635999999922,2107.408000000005,414.178799999998,6.320000000000197,5.967000000000125,2613489664
512,0,55,0xa5d5392e159bb9846370375057805198bd76a8e9afffc5efb199eaa4adc77403,0x8bf8ad549754fdbc0e2fa3afc975c93a1f52632e7093e9a28c07b33f590dc167,0x91f00142fd76c135983b4f949209fbcf429b07cb8a357b7113edf898a6af07d0,[4.870313],"[3.09725,2.724859,3.707901,2.647833,2.939953]",0.0,1841.8370000000127,1681.8938000000117,1653.4629999999938,437.98000000000445,6.209999999999983,6.499799999999927,2612715520,[4.251761],"[3.344073,2.840483,2.760382,2.785821,2.693071]",16.65499999999997,1506.0510000000083,1476.2101999999943,1542.5560000000005,446.6756000000016,6.239999999999805,7.118599999999999,2618843136
512,0,56,0xaeb856a11df09c8aa4ed68b11fb76a33b7a10340d586c7ec32fb3894cdcf1051,0x5b90bea7ae40d9e0911d66c215ffe20298e8a483b26014a849e3efe7e8e27f2a,0x8b0e101c900ab456f387aa37bc644d5ba52f3743d50862cef720a88d21221011,[4.590072],"[3.594079,2.906312,3.148758,2.870859,2.841961]",0.0,1596.947999999987,1543.9179999999997,1667.4040000000111,470.1271999999923,6.200000000000042,6.676199999999973,2613833728,[4.453606],"[3.193766,3.248669,2.598889,3.036128,2.720853]",15.90399999999996,1558.920999999991,1580.3248000000103,1843.801000000006,445.1492000000001,3.7359999999998434,6.061,2619174912
512,0,57,0xd2da77cff4afe338dbba75d28ffb7f1ab9c5d24054acdec264ad1acc796576bc,0xdc887bc2b81304381fda68787cf7db2f55a87adebd4fe468f1f8094035023d1b,0x542c12599bf3c60d216e0bfe514d21748904af19c9c04d9277e5b30b35cf022c,[5.405791],"[3.560789,5.011151,2.987009,3.002368,3.333005]",0.0,1919.6350000000307,1975.278200000008,2084.282999999992,534.3117999999924,5.699000000000068,7.158999999999898,2614849536,[7.701983],"[6.226413,3.095327,2.923519,2.702856,2.5597]",18.737999999999914,3122.5790000000143,2099.8183999999974,2126.9419999999927,427.2321999999995,8.872999999999953,6.802200000000005,2621521920
512,0,58,0xe51cb59912dcb79fe3470138f77f5965184f20873f6449d5e59537f203eef710,0xc46fcbbb86998d952495176adcc47e3208e19531b8351fa84bfc2bd53a2bebe1,0x01b05ff9ed3b296c44a7c1742ddc11ce5685e722d28e1aef981c6a04cb263ace,[5.003384],"[3.644054,3.025032,2.610176,3.353957,2.722776]",0.0,1579.7629999999563,1645.6494000000264,1885.5879999999936,434.2787999999986,6.298999999999975,5.768800000000018,2616823808,[5.500235],"[3.882254,2.850278,2.902627,2.617196,2.905922]",16.74599999999999,1608.7160000000101,1553.0837999999878,2178.9959999999887,486.14319999999987,6.27000000000006,6.6160000000000005,2624446464
512,0,59,0x1c43c7df8318e077cb2968172018a5acf81eec1b32a97dfbee44ecb4b0f94d26,0x229d16ca2b336d5ce153056cb4e38ec8b616f4fe0b78a1d4a5cf8c813a8d4a3e,0x594d9341118e67a6eaed9ac2d042748dfed52fe1f84961c60d26578303cfc7b2,[4.603582],"[3.561971,2.870719,2.53979,2.728149,2.397845]",0.0,1645.6310000000362,1493.9667999999795,1981.9789999999948,465.90840000000355,4.305999999999928,6.101200000000092,2617425920,[4.740718],"[2.966303,2.861215,2.719831,2.658198,2.588103]",40.39100000000008,1557.8590000000504,1475.0780000000186,1805.2020000000057,430.30100000000516,5.638999999999991,5.528200000000024,2625925120
512,0,60,0x5b56def79ebf3754e321d1a47096a83ef01095081e730c66d975ac27d765e3db,0x779d16f93536666a339853f36f9df5d5c5ae6789d7839a69683470684d4dfd09,0x3a680542125eef7ec3416c93c3aba66c8e8577ccec92e538a18396f7cbe2d76d,[11.786793],"[3.509152,2.913704,2.511977,2.641483,2.592179]",0.0,8814.420999999962,1476.1400000000035,1783.1889999999905,416.9526000000035,4.477000000000126,6.087000000000106,2618728448,[5.156035],"[2.989778,2.866062,2.511036,2.611748,2.551317]",18.51799999999992,1462.1350000000311,1432.045400000015,1995.1380000000074,446.3807999999958,8.522999999999865,5.4746000000000485,2627280896
512,0,61,0x888269e5399675dbd6e284d640174214da5c818fee251c3fa3a97a410d2bbbbf,0x893774aa7abdc0dd1ac4a6a80900a5866228d1d9337e29f0a1f31f9c72b11e02,0x004db6465dcc89673f1a02717730486288d5a3384e6c12cdade6267123e93b2c,[4.374596],"[3.333546,3.088057,2.598759,4.62893,2.686221]",0.0,1443.457000000037,1840.4571999999896,1800.6150000000055,423.2882000000049,4.095999999999874,6.894400000000047,2619113472,[5.037626],"[3.019243,2.678739,2.585629,2.482634,2.847183]",17.286000000000037,1776.969000000017,1438.963800000015,1868.1070000000077,426.00020000000404,6.3699999999999,5.939000000000031,2627883008
512,0,62,0xb19ed4f57ad05a96882a40f53903f702a87dcfdcb62bc7bac80614929e4aad87,0xab6036de726c7e5c101986e795691a4ec1b2a6df2d5d1ee01221c9ca432cf7e5,0xed3e59fc2247cc8f7a7fc8ab9f74ba053ed64566707607fd56cc55f047f4d1d6,[4.669371],"[3.568081,2.717587,2.501442,2.603786,2.486269]",0.0,1749.5490000000168,1507.4571999999844,1833.5549999999866,412.9046000000025,3.996000000000034,6.389599999999992,2621239296,[5.117246],"[3.053965,2.720172,2.691709,2.818189,2.502113]",18.30800000000008,1491.778999999971,1461.9063999999903,2336.8029999999985,443.62300000000965,6.259000000000213,6.577799999999985,2626056192
512,0,63,0xcacb1fd9920d54f6540c40d03c6969120f40ad1be2d8500edc3ce801d0fa8c1b,0x8e99315cdc7d67730cccdcda2ade717968ba5e9686cd9ef18c97ddfddc2a5ce4,0x19ccd8ae2726c59b0ebf2aec9bfe39a1ceb2d3b18e850caebce1e020bdd24f0c,[4.578825],"[3.055197,2.938832,2.654293,2.491918,2.922887]",0.0,1617.1590000000347,1521.4319999999893,1558.379999999998,400.28560000000545,5.278000000000054,6.199400000000011,2625347584,[4.77523],"[3.377884,2.756145,2.968656,2.538838,2.628829]",17.24600000000006,1612.3310000000224,1503.0047999999852,1943.1699999999942,442.7435999999951,6.038999999999784,6.834399999999969,2634113024
512,0,64,0xd36668188f518c8e1251e79dafee0f2387cf3432914ce4539240ef1c6a90aff1,0x7e7f7aa43b43e97b79ae73a5bad1873bbf98c6e1fb12c08a7141f7076fb1f339,0x2919cd7891ec2ac4ffa0f480ede4f7dd1fcb5192257fb9a91118cd68d696cc58,[4.729297],"[2.956288,2.871245,2.701083,5.828621,3.036158]",0.0,1838.7730000000158,2096.365599999994,1596.4480000000003,425.68419999999276,4.9270000000000564,6.193400000000047,2622259200,[4.362324],"[3.53487,2.935687,2.895897,3.287197,2.596966]",15.784000000000024,1430.2170000000115,1511.1768000000136,1858.5629999999799,467.2906000000032,6.06900000000004,7.467199999999959,2637881344
512,0,65,0xa8426a3716eca5dddbd70cdcc1b3e5cef169fd9c5a1e58f034ebb170595fdd1e,0x66368b1556e4a615ddaa074c6d3ea42084da9c521d0d9acdca4a8c19c9c17e1a,0x3539a2641d90c0dc59ab2e28584b09de0eb9c96754113794ce8447a07fb4925b,[4.123068],"[3.311303,2.669496,2.7388,2.44059,2.500531]",0.0,1534.0440000000121,1484.326600000019,1489.5759999999925,397.3269999999973,3.4860000000000273,9.658400000000025,2626297856,[4.761471],"[2.881425,2.719772,2.629435,2.490055,2.602024]",18.669000000000022,1494.6439999999893,1482.9382000000057,1839.2529999999851,398.24680000000166,6.569000000000106,5.2622000000000435,2638102528
512,0,66,0x42c8ceb5207b23bcce6e7c516012194c502b9716657b8df074cbc7983729605d,0x15e6200a7eeb1d9430bd3ea0e1c9d8dce78f0f39451e369f48342dadc2433484,0xf9a16d95ea0b2e767cf2ac8e12db838176c67e525fc576d2c81900a00e2c86e0,[5.145299],"[3.427328,2.789576,2.580361,2.623337,3.226816]",0.0,1658.9719999999809,1655.3522000000153,2140.4280000000276,413.6638000000081,5.648000000000025,6.2313999999999945,2622275584,[4.718786],"[3.040605,2.71885,2.859632,2.906022,2.620262]",15.632999999999923,1473.6530000000191,1514.033200000009,2152.2660000000137,405.8817999999853,5.127000000000169,5.548399999999974,2638905344
512,0,67,0x1d24188504dde972b630fac07d020d8e05234983675a729d61d590e7384f3786,0x5569626526bb9fad39948e912a8742bf0630c6ccf42b61cec8908e60e3c0f20e,0x90c73dfcf9bc01e00927a0e38892af79c923ae68748d42401b69d654f3592d31,[4.639777],"[3.412597,3.091952,2.505739,2.601593,2.513881]",0.0,1502.0650000000524,1487.3828000000256,2057.7230000000113,452.23620000000017,4.987000000000133,6.361800000000053,2627239936,[5.045008],"[2.865621,2.708224,2.513952,2.549855,2.530536]",18.81800000000009,1507.243000000047,1435.2745999999916,2235.240999999999,406.5211999999985,6.559000000000165,5.402000000000011,2636173312
512,0,68,0x7aa4917ccbae1ad8ffcd313459a8861ead3d311f54a3bb084c7dc64cf556b18b,0x602bd38da85be0b64b9711f5782738fc78fcce186fdc56e3c3a054fdf7197da1,0xce5509b2520bb72da0582246824ac8c431c602e66eab1da23d94bea2c7ca7bd9,[4.821045],"[3.020465,3.271268,3.077321,2.878606,2.767829]",0.0,1516.936999999996,1613.4474000000012,1781.9869999999848,464.1536000000057,6.148999999999998,7.837600000000065,2628055040,[5.147683],"[3.352295,3.339126,3.297553,3.396082,2.685319]",15.693999999999908,1656.31799999999,1594.0521999999955,2103.662000000006,453.371800000002,6.720999999999897,7.7815999999999645,2636488704
512,0,69,0x5ecda172353b414ed025e4d11a275694a1741c57fc95d2f371404b57b0d2c201,0xb94ca043f6f69e4ac9b8556b25cb3a838a0cd4bdd1700541a72e3269581e985e,0xf5e7b87ada8b4b09e3eedf3cd5d71db9bc04b5e86d83d635e9c7a0446fa0c073,[4.504614],"[2.899001,2.821095,2.847013,2.667262,2.645369]",0.0,1576.5979999999847,1493.926800000023,1824.2410000000043,433.59379999999834,3.865999999999939,7.483399999999931,2628444160,[4.985738],"[4.243159,2.937269,3.104211,3.054306,3.021867]",27.460999999999892,1585.360999999952,1668.8685999999732,1943.220999999995,523.2850000000067,7.1199999999997825,7.501200000000018,2640261120
512,0,70,0x2fafe6c3442af0a1e56f91df6826a334b5b3608b3e2575dfd25dc86a15923049,0xf05fbc0e84b315ceffe90d6f9668885eb097da7b8ac034fb0fcf8be2afe22be6,0x3db1ca42e71ed10f51a1b9576fab6c469ae8486c4b991cea4fc1d43bd0be9dfa,[5.379423],"[2.82508,2.660683,2.573682,2.580396,2.592951]",0.0,1619.6320000000376,1466.0369999999866,2303.9289999999824,405.7398000000045,5.9589999999998255,5.982999999999944,2630307840,[4.559646],"[3.358695,2.653922,2.886342,2.674223,2.799412]",16.034000000000056,1472.180000000045,1457.3075999999573,1981.6590000000244,500.2945999999953,6.1589999999999385,6.299400000000025,2643054592
512,0,71,0x39a9a59fadb709bf248e095dc050236779c061fcf13d2073a73ee22613979311,0x63e6f6a66b5b64f2ffae776cff8ee2081d73fcfafd50239e210c93c58f26bd0e,0xdaebdb00ef91a2862e396257a97c6af2e28c818ebe54b386598d8a64272b4c35,[4.129968],"[3.712178,3.156099,2.465968,2.585279,2.59618]",0.0,1771.52199999997,1484.9936000000062,1428.0139999999774,439.9673999999964,3.7760000000000398,6.367600000000035,2632531968,[4.450276],"[2.943158,2.88839,2.664258,3.093089,2.782686]",18.257999999999946,1553.643000000049,1550.4279999999815,1576.5269999999941,454.91579999999976,7.080999999999928,6.650199999999954,2645147648
512,0,72,0x0a7fba2745bba491a9e6bb005a137272b1064daa1738c94dca912d1c2931e7af,0x9b2f8514ecc5b9430f83d626543921caf1660a9e242230e32593a0143cb99f65,0x424d8ef7b9edf284d62169eed783dd20bc608079f69348a241f093df680aa42e,[3.941464],"[2.869657,3.013124,2.594703,2.980484,2.401662]",0.0,1452.129999999996,1542.2797999999905,1573.5729999999949,410.64919999999057,3.514999999999942,5.976999999999892,2632798208,[4.837174],"[3.286766,2.668184,2.569945,2.577687,2.693993]",17.756999999999973,1643.268000000031,1472.9092000000053,1640.6840000000034,408.18519999999967,6.891000000000188,6.481599999999966,2645831680
512,0,73,0xc9b19e79ce5cba05aae21fba14ce8de6cbecc4438386ec916c8b93c4716e16c2,0x64c8c84d58e80f9dd8dfad93a210991ed0a1f64d92fa9a9558ce9471dfe70763,0x65019e8b7ae42d6059d4f38edef2c5d0d5c9eb00d0a1af3309e1e6ef476a0542,[4.701661],"[3.498476,2.848235,2.528463,2.487591,2.563616]",0.0,1519.7019999999561,1473.6803999999993,1812.472999999981,413.77999999999696,5.338000000000131,5.720599999999975,2632851456,[4.375718],"[3.267427,2.871921,2.611739,2.99068,2.63299]",17.015999999999906,1435.7449999999883,1600.712000000004,1758.2119999999813,454.6819999999952,6.910000000000163,5.2898000000000005,2646491136
512,0,74,0x2037a4e29546ba26d7b80953f21b4fc5e8961d212d7cfeda65aa9bf6b72fb95b,0xf7fbbf07c7d54d91d918df8aaa40a80e3ce790f5b5bc37611f9b401550f151df,0x46e8460e45479c784c458ff8ee467d4a57ae22fed0014ab647159edaf76a7670,[4.772037],"[3.357829,3.090475,2.627672,2.749617,2.510486]",0.0,1617.6890000000333,1534.718199999996,2111.8350000000064,405.35520000000156,4.656999999999925,5.895000000000032,2632916992,[4.865067],"[3.837187,3.347879,3.097621,2.493159,2.608213]",17.747000000000032,1677.5100000000486,1581.0359999999912,1876.0589999999854,538.03939999999,32.93000000000003,6.8526000000000185,2646695936
512,0,75,0x4f8d2f19b6e68281dfa72b943a04bb842170d2d32c771cb5c7eabac2f6c72faa,0x9c8e77f0bb0f3053393911ee67888494ca4c68466bb882f1a7f1da2ef366fe31,0x2a9299d208aea35f7a88149f500a9b40cf302f31a7a9900afbff8dc70dd11bb2,[5.017186],"[3.380544,5.149295,2.61929,2.790969,2.471597]",0.0,1591.199000000043,1887.5605999999934,2055.5700000000065,437.12719999999814,5.749000000000206,6.750199999999967,2633003008,[4.438063],"[6.940276,3.440168,2.735305,2.808435,2.825451]",16.35400000000011,1492.5510000000086,1524.9273999999868,1742.3779999999888,1110.6907999999914,4.837000000000157,6.525800000000033,2647568384
512,0,76,0x0c144b83a643d94647ee86c03585edbcc94e0b1f3c7b725f26a781a02851a4ea,0x69ca74390fabf076602047aee0f72a07c6707e43caab0ebed66229377996c4b8,0xe54274ba80794ce2d0774184f164fb1886baf6be012c2d00b2eabdb9201f1abc,[4.238241],"[2.895747,3.030881,2.73268,2.828695,2.52675]",0.0,1495.314999999997,1483.6129999999948,1670.9590000000273,484.37839999999625,3.13500000000003,6.233399999999897,2633003008,[4.677815],"[3.564405,3.260586,3.014806,2.616015,2.690417]",17.726999999999933,1606.7730000000058,1675.6303999999832,1816.4489999999978,419.634999999996,6.62000000000015,6.990599999999978,2647764992
512,0,77,0x7ad1db6dde802177024c0bd08953cb30c05612b0ea89795c8e41d7998519b9d7,0x7beba29d1a88635c3a52801ba5456cca524ab04f34cd176487468064c2e65baf,0xb354ca207fbb9937a64bc5f9a9a200130c03a0ca999270daf341a77ba3543245,[4.46973],"[3.376591,3.155929,2.460991,2.726581,2.49976]",0.0,1495.5949999999607,1552.1246000000044,1904.8329999999946,408.3495999999909,3.8849999999999127,6.125400000000017,2633424896,[5.470429],"[3.156629,2.796167,2.504827,2.557947,2.661003]",18.336999999999996,1584.6699999999548,1483.700999999993,2118.4249999999793,410.0906000000126,8.763000000000174,5.6366000000000405,2648743936
512,0,78,0x73f7c4e131a4456501f83d2b53738f643a980bdd6f7a3814702ccb9d12e2eee8,0xeceb4bab102c181c08ffc2bee466251b5d5dc6acebff8f9c07424a24ebe6c37f,0x8bc8fa654a53c15cabf7714a36c357bcb91469a49bf6f6a7a946b1cbf6cf309a,[4.279563],"[2.839321,2.91149,2.912091,2.912371,2.673471]",0.0,1508.3740000000346,1520.332599999996,1706.814000000001,429.9103999999998,4.8880000000002015,6.671799999999947,2633875456,[4.869493],"[3.436872,2.786081,2.668344,2.747462,2.634753]",17.917000000000108,1626.5429999999803,1520.43260000001,1971.5519999999876,425.54799999999784,8.162999999999833,6.491800000000061,2649403392
512,0,79,0xed9c49bea18a122e909246f1a6f0e65dd35f5d8edf13f3474cef9fc1d9b5e935,0x101df2aa10244c998ede5f4ffe3562d88f4373a734058e70e002cd5b23503833,0x85155736b83ebc343ab10603592e47f1725c242186463f613f888406799d1072,[4.290129],"[3.681451,2.900203,2.881085,3.398204,2.709066]",0.0,1652.2209999999538,1580.7939999999965,1516.707000000006,473.8708000000091,3.1250000000000897,8.172200000000108,2632908800,[4.888841],"[3.255549,3.023138,3.150661,2.856116,2.697928]",67.41199999999998,1671.080000000047,1526.6018000000158,1678.169999999979,458.8855999999808,6.889999999999848,6.561799999999993,2651054080
512,0,80,0x77434726163cb28d0155adfa3603cace7121aa5bfb0ac1477573c4463af431b3,0x95d6ccda7d3f02dc0838f3059d08bb642e5276e7cb02b3906ddb5e0f50f00c89,0x5d55be64600df0d78ed61c5c53a43961060b10464b3999c5cb130aa193da2154,[5.6639],"[3.255329,2.87198,2.921516,2.755275,2.845961]",0.0,1650.948999999957,1593.9635999999923,1684.450000000004,427.0058000000021,5.798999999999908,6.549799999999977,2633011200,[4.680878],"[3.737756,2.839522,2.64556,2.714764,4.060363]",66.3599999999999,1635.5860000000223,1762.880599999983,1842.5180000000153,458.27900000000585,5.42800000000003,6.572000000000002,2651406336
512,0,81,0xb7b1a57390f016d1fe143c0dce94dc930462e4e9cab2f2de0951a04502b0b8bf,0x00dbe9a29f328a7cdd0933b26771b31f4b8e4b3a8dd076e4650e7cdf735e97c6,0xbafcdc8919ed9181cd06e04a9e2f84cc43aeb3914fca104fc51a308e7be99888,[4.718405],"[2.982557,2.899803,2.443715,3.213446,2.745449]",0.0,1650.138000000023,1521.30800000001,1793.9149999999793,408.07939999999434,5.558000000000125,6.157200000000019,2633027584,[4.759597],"[3.818868,2.830708,2.643196,2.569655,2.613511]",15.423000000000085,2127.82899999997,1518.1072000000074,1563.5480000000257,459.2285999999946,4.767000000000139,6.2796000000000385,2651832320
512,0,82,0xaf904d5bedf08c67c393bb4c425439b55abb73d6e426d45dec5de7ee6318029d,0xdbbdbb8dd8b212f6b176efcfa3b1732c42e2b73ee16135cbca5993473a7f8bd0,0x9d06ca5fc563b8d35c28ecc4d460bf46c473ec08b7c9d6f76f6c7fa1005ffea4,[4.491803],"[3.440869,2.901214,2.639249,2.899793,4.639616]",0.0,1545.7100000000335,1838.9430000000038,1756.709000000023,458.01880000000403,3.4760000000000866,7.49359999999994,2633031680,[5.260122],"[3.539397,3.016198,3.017921,2.975687,3.229043]",17.97699999999997,1567.7739999999662,1559.7400000000096,2200.148000000013,481.61260000000317,7.711999999999996,7.695800000000024,2651869184
512,0,83,0x12b5577d0c0876cb7581fa589982a2438d8ea156a4232eba19a1801b141ec4a7,0x4c0100942ec41bd522893cacaede49148a68daff6309a948f55b4e4cdc3a0100,0x695fdac900655a34e7c1286380d649723412a3a9a73a7e03c7409c51dca8bc40,[5.398901],"[5.070556,3.34925,3.445064,3.82636,3.456733]",0.0,1576.1669999999617,1719.5987999999884,2315.110000000009,492.77500000000083,4.366999999999913,9.214000000000011,2633043968,[5.383948],"[3.904488,3.774381,3.192154,4.489309,3.651706]",19.339000000000162,1724.8410000000324,1768.2624000000092,2051.083000000009,631.8710000000061,9.565000000000008,9.33180000000002,2652057600
512,0,84,0x400fc0728d64aac86d1e6517667b1c98de838b00f174bad5622cc7a87e0e55c1,0x6aafa62c12cc0a3c0eed0284e6957ccd814c23b7a8100d8b4a4f9382e9975582,0x81c1b9f36960bd7b14ef4a4fcd19493cc10e146e336c8f30e4714577dcc53220,[4.843904],"[3.806841,3.101177,2.994305,2.577938,2.679861]",0.0,1581.7249999999783,1588.6595999999863,1861.6570000000165,423.2262000000042,6.529999999999817,6.890200000000002,2637160448,[5.232811],"[3.333436,2.936839,3.525126,2.994575,3.100145]",16.935999999999947,1637.6089999999842,1647.0695999999841,2288.440000000003,552.8254000000011,8.362999999999946,6.423799999999945,2652065792
512,0,85,0x8d97e781e3eb6f5303240cf898ee9a81e81f025c128b7a52a750f9057abf653e,0xc99e4d7883aac62fac1b6833afdb83b208666558b50ee8132a9065df4ec2395c,0x80d48b821bf8a294b85ba711201cf8db35ced8824d022c5983e1619871b1bc01,[4.61531],"[3.835464,2.873012,3.127746,2.755205,2.69266]",0.0,1563.0370000000448,1661.2067999999924,1778.4020000000123,459.6849999999986,4.988000000000041,22.007199999999997,2637791232,[16.424366],"[3.045483,3.531275,2.709345,2.584387,2.614632]",18.16799999999983,7684.967999999959,1531.7677999999944,7026.195000000012,427.5966000000131,6.560000000000072,6.265800000000103,2652762112
512,0,86,0x76794bb979e01537a9c856ec123d1349a75fd330dbbf679c020b731d5cf33b76,0xf9bd733e7d63a848706ee30d7997e5f2317bf91f5d87d75ee2f836f080eb6678,0x9fb53422c0a5573a1bbe790cb2b1cf6fb5aa9776217306b785147912628ec35b,[4.479955],"[3.407959,2.776507,2.541762,2.592179,2.600021]",0.0,1458.570000000048,1548.7616000000148,1867.061000000003,408.98099999999715,3.7560000000001583,6.171199999999936,2638438400,[5.372982],"[3.650225,2.98407,2.650196,2.62559,2.781134]",18.71899999999994,2050.652999999958,1595.6402000000037,1892.8539999999994,430.20280000000133,6.388999999999874,5.885000000000004,2653413376
512,0,87,0xea88a6c3ff3068536aa47fd889384d27e34b95f2f17f7e412200291fc5c0bd92,0xd01c765fb538db863c997f5bbd119cb390b4d8d502c1b258f0f1b32e5baf919d,0x532244eb65b4b75ee7c1e1dbd38e6111b9739b836cb956f4347c4a2322ec9bd4,[4.274867],"[3.412016,3.291715,2.662926,2.862897,2.677889]",0.0,1642.0360000000135,1515.3111999999912,1519.031000000004,476.08399999999887,3.846000000000058,6.14919999999998,2643808256,[4.69455],"[3.075228,2.939694,3.006744,3.169871,2.635014]",18.208000000000027,1602.9480000000485,1613.4770000000076,1638.1999999999787,407.49860000000024,6.72999999999993,5.594799999999924,2654588928
512,0,88,0xc02bebe09fece2efff8a3b4ea575281d63f6a7c7afaacc3bdda4533ae24e653d,0x36240f4e6f563eb89c37a41cecde239877af9ef67491b090ceb9592509f59a70,0x3a5d274d1989a6e7dae49354ab4a33c16240a34657423be3d15fd7aae861b7d9,[4.326856],"[3.614441,3.002989,2.571598,2.650577,2.631669]",0.0,1554.8250000000373,1515.8562000000097,1614.9659999999953,411.9494000000112,5.578999999999914,6.367800000000017,2643873792,[4.459575],"[4.288628,2.782407,3.027205,2.62533,3.004642]",16.27400000000015,1552.7220000000063,1684.7351999999648,1688.8569999999881,492.132199999995,6.751000000000153,9.554599999999931,2656325632
512,0,89,0x25d1dd99b797ffcbf037899700fb22f03d88e3cf95defcc2a1311fe1c55e7114,0xb17e20a6733e015fa0e7d4ede65a44d90c239140c6603b8b1eacf81f301e037f,0x02ed065924d543f7d8fca162e5c11ba7a6a4c0cc62b3a6b14ec8da687a7e4205,[4.430802],"[3.583039,2.971631,2.655345,2.915547,3.132915]",0.0,1507.2739999999474,1589.2725999999911,1606.6530000000134,471.5409999999975,5.41800000000009,6.5057999999999785,2643927040,[4.252383],"[3.6269,2.939273,2.671309,3.34177,2.753784]",16.504999999999992,1516.3369999999786,1553.0583999999958,1616.1780000000238,518.698399999995,5.408000000000149,6.8203999999999665,2661232640
512,0,90,0x5df65efade13edb4c5209485341db1c5e5199e4ea34d367234d301908288ef7b,0xdc01c4dfc600f5e9fc00ef61b7c3960b8a0c3ba8d3576dab63f4755ff4624295,0x327301269d5bd8100f705b9d78e0fd984c0d3bbf30c9c5d1fcd29758854f532d,[4.109608],"[3.351159,3.734522,2.618895,2.695786,2.507592]",0.0,1482.9269999999672,1484.8393999999932,1537.0989999999863,435.7091999999896,3.7050000000001146,6.812599999999994,2644074496,[4.850165],"[2.953204,2.601253,3.175099,2.906123,3.393038]",19.158999999999928,1675.0060000000344,1664.5045999999832,1741.8470000000186,453.1793999999922,6.669999999999853,6.40959999999996,2661273600
512,0,91,0x87c4b89c97b93ee5656580e256cbea991980c773df5b96c326189ca0637dd431,0x0a8baf61434a5707c13dc46bdb8f25c6c905266588da1e66b6b35975e0f4e902,0x763318e6b862a86648e642e6001c8b48940455b0347001bea6dc14201bdb6d7b,[4.148266],"[3.2822,2.842357,2.947706,2.983249,2.585229]",0.0,1636.4890000000187,1553.1826000000137,1530.7480000000262,422.2810000000021,4.0759999999999925,6.58399999999993,2644119552,[4.654419],"[3.316512,2.693111,2.597408,2.756137,2.641955]",18.06799999999999,1552.581999999969,1503.8439999999875,1831.6119999999826,423.1321999999982,7.191000000000142,5.6206000000000484,2661773312
512,0,92,0xc9df4c77c09a047c33aaef596f73f71ba4fe87d6722c2a31157459f524668fcc,0xa91ac6afa8975504b9993b6f29de1ddf1c9a9687a82d5f7bcc6fe5347063ce3b,0x99fdbe7396f8c20bd82c94cca34915b266697b4dc4530d5035af34ed86d13415,[4.499567],"[3.532448,2.933044,3.278945,2.660022,2.616035]",0.0,1514.7250000000502,1631.5568000000003,1809.638999999974,473.1394,3.9660000000002125,6.6459999999999955,2644131840,[4.843094],"[3.006264,2.83773,2.537247,2.580413,2.508743]",18.278000000000045,1645.8120000000242,1485.5245999999765,1934.2179999999876,417.9722000000052,7.26100000000016,5.4620000000000015,2661904384
512,0,93,0x0753d0f117970f104b32b1b7b8763c22f78aee76ae0c9931286d5cecd2970bd5,0x0ac4470f0ef447478ab5f71e2eca3d5681be8f4912e4fa3e28901a8b28a403fc,0x20663704bf2329e63be932a2de377d0930c9a3217c0a70b5b5abdb3016c9e463,[5.009395],"[3.005493,2.822857,2.995258,2.600753,2.507782]",0.0,1601.0039999999615,1524.0528000000086,2107.8390000000004,438.96220000000375,7.37099999999994,6.008999999999962,2644373504,[6.602047],"[3.719289,2.916669,2.601153,2.852803,2.961397]",29.444,2843.4090000000188,1614.0202000000104,2226.066999999998,487.3392000000032,6.949999999999925,6.041199999999927,2656882688
512,0,94,0x3c3b0597a7a67ef44a91a74543b8e4dfc8cf6f7b0bfc369bdc80ac103d5a4d23,0x12483f462946baa79f4338ea972ee6d580f6afa139b18bedd529249bb7e13d86,0x69dcf26bd0230e810a899b96892ffd7151fa789735fb17b71dccfcc6dbef8288,[4.569296],"[3.393498,2.94386,2.644218,2.693682,2.522129]",0.0,1786.3439999999953,1528.683399999986,1686.1830000000077,411.49460000000636,3.855999999999998,6.243399999999923,2644885504,[4.943416],"[3.28867,2.761675,2.833193,2.584728,2.785421]",18.377999999999883,1575.3360000000382,1559.4375999999909,2007.0169999999998,423.11199999998104,8.181999999999807,19.87219999999993,2657611776
512,0,95,0xbfcceb5f3b67746e96ddc029203ca1b2ba2ab1ea8b40ff71abfa2ce62cb18829,0xdbf7a69a51b4e9e6935aeeb751f54b7d51e3134d26105ec642907ec97c2bc6c6,0x4410b8be85460dbf99a7729af52ea95cb99a19a4a663d9a1b9e66c9d53dcf0af,[4.300816],"[2.880815,2.915597,2.646392,2.619591,2.554172]",0.0,1528.4859999999956,1492.8376000000299,1567.8840000000193,440.3819999999947,6.018999999999903,5.738200000000078,2646794240,[3.918329],"[4.598907,2.800223,2.748855,2.907165,2.596876]",16.464999999999797,1449.8170000000198,1758.0811999999835,1503.2369999999905,441.5195999999955,4.787999999999927,6.521200000000026,2664128512
512,0,96,0xa160490e3c6dbfba2ec2de41c236af0cc6cd663072fb8fd2e66470a765a1c526,0x940adaf5979b3973efc9ccae2053cb84b0add13949a8e06ca65b7145718876a0,0xf5f863ba8fa16ee34e180ff08045e48a5cf87199209c62fe43d80c4261767458,[4.312785],"[3.426598,2.874525,2.492459,2.876208,2.458749]",0.0,1492.4509999999502,1526.8665999999876,1593.7039999999736,410.46900000000215,6.008999999999962,10.127400000000103,2646827008,[4.165823],"[2.919393,2.532809,2.597828,2.847856,2.624087]",16.355000000000015,1521.9260000000068,1490.5221999999885,1558.129999999991,415.4128000000035,3.9660000000002125,5.277799999999812,2664308736
512,0,97,0x582f9f9187d1c71c8d25035105ea04d00a7ca04e90028c3377279084fcb79dae,0x53e50bac3ab3f1f3a8891606c061c35e48899d78cce1aa98c6661758da1a4e8a,0x9de4dd9af5f3c5bc5bdb8d09fa57e9593f0b1a5bf1aa6f11036ede29d94ae3e7,[4.478765],"[3.228254,4.370647,2.800013,2.941667,2.856388]",0.0,1578.9109999999607,1923.438799999988,1543.0470000000196,418.13660000000755,6.028999999999844,6.481800000000121,2646851584,[4.518154],"[3.559178,2.704489,3.012743,2.664709,2.552991]",15.904000000000178,1787.506999999966,1516.0966000000053,1719.313,428.32000000001534,6.209000000000076,6.031199999999987,2664677376
512,0,98,0x83d3fa6c1970ef55bb1d91150c8f76090c068bf2db2743a90e71b5ecdfc7d6b5,0x6144b905765e48da92728ea0bfce45b19b581a3e7640f036c26d7b61210604be,0x42c35b7eae52fc09158b76724db5dcdf105bd3572fa7b8c07eeacdc693ef5349,[4.341728],"[3.535993,3.549803,2.710147,2.77874,2.570997]",0.0,1568.2049999999892,1600.8966000000014,1703.6599999999958,452.1215999999884,3.7560000000001583,6.848199999999991,2647023616,[5.085079],"[4.120245,3.475662,2.762416,3.065513,2.856397]",18.908000000000207,1745.473000000053,1730.1612000000243,1836.1490000000092,489.3480000000006,7.6210000000001905,6.303600000000069,2664775680
512,0,99,0xb98990d44dc8d87daa3f37a6a19d59318f16e6e001a5515e8a06b96658d26a01,0xc78da6b0dc53696cf9cb68a7f09c776b55b0f8bc55a9522e5eb9463210ee7583,0x243c6a6cb7d67f6d61a4c2da8d40d915946f7eb5d6fec667bc23b7289a5c247d,[4.41685],"[3.504955,3.107756,2.827423,3.290371,2.981195]",0.0,1476.426999999947,1618.3883999999928,1607.1329999999828,451.6285999999981,4.3470000000000315,7.78360000000004,2647060480,[5.097036],"[3.371013,3.829826,3.530473,2.843478,2.837829]",37.49700000000005,1548.0549999999926,1699.3768000000075,2182.6910000000144,496.2421999999966,7.420999999999643,7.282599999999979,2664914944
512,25,0,0x8c4a6105b69d67432161f42ade8dd4d3af21f32cd4c2e2715d302296459552e3,0x85fdd92c7643ac15ec89c44eaed2d6836552fd2f22eaed838d5bd264aa1c8086,0x2f6a52ef49da8f8ab5fe4d183d3850cbe78503d31453bad4c833a432dc78a4b6,[5.071918],"[3.665747,2.803397,2.754393,2.572348,2.619329]",0.0,1595.7760000000487,1604.445599999993,2160.398000000008,398.4788000000128,5.36899999999986,6.499999999999909,2647101440,[4.925998],"[3.31519,3.167756,2.882697,2.846643,2.693041]",16.976000000000145,1452.781000000014,1604.3794000000223,1937.7520000000147,435.09200000000357,5.678999999999753,5.662600000000059,2659262464
512,25,1,0xcf13d25eeb273bd82058ba4bf768d7d4ae7dd979b70094706b13a8600ae695cd,0xa092cf7105043cedd65c17c8e02109f88ecf6345502a88fad41b2f14de233b90,0xce3845daf44b4172d52f99bc28252e9570f4468760b33f12e7497639f2c0fd13,[4.599656],"[2.914515,2.704618,2.674087,3.621531,2.897629]",0.0,1624.340000000002,1635.6688000000117,1740.89500000002,418.4649999999901,4.116000000000189,6.6576000000000475,2647203840,[4.824836],"[3.569462,2.7989,3.153431,3.014826,3.407278]",35.66399999999992,1517.537999999985,1635.3017999999997,1970.2409999999836,472.6465999999929,6.4699999999997395,7.112600000000121,2659483648
512,25,2,0x7a30c781cd5974b4baa5e3fb7984ff702990420550bd4d3fa5f5c3640b663736,0x67a0213cbf2e9daa520a26eae87d73b3a84b350c6ae2dbe59f51647020157e5f,0x18d96beda275d6fbb2bddfc6ed45c9cc9bbe695147566f29bb60b3eb53303b95,[5.736169],"[3.590905,2.943348,2.784969,2.987445,3.567589]",0.0,1529.9669999999655,1653.9077999999872,2499.9849999999824,488.82499999998157,6.780000000000067,6.998400000000037,2647916544,[5.551942],"[3.111702,3.042178,2.835035,2.728995,2.972813]",17.03499999999988,1728.4859999999735,1518.2851999999912,2476.1440000000134,479.6695999999989,7.230999999999904,6.385599999999756,2665656320
512,25,3,0x91d61aee829f577bbe17a7207614d4adfdce78e559dc16ff93c1ef046ce80044,0x708e05cac048eacf0e417f8ecb2d0dd72512f55a56fb4fc93c1b4d1204e8aadf,0x8e9deb2a1b9a9bddeaa093ea4f6b2bc46654ab17d153f018c0ffa961a6986d7c,[4.786157],"[3.4943,3.110941,3.054697,2.73241,2.608558]",0.0,1507.8130000000244,1509.2257999999915,1913.404999999979,487.20460000000185,5.337999999999697,6.642200000000001,2650161152,[4.586436],"[3.283691,3.048627,2.894404,2.63948,3.416181]",17.626000000000186,1520.55299999998,1680.239799999983,1888.508000000011,473.1336000000086,36.86499999999964,5.718600000000073,2667810816
512,25,4,0x6bb38ee0c4072b340a84d84f974351a2341af1e72a95ca628751aa65b8b85111,0x6c7d67ab349c7aecd88719b510101108ca3e2b151f658032d9a3b904b3c14cb6,0x147531ff6061f446890aefbf8c10375d382e97996e3c10c0055e1cc62212a5c7,[4.609981],"[3.376191,3.477979,2.615364,3.192854,2.698148]",0.0,1547.6140000000305,1655.536599999996,1770.9909999999995,475.3783999999927,5.848999999999611,10.395600000000053,2650116096,[4.678445],"[3.75337,2.799902,4.419775,2.855817,2.853798]",16.706000000000014,1626.0719999999785,1598.1699999999764,1989.6799999999937,456.54840000000087,5.447999999999912,6.5757999999999095,2668630016
512,25,5,0xa9d83ba47ae998f0637846b1dc71ce8c309c1a2e01389b4c1209ebf8412a58d7,0x6bc66f52f128385f5e90a6ed2d3ecdaf97c5d49dc22b6d4907a91d4d2a6db205,0xc2a5fc48b3f046bca14f7210f91b9e6e85f7ea0d4cdd6aee9fd9781b2d758cac,[5.422307],"[3.555862,3.007555,2.575484,2.831229,3.048568]",0.0,2128.649999999954,1615.6118000000054,1918.6440000000248,427.4463999999978,6.019000000000337,6.880200000000149,2650243072,[4.37713],"[3.161017,3.166885,2.714073,2.605068,2.643597]",16.355000000000015,1617.0789999999658,1548.0742000000268,1635.0649999999912,437.15939999999785,5.5780000000000065,6.45559999999986,2668789760
512,25,6,0x04efcd49d7e7006e5df5bd45abb512c99c69ec0a021dfce52ab959dca126c1b3,0x93cff9b1b15bd03076a23e033fb62cc2e33bcdc7dbbc2cde142435f504479d09,0x89b8a960ac7f47456da34ce2f24b5c0467bb342cc21d142f9ceee1a211b4e808,[4.190579],"[3.484043,2.855435,2.724208,2.764508,2.519169]",0.0,1468.894000000054,1560.649599999997,1694.9760000000147,444.78660000000224,3.435000000000417,6.5817999999997,2650267648,[5.043776],"[2.998191,2.833944,2.576836,2.714874,2.570136]",17.987000000000123,1570.6680000000529,1480.015800000012,2127.298,402.9399999999961,7.512000000000317,5.704599999999983,2668716032
512,25,7,0xcbf203dd7cb59e9d2265b3724f6c707dc60c1993cbb467f16e8d59366e84959d,0x6f778819c516aa51d49bc03a5d7599538f3dde43ca440cbb34bdde25ebe33f3e,0x7f142d3ffcd54140df06258e5f4d20fbcc1022fbb590272603abf11535dfe156,[4.323208],"[3.705772,3.197922,2.563816,2.827764,2.633395]",0.0,1513.2710000000936,1603.3869999999783,1681.0449999999921,440.1580000000016,4.015999999999916,6.554199999999829,2647220224,[5.173571],"[4.668219,3.088337,2.731168,3.964939,3.79685]",18.25699999999982,1786.203999999958,1668.780599999997,2045.143000000027,444.370000000005,6.739999999999871,6.409799999999854,2668875776
512,25,8,0xb816e367f6482111db557a3900208a280b10e8e660f49b775591a4538a6b9185,0x864f9093fb436cbda54127bfa1e6aea69a6bc9e71503b647df3e251de4af6de9,0x67507977690a741fdbe575728c38cfb917891beb07f097cec5ed31330f6ba4c6,[4.769011],"[2.92462,3.077752,2.861286,3.233998,2.598008]",0.0,1647.8140000000253,1533.7631999999603,1752.1719999999964,492.5969999999946,5.948999999999885,6.7402000000001125,2650521600,[4.478854],"[3.373697,4.8731,3.048878,2.626852,2.776737]",17.015,1453.841999999983,1896.6344000000079,1860.3750000000252,429.70799999999537,5.668000000000339,6.871999999999955,2669948928
512,25,9,0x4bd3906c63342ace67d162036a1554e8054163998720c7539e9ea98261383740,0x81ecad67b9dd127d5732b0b917093f9fc1c09debf0f9da646eb4ff4a9fa2a7ab,0xf3790c372e758ed549618d094a6827d9380f1a07e442cb715ee3ebf2fda2f991,[4.625927],"[3.606969,3.278294,2.952483,2.690598,2.72532]",0.0,1566.1119999998973,1604.05899999998,1743.3190000000209,464.58259999999643,5.838000000000197,5.962799999999906,2652057600,[4.556627],"[3.116961,2.735847,2.61248,2.665109,2.477537]",16.775000000000123,1545.7210000000555,1454.345400000001,1917.4120000000073,403.8750000000091,6.52000000000031,5.832999999999879,2670252032
512,25,10,0x643a71e7ff7ed4c9608cda78f3e6b948c3c4ad9e87eebdc85fe99fad2c59da01,0x1c24d7a706b71194ed8f97e92788f939a991c0a6d35d6e9ede457b3f1043fcbf,0xe93bc344078654dd836eb8aa6b55187ccebdf9f8e7ea9b245fee56c0c800e67c,[4.922975],"[3.649905,3.308159,2.893204,3.020806,2.9112]",0.0,1551.2589999999716,1596.5922000000353,2100.9080000000126,551.3376000000014,4.195999999999714,6.8181999999999965,2653044736,[5.184229],"[2.920044,2.914615,2.554743,2.915047,2.823368]",17.977000000000185,1750.2599999998924,1502.567999999993,1980.0569999999796,411.8872000000051,80.67200000000038,5.5884000000000835,2671353856
512,25,11,0xaffdf886dfccc112b263c6922279eada0818a79f036b26c8b3fb007ded598296,0xd0136f5aa56ecef5be77af6fc8f84a1d23f26a6b9bf7f94c9075c0ca320a1b73,0x03ce89beffa3e27650bc4a6e16672333b9a819a16b27dd65922db076413f5365,[4.806639],"[3.011982,2.867555,2.495624,2.609756,2.546801]",0.0,1634.8760000000073,1509.1480000000156,1750.2240000000224,408.45959999999957,5.838999999999671,6.587800000000012,2652733440,[4.291943],"[3.51429,2.947566,2.907395,2.802347,3.040335]",17.015999999999906,1569.1259999999209,1679.5087999999848,1627.6000000000067,443.927799999988,5.6889999999996945,5.656600000000095,2676289536
512,25,12,0x1e6da6c812a9675538f2d2f7318279510e4adf5639be812509206221a80431e9,0x2fbd011b2be1d8cd407a9366c606375d50903bbd5dfd3b0652b8ae13259ddaf5,0xdcfb29d9b1757104766b9f024521378028ef26dc303ef1e857a17f840a4aa7ac,[5.698514],"[4.445044,3.608181,3.865009,3.56762,3.117451]",0.0,2073.967999999926,1744.6392000000533,2169.913000000023,626.7252000000001,4.8579999999999455,8.1846,2660556800,[8.7059],"[4.167645,7.051741,3.716125,5.982623,3.28832]",19.62000000000014,2221.1999999999234,2181.6403999999957,3985.8509999999847,508.51699999999715,8.031999999999831,8.719000000000086,2679959552
512,25,13,0xeabeac6e97187109e943617c8692cc077a853fa6d88c5b46b5f50a090e420248,0xaa73a406d5bb917c8eb0c8d77c319b98cd03f4eb4ea925a007608951c41aacb7,0xc18bfa00361af2ee8b0075ef298d2c494cfa9d37da5c8aefb1e32f2d3853d58f,[4.375099],"[3.561751,2.71856,2.81744,2.865902,2.64571]",0.0,1630.7589999999816,1559.5622000000199,1687.464999999999,414.3352000000045,3.514999999999942,9.411800000000241,2662125568,[4.870496],"[3.012163,2.918482,2.975948,2.761445,2.738901]",18.83800000000019,1535.2650000000078,1558.740599999986,1801.3159999999973,417.51740000000035,7.270999999999667,6.485799999999924,2681102336
512,25,14,0x0cb7cb3d7de453d290936983e4fb0f1674f7b69d637104768d5fdaa54761266d,0x3b6651678160e5c758c6202bf3f2d9c5afd51dd0b50c3a47b008a3f7cdec5a1b,0x2c49960a0ea3ff53c41b4dc574ce728a9fa703e62a18b3102bfdacfbbdfd5d80,[5.137789],"[4.699798,4.50219,3.883196,3.713491,2.925452]",0.0,1899.6250000000714,1948.1680000000167,1693.38400000002,746.5979999999983,5.538999999999718,8.043799999999866,2664083456,[5.007522],"[4.384853,3.221178,5.518583,3.14962,3.888134]",17.75700000000019,1565.7520000000868,1890.59760000001,1913.6860000000256,548.5855999999956,6.138999999999624,8.28439999999986,2682486784
512,25,15,0xfa150d3ece82e189d6ae439e0ca4f1d70e1f9afd2cf5d2e6bdae9e57d9945536,0x12e22667cfc5c0ec935f67cf06754e33f6de4d312eed46cffc75dbd7e5d15096,0x297d9fd791b810dab6045cb18df8c4ea1d4a5b48a1d2c6c4f64d0c14a6d90eef,[7.408724],"[3.737852,3.4147,3.474149,3.188198,3.333137]",0.0,1915.30800000006,1804.7438000000416,3354.348999999979,464.5808000000029,4.5770000000004005,14.744400000000178,2665824256,[5.54306],"[4.530052,3.061547,8.305101,5.136622,3.113526]",180.29199999999986,1674.635000000091,2931.5841999999925,2099.3260000000123,581.2406000000103,9.293999999999969,12.831200000000022,2684760064
512,25,16,0x29dffec237ad90fa1620694b3500c3e036a30dd9df975d06e07916fbbe0e1506,0xc05c1847dc6a507eb62994927043d35d23dadd9c3f7d2decf8256ce33071cfdf,0xe58e3352b8773216b5d8d6146f9035a82698df097f7d4befa9201583a68496d9,[5.075675],"[3.505727,3.035438,2.667664,2.680302,5.464411]",0.0,1692.3220000000238,2111.442399999941,1758.9829999999918,409.9883999999943,5.978999999999707,7.222800000000057,2666192896,[5.404581],"[3.266737,2.996679,2.575775,2.597868,3.069109]",39.87999999999995,1766.334000000036,1607.1600000000074,2557.236000000018,431.3284000000084,5.548999999999658,6.14919999999998,2686967808
512,25,17,0x7c36b69aec8710164a7a19637bc5c4d878d78f55b1d8b31a089f56aece247d48,0x435933ce4e7c94a217361b809f9f53a294af292d84dfd84d940157f4cc67ea70,0x15f1ac1cfc1b800500a8d1c8382e505b47f647e9b1bbcf1b994aa3021123858d,[5.167233],"[3.028478,2.815827,2.740282,3.18931,2.528854]",0.0,1501.6439999999686,1498.6442000000545,2069.109999999985,477.069600000013,6.110000000000143,5.814799999999918,2665119744,[5.597],"[3.524235,2.993415,3.767472,2.800834,2.85792]",17.365999999999996,1688.595999999931,1758.4600000000173,2334.720999999984,432.6346000000037,6.248999999999838,7.302999999999996,2689155072
512,25,18,0x1251e767b882e4a859f53ab15db24152c6eeb343c3733ee9681c99c27326d6b6,0x0853f49c6a0d6b33c6783da6bdd21cadc2226f3620667a73b4620c6901ce5c3a,0xb820cbe72665b39b1b39b58c20b5e8aa205f5fc8188b9d2e2c7e70ea15e1e03b,[4.7673],"[3.575182,3.291274,3.188549,2.702135,2.640662]",0.0,1867.6070000001043,1591.704199999988,1721.3209999999979,468.71680000000197,4.497000000000008,6.758399999999726,2670673920,[6.623649],"[3.52078,3.156761,3.283532,2.802988,2.624067]",19.509000000000018,1568.194999999939,1601.9924000000076,3447.4199999999787,440.6165999999989,7.802000000000329,6.467399999999894,2692075520
512,25,19,0xaa415e37e6814872a2debb9e6fb6c6f09db7de6b58a494f51f3635b19ebe0c9b,0xb3b01eb734ad2df0f04346517b39e558e9ef5a1a612e0372fc753df2f29943b9,0x6921cfcb85daa2c5b1dc20f5728bf970f2f8aca4c389be71f8a377f3c57cde3d,[4.747831],"[3.491646,2.969408,2.657688,2.670728,3.356272]",0.0,1583.2780000000212,1664.9753999999905,1886.4749999999985,421.7898000000053,6.309999999999823,6.1415999999998165,2674962432,[4.194446],"[3.6543,3.153005,2.73818,2.8439,2.617468]",16.96499999999986,1505.5209999998985,1654.925799999951,1631.6310000000224,451.14240000000416,7.230999999999904,5.752799999999766,2692562944
512,25,20,0xb3582384921ef8fe420e484d0460bcda422661d843063b2007d7cac6f1acfec5,0x16d289f4e5d621cffe9eac4b6ec832275fbe445aa24ab568a3dcd6ce24ec8a05,0x55cb7ef55d9d46a1163b4ece0c198a539e37d2678ff657d9a9a697be5ca8557c,[4.135596],"[3.721342,2.95804,2.766441,2.806092,2.620622]",0.0,1530.9880000000664,1555.8884000000273,1564.7790000000161,421.01919999998347,3.7960000000003546,13.952999999999882,2671472640,[4.91444],"[3.478886,2.800053,2.733702,2.677147,2.664959]",19.158000000000023,1673.9750000001052,1557.3221999999996,1654.1740000000082,436.91279999999995,7.942000000000365,5.465999999999978,2694066176
512,25,21,0x85c500463c3ca0a046ad8bbbbb343d9dfb6b7b3438f0ece951a559e08fe1e841,0x12e76929d49d5e563800d103ec0da369d63cdd73487711c8885d9e7f8d7ba18a,0x4b73d7a79868469b24e4281d46133f8c5c9c6f3d0b3385419c7bcd62c713129f,[4.222548],"[3.417503,3.021697,2.675044,2.736536,2.604517]",0.0,1541.1339999999996,1520.3968000000234,1601.7159999999753,413.4697999999992,3.6860000000001407,6.483799999999936,2676367360,[4.877415],"[3.166145,2.87823,3.463082,2.766341,2.801885]",19.349000000000103,1699.6430000000285,1605.6614000000025,1737.0789999999747,431.292399999994,6.92999999999961,6.001199999999991,2694107136
512,25,22,0x2d9b4cf1fb1aa65da2a209b57242896ff5ad94f8fcc1d417cbb481e00a94beb1,0x25e55a20b499374c0eacd430754d3c26c3c87e015e328de3c179def26acc93ae,0xb95339191e30ba0b8a978cd38fdc4938f9b464299b4d1f3b15a796137d19aec9,[4.435619],"[3.036118,2.852121,2.939031,2.843638,2.605669]",0.0,1646.4730000000927,1535.49759999998,1694.815999999988,469.1694000000024,3.435000000000417,6.491999999999956,2676396032,[5.001832],"[3.730395,3.082929,3.20308,2.895336,3.849295]",19.24899999999983,1704.7210000000757,1890.3146000000427,1790.5089999999957,446.6955999999911,6.118999999999743,6.796000000000059,2694410240
512,25,23,0x2080b18bec7c70541893ba435bedf779b6d274b94ec1747ad2be2a550a0528cc,0xa60ad5dfb1267a6935f98cdc341b94e1a52ac4965b41ee016d8b057d95446d40,0x486186aaf1c48dec6610ac0bf39a66bd71f3b58a85597b5b471771eae7afd57c,[4.488989],"[3.729114,3.194627,3.123901,2.755014,2.614933]",0.0,1544.0479999999645,1626.1741999999747,1740.244000000002,433.1430000000025,5.3479999999996375,6.718000000000002,2676703232,[4.91387],"[5.418971,3.215289,4.84182,2.905291,4.837505]",20.561000000000103,1528.6050000000716,2783.301400000005,1936.2499999999727,454.2368000000074,8.684000000000122,7.467199999999959,2699255808
512,25,24,0xaf9d7594f12a9d2f0cd8333fac90379ca4047c32d78200d36bee23fdaa05ef17,0x4c7c33286b343ba26d9233c296766bc26d5eea3dbec8c2155b97abe3277a33c3,0xeb796b7b1b8dd8f93df6f96d1f59a5e53505f264a13d468135590d163600a7c0,[4.898852],"[3.503354,3.129079,3.011441,2.710257,4.008074]",0.0,1712.8029999999849,1657.7080000000244,1753.910000000025,690.9440000000044,3.364999999999965,6.447600000000081,2676928512,[5.197132],"[3.510423,4.764375,2.874335,2.795595,2.716957]",117.12699999999985,1655.75699999998,1912.834799999974,2195.3310000000224,437.33319999998963,7.38099999999988,7.443400000000169,2694168576
512,25,25,0xe60935956128dc3747a108b27195f01ce14ff7b0a8936269a3e253b5619c8e58,0x1a459bf193de942a53f1dd4bdf1da5ae0417778a2151ea0f8069ac735c35bc00,0xfcc700b48bb0154ed6eb64607a9a30b92ff70b0f97c1f7ef103ce579e5baf0b2,[5.011998],"[3.413457,2.930739,6.500272,2.769566,2.620182]",0.0,1601.7349999999376,2284.8194000000267,1933.8560000000116,410.88579999999376,6.759999999999752,6.8181999999999965,2677207040,[5.131438],"[3.652778,3.073475,2.825992,2.644528,2.817558]",17.67599999999989,1933.58499999996,1576.975600000008,1863.1599999999748,447.04000000002077,6.72999999999993,6.832199999999913,2694725632
512,25,26,0x4d43d3e5b4af624221712480cf0f632da0db682e984e5a83278e3c9c816d6ae8,0x3260f18435904742a95705011169231eb249519ee63e922374237c4114680ab1,0xf13dedd429d6a76d3a225bf1f4a12bc407e01acd4b87553baa9dcd7f1706a851,[4.664744],"[3.004962,2.936068,2.783597,3.071631,2.782306]",0.0,1539.1209999999767,1556.671399999976,1914.7270000000049,426.0503999999887,3.745999999999784,6.1691999999998615,2677907456,[6.025126],"[3.581561,2.775144,2.839572,3.560149,3.340567]",19.949999999999914,1667.6950000000802,1587.534000000046,2482.593999999949,577.4347999999874,7.1500000000000385,7.855599999999873,2695331840
512,25,27,0xff8acee69057bb1f3a78a0609377fa1d723a5194d6e079b1e156f5a4d7394105,0xd0059483f595a959513f591ce98170c3279326c3e85200c929f2b58072a74d6c,0x5d7605166fc853757d545e5373d31c02f6067aad154ceb4a6e288fb9d0b46233,[10.910904],"[3.253917,3.081587,2.707112,2.660051,2.679821]",0.0,7316.542000000092,1537.9330000000025,1975.568999999955,428.64819999999247,5.047999999999685,6.283400000000119,2680086528,[5.047661],"[3.392656,3.552827,3.043239,2.830408,3.047356]",19.669999999999845,1771.991999999889,1628.6255999999887,1957.8220000000535,468.45660000001124,6.548999999999791,11.912000000000035,2702761984
512,25,28,0xed199d4157237b69889efdfcbedd9b69a5731c26910e3a852ab12591bbd6fdcd,0xe91a811148898b99b92f06ee18fae0d50b2779387f591ee1724933ec54f246aa,0xac93e5a3ee6a542621e852b2b40c8c20d3a0bf0a0a876c35bbfddf7e411f02a5,[4.512254],"[3.764036,3.333948,2.821184,3.18336,3.129199]",0.0,1520.3020000000845,1770.2152000000026,1588.7350000000079,474.38300000000044,6.2100000000004165,7.00479999999979,2680422400,[4.419985],"[3.450384,5.648025,2.95074,3.741581,2.910824]",18.067000000000082,1536.6679999999633,1763.5631999999734,1624.8509999999828,825.039999999988,7.140999999999571,13.242000000000115,2703675392
512,25,29,0x613cad57548ec64ff8845d824ddc7c8199d71fdb5e1129d8da76a7564f5f1fd5,0xc0129fcabda8d75890ad7a7fbd22cdc4950e3763bdceb29e13c4bcae47be0dcc,0xd1eaeb0dbcfcdd2079a38b2ea41e371928be139988018b4b29a279f37f4a4c41,[4.644995],"[3.064291,3.230391,2.70552,2.887264,2.594042]",0.0,1612.2409999999031,1554.3719999999705,1709.4279999999574,408.26160000000385,5.938999999999944,5.750799999999952,2680451072,[4.957035],"[4.253594,2.901115,3.147095,2.809837,2.686611]",18.038000000000167,2123.48200000001,1668.9168000000088,1638.0499999999465,475.7416000000125,6.509000000000029,6.622200000000119,2703794176
512,25,30,0x3e296fd17ecfd3a0f85bb0510929bc526e789f0dcb1a635d7c1e2df6a4a5d7a4,0x4f2cef81f05e2adc899e45c49ef31940e672030f53bcfa7c15338fde5980bee8,0x1166b601395e63d0db5534bc712ba09d1d378dd47d2d214c0b3e5b741d025b2b,[5.098634],"[5.791049,3.497725,2.988427,3.053565,3.022609]",0.0,1612.5620000000395,1583.999000000036,1752.2429999999868,477.3321999999913,6.639999999999597,8.366400000000066,2680610816,[5.323048],"[8.784609,3.747562,3.030961,2.682886,2.900445]",18.287000000000077,2169.061000000028,2654.7964000000147,1830.0500000000275,463.2887999999946,8.65299999999996,7.062400000000004,2703822848
512,25,31,0xaaeb7fe06ed05d6d1295b43249f4c4a7eb764f3f3cd098bd68f296b49227a937,0x0598a5a8aa9613edeaa08718fb6376a867cc344cc2b83379ae54ea7718280798,0x23f9b8418d6579270a9631c02f3a145fbdd2959ad1a2e8cbee8ad698b3f45d02,[4.963847],"[3.070972,4.686939,2.887866,3.036469,2.554183]",0.0,1478.7409999998947,1620.3658000000232,1793.7959999999587,655.3304000000094,5.41800000000009,9.426199999999946,2680692736,[5.87484],"[3.60005,3.87205,2.778912,2.81146,2.710367]",20.28100000000003,1761.5570000000248,1670.6137999999983,2448.483000000001,486.9083999999857,8.011999999999949,7.847799999999988,2704211968
512,25,32,0x2544fddf89c5b4232199416c63aa2c164e81abb5b9cd847131eb70ea384d4cef,0x6b54991f1714e1b9099c75d0c6b6fa750684154c0adc7facacc96859b4304b66,0x237ef5ec43b22f9b1ae11a5ad586af83b81a031f6be410880fa2a3fdf2ba2810,[4.654439],"[3.098624,3.335852,2.571579,3.240687,3.100015]",0.0,1792.9139999999234,1711.0548000000224,1863.6309999999767,423.6488000000094,4.396000000000261,6.535999999999868,2673545216,[4.902584],"[4.047414,2.956379,2.709787,2.626792,3.58744]",46.019000000000005,1580.1429999999782,1735.8479999999508,1951.0820000000483,493.4884000000084,7.250999999999785,6.299400000000025,2704965632
512,25,33,0xb822b53e44672e723661d0301615694f774b7244fe55412433c8bccf6f1e1af9,0xb50908450b1856448a1eb37b927c93c96ffb8742df9b49281f7b7788c60b64c1,0x20e0237918362378cd60da052901665262093ac05620a84958bf505489ddae96,[5.230378],"[3.072214,3.213487,2.984551,2.891326,4.360316]",0.0,1675.0560000000637,1754.5901999999724,1967.102000000054,469.5922000000019,5.757999999999805,14.92440000000015,2673692672,[5.21763],"[4.127955,3.191293,3.418796,4.100054,3.536374]",17.676999999999797,1660.4149999999152,1920.9431999999804,2352.707999999981,468.8373999999884,4.877000000000353,8.825200000000047,2705264640
512,25,34,0x17fbf5b208ec8a506061c0f54b7f23b8ddf63164615ac7b0cd153355d57fa63f,0x6c788ee9aff52856696536eed2f1ae39bcb5d1176a0b59c4e976e9c5ee8f576c,0x2bae2747feb0aad1f08e936b6de548ad28961c48a54d98ceab20cfae522d42e9,[5.044679],"[3.823296,3.947203,3.352777,3.269511,2.743958]",0.0,1563.517999999986,1816.8141999999943,2117.3439999999655,453.1274000000085,5.8480000000001375,6.359799999999978,2674225152,[4.748602],"[3.169281,2.712521,3.472818,3.417705,4.217121]",18.377999999999883,1523.6579999999833,1717.3781999999526,1986.9670000000062,426.9700000000043,7.199999999999742,7.163000000000134,2706194432
512,25,35,0xb06ac99b5b4d8edfa9f65c64b906f20d33e30399af82edfebd0935f71e67c92c,0x66b769919aafaaf42bc6525a8541cee86afa02c663a077b99f121f4512d4861c,0xf4c7dba711662825e8b713c54e02090ba6bfb3852229ab3ab0b1d434a7220737,[4.065411],"[3.524086,2.90435,2.743137,2.522885,2.870549]",0.0,1480.031999999909,1512.3390000000293,1454.5540000000524,455.2110000000109,4.27699999999958,6.469800000000019,2676670464,[4.949846],"[3.409132,3.129921,2.586471,3.067797,2.646492]",19.039000000000208,1803.2299999999334,1617.930199999984,1675.257000000041,417.15300000000343,7.4309999999995835,6.587599999999943,2708549632
512,25,36,0x47661b5a6a0c6bd6a577210997157aa6eda78fa1a4bd42f2b0e508a8dcaf9e98,0xd6a63e0df9e2b1641668f523bafd9ddf1e2fff5bcc108420f38f9fe775eef385,0x84d207cca1a8b7b94489292ea8931ef6f62e9f5bdb47ab8d7916b944ce6d93e2,[5.152671],"[5.575319,5.254105,2.702546,2.708314,2.518389]",0.0,2248.5009999999584,2351.206000000028,1576.9789999999784,433.64799999998644,6.72999999999993,6.5382000000000975,2676707328,[4.779859],"[3.603279,2.998482,3.300538,2.896799,2.600412]",17.95699999999987,1602.8470000000184,1575.8466000000305,2017.772999999945,412.4680000000103,6.26000000000012,6.48940000000011,2709090304
512,25,37,0x487d5d30f8dc56cdcbe33b4813985691e6fb111ef729a8270030ead4fa3e5561,0xeda297e87c404a4ee312e03c1a47e020f1bcd29788e1885eb1082260855f94e7,0x70a14365759de9778f3dc83d3dde78f79daf7eefa23115f7774bcb4511488006,[4.583428],"[3.152595,2.859272,2.752291,2.833844,2.656997]",0.0,1543.9280000000276,1544.4593999999422,1840.2260000000003,436.27380000001995,5.337999999999697,6.283199999999877,2676719616,[5.637211],"[3.828275,3.082289,2.874836,3.814954,2.875778]",39.318999999999896,2175.299999999991,1660.762800000004,2009.7409999999538,474.3836000000057,8.643000000000018,7.108600000000146,2709393408
512,25,38,0xfe987926c294d8ce532f21440b3eb715248691d47ae4873309cb5e458222ee50,0xac62c5543e9785b1e684b44756bed56fd3809a4a502e8901c0ce6230f1415470,0x6bf07f093cf72acbbcb82823f3193072182c5c07b9f2a8d6e0b5b918a9756d53,[4.577454],"[3.326727,3.326006,2.757699,2.819162,2.597718]",0.0,1630.8400000000222,1635.909400000024,1723.7500000000239,474.7278000000188,4.315999999999868,5.538199999999965,2676756480,[5.079801],"[3.769746,3.258765,2.83761,2.889487,2.944911]",20.140999999999995,1786.16400000009,1640.8865999999912,1831.111999999968,479.90399999999767,7.962000000000247,6.976399999999994,2706497536
512,25,39,0x389bc048998f0142c0f396dd1db4aa3bb000a4604cb8261dd7f07d5d251b592c,0x335aacd19a64d522be5beb5ab40575c05902978c7ea1a4ebabe244a7bff43bf7,0x1f695ba0c64737e847159b427833049578caa70b773b20fe28dcc3e33e39cc16,[5.075504],"[4.338352,3.481069,2.856628,3.133771,3.267047]",0.0,1843.7810000000443,1698.5194000000092,1681.6259999999916,543.9144000000118,117.23700000000007,7.855600000000045,2676809728,[5.538938],"[4.454507,3.361308,3.61438,3.015637,3.743274]",20.42000000000016,1789.3380000000293,1753.4583999999852,2130.4330000000427,585.6670000000008,7.711999999999996,12.51280000000004,2706526208
512,25,40,0xbe73ec0dc74b0421798404124626129504c4527b15155a852bdaad4e1c83a643,0x4e93ba28a29e41844e610c93cffa0f8131def6d6a259bd6ab36aeac32517a0b8,0xf50a2ba0d014e2bdb554b3126f01a67ae813722b90bd957d0ae9fcb01b1e976e,[5.678724],"[4.656673,4.361518,3.292034,3.392411,3.248088]",0.0,1809.2389999999625,1936.7146000000002,2584.5469999999927,500.404600000004,4.607000000000222,9.155799999999852,2676838400,[6.247161],"[8.04441,3.755674,3.747331,3.840086,3.560379]",19.930000000000035,1940.596000000072,2232.3384000000333,2466.0789999999542,528.0664000000046,9.023000000000364,9.11559999999985,2709184512
512,25,41,0x6454aef618a77a73d908e25d473aac40aef08609b37c6a85b1eb708f80504f4c,0x3ed1e2e7f6e9289a5a5c7dadeef8fe1f023e68ad80ef2caf9d557f643096fcaf,0x622798c5ece45d7653b91ecc55d31bec6c8a25b3d3c8b0c8a88f09321cc8dc39,[4.8941],"[3.048897,2.869487,2.902322,3.233901,2.568384]",0.0,1515.1049999999611,1564.4089999999887,2028.6200000000365,454.74780000003267,5.558999999999599,19.00080000000002,2677063680,[4.960731],"[3.452817,3.009297,2.790408,3.023629,3.059584]",17.56600000000011,1582.1560000000013,1566.3400000000215,2153.116999999982,478.730000000005,5.138000000000018,6.9286000000001735,2709438464
512,25,42,0xfbddfe3529686fdb169706044421d8d806e1349e458f956afa3ba64b2b65dea2,0x2c43160ca3f8e7c14a89f3031e2eb4d21dad190e903b64fbd9102bbbf927a518,0x51fbb3796bec8e793c3445b2533934224196641ce5012ab56d686ac35422cf74,[4.584422],"[4.755441,2.935021,2.628124,2.779501,2.646882]",0.0,1604.4099999998896,1489.4881999999664,1944.2809999999922,481.27200000001034,4.065999999999619,6.133199999999901,2686205952,[5.002164],"[3.521641,3.279425,2.861535,3.467929,2.730859]",19.81999999999982,1615.3960000000466,1630.9878000000388,1981.0179999999455,540.1964000000037,8.633000000000077,6.504000000000058,2710523904
512,25,43,0x85a48d082e36a445599b9ea72839293ef022b3e35eda48a31fbc88df6ff939b3,0x3d7c9c7af96a3f233e488610c2d0584d5eaf12d4cc7f2c844279404f61d5242b,0x272d6363f241b832f7b2d613fcfcc7ebf7b9ef6c7761fac8471f741e64ec3bdb,[4.785983],"[6.088977,4.121556,3.239546,2.96442,3.480198]",0.0,1823.1390000000847,1727.3490000000002,1603.2879999999805,498.75800000001027,6.2889999999996,8.811400000000026,2691149824,[4.178041],"[5.921525,3.595052,3.077581,3.084907,3.052593]",17.2359999999999,1502.0850000000419,1913.8875999999527,1596.0270000000553,577.3786000000224,6.459999999999799,8.126200000000035,2715725824
512,25,44,0x63ae7247b84b3fb096ea6a5ca098772a56e2e186b76fec35c09c1e089dfcbb4b,0x6791ad7156977138b0e8e43f04a2970d9fe6bec2d4a5b993fc2317f48735649b,0xfc6dcd866c80332d9e8e25e8353cd088f9ae0acde590cf93bb5d314fce93751b,[4.875532],"[13.710841,3.768704,3.006264,2.775826,2.698119]",0.0,1685.2320000000366,3404.5659999999866,1674.384999999945,494.4775999999873,6.489999999999621,6.101199999999918,2687275008,[7.325597],"[3.556474,3.139825,2.862987,2.647082,2.753202]",18.16799999999983,3191.1430000000073,1551.207000000021,2414.8819999999514,461.1675999999676,6.670000000000287,7.385200000000098,2717376512
512,25,45,0x235d296e6c20601910b305134efa40f8e10381187ae92c880ec43fa1569e48df,0x414895c3638870e6aa63ed0f01b75e06d45c95a61aa5d9b25a7653df281a006e,0x02400aefce8d65382ee602703a36327957f629a546322c0c0c5d8c02781051a0,[4.877095],"[2.983519,3.323061,2.978562,2.730027,2.650737]",0.0,1621.9660000000858,1639.904999999997,1900.4259999999551,403.7147999999879,5.978999999999707,6.1691999999998615,2687434752,[5.240292],"[3.863266,3.268399,2.57946,2.807654,2.766912]",18.197000000000177,1904.4619999999402,1652.6862000000087,2017.0720000000085,453.3037999999934,5.558000000000125,6.657800000000116,2717679616
512,25,46,0x17040c748b3e2015f37d87f580ae0ddd630cfffcd8afa9ec5f61a89b9dc9adbb,0xb9a7f0841669838f867eb8c2e0aa99fc757e62c3980fa71d6052ce63e2a3eaf9,0x08dd14c8320d80f0413a4ba9771afef811b1cd944c2652a2331e70f523c742e4,[4.609551],"[3.284854,3.051302,2.52663,3.286496,2.648334]",0.0,1574.6949999999592,1597.8593999999903,1790.5710000000186,422.2228000000161,5.078000000000374,6.904400000000074,2691776512,[4.40314],"[2.975327,2.945241,2.570407,2.888656,2.604758]",17.567000000000018,1475.8649999999652,1513.3861999999885,1870.091000000018,410.0664000000087,5.497999999999614,6.1774000000000555,2712862720
512,25,47,0x9ef3b31f17c5d17415720f5503b7181243456e9615f8b08a8845a5238ee58db6,0x2dea0cce648d08bba6fe83b18578dd3338b0cb5624e520fbe216e9064353aa84,0x430611072641fbf1d291a04ac365d52c89e970613d16d55ee7f9315c2c6be0c4,[5.900818],"[3.947864,3.473888,2.699991,2.913734,2.681224]",0.0,1533.1620000000878,1667.9431999999217,2576.0540000000497,449.85419999998834,6.179000000000253,6.922399999999968,2687852544,[5.101223],"[3.531556,2.814193,3.294358,2.806222,2.83775]",17.896999999999792,1676.5780000000952,1592.9421999999693,2101.7389999999914,454.3349999999835,6.009000000000396,5.774800000000156,2708185088
512,25,48,0xe4ab87a365d6e2f0db2c0feefdc6b5dec10c77f2756791df1e5c8460a7faeebc,0x56b6afd38198fee88a66051d2ac793505871690c2fdc7f26dabedf9e43c72237,0x03e035689c8f5a0e7483df2b3c31a45a5a177cef9529d459f5cc555bbdd7a74b,[4.783633],"[3.165223,3.552267,2.663096,2.616606,3.171353]",0.0,1642.146000000011,1633.3370000000345,2033.7169999999905,511.0669999999872,4.2360000000003435,6.700399999999898,2692288512,[5.394605],"[3.856806,3.141717,2.837809,3.133415,2.943158]",19.59899999999992,1599.1010000000472,1739.3847999999766,2420.168999999972,457.26539999997317,7.080999999999928,7.012400000000127,2708201472
512,25,49,0x4da57e89e72ade72b0c929377d8bf9ec20137390591b7972e38189ca6309e7b3,0xb66de6f34f2b028ffb56731c2d48acf447e7c0009e6dab3227b681201bb21f3d,0xce7023688eadbf5904241608210cf58a30ee12fb8abacbdd6f5ebf98530bb71e,[4.831436],"[3.768072,5.186721,3.018322,7.02931,2.620552]",0.0,1570.008000000067,2781.9633999999646,1914.3270000000489,434.5913999999951,5.668000000000339,7.148999999999871,2688225280,[4.451623],"[3.245835,5.360735,4.771495,2.639831,2.633441]",18.52799999999986,1537.9189999999987,1556.306600000035,1797.7810000000538,427.54680000001156,5.378000000000327,6.908400000000051,2713735168
512,25,50,0x7b4223fcbd9bd944621334d743872d7f2e2153d37e05e2874127638fa24f220d,0x5e1f6a1feaad71c088ba9d4cd3c5c1b469d839006999740fbe023ed1ab7e4829,0x2029472f8231e891972db6dc253c1084e2f7698fbe226cec2b2bd5dbda26f612,[5.048633],"[3.192574,3.105734,2.835756,3.168658,2.633251]",0.0,1554.674000000089,1608.1449999999718,2182.0799999999754,467.0925999999742,5.126999999999736,6.1452000000000035,2688548864,[4.778946],"[3.792058,3.257137,3.133431,2.587872,2.666701]",18.597999999999878,1695.5469999999639,1637.7259999999615,1946.7060000000201,489.47639999998853,7.1710000000002605,6.766199999999958,2714206208
512,25,51,0x1c2e405498e088355cc62c03153277e1f2c028e97859916857d175870d0b4af6,0x53b710e9f5a142855adda703644c7ef291d55db69f23abd0b9cb830a3ce8b204,0x25af716b8bd1e53957c64fbe0b1a3a6ccd7489b8e988794ef9a0fc53e643a309,[4.609992],"[3.746164,3.155809,4.917286,8.335375,3.388805]",0.0,1541.924999999944,2143.3121999999917,1636.5480000000155,466.6817999999795,5.909000000000122,7.5612000000000945,2691117056,[5.156366],"[3.497208,2.997671,3.08365,4.136678,3.419261]",17.61599999999981,2082.710999999904,1903.3719999999478,1793.233999999977,470.77219999998033,6.039000000000218,7.691399999999911,2711146496
512,25,52,0x6bac9146ad5eedfbc5af6d3460e0ab029ed4828ec7f673effae110c577621852,0xa857a510acc3b6faf59fbfa5652c43f01b33052ca1e78b854f49da5825f3f879,0x71c24884eeffffd356a6f001a728cc798c5789a3f51f3c998ca8b96f6ecd54fb,[4.148115],"[3.844753,3.809445,2.862487,3.288674,2.736256]",0.0,1576.1069999999931,1768.0503999999876,1527.453000000012,473.4660000000002,3.9059999999997013,7.529400000000005,2697555968,[4.769382],"[5.260093,3.71999,3.582312,3.301809,3.059023]",20.52099999999991,1563.7980000000607,1688.1093999999487,1711.390999999951,490.53740000000175,8.163000000000267,8.418800000000067,2717941760
512,25,53,0x92b5436e8604c2708e9b294503341d50bfecdff817374404103c7f58e82daa81,0x165042d221d87c5d96a0d4e94ee7d4ff2fd05d11b2c0bada8e190fab91589b73,0xf5db305f2df05bc5afbca2ae671c25fd465c4f2230fd295ee5c6c260cebf3b3e,[5.068423],"[3.141908,4.032732,2.724299,2.635795,2.617177]",0.0,1687.8250000000871,1559.3416000000193,1995.9499999999687,458.7960000000058,3.615000000000215,6.197199999999868,2697699328,[5.537757],"[3.662323,3.248138,2.954916,2.929628,2.729777]",19.959999999999855,1898.1119999998964,1674.330799999968,1816.433999999978,429.52560000000256,7.992000000000068,6.58800000000008,2724126720
512,25,54,0x2e62dae208544f4a83fe60102ea17e51ac30a856b84fb4b9b35dcdd2cbc3a0eb,0x4613ac6aa637358551267f9859b4970e0bcc3c09286935395bd9efc292284278,0x851324d2090a2398d9930d99f4d3313c53da758086a2d93783c0ba0cadf31164,[4.69483],"[3.23581,3.035167,2.696907,2.713001,3.25563]",0.0,1543.4979999999764,1573.5950000000278,1915.749000000022,533.8712000000133,4.5770000000004005,6.277800000000118,2691235840,[4.947841],"[3.535111,2.739351,2.903309,3.394779,2.948116]",19.027999999999928,1779.583000000029,1635.6344000000079,1813.9150000000548,461.800400000012,6.71999999999999,7.182799999999948,2717986816
512,25,55,0xca128ed22be0104a0442590c9ca945cf593bcefc4e3c8506608534fff5e73111,0x16e6eb0edd94301c22a54944dcbdd9004711bee3671c0045f6ac8e31977462c2,0x2c2136c4f7f7fc06d0ffd4b9bc1fb5a5966339d613a364ec5106bd62b01e3986,[6.026237],"[3.459978,3.729014,2.834855,3.272655,6.102477]",0.0,2036.3960000000513,2194.587800000036,2248.830999999951,510.21940000000046,5.589000000000288,15.25099999999998,2691256320,[6.046178],"[3.642012,3.39866,3.630575,3.379937,3.117341]",18.14700000000004,1694.2950000000678,1767.443600000007,2997.5800000000554,560.8075999999907,13.540999999999727,8.226400000000202,2711261184
512,25,56,0x3975e38d4f6103b3c38de336a3c41532df0c9a5ab9764fc7878555567b007362,0x7e33198aded6dfcbd390195a27e4629807cb6eac8ad159daef665299c39fd2d4,0xd484b39a9fc050760311e24eacfd066a227c116614abbf8dbe989b9ac26fff5e,[5.225139],"[3.159265,2.780363,2.767193,2.734384,2.642655]",0.0,1893.2860000000496,1541.392599999991,1772.4019999999507,422.11660000002206,6.550000000000132,7.070600000000198,2698137600,[4.601389],"[4.022385,2.968451,3.107626,2.870809,2.804219]",17.607000000000212,1621.6449999999493,1660.7466000000404,1851.7519999999843,453.10140000003327,5.357999999999579,6.780600000000012,2717552640
512,25,57,0x964df4654a8861600fb84bf4150f2e295e112b64e43c0dca51eed9b6a8706c30,0x0a686bb47634259d3a7b63629596d87ab519de1d09fda3ed3ce6053112d18b44,0x9699c381a9a985e0943f98bc6beed9a6d38eda92723f76e97e7b2f41deea928e,[5.698263],"[4.968152,3.360889,2.788094,2.789277,2.559339]",0.0,1966.5159999999737,1533.7025999999644,2208.6510000000058,461.9788000000291,5.909000000000122,6.878800000000018,2691416064,[5.027317],"[3.4549,2.944801,2.890268,3.055087,3.026494]",17.576999999999956,1644.1499999999553,1687.234400000026,2149.762000000055,464.5343999999829,6.420000000000037,6.273599999999901,2724864000
512,25,58,0xa2db6425944e455f890a10dc948b6aa3318f65ec0ae400ffe09b5b06705262c1,0x6a08102931f041fd14fd9fe384c531e518998b863e6092b433242f0cb380e821,0x6a445431eefde40450c5ec1ed9b51942a41ad12fa8597f764917ba9adfe42ae1,[5.099711],"[3.562322,3.001086,2.716407,2.658339,2.627422]",0.0,1636.1170000001034,1527.0428000000002,1943.9110000000203,448.8912000000011,3.9050000000002276,11.397200000000211,2697654272,[5.123156],"[3.208599,2.747083,2.59946,2.682205,2.592249]",19.949999999999914,1678.2710000000645,1485.5301999999515,1888.2580000000314,442.84980000002247,7.891999999999795,5.5804000000001315,2719232000
512,25,59,0xb720d4bdd7e0572ec6c9b2dda5f5e4b1f3e990c3af945380507a4b9cb691c452,0x73629fc9f62d1dc8a5681c7367365917436724c3eba46d9ac7817eedf91be7f8,0x2801ce00abdfcf97cd30645189ef6bf358e7f4decd0fae3179f7b0ef8859b148,[4.244221],"[3.050851,3.029889,2.89786,2.770258,2.561543]",0.0,1561.7850000000378,1514.6217999999933,1605.9720000000111,461.6218000000006,4.27699999999958,6.473399999999859,2692272128,[5.987669],"[3.774232,2.946433,2.709356,2.589034,2.720934]",20.130000000000148,1731.6110000000772,1576.501199999969,1729.2979999999902,446.93559999999803,226.61200000000017,6.351600000000131,2712891392
512,25,60,0x4911b982f508c2631bd45e11f9b1b1f2d6e2e5f6fb0847e540350f67794db82c,0x0d9a6e08ec46b01371066b7ae949e19fc6a2d4f38c8cb67eb339ba585620be42,0x1cbe927068f428c4bc7a4058865661df55d69b0114482c8a9c2d0d08083695e2,[4.724905],"[3.012022,2.908155,2.751549,2.563035,2.819221]",0.0,1745.2019999999457,1547.8859999999984,1812.6130000000185,442.170399999986,3.5449999999997637,6.940200000000139,2692694016,[4.830614],"[3.527089,2.759842,2.819792,2.754579,3.09034]",19.388999999999864,1680.6140000000803,1561.3363999999574,1673.8039999999455,466.79820000001814,8.02199999999989,6.441400000000048,2718822400
512,25,61,0x65618b42874207f033f74f2b6a45699c7de1fed1d0fb3de85247af8ff0b5a6d3,0x5f22fd739b83425509136892c61c59aa273c3693d0f7fe576b42f89986bdba19,0x94fe5fe41365f2f56067df91f36907dabd57c99672040fb2debc95ca0f12b65d,[5.011067],"[3.533448,2.99725,2.868787,3.427258,3.015898]",0.0,1927.127000000084,1684.129599999995,1791.662000000027,481.4482000000009,4.215999999999595,12.434600000000088,2692722688,[5.175214],"[3.234337,3.303282,2.807864,3.153786,3.44166]",20.09999999999989,1781.6669999999312,1670.4890000000637,1793.8050000000371,530.4879999999956,7.461000000000273,6.8102000000000436,2726612992
512,25,62,0xe03ae91149dddfa087b5653c9a9a1e5f38cc55a73e67c32549be251fd63e2311,0x9801ad5e614c10fedc5df5f2918b50ee5e4e335cdfc97d694af47852ca1011ec,0x21fc8101d347f1731a57242525c7a71f08798aabe57896e746b5691ed5dadba6,[4.751365],"[3.765048,2.945892,2.729006,3.256852,2.833673]",0.0,1595.4559999999951,1578.3261999999797,1712.0520000000195,493.6183999999955,5.729000000000324,7.184799999999936,2694066176,[4.673047],"[3.379196,2.877489,2.71192,4.818947,2.845151]",16.865000000000023,1699.2119999998945,1978.3449999999812,1691.640999999966,431.41859999999974,5.769000000000086,7.102600000000007,2721161216
512,25,63,0xebdb2bb7320a79e2ef658578cbe60570727cd3ed323a8efe5515f3c09293aca7,0x713b37869ca4acae0121e326d4f70b1eb2d183b5533b9cef182f739a35c84fe2,0x05df3585fc1358b9ce6348989ac5044722911cc293e47163501140abbc86224b,[5.219882],"[3.680881,3.314439,3.443093,5.253508,3.159064]",0.0,1818.4020000000523,2024.7034000000053,1934.80800000001,489.5505999999772,6.238999999999898,14.567999999999873,2694103040,[6.744922],"[4.709181,5.178841,3.891739,3.588993,7.594433]",17.95699999999987,3609.6230000000064,2753.7405999999546,1915.7589999999614,490.2638000000125,7.220999999999964,9.223600000000076,2713612288
512,25,64,0xf0e4dd7117954df3e69d645bac6b886cc90d0226db559feb610b87eb86e1f601,0x1d5216b20055403954ffcd46b6cc8558f04a947bb38bb3b62eb2e70ddaa9eb5b,0xe478558dfe583641e5200df3d322d7424624218650c02734ba596aa4453a631d,[4.969694],"[3.064421,3.171733,2.744619,2.669977,2.643967]",0.0,1801.1659999999097,1515.2468000000142,1829.8389999999997,451.2628000000074,5.9589999999998255,6.1154000000000766,2694250496,[4.685175],"[4.096578,3.159645,2.87091,2.901405,2.75136]",17.47600000000021,1566.0619999999792,1582.89900000006,1748.7470000000505,497.350200000013,6.359000000000052,6.802199999999917,2718359552
512,25,65,0x4453a73d8741d70fc9856d705ef426cd2908aaab2fd33384f2ca7c46f0f7694a,0xb1be0f6090971d168a3151145a6ce34f55b2232e68ffc4a07a1ab0095960f82a,0xf112f4e691fe1b5a78be8937becd5b1ddfb195df7d9be6d171dc8f497f6d510d,[4.932969],"[3.779355,3.194287,2.781595,2.954791,2.833598]",0.0,1676.1180000000043,1646.8013999999976,1892.745000000029,452.36200000000616,4.015999999999916,18.81820000000003,2694688768,[5.124618],"[3.382731,2.969739,3.396913,3.018351,3.00399]",19.991000000000017,1594.555000000053,1762.5760000000046,1948.6090000000456,458.03679999998343,8.372000000000414,6.48799999999998,2722541568
512,25,66,0x83a26775db7301a832b37b0e568263440694cb34c6ac75e4c3cac800955384d6,0xda059a31378118f39a88a64b5e39f3311148961755e88a74ecbbe6ee114482db,0x3793adb4f3149260f540a4654df4f3d03a94f593aeb0e0f06994b1b55d9a7a95,[6.58463],"[3.519557,3.505106,2.773643,3.232985,3.197171]",0.0,1784.48100000006,1903.6370000000247,3263.92200000003,423.7853999999874,4.487000000000068,6.321399999999893,2695135232,[5.743872],"[4.14457,3.103681,3.0501,2.895627,2.813302]",19.480000000000103,1736.5680000001048,1632.1033999999734,2162.5210000000284,510.62380000002076,7.351000000000059,6.906200000000168,2719768576
512,25,67,0x9f83425da9a2f39e8229898d364cfe189750ea9a58c3c16614d1633611a79a43,0xebc9563d685830edefb2f658e3318680c00655505eb63271871423975689c920,0xfa370dc706dbb4444699867578ecc666a99c7d71aa673bde8ba03b27a5deb888,[4.915913],"[2.998973,2.998321,2.998021,2.973714,2.992007]",0.0,1650.6290000000145,1648.549800000021,1885.7639999999565,441.1934000000395,4.706999999999628,7.210999999999849,2696744960,[4.50319],"[3.54082,2.986724,3.044541,2.974766,2.708134]",17.586999999999897,1711.4910000000095,1550.8805999999709,1646.5879999999488,474.2996000000055,6.589999999999894,6.5137999999999305,2725064704
512,25,68,0x1a21df0b7e622257ed1802d848bac088a69aef1213c434bc579ac68e24e7a00d,0x730a654434dda101e96b48c4f91ef608fc9dde3d0a049b3aaa1d79766f7cbe65,0x5f2ac524d42a3209be6748d8a24a1a9f65406702552896010eb865ef260f7235,[5.012534],"[3.664846,3.038572,2.889868,3.007846,2.675014]",0.0,1622.016000000004,1622.7852000000098,2014.9080000000374,471.48080000001255,5.136999999999676,7.45699999999995,2696794112,[4.723793],"[3.646058,2.931912,2.664248,2.67298,2.57945]",17.887000000000285,1612.9320000000114,1604.083199999984,1903.9709999999488,418.75960000001817,6.248999999999838,5.540400000000195,2725122048
512,25,69,0x9d5b6d55f14957a02b924c564d887e82c45fa2500e884504ab3c06b7f78de0aa,0x39817abcc3c9dbb5628b3bc2af51cb62391750b926199bf330edb15b95d4b6d9,0x8ea607fbe58a08b86caee69e29af43a4fb8a306855d5676649a28cedb92896d7,[5.477961],"[3.716895,2.984922,2.817859,2.973024,2.696958]",0.0,1547.0630000000706,1607.3920000000187,2164.4939999999615,448.3320000000069,5.67800000000028,10.734199999999985,2696814592,[4.852928],"[3.227117,2.879222,3.470594,2.847504,2.596866]",18.228000000000343,1636.35800000006,1558.5925999999529,1767.4050000000552,463.855599999996,7.481000000000154,6.337600000000041,2725400576
512,25,70,0xb0b6899b61c28cc3e9aac060b458bcb610d85658c26d83dd4e2a102e1c109e5f,0x349ceebf3d7a3b8200eebe7a47faa04311277236c425bae0409df1426ad35e88,0x7930beeeb22ddf6df93cc83a90c792e5ab7f075e7c9e4ed30b08cb470ff28a43,[4.896534],"[3.261018,3.79947,2.815337,3.099275,2.799212]",0.0,1618.1809999999964,1631.316400000049,1817.9310000000503,477.46419999998847,5.879000000000301,7.252799999999879,2696843264,[4.53554],"[3.646375,3.572438,2.963439,2.675486,2.628935]",18.548000000000176,1573.9239999998933,1678.7120000000045,1826.384999999986,421.7459999999784,5.988999999999647,7.875999999999716,2725433344
512,25,71,0x0e142668e83176d9d4d792f98472812b2ecfe9c153d3b326060a84c0a4fe635d,0x2334feff37d6423eb63711f825234be809f3db19f073f2271b2750343aebcb3f,0x121a5177867c24435c25a364ff19011af7c94ec0ba0638941f4381058f2162ca,[5.307836],"[3.165264,3.087457,2.884079,2.838762,2.697979]",0.0,1974.3379999999088,1562.9555999999932,1854.637999999964,440.69460000000225,5.287999999999994,7.202999999999897,2696855552,[5.336339],"[3.745619,3.049399,3.031983,3.207879,2.86423]",33.290000000000056,1573.9340000000545,1709.7185999999988,2274.0199999999877,490.8288000000427,9.183999999999754,7.4836,2726268928
512,25,72,0xd9ea1dbc7bd5d9f879e9feb675f6aeb900f49bb0909955777461ef2db94673bb,0x25d4971c8260913841bfc8d74eb16cdbeb1d6f14fb46374215098ba8531372db,0x5df11fda216e4fafc84f1379fde308c34b1eb2700bbd62bfeaa4c362f1873bf9,[4.463873],"[2.828216,2.878201,3.203562,2.949548,2.553722]",0.0,1586.443000000104,1659.767599999995,1777.3909999999614,403.6366000000235,3.6350000000000966,6.147199999999992,2696900608,[5.157198],"[3.497155,2.932323,2.536406,2.905632,2.840214]",18.518000000000352,1887.0769999999038,1602.3468000000207,1861.4879999999666,432.42420000000334,6.7000000000001085,6.203399999999901,2726309888
512,25,73,0xe45bd0c5c432ec18cabc42f2f54eaeed4dfa37c25a2d53620b51490af525494a,0xe332a23c1e959085db92cdd475d5e80fb39b0131039e75d919d93415b0855e42,0x6d90973579304e436fc8a80f4980c7dee94cac05e8e0d4be6b60a883d473f0ae,[4.836074],"[4.275403,3.057952,2.531594,2.722537,2.758791]",0.0,1584.248999999982,1628.6621999999975,1968.7290000000023,445.02500000001004,5.558999999999599,6.968599999999936,2696929280,[4.783465],"[3.203912,3.223277,3.194659,2.634283,2.757089]",17.455999999999896,1565.4409999998898,1546.5326000000168,2080.788,445.9463999999747,7.100000000000335,5.868799999999944,2727010304
512,25,74,0x688396b5785a294a62bef4bc44eb91cbf869c93fcb4afc1cdc4fa26fd87e0eb7,0xd4d13694d3dfc1c988cd1244f6540c10b31cb80f89756f3a0840cac6ce533173,0xcea3afe60dbc76309b6a6f0fd346f0dbc00839f86ee75336402975a8a6118b4d,[4.938089],"[3.089631,3.437255,2.70474,2.965863,2.959374]",0.0,1610.0290000000682,1652.3662000000438,2086.586999999973,470.48140000001126,4.846999999999664,6.721999999999978,2696949760,[5.812237],"[3.375681,3.033285,2.973726,2.912272,3.163702]",20.341000000000108,1550.6389999999649,1539.113400000014,2560.1709999999443,493.1795999999711,6.980999999999654,6.852199999999968,2727596032
512,25,75,0x513b6073394b0077c8fa2db7b3f15e76a8c22081d230b3f2a9c823184fbd273e,0xf5e65161ecb4e2b69fcb6ca01df7b41939487c71dfafdd60b93da7eef15b6f42,0x1678f9f6cf87565187c1b0c36702491299225bf2ab2eeece3bbc3cf8844f7ba1,[4.649342],"[2.992494,2.754975,2.589015,2.608605,2.542003]",0.0,1626.0720000000895,1487.0386000000567,1633.7640000000374,404.2376000000125,5.67800000000028,6.686000000000019,2698485760,[4.553117],"[3.525207,2.714504,2.606061,2.525419,2.704359]",18.337000000000213,1589.3570000000689,1521.743200000003,1708.4969999999755,407.8409999999977,6.420000000000037,5.893000000000044,2729304064
512,25,76,0x674fa4fe1b4bbf7701035ca476c9e50ac45150904b663cfcff28f0ad46b09ea7,0xc8c0e04bb137a850b33569378e8785dad46e56b8bbedb3532cc92c52cf568908,0xdf0648545b9634feef638a2f0df4ed8b979c7bb5f672e6187c936f864e7236b5,[4.77957],"[3.799205,2.91738,2.593902,2.777159,2.588073]",0.0,1585.1200000001065,1569.3912000000141,1830.7020000000173,440.7947999999884,6.560000000000072,7.036599999999879,2698518528,[4.730174],"[3.403544,2.809007,2.955168,2.733713,2.663117]",18.708000000000094,1870.9120000000023,1613.7860000000169,1690.9910000000305,455.7512000000319,5.647999999999591,6.616200000000329,2729402368
512,25,77,0xba8462445a0134f8e4ce4ae2e095248e655cc221d746af3c1ad007dcea528641,0x7bbe5875f83ed3b76efdb23bb57a5d5de7051db68ce446e9178895d49b227c48,0x104089e92e0bf26159cf3e1c117fce8fad880096ec0677fed75ac3a07911f746,[4.409181],"[3.859431,3.020556,2.743328,2.995398,2.641304]",0.0,1605.8519999999633,1572.9502000000118,1690.269000000022,467.4149999999822,4.155999999999952,6.742000000000033,2698567680,[5.520207],"[3.244914,2.901687,2.728064,2.651559,2.779052]",20.36099999999999,1779.8739999999036,1577.308999999971,2061.720000000045,442.07679999999084,6.560000000000072,5.847000000000144,2729418752
512,25,78,0xc722a200f8b04dbdb3a431fb5b6ff82cd0eedf15fd3fe24785e7ee79aca304d5,0xdd327ec981609db651a54de500a16a9a48343e18ef004c9b9ecac3696e497203,0xe7efef44d4e849c815a8db378e86cc677239fe19d717b620e99bbf27d0bb5e1f,[4.292014],"[2.994477,3.261629,2.673393,2.639582,2.565699]",0.0,1648.7469999999505,1585.0388000000048,1654.4059999999972,434.0145999999878,3.775999999999606,5.772799999999995,2698584064,[4.650234],"[3.656044,2.941006,2.71128,2.629206,2.544377]",20.300000000000004,1536.4570000000465,1516.3949999999816,1765.4129999999934,449.5639999999801,7.140999999999571,6.425600000000038,2729541632
512,25,79,0x784255a834867645fa550ae4cf7ca8df5b6f5bf66244628e07d512a5aa35f924,0xf4bcc8bcaf7d0e3b56bd937455a3e22d4264c3ec52132aeaef924fb88d4fcb2d,0xec648b8135d637af011f4d0940914e9360a499a7604d7d513843c63dc27637f7,[4.830807],"[3.80596,3.16902,2.675855,3.113747,2.529446]",0.0,1768.3569999999982,1628.8509999999867,1755.3580000000402,451.62700000001,5.167999999999839,6.179400000000043,2699390976,[4.444073],"[3.08975,2.77153,2.61257,2.601414,2.601895]",17.826999999999774,1516.1059999999616,1498.9787999999837,1859.775000000008,406.97160000000565,5.629000000000051,5.2416000000001315,2729558016
512,25,80,0x8503350261657305b89d8e981a09232a360d6523043b50e351da95883c2e217c,0xc508415278946500c0ab7d2b2c904ad09a1b1aafbd4c51161ca74c7d86fbc8f6,0x41ad272b1d82a91460c52568418df3bfeec6b6eeec9a977ea8cd8b74faa65ada,[4.43523],"[3.831189,3.400099,2.896428,3.050562,3.3684]",0.0,1709.9490000000994,1748.5011999999856,1691.5809999999976,531.8606000000115,3.0840000000004197,6.962399999999903,2699411456,[5.021774],"[3.333097,2.838622,3.103971,2.720673,2.968217]",20.53099999999985,1528.0650000000228,1630.6092000000217,2091.304000000016,463.27059999997647,6.899999999999788,6.88440000000002,2730106880
512,25,81,0x7bfaefa8df9581bba6ba16a772ea61c3d6ec7d24b7165c4cf976f141283fd720,0x26ec12c1d79acf9064e654b9418cae2b38f9a841d588a6c6b37aec49bde73998,0xbf330f5d28c8552987abdbcee12652a88b3d8e9b549c4b5a8586f72b07838f54,[4.622508],"[3.630902,3.087697,3.634277,3.953308,3.049244]",0.0,1530.3289999999415,2013.2748000000422,1831.9540000000245,447.09420000002,4.205999999999655,6.858199999999932,2699440128,[4.877001],"[3.628393,3.266658,3.194809,2.581965,2.849698]",19.879999999999896,1595.2359999999999,1642.3729999999637,1903.6820000000175,449.22359999999276,6.409000000000622,6.617600000000112,2730307584
512,25,82,0x84ed5550b239c51263b8253ba2a9133f1b7d7f604810e8cc72d85357e30e4874,0x87c6596b1d46640ba6243fc0b0360f2349d31aff90650150b65d213558204422,0x9cbfe4d5608a709a4a768bab53fd84c080bb85bbf84211ff4fcb4cc2c2de3502,[4.681875],"[3.09671,2.877589,2.992994,2.569355,2.518007]",0.0,1546.7119999998947,1567.9105999999888,2084.423000000002,405.17939999999976,3.585999999999867,5.993199999999865,2699538432,[5.233882],"[3.595001,2.798871,2.723677,2.704529,2.704469]",20.761000000000216,1635.9370000000872,1521.8368000000203,2036.150999999986,483.7078000000217,6.990000000000121,6.6883999999999695,2730930176
512,25,83,0x5b20caf3e07bb51d8aa90138ffff6ca5a97c57f004ec10458552195af727ae88,0x7ae1da60334ae44336b60abe6eebdbe6c333afffbf33cf24d2459a340af9c9af,0x2d38b156711a28f1990e81bb1ec758381bdafe693c3c4cbb9f59a9d64da9c2ee,[4.409208],"[7.024293,2.985843,2.972062,2.825221,2.826393]",0.0,1552.009999999937,2274.9848000000575,1828.4870000000453,427.4467999999754,3.424999999999609,6.724199999999861,2700791808,[4.790654],"[3.093735,2.86473,2.845261,2.749296,2.701564]",19.91999999999966,1724.6010000000479,1491.859600000023,1696.0070000000549,439.5050000000067,6.770999999999167,5.710800000000016,2733506560
512,25,84,0xf1874ba63f3e85b534797159461862820757494fd9279f1266f5c6a96ebaa5bf,0x9abc0a1bd6205e08be122265c0fb5a5956bbd63fda1e0f92af0eca63bdf4ccf3,0x5eae71b7baff2d4dfdc7815d666adba018a8ce7cdc52076a74ad1dfc972fcb6f,[4.442599],"[3.211303,3.222009,3.351223,3.225354,2.740733]",0.0,1607.072999999959,1668.8868000000134,1672.2919999999642,515.8600000000346,3.7250000000004295,6.053199999999856,2700808192,[4.879738],"[3.949837,2.89772,2.867483,2.668795,2.900534]",21.00099999999966,1600.4640000000236,1670.7618000000314,1830.5210000000293,457.6743999999966,7.310999999999429,10.760399999999725,2734514176
512,25,85,0xc1da0628f0da2776a1628bb18362fe533ba49877994a80462f6e29dcb07899ac,0x80239c81a829953a631e487c5090a95523f42e99df589cd49230b11aa933cde7,0xd42c6431b02bbb364e7f24e1b1d8b3a2ae0bd5ca6289a3e3f7e04ee7a428d400,[4.259323],"[4.21123,3.073295,2.934084,3.405446,3.432557]",0.0,1574.9249999998938,1671.3928000000155,1557.8290000000106,517.7650000000034,2.903999999999754,16.859399999999937,2700857344,[4.970295],"[4.229779,2.930469,2.778219,3.26312,2.968577]",20.35100000000005,1688.517000000056,1775.806200000041,1741.5360000000435,462.48319999999677,6.960999999999773,17.22600000000005,2734579712
512,25,86,0xe899e7ac6fe9a77c617da12eccdd868ea24a91185a2041b741a112f4151973a4,0x658c4d223f3eb3d58d1aa7fdc97cf6272100958f8a899f9c55042000c4538f3e,0x9c023ec0643e622d29b488c367151e913d53a624187d6686650f6baae7f85ee2,[5.333292],"[3.20243,3.015217,2.655855,2.928036,2.856287]",0.0,1950.421000000091,1619.638599999984,1751.681000000005,413.30980000000574,4.9270000000000564,5.921000000000052,2700881920,[4.746337],"[3.920201,3.113074,3.093495,2.833698,3.444775]",18.4479999999999,1520.9140000000953,1785.504600000021,2004.5229999999804,482.4275999999905,6.849999999999218,7.3790000000004135,2734608384
512,25,87,0x67efcf309ee0d908cc3fe71471ecdfc038885e5f595bba46b9fe2123869c9c08,0xbf940787fc23317e0111a1ba380dc548113cdbc4b6d08c3ac7abe74f99f94816,0x05af1b803eba6637406da8a4b4aeaace97a559bb47e9ed9ed5735fca62f77595,[5.123201],"[3.902094,4.546916,3.680916,3.323241,2.781865]",0.0,1829.3179999999686,1947.5032000000335,2086.337000000049,642.2143999999852,3.976000000000153,7.649200000000093,2700910592,[6.165383],"[3.838118,4.366615,3.618602,2.993975,2.793082]",20.290000000000067,1949.911000000082,1878.0720000000083,2811.1389999999624,507.5731999999889,6.529999999999384,9.205799999999556,2734624768
512,25,88,0x7dd3476aae9518ba1f2ffabfc55e877a86fb0719ecb53d1199274502c4877509,0x9d5e41ca6231a66a57fd9ace5a63a2bcd16e78d68c9c00fe7bf01ceaf45efdb6,0xbc612703e34430a1e5263c2ef0548f27b28acc3f4b9bd82099921a045bb9c32d,[16.704276],"[3.126404,3.235099,2.633221,2.832311,2.578017]",0.0,9823.514000000034,1544.0927999999856,1837.7419999999756,420.4499999999944,5.267999999999246,6.357400000000027,2700939264,[5.059099],"[3.768443,3.339396,3.250312,2.908145,2.72508]",19.599999999999827,1696.839000000061,1619.7104000000186,1927.286000000028,597.1948000000004,8.051999999999712,6.157000000000038,2734723072
512,25,89,0xd65aac371af57a6010cc1892822bc66ff33c43e198c101f965cbd3646c2ffcbe,0x6f469a7db8aa3f27cfd3132499601f01a0c9fcb68d413c82aecfe4686286d206,0x3b280affefda8165fde550a16894e5b43ec963bd47d8f3c173b00e7344f66f79,[4.675441],"[3.52147,3.079233,2.710017,2.721054,2.637768]",0.0,1643.3280000001105,1536.412800000031,1946.4949999999926,440.96099999999524,3.9459999999994637,6.6460000000000825,2701033472,[5.697201],"[3.058623,3.111442,2.707813,2.808645,2.535374]",19.860000000000017,2244.7150000000083,1531.8919999999903,1951.9430000000116,470.5313999999738,6.920000000000536,5.327999999999583,2734956544
512,25,90,0xe4b6983472b000a8c2393436c87eff9014a7e815dfa896a80bf30c0f93cabbd3,0xc5840c9bc0888f9d3e0261d252cdfb68de4bd6f90fcc3d595c5840816dd6c845,0xc8d522168a3b33d80982806820fb92364df4d0b45b04bf33f76ad1604ee20ba0,[6.174341],"[3.115879,2.984792,2.799862,3.442752,2.81797]",0.0,2001.3590000000913,1596.5855999999778,2767.512999999999,464.80499999999034,6.4299999999999775,6.032799999999838,2701742080,[6.198372],"[3.924278,3.399937,2.854295,3.231733,4.175586]",20.6010000000003,1943.7520000000764,1814.5803999999987,2064.772999999964,522.5499999999882,9.99500000000049,7.217199999999535,2735898624
512,25,91,0x070a627bc85cb6edc02c12ef17785644f4ab885a4180c501f9ace6ee36ad5331,0x20cf6933f701db1cefbfbd1ca3398af395cd83c9163e253e0d86114d0a003fc3,0xb2cc08d40e44d2a3e147c6a87b6c48c8ba995c6018a59d019b80a040367fd6fd,[4.511413],"[3.668119,5.319013,3.854394,3.18195,2.717189]",0.0,1691.0299999999268,1876.322400000019,1545.9810000000296,501.4969999999952,4.466999999999318,7.681799999999934,2703085568,[5.031927],"[3.701643,5.212482,3.086135,3.449984,2.829428]",73.61,1743.0890000000866,1880.961200000053,1829.5689999999754,505.74299999999187,7.16100000000032,6.996399999999528,2737037312
512,25,92,0x7e658856cb0c0907e20a1e38f4597d5a569a6a4e4d528a881101743e8e1696a1,0xa639db2ce62000a1faa6aca256b5f9c3b24b97d7762031b4d136faeb5d922004,0x36ce1600e0aae76bf062d5940d50a9dde55d63b52c1112c07a8099b51f4cb387,[4.952791],"[3.578768,3.213598,2.931032,2.922193,6.51034]",0.0,1659.713000000007,1582.443400000022,1770.9609999999598,485.60440000002814,6.3089999999994815,7.651799999999764,2703134720,[4.873792],"[3.335557,3.056024,3.088669,3.027446,3.256122]",19.228999999999946,1615.3969999999074,1715.940600000021,1851.8330000000249,466.33959999999865,7.910999999999335,7.593399999999626,2737065984
512,25,93,0xf777410b9c8b579f8f435812f7d27f6095fedeeab61e7c2c293d89c67d8bf311,0xc3318d335b1c602825dbd7555b52633daad506f9438a042885ba25fe3f5413ba,0xdc09ea58c56c3449574aca64c12b3aab934921499e92a792ca79c997a3ecf035,[5.382889],"[3.581312,2.936599,2.79117,3.084198,2.66521]",0.0,1873.605999999972,1565.929999999982,1759.1729999999473,473.29360000001316,5.408000000000149,7.1124000000002265,2703220736,[4.442342],"[3.321195,2.940796,2.696017,2.663728,3.007341]",18.548000000000176,1556.1580000000852,1566.5153999999682,1766.6849999999902,454.8097999999889,6.960000000000299,6.275399999999474,2737094656
512,25,94,0xbf8d6c5c6939d0fbd49dd3feda2bc6280331c956a8193c202390dc027a9f02e5,0xc58fbca0be7a15bddeb98c946a2a314d101664c1e4bb7dd85e1cece216fe02e2,0x108b038ac69a8c64f9c3dad6d37b971965e455a4915b831c9851814866c1a654,[4.849786],"[2.920335,2.829858,2.720674,2.762056,2.573597]",0.0,1752.5830000000296,1487.7683999999558,2023.5920000000185,443.118599999992,3.776000000000473,6.219199999999911,2703253504,[5.266364],"[3.512088,3.177493,2.79818,2.779984,2.942949]",21.25200000000025,1586.7030000000782,1656.7972000000264,1993.4270000000477,450.8819999999858,8.173000000000208,6.575599999999668,2737119232
512,25,95,0x4b2a00761d3087284da5d15d2391db28c0f149cad8cda981cd4ef251d5e86505,0xa6cd941d47c9e56367d2daa218f4cf1b3b1b764cc9ced6e185f30ba01b17054e,0x85cbfdb557f9b3331694ccdecaa9d01266105f5e993111a229f8671b3b8a44c9,[5.007933],"[3.637157,3.078694,2.792923,3.05633,2.791485]",0.0,1857.7429999999672,1588.644199999978,1821.3270000000393,483.57340000000363,5.777999999999686,7.09260000000024,2703265792,[4.806751],"[3.108569,2.866053,2.642096,2.831941,2.662877]",18.116999999999788,1600.994999999994,1499.5557999999853,1996.1920000000077,450.02499999999833,5.598000000000755,5.7564000000003,2737147904
512,25,96,0x169952efa65f679f5ef0eef829d50db68c0ba32477756f5afa38025cd372ce98,0xda05efff500e81c3bfabd71099678ad3f5ab0b9d687dc3f0b1633a73578c692e,0x857c83941847b90701d4bee4c30ac2f6dc51265a99db99a4b13bd39419a8eca6,[5.32342],"[3.366097,2.91706,2.661024,2.720063,2.696567]",0.0,1738.6530000000898,1562.244799999979,2171.0050000000037,474.0711999999814,5.41800000000009,6.255599999999834,2703310848,[4.64082],"[3.415942,3.020065,3.000626,2.672721,2.6448]",18.688000000000212,1551.0999999999165,1555.1719999999937,1832.394000000015,432.1978000000115,5.809000000000716,5.900799999999928,2737180672
512,25,97,0x7b5e1ca97e4ec3b3ac9d182bb380bd5b55cfc53695cf7c25c66bc9ad2148bc72,0x5e8f6b22dafca134522c888775890277e4169620ac03000c6b22f58c7094cd78,0x74fd7e39ba37eec3e71fdcb7ffcd6c8821fbb085e3520ff65e434a7bc59b6c43,[4.684206],"[3.784879,2.85773,2.868006,2.818783,3.143943]",0.0,1572.7329999999374,1718.550600000013,2018.4140000000239,410.6431999999938,3.9559999999994044,6.151400000000209,2703343616,[5.307126],"[3.471947,2.753714,3.070641,3.060096,2.853134]",20.82099999999986,1663.9709999999309,1614.7055999999882,1900.1969999999924,476.3248000000164,8.131999999999238,5.760799999999719,2737303552
512,25,98,0x738744059c15d0d784702ecc5c02d756a29012c623664bda285bd0a4c83bc4b7,0x338bb394f0ab6e2a335876d203ad5a6e96c3701499bc1bcfbcba830cb3568c26,0xec9ecd9976b5cd16cf4b0d24b75a43760517596dfbc03f8a7c26db431a50512a,[7.357724],"[3.564968,3.061158,2.703048,2.640924,2.71775]",0.0,1770.2500000000844,1572.8086000000196,2638.97099999999,443.71939999998665,6.6600000000003465,7.250999999999785,2703572992,[4.808028],"[3.081659,2.748005,2.690309,2.83048,2.661424]",18.068000000000424,1542.2959999999985,1506.2381999999986,1973.3570000000088,431.87320000002137,7.572000000000828,6.1013999999998125,2737991680
512,25,99,0x3eba55cc9414f26739b2d066c579371421013f8862e07f015b92cbad3223954c,0x829a12d66c438ad87a9a8489ba9faf041b160943eb61c8fcee7a4c1894837d3d,0xa105a87a45300fc2c77edbe288322aed56880cc3e9e66667e7f9298ff2f312ae,[4.291824],"[3.999433,3.509764,3.057081,3.015809,2.887827]",0.0,1611.9619999999113,1652.1241999999602,1569.8480000000404,489.8708000000251,3.6350000000000966,8.743200000000533,2705772544,[4.636013],"[3.416124,3.12897,3.13573,3.31478,3.177473]",21.142000000000035,1660.5549999999525,1612.3040000000087,1593.574000000042,516.2649999999935,8.061999999999653,7.399000000000295,2739347456
512,100,0,0x3d29899730d80652d4704e701e863461ab9ae4ececeb5486aff4ed45a15207e3,0x49085ee124d4b29c3c68d831313856e3bbabca16856ec481886b9e6284ce09f5,0x3b32ccdd3d472f37d941b63e9c83c4d01d65a019d8b155339a248a882ca45676,[4.453407],"[3.090903,3.02989,2.69838,2.758672,2.683358]",0.0,1705.9029999999532,1539.4300000000082,1519.611999999948,413.23519999998393,4.165999999999892,6.235399999999711,2705825792,[6.11006],"[3.680972,2.901707,3.121459,2.780384,2.709707]",23.4349999999996,1706.0429999999903,1579.1820000000012,2561.7390000000073,523.8900000000158,11.72800000000078,7.165000000000297,2739376128
512,100,1,0x38ee550eb34a12f8afd6db300cb9f361130d575b0fc61b08205c4c3dd96cfbc2,0x032727082df7c3443cddb661646906e4a8345b389383c1a2356c683ca205b22c,0x4e8d8e4635b7aa1a1c4381530a12ab196b962358bd66555920b7c6af41bf5df4,[4.314408],"[3.392898,3.067427,2.842888,2.674234,2.716728]",0.0,1632.1319999998973,1554.668800000014,1633.2039999999993,423.75540000001433,3.665999999999392,9.97099999999994,2705838080,[5.002146],"[3.14245,2.900234,2.716918,3.227979,2.696637]",20.35100000000005,1601.4660000001068,1538.4888000000262,2075.590000000016,474.9507999999736,6.479999999999681,5.602599999999722,2739404800
512,100,2,0xe8d08fec3ebd093411dcc70914785c916245f7429a5e54fb787af6dded38a6db,0x6b63f4407c5c9b1d5a98eab596c6973425a273be1abec4164633cfb1aed355b5,0x7c4ed2b0e66611a1d2ed109f2d715b5129f94dd0d93d97a02b239ad65e3e45c3,[5.941593],"[3.064672,3.021238,2.729017,2.993035,2.650798]",0.0,1679.2729999999256,1551.1600000000403,2742.496999999955,485.41019999999156,5.138000000000018,10.277399999999993,2705883136,[4.951629],"[3.75233,3.074538,2.900615,2.696477,2.591179]",18.35799999999957,1676.6989999998927,1592.8263999999804,1837.4319999999723,502.6721999999983,7.672000000000234,6.830400000000167,2739425280
512,100,3,0x8af9e95fd84b7b2b6759240fbcd3b9a1f99c9b753576f99c34b3ab40be2de871,0x303eeb2e6985270abe5523e3c5d3696da66e58694ad186c003c1ba7d57ce278d,0x6326d71ad5a4ed57ed05f3223fbfec9c9d0d5cbf5b3b11ba3afc883f8485f24a,[4.418254],"[3.014027,2.841446,2.805081,2.724179,2.807475]",0.0,1594.0350000001047,1582.7511999999545,1682.2770000000098,407.68100000001533,3.9559999999994044,6.075200000000072,2705928192,[5.069707],"[3.479889,2.889308,2.799222,2.746693,2.72475]",20.98200000000012,1555.3170000000005,1568.0836000000475,2069.0509999999886,458.583800000012,6.990999999999595,6.345799999999888,2739458048
512,100,4,0x7219b5222678e9c5a7b9e87d8d9f006026560b3d1e14f71eeaf5c6cadaa74da4,0x8e6555f4a735ba31d339d4e9a63f0474e75ef30821fcd606a3d3913aa3134b6a,0xf46805f73560d94c8fea46ff573e0d8b5f9137a5c75d872f844c1ffa68b0cc43,[4.76647],"[3.595684,3.343864,2.736477,2.787014,2.455864]",0.0,1638.251000000146,1529.931400000084,1869.6599999999953,432.5547999999957,5.207999999999602,6.850400000000048,2705952768,[4.401579],"[3.030131,2.690628,2.754405,2.786512,2.740403]",17.927000000000046,1516.8979999999888,1536.0069999999837,1839.0240000000224,466.42759999999674,6.610000000000643,5.542399999999836,2739499008
512,100,5,0x5a4f57fc64256a6bb9dfff12442928d0ffc85f28524e6012a36f1cc657831543,0x888a3e33ba30c2a0e20ce4c28ad6556395b68736bee386276d7bf62043ae955f,0x8b2750481aa102e17f024eab416715a593d86130af363453cf11dbecf90fc538,[4.680629],"[3.070941,3.355771,2.613932,2.893363,2.519519]",0.0,1526.081000000179,1650.8655999999178,2154.569999999967,430.4150000000062,4.3470000000000315,6.14919999999998,2706079744,[4.781751],"[3.452256,3.035648,2.700813,2.695605,2.759481]",19.94000000000041,1547.4639999999429,1558.508399999958,1969.0100000000489,468.4224000000237,6.770999999999167,6.209399999999865,2739847168
512,100,6,0x2041e8e9a8c0b63f1861d682acecc26fa829f79e5df004239f99bc42d48d6506,0x6d8e3c3ee49ef2cf66c8a2c47e07c664ff4d786d2d092282d3e4a21be497b78e,0x3d6782d8e99c7d08f7ed5b526bb615dfa69b3662f3f536928280011a28a12805,[4.692577],"[3.277263,3.389942,2.600221,2.631529,2.528884]",0.0,1600.7639999999767,1547.2932000000662,2038.293999999996,482.56760000000565,3.8260000000001764,6.357400000000027,2706767872,[5.263248],"[3.863846,3.034827,2.649756,2.600311,2.710137]",20.720999999999588,1958.8539999999543,1566.1780000000292,1931.4729999999613,485.2697999999878,6.640000000000465,6.776000000000004,2740326400
512,100,7,0x06ab0b7c572d399d61fee5f8ff112598b67e7b949f224c8cf3402bd14c3b5444,0xb74b8273751af096538916d925f94a44f65996d25fb22fce2940385bb87dd26e,0xaa980079eec46cbb085abf3ed4628a89df6c19f23fe0c0c5a5d8c3aa8d214444,[4.758456],"[3.439077,2.852481,2.618869,2.658459,2.630026]",0.0,1641.5259999997822,1614.6828000000112,1876.180000000005,405.70619999999997,5.447999999999912,6.628200000000084,2708422656,[4.853869],"[3.462822,2.968196,2.72576,2.639511,2.676015]",17.625999999999753,1497.587999999883,1506.3060000000128,1675.2060000000401,468.0738000000017,5.889000000000241,6.041200000000274,2742833152
512,100,8,0x5e77eb7ec91e15b0da362a45bf916da02271f24bb2c71054f7ab4a52daeb81dc,0xefcef3c6be13931fb145101b8c169c0843d8ea02a2340d12d0a3f2dae0e9d6d5,0x735351c46e381ce88c0ce597447e9464844370bff6c8fdfe36d7413aafd37ba7,[4.663162],"[2.976078,2.889918,2.716797,2.979604,2.618009]",0.0,1747.0249999997911,1540.2185999999317,1592.8619999999728,417.2252000000043,3.7460000000006515,5.754600000000207,2708471808,[4.977527],"[3.874368,3.158383,2.764178,2.633191,2.942388]",20.07999999999958,1617.6699999999046,1667.8874000000121,1882.9700000000394,462.35539999999185,7.280999999999607,6.153199999999956,2742841344
512,100,9,0xfb51987f95095b798547273184e7c818c10180adf26691351d1bbc0726064404,0x9bf038d1db301cd9541f40cb781116bb75c80e9ed8b094c5d50db78548c8f15d,0xd12ed6d69c8d6700b5b72fc38fb1b120f13c82c1af4294b65beb683433d25739,[4.256669],"[2.973003,3.074767,2.695135,2.647493,2.64606]",0.0,1543.047000000186,1555.5961999999645,1577.7890000000516,426.4891999999909,4.466999999999318,6.886600000000076,2708508672,[5.13892],"[3.552327,2.96422,2.941346,3.179335,2.769937]",20.17999999999985,1641.414999999924,1569.867200000008,2149.892000000042,469.9246000000157,6.690999999999642,6.93039999999992,2742870016
512,100,10,0xd0eda8eb100b5fed164779dce6bf1a90999a1754c3d1b6bd6fb55d517f1c231a,0xdbb6af3a33d5c4ac765d6d29c64b0c91dadb1f25d93c96b8086a2c8071a85320,0x953dc2256c16df26e42062e6ce501ee2fa1a33fe99be495a2e125d60240e9c43,[4.659637],"[3.312275,2.967776,2.956088,7.960881,5.128773]",0.0,1637.8100000000727,2501.46460000007,1785.9930000000413,541.5527999999891,3.7960000000003546,7.85199999999986,2708545536,[5.393624],"[3.903126,3.288909,3.462952,2.926954,4.447252]",20.009999999999994,1627.3340000001467,1793.5867999999468,2072.9860000000544,561.6588000000089,8.121999999999296,8.481000000000114,2742910976
512,100,11,0xf8f08921ded778904b6988df9d094117ad61f0459d6ace325c624a9e7d0ad12e,0xb5ef7bfd2e4d753c11c23d6776fee44dd6e74b0ae203611c60ea348812c0af5a,0xe639566bf24951fcedbc06f120772fde361804c3a461dcd7bc192375ae75af8f,[4.643362],"[3.22935,3.680931,3.002497,3.126905,3.109379]",0.0,1600.3730000000437,1671.270399999969,1958.4839999999826,471.82559999998654,4.195999999999714,7.717200000000036,2708611072,[5.887739],"[3.943106,4.199353,2.775295,3.393979,3.345184]",20.861999999999963,2086.316000000199,1681.565799999962,1988.1489999999947,480.21219999998533,7.540999999999798,8.124400000000115,2742984704
512,100,12,0xb48ce8be70ac82b0e7422d1e47eee6e01eeb0603139c6e38db9d1bc29bc2e8a4,0x284c3717dace14c6bbe4563ed2c87b8ddbe6a919d28ea45296e5bef32bf27392,0x5873019abd494486ae944eb7a7a0d864d7f4f1f210eaaa1b1b8365cd1b318b2e,[12.368614],"[3.770527,3.237964,2.943479,2.964781,2.999044]",0.0,1660.5339999999912,1585.880000000106,9047.315,587.964800000007,3.7059999999991544,6.347599999999634,2708647936,[4.689152],"[3.751884,2.984557,2.907505,2.842056,3.10309]",19.97000000000023,1534.4339999998624,1682.638199999964,1849.6000000000067,440.1816000000114,8.884000000000668,6.904599999999622,2742988800
512,100,13,0x1035b23691383aa2708d4d68a3aabde776c2b8ed7c2cc7630d28daade1262bbc,0x93e2b1329ea45ccbfd17c7c2b6ea826275236bdc777061e217dd0315b9bf38bc,0x245530787488528cbe72c65414796f66aac2a827c779b265d09fe71c62cd10d1,[5.984546],"[3.635393,3.368205,3.117282,2.741585,2.723678]",0.0,1882.9099999999598,1677.8809999999921,2682.6760000000504,509.64300000000406,5.298000000000802,6.385799999999997,2708873216,[4.563703],"[3.360719,2.867796,3.214558,2.839823,2.81165]",23.83600000000017,1579.2619999999147,1686.5898000000711,1859.6440000000491,451.967799999986,5.227999999999483,6.6440000000004416,2743111680
512,100,14,0x95ffef990eef87084be8c500ffdb4b661fbe5013bf33ee344ff0e639d8379d23,0x3e6b39f5fca732fd3bc124259bf1660b66783de37f25e378fa85f071f22a613a,0x1bb9de8a6697bf19e200600cca47099e8268b4c00cee8ce3fcfc784c5b58e733,[5.267129],"[3.350934,3.164613,2.773673,2.991867,3.088488]",0.0,1619.2219999999757,1648.7705999999491,1993.8170000000089,507.1947999999882,5.809000000000716,7.01060000000038,2708889600,[10.153434],"[4.135597,3.102879,3.167728,3.918841,3.210908]",19.558999999999724,1968.2080000000824,1826.4745999998945,2821.2749999999564,572.5674000000014,7.059999999999706,8.01179999999971,2743746560
512,100,15,0xd0f29e861e74d8706fab0ad79a2b2873c582068c0e53dc972bd39e2de366105f,0xb613f3b9ba7caa0a667083cbe02216ee888344d30ae375affd4ed5e642a47dc2,0x70a6be895026dca224d713be59ffb3250a0177c9e4995e034ac8346615439fac,[4.772678],"[3.335411,2.930951,2.631179,3.34202,3.822786]",0.0,1650.4699999999596,1638.22059999994,1818.3819999999519,461.250000000013,5.748999999999338,7.996200000000286,2709643264,[4.125833],"[3.045564,2.71815,2.90418,2.62544,3.528722]",18.327999999999747,1518.880999999972,1525.0159999999012,1554.5649999999523,474.6141999999676,5.537999999999377,6.91239999999968,2746449920
512,100,16,0x9b8022f423476bf59122e4abd1a97813e8331ef16ddc662ba72ea765dce02c68,0x2f6769f49a5e4e2ff1b73a5af9f0242b591b01416472a6c04dced519ab6e0d7e,0x3794cbf412a174871f373bcff3ead26bf89590b3cf424020d151f9bfc0ae9cd3,[4.930962],"[3.700041,8.219567,5.1848,5.704033,5.126392]",0.0,1792.093000000161,3324.21380000012,1691.3010000000338,941.5198000000124,4.517000000000756,17.572399999999863,2709704704,[5.406825],"[5.530701,5.341356,5.640558,6.773721,5.547717]",20.159999999999968,1907.4770000000462,2933.7130000000043,1727.6859999999506,535.6115999999745,7.600999999999441,8.885200000000038,2746470400
512,100,17,0x5902580ca704fe7966bea8d50c43f48ef00ecbf146cc7dc533cc5c0ae2b2f0b2,0xa4a0627b712db8c2100b4d9a913e76f36b814ef775a07e25059a8c85de7861e1,0x427340eb4ae6b189c81fa0c10663527ada3f07369be9b31e401bf065444064be,[4.908904],"[3.478757,3.008688,2.813434,2.679371,2.564278]",0.0,1633.272999999935,1539.0752000000064,1924.8330000000146,448.94320000001824,6.189000000000195,6.735999999999894,2709774336,[4.62756],"[3.194378,2.952293,2.776898,2.792112,2.624959]",17.867000000000402,1585.1609999999462,1578.178400000052,1748.4169999999467,434.19499999999283,5.948000000000412,6.814400000000262,2746490880
512,100,18,0x98237d7eea09b205db7901dfc8a9e1b899901b95cc113da879dac05f54703e0e,0x974ed3ad962076d0e3275108a84503b56de6c8ca0e58402ede0a53b3fea80e31,0x1fe4b2ec464fb68b02f4b3190369d3d9976beddc3320f823c422261021262c84,[6.27161],"[4.943065,3.488277,3.265185,4.886961,3.173907]",0.0,1771.0819999998685,2018.7610000000689,2105.955999999964,496.0984000000002,4.056000000000545,6.7341999999998015,2709803008,[6.29183],"[4.972485,3.568732,3.215079,3.362862,3.356773]",20.962000000000238,1921.1079999998938,1824.8804000000619,2128.9709999999795,555.0112000000107,7.310999999999429,50.16780000000019,2746515456
512,100,19,0x7ff4680dfaeb16f64576583d2a0bcc6f5e755e63be4fabd5bd3192cf8638612a,0xda1ec766b6c934ac06d44718a182e3c9c4c893f4e1af67b9b718a546e7c1ee20,0x3dac794dc6069d116c31c5e0a5ac9211b9f4b8296f19941097a1bdfda9fc490b,[4.800731],"[3.742304,3.405978,2.924681,3.615983,2.932403]",0.0,1569.1460000000213,1765.1122000001074,1895.698999999973,559.1930000000244,6.169000000000313,22.13920000000008,2710597632,[4.885108],"[3.149119,3.24203,2.83071,2.761755,2.844901]",17.806999999999892,1542.0060000002068,1618.4711999999379,2164.104,462.8620000000083,5.227999999999483,10.233600000000148,2746556416
512,100,20,0x2d278960c8c4a188de044823c0f0a02aa2c9f532ce96eeb4c1ef60f04b8d4614,0x1bc7ae2753bc6627e61564a448ca35bc5ed5e7eaa6f1c4f44f1c54b82a515050,0x4a14221a393a83fedcbfd237fe10bb06b7ea64687dfec2fd1944a62b5ef2dc37,[5.592425],"[3.723997,3.953838,3.170823,4.060334,2.912162]",0.0,1624.9309999998295,1997.2608000000669,1917.893000000004,475.70739999998057,5.629000000000051,8.296400000000135,2710638592,[5.607828],"[3.907864,3.046304,3.33518,3.145604,3.939477]",18.798000000000425,1709.2980000001924,1750.5899999998853,2121.269999999953,685.590200000008,8.90400000000055,7.695799999999849,2747711488
512,100,21,0x37a869386a1d1afb59de6934b9a58dbfe722ad32c24f3470b147f028a57f317b,0x8cb1a1ba5b5d23a4029e4e3fb6461035b45ccf6ba8b5bafa12be22ff6cfccd0c,0x73b40c7979440eba73d31dc7c6aaf39fef975f83e9d5c57843bdd7f7541e4f35,[6.443227],"[8.084654,5.5234,3.345165,2.943119,2.657859]",0.0,3095.322000000067,2455.090999999854,1921.678999999954,494.9083999999937,5.718999999999516,7.910000000000209,2710749184,[4.92664],"[8.260669,4.053684,3.21533,2.782357,3.346117]",19.017999999999986,1666.463999999923,2489.1887999999085,1927.4070000000477,546.1639999999824,5.919000000000063,8.520799999999982,2748014592
512,100,22,0xcd7a7dbc872fc95147bfda956f42f568a4659470a34876279a6949023a9c025a,0xf926acbc19721847a12f044cb18e22ae273c0621a19b62c9730802cd2eb36515,0x572de96f6fd83086a5e8693932393cfa3b3b5a3ac0881c0d46afc677900775a9,[4.624786],"[3.045143,2.834725,2.766673,3.064973,2.970851]",0.0,1572.3510000000829,1563.2137999999964,2039.5560000000535,447.9034000000271,4.627000000000104,6.010800000000316,2710925312,[5.039622],"[3.489173,2.920776,3.262621,3.361991,2.697458]",39.42000000000008,1711.1710000001779,1753.9894000000445,1922.0890000000156,457.0436000000067,7.910999999999335,7.321200000000305,2748833792
512,100,23,0x9a799f59e232527e82ec85dc4ddaf3c4b8cce7d71dac8c274ba95a0fc0edcdbd,0x7dd7682d5dbce120cc52f0a515dcc28b42cd975b5d27233858a720587ca9966a,0x162abf97706f5ec857f17ece6456cf3a97d0d069160acba3d05aa9f21fb8a1cc,[4.310542],"[3.509574,2.97676,3.211249,2.759592,2.898181]",0.0,1691.7310000001962,1616.8586000000928,1499.4510000000405,472.4025999999881,5.137000000000544,7.2269999999999275,2711748608,[5.411823],"[3.236442,2.819042,2.861536,3.159606,3.237283]",20.731999999999868,1694.1259999998515,1680.8632000000046,1673.0029999999508,468.5728000000111,7.7719999999996405,7.291000000000242,2749730816
512,100,24,0xd55dd0ee2ffdbbadfb2fccf488fed00502b0599f883e6ff6f9245a80d66083db,0xc40dfea96c053ac5bc5f7cc576b3bdc4a79710aac68d700743feb4b9b18f39fb,0x6e16611cc6946c36d54d8d44d022e9f6f7e905877d46c96bb3196ff9afa93784,[4.412876],"[3.16888,2.978072,2.551528,3.285626,2.664674]",0.0,1611.039999999786,1637.8704000000964,1495.9469999999974,415.92139999999665,5.457999999999852,6.349599999999969,2711781376,[4.559807],"[3.582904,2.909298,2.758821,2.940405,2.883814]",18.047000000000203,1824.9629999997908,1658.0923999998554,1649.5279999999557,454.8500000000066,6.058999999999232,6.6479999999997235,2753118208
512,100,25,0x1586959269ce56e87c47028320adff00e92fba1d2d5d5da047480a9c04e3781a,0x2e049a458a71e20c9614d3367633d5dcd6ab58bc74888519334579b96166ea21,0x7b0899ccc6b291ac6d6a3fbea635736fde97f37aa95775b8cff9ec944e6dbbf2,[4.645546],"[3.470955,3.226867,2.615786,2.74453,2.628535]",0.0,1725.22300000022,1547.249800000028,1589.8579999999995,417.6780000000102,5.908000000000649,7.156800000000103,2711859200,[4.224501],"[3.237994,2.83807,2.708856,2.573752,2.642245]",18.767999999999738,1500.7929999999446,1567.3399999999838,1691.8719999999832,408.7265999999978,4.646999999999984,5.522199999999713,2754306048
512,100,26,0x9be9c776964770d9880d048694fbc71f9d453c9f365fbb8d987e309f2b9efb19,0x1ba0b6ff4af20c1e9a684099bb6090cce9a4f48054ada0277a601d6f843327b4,0x930693faa77679d4a2e66d949a02577792dcbf345d56e23d5489230fed60ee59,[5.571207],"[3.148699,3.035699,2.705705,2.68478,3.26893]",0.0,2069.851999999983,1582.5568000000344,1916.009999999968,436.6885999999903,6.179999999999727,9.901000000000355,2711863296,[4.920561],"[4.725848,3.482792,3.013309,2.643653,2.678955]",18.6279999999997,1809.85999999983,1885.8158000001347,1823.9909999999693,419.70099999997234,5.929000000000004,6.369200000000061,2754330624
512,100,27,0xdc10045c66655b3f51984bc12dd2578cb1f4ca36d607a3673a2769cd5b20bd15,0xccb5e4714ff3c36c8b74b569b70977d0b65bff546974eb44e9839589c10f3cc4,0xdd4451512523dc226a439332c8ef783d6e8bf66169a4b57e23cdfaf30e6c9fcc,[4.743204],"[4.111507,4.22363,3.144382,3.722043,3.050991]",0.0,2075.3600000000815,1697.8464000000138,1577.5890000000459,590.117999999995,3.545000000000631,9.237800000000059,2711867392,[4.922705],"[5.484111,3.293307,4.685777,3.090031,3.253467]",20.430999999999575,1575.2159999999903,2102.771600000075,2029.331000000023,489.9143999999911,7.109999999999409,8.482600000000312,2755420160
512,100,28,0x1dc93d0d0aa6fb0b91e6893ae72497e645fc508c86e425bbda7d80febc689212,0x9bf541b8bd3d6ba880fd09f1d3281396d694beed8c714184e36aa09e52750059,0xd0146e8b4d2070330bc0b38fd82848e39ff674a3062abdd956a9c31cc6fa9d1f,[4.403027],"[2.879282,2.922418,2.514953,2.746052,2.554122]",0.0,1527.162999999998,1496.4589999999944,1711.9519999999611,417.50959999999895,3.744999999999443,6.0049999999998995,2711912448,[4.842214],"[3.486649,2.862797,2.700213,2.566721,2.472519]",20.56099999999967,1576.9780000001176,1532.5997999999786,1877.7020000000366,427.1499999999984,6.439000000000444,6.2114000000002,2755448832
512,100,29,0xa0b1b7282fa7f1b96ba90cbbbb8d645b14ebdd8204efe7f197d8645fc642fcb0,0xaedda7292e7341b6ea06604429ce2862d79ef736881978126d5b7699d69ba7be,0x4051eb7c0dc7ed6abf095d444ac75fd75da8c5796473312a285bb1a0cab5952e,[5.898476],"[4.027565,3.644997,2.973941,4.238412,2.730473]",0.0,2315.0319999998283,1829.527399999886,1989.541000000039,584.024999999988,5.737999999999924,13.626799999999843,2712084480,[4.968479],"[4.384533,4.058481,2.893609,2.977751,2.783744]",19.418999999999688,1684.0199999998972,1749.401400000128,2036.570999999987,494.9866000000247,6.410000000000096,7.076600000000336,2756059136
512,100,30,0x992283f729ba702cdc6d30192e33ddfff18deede832edd4753ff0f82a7170431,0x1dde5105909573f7ac09a7e1ad5dbff4f6fa186f1db05a1fe1de997e5e966c15,0x93005070311e4ea09c8f3daf1b8e13440bb722edddbda76d585d59bf7e0fdb8c,[4.802573],"[3.672604,3.223952,2.833604,3.148368,3.232896]",0.0,1694.8760000001785,1687.9539999999695,1816.8910000000426,509.94500000001165,4.207000000000863,7.056599999999761,2712719360,[5.235627],"[4.427658,3.370594,3.417534,2.771901,3.201098]",20.61100000000024,1731.572000000181,1873.7384000000468,2137.013000000021,560.0705999999844,7.151000000000379,7.152799999999778,2756681728
512,100,31,0xdc866633481eecb0171db14f4fb42c48ed7526e87070150ee7d6f28b3aab69c6,0x313a215214f4c71e248a77202a882d7f932c39728b119dba6b8c73e8a858a17f,0x989dad2be8d74861fe837c183e95961f5c25881f1b1d788c6430afa8afb1c8b0,[4.327046],"[3.592058,3.397955,5.956254,3.055549,2.810679]",0.0,1558.4409999997995,1860.081400000002,1664.0399999999777,500.6832000000294,3.225000000000797,7.831800000000083,2714841088,[4.580458],"[3.367469,3.007436,3.408301,3.152144,3.018973]",20.220999999999954,1626.572999999798,1680.6587999999679,1566.653000000029,480.18219999998996,6.980000000000181,10.840399999999944,2757738496
512,100,32,0x99b8945b5968d147e307d622c8410ce2870d3ffdb25bb32bc0992aa6923bbbb9,0x95ae15e56b53c60eab170e5d29f87579e1b217f26d8a4de52d94cd766e911962,0x2dac967f0d72ba1cc20ff60ac37e1920bc02357eadc51ac684cff3b8ee0a4f02,[4.278022],"[3.198825,2.943059,2.578049,3.036199,2.757038]",0.0,1556.7079999998512,1523.0850000000016,1629.0770000000343,489.59060000000056,3.134000000000123,6.231200000000187,2714943488,[5.000542],"[3.499568,3.551987,2.810779,2.973015,2.995678]",21.422000000000107,1603.2479999998905,1718.962799999879,1969.1800000000148,492.82520000000216,7.0309999999993575,6.614199999999821,2757750784
512,100,33,0x482951806ce671c5158a99a2aa315e9188325eaa910eae7b8ecf1f82de11dc64,0x325031a8c0db729a8106e0cd9d6d979e375839b869ba2dc67cbd64afa9789419,0xf083babb8f9f8ec09cef9256c4720bf489e21b6520274df5865e840969e609c3,[4.485776],"[3.322421,3.347569,2.909309,3.230793,2.993625]",0.0,1560.1429999998472,1623.0541999999737,1769.197999999972,472.2303999999955,4.036000000000664,11.547400000000081,2714996736,[5.318421],"[4.03103,3.329882,3.983048,2.955789,2.93032]",21.17199999999986,1701.4560000001566,1725.570799999865,2289.403000000023,637.4958000000097,7.230999999999904,7.7273999999998715,2758426624
512,100,34,0x53413a0610232ea0d6afab459c96a95ba02370e87f7010c0145704280a7b31a7,0xaa148d980deab14042ff331331297786df8648a884887073698818a94a47443e,0x726c3d6aa01039519c7f05d554a657b0afc1d3a688ff3b0d8b286ca3a3b7d5e3,[4.956586],"[3.42111,3.153887,2.666132,2.539059,2.825723]",0.0,1643.0490000001187,1595.2119999999682,1801.1369999999526,409.09320000002134,5.698999999999635,6.153400000000198,2715021312,[4.445024],"[3.041097,2.921136,2.666422,2.632961,2.76431]",18.63799999999964,1626.1320000001688,1502.5781999999488,1748.007000000107,419.9832000000292,6.569999999999146,5.710599999999774,2758459392
512,100,35,0x5de0471ad6324d65486ed389131fd8ba69a5b840a10c3125a6ee8473ea208bba,0x85ae01fc63061fa2f0c4144e624ce51ff443a4df6a5206d7e93039f866430188,0x22bdd781961d17ec33fa9d338e8b98ceee0ceedcf4698f0acb78dee0954fbe63,[5.11795],"[3.842826,4.034696,3.052945,3.536765,2.777089]",0.0,1642.6979999999426,1723.3853999999658,2145.4859999999744,571.7582000000166,5.668000000000339,7.324800000000145,2715058176,[4.697826],"[3.594793,3.435221,2.922007,3.397274,2.708636]",18.85900000000041,1629.8479999998783,1735.505399999937,1922.229000000053,459.51320000003903,4.186999999999247,6.980599999999865,2758483968
512,100,36,0x6d202a638c178e74feaf91bf36df98d3752417a1eb612f1c7987753b0c9164fe,0x0069e215f894adcf4d5950313273e2c0184e7e08c2958e060639a9d75f360810,0x51209693b248a2a4744a35f8bbe9e5b0dcc20d5d0c88088948e64cb9c4c3b143,[7.024625],"[4.818758,3.450244,2.895598,3.727693,2.805772]",0.0,1727.1359999999625,1744.7132000000033,2332.8080000000195,451.4932000000193,5.368000000000387,7.3674000000002735,2715103232,[7.023114],"[3.318935,3.139781,3.147737,3.466954,3.483605]",19.7499999999998,1744.8020000001563,1735.1151999999813,3857.9590000000776,491.82019999998164,7.371000000000808,6.629799999999936,2758635520
512,100,37,0x4fbbc815e58d637f882a37df76eb19f77564ddb03d9c832533f314fb2ea19f57,0x411b4b2d46347667420dbd4fba8b0cb28aac7105f62e70fabc797cae82b4eb4e,0x8470fff0b984f7cb81fe773cf41a85c63b00ea658263ccd2b1c764771a860b73,[5.392624],"[8.313791,3.380138,2.82417,6.679105,3.177763]",0.0,1903.6109999999162,2959.395800000042,1791.3520000000237,459.0144000000018,6.07000000000038,7.142799999999838,2715344896,[4.81312],"[7.732678,3.332722,6.069404,4.163901,3.118163]",19.128999999999674,1557.7499999999134,3131.951999999938,1782.3279999999997,476.32840000004785,5.929000000000004,11.585399999999858,2759032832
512,100,38,0x3caed758867b7fa0230af25b6bb44cce7f97c0f322d243e0bd0766eb928836db,0xb0390999f278638877b9b99ad9f5063b5beac596100e191ca49715cc589ba103,0xdef54a6b7e833ae3cf651ad0fd0956cddf92c8a77270cbaa6a61250fc3f90f08,[4.455691],"[3.767643,3.125148,2.896379,2.633072,2.509344]",0.0,1564.3999999999103,1603.4784000000357,1713.013000000041,474.6860000000242,3.1549999999994776,6.992200000000004,2715938816,[5.311036],"[3.123531,3.046785,2.651068,2.934426,3.016149]",21.93300000000002,1686.6140000000307,1629.7966000000663,2142.211000000005,457.936400000003,8.262999999999673,9.00180000000042,2760196096
512,100,39,0xa2dd2eed1ff87fbd8002ded1c289e10c970216cdc31e8c30157c30d9274d02d3,0xba6e02b77f892bdb2e2883fda98935e7dd634487417ba61cae8557f037c374be,0x4a9efa52640c2cfbf5d16aa9c453ae6598ff522d6eacd5c8007cef32e17ad75c,[4.354488],"[3.024982,2.991412,3.012123,2.919955,2.85125]",0.0,1665.2709999998017,1610.6791999999537,1566.5430000000313,412.4584000000153,4.0160000000007825,6.2873999999997485,2717286400,[4.777305],"[3.541111,3.044151,3.020065,3.040436,3.175169]",21.08200000000039,1708.4870000001474,1660.7969999999916,1629.5180000001076,504.31060000000195,7.952000000000306,6.6840000000002044,2760347648
512,100,40,0x1e6966ebb3b442fbb359159349d28f2e5906a6ec52cfba892164a41e7c8b3ba5,0x7d6bcd48264c6d3dd68a0bc13898864cfcceb2f9c85056fdf3e4d0993f106d29,0xaf6ff8ce8cae8468f50de13be54e95447078b4507c98141111b543208a8743a7,[4.984889],"[4.003985,3.212891,2.558729,2.988928,2.601685]",0.0,1600.664999999779,1561.0667999999885,1553.5829999999696,474.5718000000121,6.31000000000069,6.806599999999857,2717335552,[4.674997],"[4.05126,4.059202,3.146546,3.159135,3.141799]",19.51000000000036,1665.8629999999341,1836.646200000036,1776.259999999974,528.1489999999778,7.471999999999687,12.983400000000229,2761125888
512,100,41,0xf789b4287c36f0c3fc83ec0f04e8b3d0b122d644a97f1219a95bfc29211dcdba,0x247f444a28ae4a2f8debff82c929c44fec663ae4c869e387a3e00cd4a4b66577,0xbca6ac025f8ce51276e858f5c7c72c0fcbef80e8df4d341d4153e1e4763a1a6c,[5.152822],"[3.137893,3.77227,3.105825,3.650566,2.855898]",0.0,1650.829999999992,1636.5508000000696,1776.299999999953,479.80539999998854,5.978999999999707,8.619199999999882,2717372416,[5.434707],"[4.218273,3.251094,5.911897,3.205295,3.545753]",19.159000000000365,1947.978000000017,2339.240199999981,2148.009999999978,516.6694000000138,7.910999999999335,9.888800000000185,2761158656
512,100,42,0x6cbfd872a4148f94ff4f0b74b72bfa153683f80e7ecfea50f3250b18e8fd54e8,0x3a3e173fc308d2dc7c7b20b858a5e6f0a6dcc42e8ff474c77c8723d3881b682b,0xc5af2d0a0a66dea44dc43049b702457bb7750976bf6b41e804378a6ae9207973,[5.296489],"[3.643035,2.953565,3.022579,2.881066,2.596196]",0.0,1711.471000000131,1581.3690000000768,1736.7289999999923,445.0891999999929,4.828000000000124,6.8344000000001435,2717392896,[5.681069],"[3.38094,3.049044,2.855126,2.805932,2.797089]",21.331999999999773,2050.3430000000653,1575.321999999968,1883.6019999999287,472.44259999996706,9.413999999999255,10.239600000000113,2761236480
512,100,43,0xb26e98d925f7821aa0bba09595c36a3e81ba74fee25d2f1a4c86f63d3b96c48d,0xd89636882b121c599a6d130a0f3bbb4cad17dcc1602940c589c79bd68dfc5bc7,0x88afd97a62d7290429e7ac2a1871de3d9f51539e24bf1ea0a19a55cb1e18f874,[5.023096],"[3.305125,3.993403,2.726613,3.132805,2.917651]",0.0,1849.2789999999814,1651.102200000043,1874.4079999999385,587.5204000000078,4.356000000000498,7.108800000000387,2718461952,[6.032349],"[3.846141,3.438366,2.892253,2.958352,2.775647]",21.783000000000044,1569.567000000216,1624.8088000001103,2600.2419999999747,525.2484000000113,10.00500000000043,6.9264000000002905,2761265152
512,100,44,0xbb65b2bdde734d0284126bbcc9cbb5187b7301e174a05888231ff01b76d93f48,0x64cd339a5d78c63c956f163ae991ca09f60b5e6fc49f1f6b8ca231a53ab3ee58,0x80050508d411e1356f5f4968c397198e66d65eab1748ddf3892721595b3830da,[5.099582],"[3.52055,2.992163,2.840244,2.896589,2.674124]",0.0,1571.2099999998231,1537.7473999999224,2080.7780000000607,470.613600000025,5.457999999999852,8.064199999999882,2717450240,[5.904526],"[3.483794,2.859824,2.87089,2.967856,2.715867]",19.01900000000033,1642.9489999998382,1536.7437999999288,1713.0240000000629,485.03579999996657,7.310999999999429,6.000800000000028,2761412608
512,100,45,0xd9b0dbe98bce0004cd97cada11ae1b83872ed2e012aab9899fadf995f842f0d4,0x3ec090866f8a933c6a51ef0cb2f771dd6ccd7298eeb8b8fc859f5281eb56bfb8,0xaa59c516e60401a285c7be8ce3744de0d05377a096fe771eb32182c4b6dd3178,[4.848944],"[3.512648,3.239657,3.219696,3.266157,2.665049]",0.0,1626.0919999999678,1685.2360000000565,2032.2649999999776,453.5040000000379,4.106999999999722,7.645600000000252,2717569024,[5.326895],"[3.057301,3.201289,2.927445,3.038714,2.692802]",20.6010000000003,1841.1380000000754,1557.2525999999698,1943.1400000000654,452.77100000000735,9.484000000000576,6.780600000000012,2761715712
512,100,46,0x6eacd4fa20b274fbf4d3e7e925680b0511125cd1d1481897d23e154803c1c8f3,0xd040d9f6849e0e490ecc5a0d2b427ff18a36724d1ccb71bb290ec68f67805dd3,0xdd48ce17efdaeffac94aa52206f616523fad3c89ea27de5586f51fe5736027e8,[5.20432],"[3.800762,3.216732,2.623156,3.771299,3.246778]",0.0,1667.8460000001394,1783.730799999983,1980.1870000000222,495.5534000000483,5.629000000000051,11.853800000000136,2718162944,[4.888133],"[3.862116,3.525578,2.808086,3.338616,3.62613]",18.327999999999747,1582.9780000000683,1793.9822000000659,2238.286000000089,461.8749999999672,5.447999999999912,7.65960000000017,2762448896
512,100,47,0x2cd1772c2d73b434fe4f9123eb424b62cffd393b538bde6290163a8d21868d43,0x0bc44fd2e49fd1d18224875920696ca475bae9080f2cd015308757c824378234,0x4f4fde115bdd51a8cb2e859f720e64d5a2a2ac19701335e374b903215cadb20f,[4.858383],"[3.239175,3.265931,2.676176,3.332547,3.022509]",0.0,1570.8189999998901,1650.154799999992,1919.1649999998895,467.3149999999904,4.6170000000001625,7.078800000000219,2720210944,[5.772827],"[3.556305,3.169961,3.262496,3.216862,3.263763]",21.743000000000283,1710.0490000001578,1605.3593999999725,1925.5039999999112,488.7312000000143,9.904999999999289,7.895999999999597,2763726848
512,100,48,0x25cd120901f853d1d87618d6c502d8b57b7f81974090cfe9fe08100aaad74ea7,0xe666ffdab6f65767f4cbf1e0b0a81747a8e9176784467eb5bf06ad91d98f5973,0x7fe4cf7aecd95afbd745e805f581cd6cddbd815e9e06789833e53110dcaee0d9,[4.315139],"[3.187378,3.229431,2.954046,5.010608,2.956559]",0.0,1529.1959999998994,1663.5309999999847,1741.78700000005,556.0927999999965,3.5659999999999856,13.720600000000083,2720243712,[4.670855],"[3.926292,2.916759,3.449984,3.790878,3.238815]",21.0519999999997,1605.291999999814,1787.4440000000825,1700.5549999999926,494.3575999999617,7.111000000000617,8.060000000000011,2763759616
512,100,49,0x29f2b736d640785d10a63cbd03b18b28b52a7225a3d4310c61e4797b9bc71102,0xc11e5050cb4767adea94f8f30da9f4e98ba0c9ce07a649bfe1f3431dbe7dc574,0x3ab8ae4edb3ffb7e5b8cb277b2fd2f8e9331dff4dd39085e318c2b77fd314f88,[5.158822],"[3.513169,3.468231,2.866844,2.854286,2.600182]",0.0,1620.5340000001734,1632.2920000000352,2012.6050000000007,462.9264000000521,9.593999999999921,12.943400000000466,2720276480,[4.457573],"[3.334039,3.110592,3.682774,2.772782,2.636647]",18.327999999999747,1498.4700000000296,1728.5895999998856,1618.9010000000615,523.1829999999604,7.551999999999212,7.206799999999806,2763796480
512,100,50,0xd9bfc83cb9ec096314f0d6ca721e54dc75e633a034c3e5e37178f96584920043,0x5887524b67fe7618c0a12b4e0eb96b7c4d8789f6297f6e9bfd363bc1c27fcf31,0x6a00b1035674d33f44be9f1b08d09b64619406781f1ae149ef0e3bde7f95724b,[4.391254],"[2.957881,3.196632,2.526301,3.450234,2.577248]",0.0,1668.006000000055,1543.864800000083,1644.860999999942,439.17440000003086,3.345000000000084,6.6862000000000865,2720333824,[4.822744],"[3.699731,3.073606,2.864581,3.068128,2.740484]",20.230999999999895,1587.9149999999954,1621.72819999995,1772.5230000000813,465.3138000000112,8.302999999999436,6.343800000000247,2763812864
512,100,51,0xced07a6e3ae924160ff6e2a3a9cec4dbccbb381dceb7c5ec867f91a1e4bd8e72,0x97dd98398c60a8da2928d5aef9f272c06eff5bb1237954ee4178449b37074575,0xf1e0e98f57aa02fe0dc88cfe542820dd89b0c098340d066fc2c9df8ef92bdc78,[5.232106],"[3.64676,3.485116,2.860235,3.197533,2.701705]",0.0,1644.590000000168,1622.6996000000327,1912.914999999904,518.3660000000145,5.499000000000823,6.684200000000098,2720362496,[4.602232],"[3.399422,3.866242,3.714903,2.642556,3.12243]",18.747999999999855,1633.3830000001549,1883.8857999999627,1868.368000000009,517.5046000000626,7.501999999999509,6.593599999999907,2763857920
512,100,52,0x7ce2b5fe4bdbf278e33a884a7e21daa19d3688c02841fd7051c740508f952e47,0x8639c2345fc898811f28c17e2de7661865b9b9a2efa4fbec02be74d1244b3abb,0x396020cf8a918cd73cbb39c2fd8af63971127aa1595517274ea9bee1bb0281a1,[4.820737],"[3.57371,3.429388,3.074242,3.5733,3.660697]",0.0,1628.4970000000064,1870.4249999998979,1818.5029999999713,541.8896000000118,6.559999999999206,7.366799999999896,2720382976,[4.867927],"[3.683175,3.105355,2.944151,3.011663,3.352442]",19.228999999999946,1563.3180000000912,1657.5803999999473,1948.8889999998983,506.8105999999961,5.3580000000004455,6.950400000000148,2763866112
512,100,53,0x7eba504365d0f7f7fec1444d1b71cfc1c50af1f9a52690e65c476909c4828c07,0x51b5874ee015705d6c1372070859bf212446d071064cafa4d6207865ed83ce3e,0xfc7d371d3d012835ba51bf7663b5b88bd3f5adc64aba5dfcb538eaea972cf22f,[6.160973],"[3.834754,6.018588,3.299447,3.2221,3.154007]",0.0,2664.6590000001247,1820.9564000000178,2105.7959999999375,499.93800000001085,4.5770000000004005,6.7862000000001865,2720477184,[6.978896],"[3.597516,2.939283,2.885802,3.263573,2.657769]",43.085,2003.9370000000113,1619.8712000000448,3072.6489999999276,499.5354000000063,5.9589999999998255,6.7964000000000215,2764009472
512,100,54,0xb80fee0df808a42483e113c2a5c9046f10aea40343396e309be53025e93dfd1a,0xc19ba69965a03787cfce3a6eec113c656cde2cd5227a8cfbc0b23296e2e66908,0x41478d4f8ce2f69c1b62e6f613f20c369902aa93f5de62e9a6e5b8e73ef046f4,[6.133797],"[3.537366,3.455121,2.656177,2.843314,2.793609]",0.0,1680.0739999998093,1657.91439999996,2945.5270000000587,451.42479999999983,5.658999999999873,6.2633999999998915,2721157120,[5.46962],"[3.370344,3.373949,3.191053,3.341921,2.869253]",19.629000000000175,1954.9190000001104,1601.8139999999903,2243.7539999999867,557.8071999999157,6.91100000000007,6.830199999999925,2764693504
512,100,55,0x194b7fc66da49ee42a8172ffce8ff570ab9d08683b258671d990b2d525964e9d,0xbb93679d85818dc0a5216b048e708da434c2fda7d811c462a9c56decc001aed8,0xffce564b839ba33bb4b41c00b711e41229f0d7a98223990f893ef2c1d3f6af9f,[4.436893],"[3.673472,3.143923,2.875508,3.106787,3.403254]",0.0,1761.7770000000198,1644.4647999999338,1521.375000000047,494.81440000000987,4.406999999999675,6.64199999999976,2721861632,[5.876065],"[3.281691,3.101239,2.787065,2.751281,4.207297]",21.041999999999764,1974.9589999999985,1710.0355999999372,2036.5220000000406,456.8391999999921,81.57299999999971,6.70419999999998,2766733312
512,100,56,0x0850af71d648f4bd6cbe0243f42f7ca5c9e14a4378ed8d42460b2501277f02af,0xa79ebfb83f4a6e36b8526c31aed0ff2614acb1aebecd73a402ac996de7222135,0xd16cfb4819808a412386086e0daf4069e6c918a6f571e1cd1d2e635efc0f534b,[4.959563],"[3.807535,3.332947,3.23459,2.878973,2.76335]",0.0,2024.0839999998705,1741.7855999999788,1669.4189999999498,488.2448000000039,4.066000000000486,16.336800000000054,2721890304,[5.635522],"[3.275872,3.250283,2.83031,2.725472,2.602416]",21.873000000000378,1879.9259999999763,1586.809800000033,1744.6420000000185,453.4782000000792,8.101999999999416,6.514200000000067,2767319040
512,100,57,0xafccf459e8e5ffcd5f960589a9d0ef58d2fc38538044a3b24492e6aa1c085391,0x67006352780b918b2ddbdfda9fe22c15942077de46fc2a9d38f3fe9b19752b64,0x792635c993e39cc934b5813469b736e0b5c776ad86cc1bdbf57b8dfebcbec1e9,[10.812101],"[3.465714,5.95195,3.091184,3.916718,3.039426]",0.0,8091.516999999993,2293.866599999994,1513.7839999999069,481.1157999999871,3.3949999999997873,7.242999999999833,2721918976,[7.307124],"[5.324608,5.071932,3.548434,3.215787,4.195389]",21.20199999999968,4068.708000000143,2187.60420000006,1837.0009999999493,521.5290000000206,8.85299999999964,8.102200000000003,2767351808
512,100,58,0x6e827bbd207630c1b913d5a1afba452b7e5ab2b291a51d84888a65297cccaed8,0x1cb7225a26baaefa958d6bc1dfbd2eb5f14ea8d71933f016785dd380c4284f9d,0xaf4dd7f6a41bc9121c928e4720e0f3995834bcaf9212c8cacd7b511ea526a4f8,[5.01132],"[5.050299,3.262612,2.811762,2.807495,3.12831]",0.0,1923.1610000001176,1812.7305999999344,2007.2479999999614,507.5335999999986,3.895999999999761,11.206999999999885,2721955840,[4.972181],"[4.374559,3.023982,3.303774,3.163162,3.318306]",21.27200000000013,1606.9149999999865,1824.1920000000357,1877.3720000000437,538.0578000000024,9.254000000000207,7.693399999999725,2767368192
512,100,59,0x0d6383366a432560ce3f847e96277a7350c9246df0e3ed624fe316e1fa87b22c,0x5516a4b8e914f5d60ea191c6999be5c3ced2f3e894ddf4a1db7e7cade35c0093,0x1d2857cfe2e98649adaf40a31bcbde932e3f77da4a21f69f0f7277993b8b4dfb,[5.163641],"[3.343504,7.599255,2.689477,2.86329,2.503367]",0.0,1746.9260000000374,2393.89559999994,2100.7790000000527,460.14039999997533,6.0990000000007285,6.1572000000002785,2721984512,[4.7134],"[3.14889,3.172506,3.056161,2.706553,2.570418]",19.31900000000028,1524.6499999999053,1522.1344000000413,2112.9680000000485,449.73020000003135,8.472000000000687,6.351399999999715,2767396864
512,100,60,0x5a0399c0acc2e4e9fb1998dd64c0a5c0cf8f57ef317f63668f03b5f81df01308,0x1fe08dbd73ca8fe67cb8641bd9f947acb7e5757b59dec7a54a17a628e9d0b36b,0x118a66d15c18443163577a29bff194db2776fb206092bca53df0c954168ebd59,[16.295524],"[3.632535,3.352167,3.076261,3.299227,2.813084]",0.0,11800.393000000131,1628.0762000000059,1848.980000000111,548.3094000000132,5.708999999999575,6.8664000000003,2722037760,[5.839881],"[3.776056,3.032646,3.319128,3.017462,3.107729]",19.650000000000396,1601.5660000001653,1702.2622000000708,2613.8330000000656,566.4308000000062,9.12299999999977,7.257199999999991,2767491072
512,100,61,0x3f2cb3153405b84b6d276d77086cbef1896e41572b64f6d26692cb92b6a0055e,0x58a0eb877f58d3957e0ce002c5da2c714384661adbff9d6c1e3b94c2b94cc5ea,0x0fe0a179e480d5fbff9b071f602cc5b26d5890e24160b644ccf997b7e5e3679c,[4.730086],"[3.300635,3.288837,2.762547,3.190723,2.950151]",0.0,1608.2559999999191,1644.0439999999335,1842.8500000000624,477.3963999999964,3.3550000000000244,6.86459999999986,2722394112,[5.850376],"[3.884841,2.908057,3.151464,2.978935,4.971865]",21.9030000000002,1695.6480000001052,2032.0136000000489,2240.479999999989,521.0377999999682,196.09599999999978,7.539399999999946,2767511552
512,100,62,0x826cb0b6e71731cda1d1676868a0ab1bde2134665b959554e8b672f331195801,0x15d70f6374f1bd30d0f7ee6d85dd67c625736523593e28c4edf718a7069924cc,0xa7df8ef1308d905c452cbe06b8dd74a42fae6704f9270e5f4f62d93a5c819dc3,[4.630265],"[3.621308,3.071043,2.804491,2.901016,2.77713]",0.0,1597.4299999998998,1599.8756000000114,1873.6269999999333,443.31300000002295,3.8759999999998795,10.359600000000093,2722836480,[5.413497],"[3.253348,3.87784,2.971563,3.256483,2.966636]",20.88100000000037,1671.9720000000216,1768.734199999944,2229.56299999999,539.87439999994,9.454000000000754,6.894400000000133,2767552512
512,100,63,0x0b6ddc60c6034175191f5855a24fb1ff9b5dd180c3b05614d1a18fff34d55275,0xdd916b325644de0f952de3d7c3b7dfe73bfd89d5a3a106b8d81e4cd10ff7727f,0x2f17eee7a077e2f8bb8e933c0ac092e350971ed2e7b6d62a851069e7ce5312f7,[4.822466],"[3.54624,3.158756,2.87409,2.821056,3.431717]",0.0,1679.08299999997,1646.8448000000358,1730.6409999999773,470.1573999999819,6.169000000000313,7.221199999999858,2726543360,[4.362982],"[3.519639,3.600091,3.274179,2.92956,2.939429]",18.65800000000039,1566.6329999999284,1741.6638000000262,1647.0749999999423,519.696199999986,6.539999999999324,7.259200000000327,2768678912
512,100,64,0x6c076e1f348dcee5ddab33f08b925c5e6f28fb51c43d8616118b620dc8cf0849,0xbd1629b7de9e88caac92498df5f3cda826eef63726565c5d5d99fcff07e4306f,0x59c36ce2ebf33f9019ca79aaa31ff3a05408fd0706ac6961f3b1421f339331e3,[4.989267],"[3.055069,2.980406,2.807426,2.794455,2.718201]",0.0,1649.2389999998024,1558.0986000000685,1830.5020000000115,456.9253999999745,5.698000000000161,5.99299999999997,2725527552,[4.717342],"[3.786292,3.148379,2.795197,2.990001,2.868928]",18.81899999999978,1652.1530000002117,1681.6827999999618,1932.676000000022,443.51479999997775,7.16100000000032,6.657999999999664,2768683008
512,100,65,0xbff3c58de0aef67b7dfc144811fc8e05e146da50483faf079ff753e2761513b9,0xa199a783250f9dedbceabd2b46bd70ff98b8f361ccaf961db73fe6f277c5289e,0xd88c771f80c3ebb6e3ea9fa686b1e96a4930252d5837518e58c26aee1f14046f,[4.392231],"[3.418317,3.025078,2.667624,3.22465,2.87358]",0.0,1665.4229999999436,1649.52860000005,1580.9250000000663,472.3425999999975,3.074000000000479,6.239400000000034,2725560320,[5.27005],"[4.788654,3.011233,2.990422,2.913986,3.053011]",20.720999999999588,1760.8560000001994,1807.2303999999485,1926.015000000003,466.0107999999941,7.530999999999858,7.174999999999542,2768822272
512,100,66,0x66783089badbac0e88c7e2de6dc9a44a4719a8a35f440dd2826616ea93fc64a6,0xcd40d852ace639c2c5a3e9d91d6b1aa5387b863fd9781854aa014b1b9e715342,0xdfde20751ca927b9a28d312549e9b60eee3f8ce510787acfaf806ce99107b78e,[7.558143],"[3.81187,3.066496,2.829458,3.01605,2.925053]",0.0,3410.0339999998396,1576.702399999963,2291.437000000007,465.53619999998295,5.529000000000645,6.201000000000123,2725584896,[6.113253],"[3.500271,3.637618,3.028629,2.833254,2.940957]",18.879000000000293,2282.012000000222,1699.4881999999657,1890.6119999999582,484.3424000000152,9.455000000000227,8.138200000000136,2768855040
512,100,67,0x87b913284aedf909c6a9550657dea1f7d15f21e47a304b81cf39d1862f7666fd,0x76748479e627ea7c09ec977f895145b518dcf88ee6530f7f270a5ddc03295c9a,0x007fee11d879cfceb9905d18ac2ef74b81b70c78fa870ebeabed1b94efa3d074,[5.59776],"[3.570306,3.483615,3.196001,3.063902,3.15516]",0.0,1624.130000000168,1704.5315999999923,2722.778000000092,472.7756000000305,4.165999999999892,7.360999999999826,2725621760,[5.177952],"[3.867264,3.992984,3.423605,3.120938,3.849588]",21.08200000000039,1630.5199999999686,1694.059599999953,2071.535000000013,700.5630000000097,9.04399999999972,8.665200000000302,2768875520
512,100,68,0x6cab16bad1cb614826b159e7f3a0c741de9857ecc725da6b67ad8064a1a080a0,0xd89873187b4f8a2fb3e3ee9e9b225c5cfbd73a4b783058b139474a85cb783c0f,0xecfbea3b3b32f42c03181ceeed020669741932e4b70d289bc2cf457b2a205caf,[10.047237],"[5.802819,3.443175,2.77095,2.995228,2.687535]",0.0,3712.5109999998076,1960.3693999999728,4134.512999999895,448.1558000000163,814.6690000000006,6.886199999999939,2725638144,[5.611516],"[6.408969,3.325467,2.754105,2.922429,2.779113]",21.23200000000037,1952.8160000001903,2005.1089999999936,2045.987000000027,463.4428000000135,9.874999999999467,7.268799999999784,2768912384
512,100,69,0xa31d66125925c6dcf34680f9082958822e753aaf8261e9df3db9b3760321f14f,0xf263c899046420f67ba5ae097d43eea37136ea23b6d4b6b2cc275fe34d0937e6,0xaf89b6673a0646a6eb6a00adbe23453ef0be2d8239a234a1ecb84ad453f6e3c6,[4.626004],"[3.645009,3.53592,2.84433,3.366179,3.023751]",0.0,1579.8130000002075,1688.9941999999712,1959.3559999999677,490.6885999999666,4.056000000000545,6.902399999999739,2725683200,[7.045198],"[4.447219,3.045504,4.285394,2.926314,3.470857]",20.7810000000001,3461.8929999998827,1776.3758000000073,1923.7119999999663,591.5184000000462,7.32099999999937,9.157799999999842,2768949248
512,100,70,0xc4ed795457034c6204e49a72ccc6b9d6a1b5067bf59a2c1c60c1f654cda1389a,0x5d52e96414dc34efba6acf2e270d6608a1b805530d29bea8e73feac6c1c12e09,0x8bf7437c4a95f51a28eb5739220a7e203343f2271f35b280008a043a5754df80,[5.392956],"[3.589445,4.221238,5.544886,3.869999,3.727053]",0.0,1630.8000000000434,1866.0992000000044,2391.9580000000274,635.0922000000203,4.036000000000664,7.385200000000272,2725773312,[5.578571],"[3.64582,3.545059,4.493764,7.931605,3.485649]",21.08200000000039,1808.108000000086,2625.879200000014,2071.3390000000054,552.0307999999474,10.085999999999428,13.753000000000029,2769428480
512,100,71,0x22401f46a1358167e1b66b2ad52cb59c6fa0bd8e90366ae21f760f9c380c6b5b,0x4a8079a99cc9da4ba4e83725c60b3555f64411f294f3c2415170804822ab566c,0xa710bd14dd44dd7a127477f290636e65c92fecbb8310e3ceddc801048cc408fe,[4.668152],"[5.525997,3.261981,3.043832,2.662477,2.608675]",0.0,1756.98000000013,1978.8750000000023,1730.7310000000964,440.1861999999923,3.2650000000005592,6.4496000000000695,2726707200,[6.56931],"[3.521523,3.013376,3.004042,2.629187,2.619972]",20.690999999999764,1663.8200000000936,1515.259800000024,2704.2889999999707,459.55919999998156,8.083000000000743,7.022800000000204,2770366464
512,100,72,0xe7bac6069ab5008268e3e8ad1558d2e8188f267812b842e72fc6d9ae083cd172,0xca94cd98ff33b64bf833948b27007648a974e750b9fe11d5f62ffd0dc8f894eb,0x10a29cd4a882cf28e60a4539ebe3e1779567ac8b9c168c5d3d8697c924fbcda6,[4.828124],"[4.79897,3.083361,3.604758,3.389594,3.32755]",0.0,1805.9949999997825,1913.5868000000223,1599.2620000000456,489.3102000000038,5.899000000000182,6.9344000000002435,2726739968,[4.278199],"[5.425285,3.16214,3.136892,3.980124,2.860866]",18.146999999999608,1573.6240000001621,1974.9255999999882,1575.467000000108,525.8071999999726,7.111000000000617,7.819800000000155,2770407424
512,100,73,0x769bb71d370c65331c6e1d7cbc9dc10d9639c7954504c1dda10a44149cba1581,0x5c60e123e0d2393818d2bc7adac1bdf37c5753965dc486d4b1eb2c8ad4a2b176,0xac2ed94b548b423664534bda6f847b94f843e72c6c9d966b37161a3cbc41b5ad,[4.649915],"[3.183272,3.469504,3.818221,3.45396,3.090313]",0.0,1654.9170000002,1769.3013999999785,1647.8159999999687,457.4178000000817,5.457999999999852,7.409600000000266,2726768640,[5.305023],"[3.802547,3.300139,3.219187,2.789558,2.996401]",19.199000000000126,1756.7000000000555,1631.6555999999593,2377.225999999899,523.4195999999525,7.882000000000722,6.8424000000000955,2770427904
512,100,74,0x525509febf0d9b90e322b20dad379999acc052c1ee8e7aeeede63d216d911022,0x57fd0c787e41bd6ee03c54cc9bd6ad14117affdf4e0cbd23dad998c71160883f,0x8fa788e258b6e1ea146e428addc1820b182e38cc3edfb469250c86c9f7219e3a,[4.58027],"[3.612169,3.482464,2.91638,2.897622,3.188635]",0.0,1546.3929999999236,1684.5052000000749,1969.777000000006,457.52819999997917,5.107000000000722,7.483200000000037,2726821888,[5.131011],"[3.230353,3.124955,3.260008,3.339278,3.149566]",21.382000000000346,1600.7149999999192,1611.1386000000396,1882.0790000000366,476.1902000000262,9.274000000000088,7.649599999999882,2770444288
512,100,75,0x9c58756e43242cae1d148bbb25b9b0b16031c16ddf99030777458571642fba7f,0x1662a8d8cfc775e2a2a42d5e3ab9979b3ee09f01ff367c24856e4f40c99a194e,0x8a1211271d2557ff2d954b7afe0d33084fcbd07e4cc844cd11ccf41268c2319f,[5.311909],"[3.262663,4.813473,2.628205,2.764751,2.777751]",0.0,1596.398000000221,1609.6344000000151,1971.315000000029,706.7903999999903,5.187999999999721,6.11720000000017,2726854656,[4.418667],"[3.722947,3.010302,2.865473,2.762108,2.654665]",19.288999999999593,1578.342000000177,1604.480800000019,1718.1120000000494,461.2077999999631,6.259999999999252,6.836200000000236,2770481152
512,100,76,0x26688da12b0c5f967c3009b56307dfb15f8f0a02b8983a20b5ac98b211847884,0x91756283b4e1368be6d88efe16c1e9e56233fc5c39642dc01af335f5a325bcee,0x8b5cee68039dc2d1a47332fd7298c83b073431f5168d057193a33c893aae365e,[4.352507],"[3.029491,3.320099,3.004684,3.745391,2.698532]",0.0,1570.3299999998421,1753.5935999999808,1691.0420000000315,444.33020000003154,3.615999999999689,6.6840000000002044,2726891520,[4.739141],"[3.562315,3.02282,2.839454,3.145055,2.846725]",20.260999999999715,1506.4530000001853,1597.6965999999315,1800.151000000083,461.67060000001925,9.113999999999303,6.588199999999975,2770546688
512,100,77,0x7bf1d399f3f6a39c7ce7ebd9b80f9b4fd7294f6129b5079954868a219e51f3d5,0x48ddde28e82b2265e770d288875d238fa9c92294182b685ab8a0acc68cff0286,0xc923a079e8880a5017a2bc2d4333e092e85e2766b9f8b92fc2614df4074bd8ad,[4.494011],"[3.736417,5.027976,3.454222,3.528238,2.880446]",0.0,1612.4930000001036,1723.3326000000382,1645.7130000000486,850.4033999999994,4.146000000000011,6.9305999999998145,2727084032,[5.227597],"[3.282532,2.964242,3.298887,3.170128,2.966596]",20.62100000000018,1579.533000000133,1709.0003999999935,2047.2289999999837,464.58520000003386,8.012999999999423,7.081000000000102,2770731008
512,100,78,0x76f035cb61e468e8359a7265eb61497317156a3b5565fafde1cb76a94dc3c926,0xda1eb26e2a6da07517057db7a0bef9ce02c971317a26d2e3cd2246c5ea453225,0x005df95f9d95d0f55d09f05f8645cfdf560464a9b6444aa78df0c3c9d5973fd4,[5.005943],"[3.902428,3.185527,3.675055,3.093947,2.842089]",0.0,1644.1810000000778,1742.6494000000403,1834.587999999915,562.8354000000169,6.000000000000797,14.010999999999886,2728370176,[4.618909],"[3.283554,3.121329,3.248401,2.976751,2.86328]",18.467999999999783,1612.8229999998744,1640.8578000000061,1848.5089999999982,470.9248000000166,9.224000000000384,13.694600000000236,2771267584
512,100,79,0xa16a76dbb31bcddca64512db4fe02e40fac18edadc13eb6ed646848da89a5862,0x84f551f83e605b7250e99f82fcba2ea226887c1e4c125fb8002376244b931221,0x6a00446d0c29642f45745e2250ef9acb1bf8d8bf6ae2959e459cd14b00af95ed,[5.922676],"[3.901346,3.503766,3.363165,3.333129,3.432188]",0.0,2288.973999999833,1776.9150000000345,1907.3469999999481,542.5708000000196,6.110000000000143,16.31859999999992,2729758720,[5.07083],"[4.074858,3.459279,3.276954,3.50624,3.312678]",18.737999999999914,1894.0779999998547,1688.148800000011,1752.0540000000028,484.8972000000007,8.443000000000339,9.376399999999965,2772615168
512,100,80,0xc8745d5056c8aa3d8a675d81612e81659e640842ac22cbee2e911d1ec6efb2a7,0x9d03e9610382bc35167efaabda3df47229875035ee9c61c17598d9126b059387,0xa8291a0c5314b6f29711f32229227119049bedce6a7ad5a4b8f7637b84c1d3df,[4.558708],"[4.146676,3.592334,5.887107,3.833624,3.426881]",0.0,1637.6409999998564,2195.7891999999647,1589.1770000000527,519.3113999999888,6.439999999999918,25.3283999999996,2729787392,[5.349772],"[3.524007,6.337262,3.681855,3.119356,3.521903]",18.388000000000257,2171.9860000000144,2052.002199999947,1879.5259999999648,527.876599999999,8.843999999999172,8.93540000000033,2772647936
512,100,81,0xdc2c0f075a7b889cd2d05ef2ed259497606dcd944a03d2eb57521a8bf561132c,0xb0b8168d38e24846127248b1a32bbd3a10a4a63dcd9e8d16b7c1ad63db2fcce9,0xe07f817fbcb2a2d79a98d28c2daa05b8df10c6a3d3f04804bba1f2667e899567,[4.595213],"[3.222321,3.08247,3.308341,3.038354,2.85048]",0.0,1838.5130000000415,1593.3417999999476,1569.6089999999163,480.6732000000036,4.036000000000664,6.712400000000174,2729803776,[5.459678],"[4.51349,3.392318,2.88278,3.084624,2.998595]",21.83299999999975,1596.1789999998643,1709.735599999984,2004.3240000000574,520.8053999999241,10.295999999999916,8.352799999999938,2772672512
512,100,82,0x7ff9f653b442f6bb0cfdf9c0de33d4a2bbe981fd5635ab2c9299f512441fb6e7,0xbb736bda6bf8efe31e73008e85dd777df025f95acfd79b3ce744f2674ced17ac,0x4a5e5caf7adef8f19f6f05378724578a85aa69bf97209bf2f59906dc67657822,[5.551261],"[3.83023,2.96241,2.960687,2.842318,2.679173]",0.0,1816.2710000000359,1633.9133999998978,2303.195000000091,490.09360000002994,5.748999999999338,6.171400000000091,2729836544,[4.635784],"[4.23488,2.895608,2.722056,3.238646,2.754516]",19.629000000000175,1534.6560000000231,1668.6678000000122,1751.3220000000551,470.026999999984,8.212000000000497,7.1729999999999015,2772705280
512,100,83,0xdf139b61d4bc352f6212c9332bee1a7e937e8540aac14f26c30b5aca7e7ae0b5,0xc0f730f25a30d521ccf2f38159b0e93fa9fc429faedd241647bf051ac75895bf,0xc74c6a74c0f73a1270462261818ae13b17aec7d35326883fda385917aba10c6d,[5.334383],"[3.841125,3.377646,3.638169,2.859184,2.725522]",0.0,1547.9150000001773,1673.995399999928,2403.967000000007,449.46839999999713,4.205999999999655,21.51840000000002,2729865216,[5.380783],"[3.258717,3.094379,3.551639,2.970151,2.880906]",21.092000000000333,1933.8580000001216,1718.4887999999178,1996.412000000003,463.8656000000463,8.413000000000517,7.647799999999788,2772733952
512,100,84,0xee963b00bb613bc4fb2e7b97fc193ce4824d0d957e33277d7293df56bc4fd0e6,0x6d107ae5fcf2c393fcce3b8d66160c6a5c48a334248e9718b5d2865ff9d647d8,0x99b4c3828a2015400f5147108b531e04eefb1a304d7c1b568238770e81575959,[5.142098],"[3.708575,3.519285,2.987267,2.931233,4.0037]",0.0,1717.9120000001546,1870.1518000001192,2035.5409999999185,519.7842000000286,3.846000000000058,6.694200000000386,2730119168,[4.954756],"[3.376524,3.387631,2.792744,2.660755,3.011334]",50.096000000000345,1541.5760000001555,1682.8448000000053,1983.5329999999817,467.46720000001574,8.63299999999921,22.8662000000001,2772770816
512,100,85,0x599bb5362e3d9748214fcbee050bb5968c537a4381df046b1431120ac2a46f74,0x7113f2c61db6eab3537e34a348c6a35433668ae07ff61a952534edc1d8d5949d,0xa4fe1790dab27dc44318069a3141ee8168f7b0aef1bc35c54a8156d5290cc8f5,[5.996908],"[3.409555,4.459439,3.357066,3.319769,3.543257]",0.0,2005.7460000000306,1709.3171999999156,2539.231000000086,737.9556000000065,5.859000000000419,7.589599999999891,2730156032,[4.947104],"[4.411285,3.675966,3.448243,3.421432,4.110471]",19.629999999999647,1547.8350000002195,1708.3933999999524,1851.2129999999072,538.0418000000109,8.391999999999427,11.43499999999957,2773225472
512,100,86,0xe3ee64417de55d619060a6a8b1235c1ef9e34a6f75fa00379832136fb2d4ae53,0xaf106164c653b57d62511e6184b93ecfd599367c6a069e8396d804c35ea8eae2,0x071676abf62a9015a4258d08b0b542f69e26d36cfc3605772863d10b74c21190,[6.230962],"[6.835313,3.155221,3.468548,4.799531,4.185045]",0.0,2034.0490000001487,2172.50559999993,2400.6919999999263,481.3906000000312,6.479999999999681,7.65400000000034,2730213376,[7.278181],"[3.496736,3.273118,2.710179,3.915662,3.315282]",21.992999999999665,2264.8880000000204,1701.27279999992,3005.6439999999184,475.11700000000263,9.363999999999553,7.805599999999995,2773798912
512,100,87,0xcc75061fe2113ef716f84cf7c55e759e2572c0b74a2a4dcb8f4bbe8a76b7f15f,0x2574f0d4e6faf35ff1773dfc3de3451d4a88a54c954a833e4655e1c44ff58b90,0x7ca8e57df3df06388864d1b8ba26b05e0d49b6d7367ea4f77d2a38f0d4a9db6d,[4.696406],"[3.396844,3.1545,3.680623,3.133879,3.142656]",0.0,1631.0709999998173,1599.8075999999808,1612.3919999999625,505.93539999996824,5.668999999999813,7.010600000000033,2730934272,[4.457896],"[4.458647,12.669346,3.429539,3.756678,3.193759]",19.26899999999971,1616.6790000000653,2553.609000000012,1671.3919999999937,1539.4585999999767,6.859999999999158,8.817400000000337,2775715840
512,100,88,0x9226f15505040d3b81d18a80206d00f05c141a41f7ff8c22c034eebfcebeaf55,0x41c97f54bd1924f4295aa009cbb99293a68dc5670f8dc42fafb4b031c99da846,0xcaebdd98c15b9bc8afb27e6a31bffe27f560661d7c4788dd6dc58319dd03deb0,[4.636445],"[3.129872,3.412078,3.013176,3.136532,2.604469]",0.0,1603.118999999875,1605.194199999982,1592.0929999999612,514.6225999999921,5.849000000000479,6.368000000000346,2731843584,[4.210593],"[3.707073,3.494502,2.934748,2.991583,2.728196]",17.846999999999653,1483.788999999902,1732.599999999973,1617.269999999893,434.0008000000229,7.190000000000668,7.046600000000167,2775736320
512,100,89,0x089af97a86e96078fec04bca7bb1ce7c4f2adbacf8be98753a3eb3b3100c7bf9,0xf9fb33d390c0f217421c074256812ed3bfa583932ad860843fe80e2a38fcec5a,0x35efd6fd454baed4ed2901102d1b8b668aea3844519cfdc923d12e81fff7350c,[4.753261],"[4.256142,3.005805,3.033257,3.337581,2.688136]",0.0,1618.9920000000413,1783.100200000032,1623.6599999999157,500.998000000008,5.058000000000493,6.84619999999983,2731995136,[4.896147],"[3.548083,3.067789,2.947187,2.690844,3.07498]",19.63999999999959,1757.3510000001847,1680.539599999964,1868.3589999999306,482.54380000001265,6.9010000000001295,6.627999999999842,2776002560
512,100,90,0xe2a95d4690e73966e8b68ba7965774e476a72be8b0f12b62bdd24b4664ab3e5e,0xd8edb367a020abfc638325ef72832a47a775b823b1b65c257d144cb93d7d3ff4,0x5894150518fb1bc663b60b06ecce81bbb81ca3e1086f3cf062b7b0dcf63e30ce,[4.611087],"[3.23429,3.025404,2.840475,3.460452,2.758482]",0.0,1652.0330000000527,1628.0144000000441,1895.1000000000383,452.7612000000403,3.5659999999999856,13.211800000000052,2731053056,[4.913133],"[3.911792,3.063682,3.250424,4.360069,2.864672]",20.970999999999837,1512.842999999986,1911.910799999994,1840.5969999999438,491.9862000000386,9.534000000000278,6.962200000000182,2776023040
512,100,91,0x2e514264308fdedd877c19fb27ba166ff41c4386219824ed996539047475cada,0xd9a6c863483aa16c143c21cbfbbbc0b97be7aa63d61d814db4ec915f0e173375,0x94b8a97f6f813533186f149cf0f93f6742d638ba5e1256f85db016a827e81804,[4.803858],"[3.204204,2.936731,2.782008,2.905483,2.68451]",0.0,1533.5240000000638,1535.129799999968,2016.111999999959,460.51660000001607,4.036000000000664,6.169400000000103,2731077632,[5.370634],"[3.570547,3.170323,3.166678,3.107609,2.829859]",20.950999999999954,1603.2090000002163,1613.9351999999717,2384.1170000000743,457.69239999997603,7.481000000000154,7.495399999999861,2776133632
512,100,92,0xadb810d475487cae0b259b426c4493c1b934f4e80db5f572f6660cfa51e39ada,0x5cd14a010781cfe8e66e16c78060ce5276d9e841a9c71e2ad4b1d603ec07d6fb,0xdfa3cd89bdb28a3f40a43a92dc00f522e917a1757714128c78b20f0ee926578d,[5.616985],"[3.944281,3.076281,2.900607,2.946426,2.826966]",0.0,2113.8889999998687,1667.8168000000328,1793.5060000000558,460.1661999999784,5.598000000000755,7.31279999999987,2731790336,[5.226555],"[3.256103,3.103432,2.810901,2.788758,2.536928]",18.808000000000366,1750.380999999912,1644.577199999997,1920.201999999982,434.9297999999724,24.425999999999267,5.878600000000511,2776174592
512,100,93,0x07b0ac4d38ec0dc8782226af1f93d4d7f967bc1bb24cbef2332c489d880e4997,0x27cbec657df5faacdd25a1a53cfe58eaac44f14c575db78a5d9fd477c54bf890,0xa38b44629c54fce5af5875dc6179e2426f575e78526a69f321469e35b4542c2c,[6.106192],"[3.878031,3.023782,3.291326,3.163553,3.304156]",0.0,1669.809000000022,1808.4303999999386,2851.7519999999854,498.22740000000636,6.20999999999955,6.848400000000407,2731814912,[5.085573],"[3.071614,3.066511,3.047563,2.786489,3.388443]",18.597999999999878,1778.5940000001333,1636.9616000001308,2078.5169999999466,510.400199999994,6.058999999999232,6.578200000000034,2776371200
512,100,94,0x4328ed262fc28bc5be32c993e9d017f0e2418616ebbdf620bb83930b16fc1c7d,0xce23be88ce00a01504a10dd5836766b555838160eb3e45c538d46bc44ecfe8a9,0x94d819cc36ccc74108edb3a969b43a7fd1b0350ed644d6986a5eb33ee82588b8,[5.326116],"[3.677048,3.238195,2.690139,2.811412,2.754496]",0.0,1812.2940000000476,1626.1296000000593,2033.417999999898,483.0069999999686,5.9589999999998255,6.7300000000002775,2732011520,[5.380924],"[3.249598,3.080518,2.78407,2.719413,2.947196]",18.737999999999914,1613.5039999998212,1549.9003999999595,2196.934000000095,471.65539999998174,7.381000000000748,6.5920000000000565,2776903680
512,100,95,0x2b97c06c406e7f93f7e8cedffc1a30e6921ccd2be8417015aa29d0975a7d77e9,0x1eee73e732dfd3656bf474deea39b41965606a7a527d632fe448a8e3430ca282,0xb8a4be4deac28d2d023247c79ce84150b21cb793d898ff030ccd1ada1eaf84c0,[4.892172],"[3.436054,3.197304,2.902299,2.753494,2.62437]",0.0,1980.3079999998197,1639.1491999999453,1575.0459999999134,453.4561999999909,6.018999999999469,6.585599999999955,2734108672,[4.410615],"[3.972994,2.976912,2.85681,2.599302,2.783991]",19.09899999999985,1545.1020000001315,1521.4335999999662,1682.819000000002,472.4767999999546,6.27899999999966,6.725999999999954,2780393472
512,100,96,0x0f49b851f6b218240c84c8feeac53fc0efff79763fb710f663ddb2fbb032d95e,0x25cad19399a78e84b47aa5fd72e987eac08ca46669b761256c85d40351438717,0x976ad5b270fff9081c548556252f43a00c0ee2194f59862e7bcb9590d66fd58d,[4.337688],"[3.913948,3.777249,3.136517,3.023963,2.597581]",0.0,1654.9960000000751,1701.1057999999578,1500.0489999998922,467.4425999999787,3.4149999999996683,6.28379999999991,2734129152,[4.564866],"[3.150969,3.17789,3.083295,2.834724,2.93588]",20.842000000000084,1511.696000000118,1630.0442000000357,1679.5839999999007,471.9072000000324,8.924000000000431,6.7884000000000695,2780413952
512,100,97,0x045e5fc217d5eb8e9e84ba97f6ecb3530c768407bee146eb13a50e263761da69,0x9848f0539bdd7cdd9eae1f7d7b300b5baeee93048e33bab28ecd9468500c18a1,0x8a50c696ae6307a47093c3a995a99fd8eedcb6ef31980e6a560cc19151994440,[4.344468],"[3.561357,3.115129,2.717745,2.835666,2.59759]",0.0,1568.2329999999745,1512.4038000000617,1617.457999999905,438.6243999999984,3.8850000000003466,6.455999999999476,2734198784,[5.196008],"[3.257192,3.107352,3.276191,2.711776,2.752158]",20.53200000000019,1740.317999999963,1611.3912000000676,1897.6479999999185,453.35060000000203,7.471999999999687,10.806600000000042,2780540928
512,100,98,0x08dc43a321d8c92da0194de0a8878238aa5419f01e70f0a2eb9133bc3afa4231,0x1145d20419f3c1b9b597229dadc4fd860bf1b8b35e8a28b9954c634fa7fbb03d,0xb7c50b53d0dd0b65b6bc22f318c501344a082602d134f067af9a9b16c363f420,[4.886789],"[4.078355,3.44565,2.815294,2.759238,2.650492]",0.0,1806.2780000001055,1631.7445999999513,1878.9790000000028,491.0100000000029,4.155999999999952,6.892800000000283,2734546944,[4.859498],"[3.697646,3.564172,3.070645,2.974629,2.861405]",21.352999999999998,1534.1310000001051,1721.6124000000832,1872.0990000000716,510.54020000003135,8.552999999999686,6.391799999999962,2780565504
512,100,99,0x43d4ee564606869d353398df0b82899dc6626274e8a9efc3e59295cb3fc23d90,0xdb956c0f3700eda91ce79f3f1406fa855f79d0ecad8a63980c7aee0ded93adfb,0x7ffed5209f2df84f6d09c694e7b22cc9347571bd1d73d8e3d57dd47bb7e692bf,[4.510913],"[3.658306,3.01479,2.800813,2.924061,2.734531]",0.0,1503.29299999985,1576.0452000000314,1719.7760000000617,463.471999999987,3.8060000000002954,6.357600000000269,2734587904,[4.857975],"[3.254428,2.786661,2.624382,2.743014,2.835746]",21.15300000000032,1556.0040000002218,1485.5385999999805,1879.4209999999366,448.0387999999724,7.51199999999945,6.83260000000005,2780700672
