slots,overlap,sample,parent_hash,block_hash,state_root,first_order,repeat_block_hashes,repeat_state_roots,off_first_ms,off_repeat_ms,off_first_provider_slots,off_first_provider_accounts,off_bal_load_us,off_bal_loads,off_root_cache_hits,off_root_cache_misses,off_repeat_root_cache_misses,off_root_cache_retained_payload_bytes,off_rss_before,off_rss_after,off_first_execution_us,off_first_state_root_us,off_first_cache_read_us,off_first_cache_update_us,off_first_recovery_us,off_first_trie_branch_nodes_seeked_total,off_first_trie_leaf_nodes_seeked_total,off_first_trie_leaf_nodes_advanced_total,off_repeat_execution_us,off_repeat_state_root_us,off_repeat_cache_read_us,off_repeat_cache_update_us,off_repeat_recovery_us,off_repeat_trie_branch_nodes_seeked_total,off_repeat_trie_leaf_nodes_seeked_total,off_repeat_trie_leaf_nodes_advanced_total,on_first_ms,on_repeat_ms,on_first_provider_slots,on_first_provider_accounts,on_bal_load_us,on_bal_loads,on_root_cache_hits,on_root_cache_misses,on_repeat_root_cache_misses,on_root_cache_retained_payload_bytes,on_rss_before,on_rss_after,on_first_execution_us,on_first_state_root_us,on_first_cache_read_us,on_first_cache_update_us,on_first_recovery_us,on_first_trie_branch_nodes_seeked_total,on_first_trie_leaf_nodes_seeked_total,on_first_trie_leaf_nodes_advanced_total,on_repeat_execution_us,on_repeat_state_root_us,on_repeat_cache_read_us,on_repeat_cache_update_us,on_repeat_recovery_us,on_repeat_trie_branch_nodes_seeked_total,on_repeat_trie_leaf_nodes_seeked_total,on_repeat_trie_leaf_nodes_advanced_total
64,100,0,0x777aa86a778edcb6a948405c57ac7d0bf07eef7c89dc69f4d275062032b04234,0x55bfacedb729072c9e4c62fc3d1f5db065bafc2943bebbde951023823d2309ce,0x135e56d87d40da0b468cc7586aa773cd3e314e6b0da6a0f25582ce3ba2781c4b,1;0,0xbefc2b184ca8a316f4d886840d66ebdcc4542043b97f1a2f3fe60d8a50bf833f;0x6909113f743e8727432fa09eeea36e594420a310ece6538e04ab02d9eea0e426;0x353dddbf0f8991c4111752b693ac6ec72e418bb85789b69ecf89234f94467e5f;0xe8f1680526238008d7dfc9600985342a152bfd9764733fe2161a91c3f6fa2a26;0x3f3571efc3940fbac736d87d6866bcc3377bb71d9732b267fb505c7458ee9ef0,0x467812540fdc0c866241b72f655dda282ff37bf40069405814531b4a22c37ec0;0x565b4253e14185d5d8af4ac6ce5686196cfefc147c4d37c30e67737ef2257739;0x0ce5342e7a8d38a167d15e58bceeca8d7a0f4d85ecfc2cbffbfcfa94b469e185;0xa4f0833ef631c6352f326d14fb7590c5a47f6a6044d30f3e78cbfdfb7bbc60e5;0xe4ce9ed7a3bd427348cb09aed4df0a87135e1781246ee40347a7eb3bf1a6ab39,1.700094,1.175202;1.003483;0.891184;0.92777;1.024335,64.0,9.0,0.0,0,0.0,0.0,0.0,0,2543677440,2545602560,400.964,356.428,3.746,1.472,27.682,18.0,85.0,121.0,129.1208,238.57180000000002,2.1812000000000005,1.3581999999999999,65.9216,18.0,85.0,121.0,1.810531,1.776139;1.012678;0.903874;0.939397;0.89484,64.0,9.0,0.0,0,0.0,1.0,5.0,7720.0,2537562112,2539937792,380.835,413.6839999999999,5.098,2.0829999999999997,39.45900000000001,18.0,85.0,121.0,111.51800000000001,267.4393999999999,2.5719999999999996,1.5803999999999998,77.34660000000001,18.0,85.0,121.0
64,100,1,0x304abdbc371ef14d5d5752fbaf367b17ae13126ab9b5d5cf0086d89169be0bdf,0x4ff995d1764e7893fe9fcbbcce3fa572db0dbfe844a17f32d420c8de60cfadc7,0x20a3063bd3551db4b27711a49808f5ecf1d095a54061624d0a1105a95bb797fe,0;1,0x1eff96db6db0773294d33f70510b8e11158cdf0accae03d20be915ce8e724c8e;0xa17ebcb207f1c8b50d2a8041e947a5f971cd5fca9c7464328e36f7faca3abbc5;0xa589da7e4a5b420b922e852611408da66d5aa92418ce939fc328b6eb25141c13;0x91f7bd56d97bc4a0f5ff781ef7f2bcd7848b1046f164e5ff5b5f201c63f009ca;0xdf9b34e2cb6a5353ee60edd976d81bea1abc2af85511f210ab48d0afded5c86a,0x82435c078ad4cce5aeddc2af23151e7dcaaf5b26ba16f9251a8133c915ffc116;0xa86cc29513ec10a64504bca5a06ce35c12bebdb0d6d27b8cdf7347b94bfd4e11;0x6807dc5cbdf5fe20068e78a60b36d9f8142d5361fca423eff52825844fcd2dab;0x7da7aa4fcab76383b0a1e081360d9b54385a2897ac6e2c9c8ff67853a83ed57a;0xa002c52e94855fdaf8e41f47956609eab6475627362e7ac3ee657f07eafa1346,1.894818,1.223405;0.949983;0.898005;0.83564;0.914679,64.0,9.0,0.0,0,0.0,0.0,0.0,0,2546823168,2547109888,433.25299999999976,391.05,6.8400000000000025,1.9929999999999994,38.929000000000045,18.0,85.0,123.0,100.76819999999992,243.6435999999999,2.1567999999999996,1.2278,66.1616,18.0,85.0,123.0,1.305839,1.685422;1.026038;0.844574;0.876182;0.859486,64.0,9.0,0.0,0,0.0,1.0,5.0,7720.0,2548391936,2548654080,296.948,344.91099999999983,2.8840000000000017,1.3619999999999999,26.540000000000028,18.0,85.0,123.0,103.72860000000001,263.4516000000001,2.4555999999999987,1.5381999999999996,73.23879999999998,18.0,85.0,123.0
64,100,2,0xff7d2776c9127751ffccbb6d7c86c6d7aa3176e98e405f8aa1c1df0544e7ec1e,0xdd453302120756f0574e813810b1177c2557f0f70fbf84a76e60e009213e156e,0x5a5aa4539d91eb99a67eb3ab0a294b844e1bfe16accb9c815522b33196ffafa8,1;0,0x5e892928e090febe8d7294121f38b5d8b6b5dc840f7988723098a912598b9f91;0xa7f899fac60fdc0c2c7a96303213feaecaf2fc9a01e51263478301f0ebf87ede;0xe2169c164c10a381f26500a6b091c36bf306cdd5595624640251d720b48408fa;0x16d2eca732cf0174c3394c52bf4cd347ce297c220ca383c9d75320af52db1c93;0x3f240c2256d3f1ee4b522bf14449b9e13ae71ef00f1de27a545646c4fe6000de,0xcc85f74894dd07eee3ff96285ee5a07288578545a9fbbd2c33f718915e823a1b;0xe0b62c0519f5717c8ecf9333e459ecbe7e9c8b2f227039362674f1e67910ac28;0x5d1ea67cdc14d2ea7a5a36e0ee8ba0f3604da0e345cfabeb8b6f806029964656;0x8604a8c102c0083701568156f554b358a56d3e558bf633cbe2ff96b5e7de9102;0x20fa52989cf7563dbbab47e0c5cdca0141ea048ccc9fcd307febc1bc8a1a8077,1.657921,1.586573;1.016364;0.924915;0.933558;1.028947,64.0,9.0,0.0,0,0.0,0.0,0.0,0,2548228096,2548592640,510.62000000000023,313.48299999999983,4.537000000000001,1.4530000000000012,24.377000000000013,18.0,85.0,125.0,105.05480000000001,252.70700000000014,2.7026000000000034,1.3802,95.17140000000002,18.0,85.0,125.0,1.891053,1.70985;1.217066;0.94159;1.0077;0.917925,64.0,9.0,0.0,0,0.0,1.0,5.0,7720.0,2550255616,2550513664,412.49199999999996,389.0270000000001,5.368,2.083,40.14000000000003,18.0,85.0,125.0,110.13000000000004,279.08299999999997,2.8604000000000025,1.6485999999999985,125.38519999999998,18.0,85.0,125.0
64,100,3,0x9dd1f32b6c2204b379dac35132783255621fa95947c56612a913be649b5a6b5d,0x24fb83d6407e9e3a82d47312ed828239c1d76325a71429e5a2414a93691ee872,0xfa0e8a56b99c4266862d742dc64830b7330dd0e104d24f653dc329a1b551af30,0;1,0xeea82c1e570f58a7a1978226266438b60218d4a4c1b3c579f2fa1748f42cb0dd;0x5bea5badcf78669b63fd927ab6404753a6f38d37b3e2a17079a709a39e3ab37e;0xb79c217737266cc52fa96e5936ca1332243e5a724fd174bf81b30f02477e34ea;0xfeac3ce1a2c410c627f7d109fceed2dcbd609024abf3ecb26401db6938504a3d;0x8fc7719d4cb6e88c61ae611107ec194742e560d727ada3ea8b420ce8afad6311,0x8dfa837bdae2af4f98f23a3eeef218784d34a5b05049144707a68d4b17b58a3c;0x251acd2f4a5af305e480987581bebbb6db4c5614d04dfc0a63dce7b5c76acfd9;0xb98ee6bb7f23b4c29d4c3f48e7afe586e9791db95e6f8242d5d1d9652adbc676;0x0fff3b30433ae23a8ad02a5b3f1850ce5e5de51a7c2158e5629c72b477257703;0xa074d08e954bf185cf905f41be90b799fca7904aada1c996b650e997478b1269,2.031945,1.633624;1.08742;0.990084;0.985186;0.956863,64.0,9.0,0.0,0,0.0,0.0,0.0,0,2549420032,2549727232,401.02500000000015,354.0840000000002,6.91,1.8330000000000009,67.021,18.0,85.0,127.0,102.68859999999994,292.48919999999987,2.5336000000000016,1.5200000000000002,75.71840000000002,18.0,85.0,127.0,1.486101,1.331789;1.157976;0.969763;0.998857;0.955922,64.0,9.0,0.0,0,0.0,1.0,5.0,7720.0,2551107584,2551144448,335.02499999999964,339.38200000000006,3.193999999999997,1.8830000000000022,26.629999999999928,18.0,85.0,127.0,95.21559999999991,257.25020000000006,2.141400000000001,1.372199999999999,64.86380000000005,18.0,85.0,127.0
64,100,4,0x9528b73c244c3319fc5ebed1605137e8e761e8aeb45583478ba441bd83a48a18,0xd71f3954de68cbd2f5c9f300557eeb3630302dd866724ca5f54c4da1878e03bf,0x453e68febb1d84490b86c9481940b59c099bf3feb8ae245e72a2e53e34f8661a,1;0,0x6e10cedf052089e7dc0fb9b814619d9b3fba32c39ddfa8d1bad1f5abe657f120;0x6b832d2065568d9c9d468fa3b24fd90e1c13b8537e58344a75e97a5bbe2dc0a0;0x0c19226a9723024f240c1ca4a111a17a506510a248dbcbdada806ff44d65c9d9;0x31ce06e921a5c8dbb6052f1af12292d45e135c642d8a84d874e0a3a98c8c243d;0x4dac7197fb12e9f01cf51a8f2272f77ca7ef8a208f27a7e425a6795a58845d53,0x4cb0169175034e3153e236382e8f64e25247560abd06c59d6f4ec9c631116a57;0xf57e2c98523185aedf0dfb1f0a769b11c6d853cf86918279c948dc3b8cf2244b;0x96302afa217eb8419c8235fad356108ab75b6e00a47c77e13d4f372a32bad825;0x7d3affdf46df12bc7009a8b65379075bd7eb815e9d635a1dfc7cf5df445c2349;0x2b23b487fa805f80e5816d9416eac82cd9710c30eab02e4d4ee6809f72db7080,1.704922,1.256035;1.032788;0.854349;1.330177;1.217747,64.0,9.0,0.0,0,0.0,0.0,0.0,0,2549944320,2550026240,341.62600000000026,469.13699999999966,4.6469999999999985,1.332,26.44999999999991,18.0,85.0,129.0,109.29259999999994,281.31620000000044,4.2162,1.9189999999999998,79.41939999999998,18.0,85.0,129.0,2.070323,1.660415;1.024255;0.898866;1.54468;0.8948,64.0,9.0,0.0,0,0.0,1.0,5.0,7720.0,2551701504,2549215232,446.5440000000001,491.21100000000007,5.558000000000003,2.442999999999997,42.31399999999989,18.0,85.0,129.0,101.63499999999992,378.77439999999996,2.706400000000001,1.5344000000000007,76.66380000000001,18.0,85.0,129.0
64,100,5,0x776360d59068a58e97b08e21d26e8a0c77896517e12c4ed6a26014fcd9aa54b2,0x6925d3714f146e655a22657849df7c73ae11a2d674dfb2a858ddffc0f4e21dd6,0x3a99c5487e981b2b9492d0eacb189fe19bfd370dd6c99935389e32c401a302b9,1;0,0x35635619a89cbcbcf213cd94b6b3d5247b01db21156d80a35eb812d7c8b42bd4;0x843989b73ed334424d53b68c3079eb193d0f59ce640693706804faf97e32c985;0x1cb62c2057d51579476180be2c18ff6aa49b3ddfe9ea6d99c708652bde9e9d1f;0xbdb6015f925ebaec220065b3ea2fbfe500c60a5f908ca682b2b6a89d6deb0ea2;0xcb91c401a623abd1cc20d8722df107c48cf66acc3bc983531edbbf460f82920a,0xebee5aa2a6c68fec0f562eb027d0998616f06a183c5359219132785c6377ab6a;0xd28cab197457200c49a56f50601795d6e2c54bf336b15965a720b177a2933a0c;0x180ca7422b603d5fad1935c52dd054b2972c0314d3f6dfc8ed7272d32b4d5de5;0xc898c71fd258bce43ee43676e719b734e55ac76003b4f4e5acab29735ac02979;0x9cb579413421d2e93863cdc6efcc5164a45bd1c4da36e10057afae8e4e3df11a,1.586023,1.76982;1.049523;1.102703;0.929663;0.964555,64.0,9.0,0.0,0,0.0,0.0,0.0,0,2550423552,2550648832,382.04699999999997,365.78200000000027,5.339000000000011,1.633000000000003,25.949999999999843,18.0,85.0,131.0,109.35479999999997,306.18999999999994,2.9568,1.5843999999999991,73.47699999999992,18.0,85.0,131.0,2.046767,1.282304;1.049533;0.956392;0.930423;0.955782,64.0,9.0,0.0,0,0.0,1.0,5.0,7720.0,2549743616,2550095872,390.97,504.6110000000003,5.34799999999999,2.0240000000000062,42.80499999999993,18.0,85.0,131.0,94.40679999999992,270.33200000000016,2.279199999999994,1.4183999999999986,67.87399999999997,18.0,85.0,131.0
64,100,6,0xf326855efbbcd045a7e62f4433713f2f668a483a44458507e241ceebb8808d55,0x530cb4b66b6b251b39da406761f33aed9042bb3d1be169b8834977f004233ad8,0x07be0e29c6e47e48d814f971541542d23ea021344f74f732d52449d69769f25a,1;0,0x4daa8d0e76fa724bd861e137d260067b6414e7b2ff5607963a819f5313c2d373;0x2f7bb1509ca5b2a51336c3ded2387857e1fd845aecbd10832cd3c1b10ec01b85;0x07900486fe542192c0daf8cfac0696848feb4e8f5ab51f54df8664e36113155e;0xaeae04e018f2f237abdda36de38ae8e7b75146c6b9e9ca82f9cb7dfe8a710931;0x7f54d0ba5891964d9f62ed98d91719452764830ed98c5de745d98f0a84735e24,0xa54ec7d31209913ea0b93d2576af8f2496dea4516e00b4d797d57af71fc573ee;0xc051ad96d3661f391e8c8793521a0ca1888a8519d12bb7188861b449a6892ad0;0x97f391c3030ebe9475a8d3d73c776c81bfea2f4e104975584074afff65bcb128;0xd2462b3cedae8ef6f6fce53987d5eac32e97d0da46d0f2141ae5e011b0c55a3b;0x86e11a752db5846574a8b5e46c72ab8bc1ed43a7f2a308ccf9a57246979ca373,1.555567,1.92916;1.06702;1.038627;0.908341;0.974961,64.0,9.0,0.0,0,0.0,0.0,0.0,0,2550874112,2551042048,344.20899999999983,360.8139999999992,3.6349999999999882,1.5220000000000034,27.49100000000015,18.0,85.0,133.0,112.45160000000024,269.20220000000023,2.730399999999997,1.4900000000000009,77.75139999999992,18.0,85.0,133.0,2.151396,1.237928;1.069003;1.034551;1.022613;0.882842,64.0,9.0,0.0,0,0.0,1.0,5.0,7720.0,2553339904,2553397248,596.6499999999997,416.52799999999934,6.098999999999997,2.4829999999999965,41.09199999999995,18.0,85.0,133.0,111.9208,279.3974000000001,2.473600000000003,1.4202000000000026,72.51139999999998,18.0,85.0,133.0
64,100,7,0xfa5c5a5727c3ec0235dde7222e03b9e3db13874dd40034e02acaa0ad8f71b81e,0x3310586a3546c93ba348e927911c317ea8b3051d32c43bd9b9f9c72895f302b1,0x25c743ac09d1cd467859fd62bd1beaf8f5f7174ca42adda0cac2ca4b01839f2d,0;1,0x26e95676d772a93944be0e19d4f78d3f4aef8ec41acf086c4289c3bfa3ea255d;0xcfb4f3a1b2e1928d5fcf3ba1240906b5ab20f41ee46d081ad572a0eecbd79275;0xd959509bddf72033d8510dcdeeadb4cc10876d7a428c0d0ae504c4210d822bae;0xd1000c48382315bc38206195afb2670c494f99b09275cc0c7b4a5e9a5240cf90;0xed4a7a551cd11d6555aefc37d9fc359b54a9702bd467f55781a132328f697059,0x929b0272782a839a9edf62d8c6d6e2ff6bf58566e14e31329e3171d4ae97684e;0x09c3553db37a14664f5120fcfa6d725389f36ce91e19153c284da41dc2a2c049;0x9ceb69b9e2b949954202b170a4f3134db27f815c1f3c5106c843927f5d6b8c5e;0x4eb2ce5df5849d62e5b11c100d743038bc250018e096380f3ffaab3d56180f83;0x953ae331e468e940da943a8e24601b108476d66b0b28b03d1e18e0d21addd1bc,2.117033,1.310427;1.005497;0.99412;1.02789;1.049103,64.0,9.0,0.0,0,0.0,0.0,0.0,0,2551238656,2551246848,440.38400000000024,392.2720000000008,7.570999999999999,1.8219999999999972,42.06300000000017,19.0,90.0,133.0,104.78020000000005,253.77460000000005,2.517600000000002,1.3657999999999997,70.4484,19.0,90.0,133.0,2.033507,2.150494;1.232529;1.039788;1.05421;0.962902,64.0,9.0,0.0,0,0.0,1.0,5.0,7720.0,2553802752,2553851904,349.9780000000008,354.55399999999827,4.085999999999988,1.5919999999999943,25.50800000000004,19.0,90.0,133.0,114.07780000000021,300.8438000000002,2.9044000000000043,1.7165999999999992,81.00419999999995,19.0,90.0,133.0
64,100,8,0xb348e22da7e0833d3a3eabe427c950e884aef73af7a3ad9d04a17314d8b65ffa,0x184172dcb1d4f119d86499730cecee51ec839f59c2f26c42c9b8cf651cdfc120,0x06de333eec651f06b12f4d252408f9a5e86457a49e9cd2ab0894f198e4d47af0,1;0,0x173c838d2de03827bd4fb39dc8a82a7b1c970f02f8958fd2f57409e5a3725c12;0x858ad62dc01a98492834ec50fe82dfb3bdbb0bb0e9b6944aff484e0a00f35aac;0x75c9504e6c66c12c2a7656a4a868ae3c1407543cc19e6725015d4a8f528cb4fb;0x237acf9dfeb066b3d6a2babb1ccaaad21877897396d6bc67b2e9c25fe54f7e08;0x3f62112d6f4874ff7d9c0da8c583e454cd6354df6abaa03e24fc7fff256f16b5,0xdb6cecbdad732151f70d69799364fc2d369c3c9c1dbfe6a26cd1c1a6d0de6fc9;0x03eb734184a61753c9813319560b38d9c401f1e3fbc6e343392b61b6e7d969ed;0x94f93e5d0da3891c061b2c1e8f3162b00d9836aab98f9d404115e1eb32c32529;0x9b629f13b7b64a8fe8cc9cf3eca7e07871c8d5b783c7bd38e7b972e49c3f7725;0xbaa110d3a9c50e51ec693ac949d98fbc2a5b0d5f8b504e44a0d6daac39664f6a,1.719233,1.310767;1.118508;0.971846;0.979998;0.995742,64.0,9.0,0.0,0,0.0,0.0,0.0,0,2551517184,2551554048,404.13899999999956,370.1779999999988,3.445000000000005,1.481999999999997,29.333999999999783,19.0,90.0,135.0,96.08499999999958,253.7466000000002,2.405599999999995,1.2338000000000005,78.63660000000019,19.0,90.0,135.0,2.517388,1.749249;1.094942;0.899007;0.998306;0.99402,64.0,9.0,0.0,0,0.0,1.0,5.0,7720.0,2554736640,2555179008,592.3730000000002,574.907999999999,5.989,2.634000000000002,42.24400000000031,19.0,90.0,135.0,107.54640000000052,305.69540000000006,2.688400000000002,1.7448000000000012,73.43259999999987,19.0,90.0,135.0
64,100,9,0x785f782376d12cfe6458e16f904dcdd21726d6f139c057e4956ec138355fc29b,0x8174e63ed53aea8120f5f05c12ca002c9092cd020c12b82fa2195d05574bebb7,0x596b3441f6efd0668a6a5ea937275723b1a011e500afc8cec60e6228574273ff,1;0,0x2ab8d96cc9f6fc249c7ce287fb65f15e1a8357c958e0f205e5c64785eadd160c;0x6f11db41febe5c705c8d35bddb0a9809123517ee81acfc759bb0f9f0ac758a5f;0x4b3ec16a970b8f9af5dee2ecdf0c109f043fca5915810a3e628cd9fb661caaa1;0xf74d84fa1cc3f37e45a2bd8243c1e591ae6f46e038e88c4b8086dfc3195b300f;0xb5f1a47c8b4ef14788525bef73a2bafc5f7d1707508e2669aede14bc9c40792f,0x919acdc86301c298bfc2c2b370e0ea0751e3221bc9772c24e35b402561f886bd;0xab3f77753b9463aa5fdd17f19a61436493fbfc1b1b183c2e7b0e0b38703e5e02;0x28708082cac385237674fff658daaea0968d02759d717a537323a62615db5065;0x69f22f8b203c6fc3442fd5f20f4dcd1b69016828cc67e7f06c3f00752940f5c9;0xd685c76d9fa92a401f9d7603b92321f630d145ad75f6543ba849ed98a3998d89,1.721828,1.692403;1.065127;1.240291;0.955992;1.091837,64.0,9.0,0.0,0,0.0,0.0,0.0,0,2551672832,2551951360,444.03999999999974,399.3119999999989,4.095999999999982,1.6829999999999905,27.532000000000252,19.0,90.0,137.0,92.00279999999998,288.74959999999965,2.469600000000005,1.3022000000000014,109.80399999999997,19.0,90.0,137.0,2.093928,1.715338;1.101923;0.898025;0.932387;0.965426,64.0,9.0,0.0,0,0.0,1.0,5.0,7720.0,2555609088,2555645952,478.1520000000008,527.3159999999999,5.198000000000014,2.3729999999999993,42.1839999999998,19.0,90.0,137.0,103.02539999999978,281.67519999999985,2.594000000000001,1.5926000000000011,80.54940000000003,19.0,90.0,137.0
64,100,10,0x038a259e12bd5021910570bcd1c323be681f891f0b52a17bfac92c1b209de1fb,0x2e1fd1dfea9a2e9bbce52753833db28bd844918b2ebd5c6386e80f0e58a851bc,0x76843784f3be02eb35c7d104249d81820d6126e63e360237c8509fe04e702e0b,1;0,0x9b7f14df6cbb26f7fdeff69d6e64f1843ff2866dd51a9cb618d77974fdcfc92c;0x2bafafd987423d6ff94e73ee4622d22646cd629a1964da0e4471b2f822cc322b;0xddaf69ac0515bccdb0fca91f4838388fc2ec44881c23b8f7122d831535d38ca5;0x21729a2ea256ed6ad867a8fee3ebfac67bc6a2e5d2d3f95d8a89bab3c18c33a0;0x6438e3034137e0cec4e790ec712cd26eb9ba387ae0e41420c43954e1ba1ee1d5,0x60159e5cf4367e18b09108e1162d4b76e6d8a127630ea33278a284c2c6f39773;0xb563f51f3451cbf15af1c9df5aeafdd266fde3baf1a67cf2c35f4ca71cc3ed09;0xcc9652be053e1fc6714fb0b90e50f072c82ebf7ef697a832f6eb2b02d2f09460;0x86fcdbb50beac2ed9b02cf48b673892526359417bed9503b7f7d9b6c5e929585;0xa1b3e95502c06f5dde807f7e9cbfcbe282d232985a9ef0af5f331d2afa1d82c5,1.917312,2.017924;1.109474;1.063254;0.892716;0.889973,64.0,9.0,0.0,0,0.0,0.0,0.0,0,2552180736,2552307712,473.69499999999965,518.2720000000002,4.105999999999978,1.4020000000000112,28.37299999999994,20.0,92.0,137.0,103.90060000000021,352.9546000000008,2.4717999999999964,1.4424000000000023,71.42360000000018,20.0,92.0,137.0,2.381162,1.249535;0.988261;1.001712;1.034961;0.909602,64.0,9.0,0.0,0,0.0,1.0,5.0,7720.0,2556391424,2556506112,670.502,548.2769999999998,4.9070000000000125,2.0630000000000104,41.542000000000314,20.0,92.0,137.0,96.52140000000024,295.9823999999993,2.1715999999999855,1.338000000000001,71.6444,20.0,92.0,137.0
64,100,11,0x7d842b98908b8459c409d578fe760c55e526d6a9ed64641289f14b36f13aae70,0xb658c414c6aabe73e35a2e7a934f46c2bfbf0b22f9f7ca2548583736af56b907,0x30765228f65c4e940db8b578c66ecc5b844e12be3b86f726e410f162857bd5b9,1;0,0x1f262b8f0af7d39b685a64bfd94010b6509c395fd2e0f7841005737664dfb00b;0x9cb897d5ee6324dba94f45c574df5576fb200543cf3e18a95d31fb28a61cd283;0xfe443a88a6e8c11abaf89ded072fcd028fd6731239573f92dc382e9d55ed3601;0x9a85fe00ed9fde13d1d080c8cce8b72f65e86e38fa38871b3e403faf94016b19;0xa50023dc362b733fa4a852174db28a15d895b448288d9d9c56a79dfe954f4372,0xc46f0155d46dfe5c6ef0b5a98c2ab1c7b7fb0cf1c5bb95c71e8f3ab20065c9d7;0xec3b3f4a3ac7dd442069f927f21588f81bc36dd4aff97d849bbcc08e54b28a0d;0xc18a97a8a6702c0f169fe658be0fc6b174d1d97b0019e2c04d89f9e9cbed864b;0x03d4951bb307e29ee440d79e6532b2af665c7192805ff87501ff130cb7ec06a6;0x9a0950a95f43282df3c43af80ce7c9d31e2d231df4b66e860907e7e43517ca9f,2.250515,1.661175;1.102984;1.066228;0.96101;0.94825,64.0,9.0,0.0,0,0.0,0.0,0.0,0,2552438784,2552791040,661.9179999999992,656.4000000000015,7.160999999999994,2.533000000000011,48.1129999999998,20.0,92.0,139.0,101.91760000000001,304.7899999999999,2.5438000000000023,1.534599999999996,74.79080000000002,20.0,92.0,139.0,2.067709,1.573643;1.181562;1.016684;0.999097;0.959738,64.0,9.0,0.0,0,0.0,1.0,5.0,7720.0,2557091840,2557140992,494.6859999999994,426.6640000000002,6.709999999999995,2.72400000000001,44.89799999999981,20.0,92.0,139.0,111.77459999999994,293.6571999999999,4.3968000000000025,2.0911999999999993,81.11059999999989,20.0,92.0,139.0
64,100,12,0xb457ac2c62f561dc4e3a58757ce3f7a167f33df7defc6110d0042e52721bff9e,0x693bdb773ef654c3e05c565a5d8330a31193c8e3c1638894e52ded8a24768509,0x1605bcab899175600bd1af57d3c85faaf3923a1039edb2c75f36b399561ac710,0;1,0xfb83e26a2550783a1bb4f8a1c6876c16d93c159287116998fdb386f2864ad303;0x43d301de6e1274f12dd0c7dfe0b946a8d17547e89b3b906d428e69d9f14b727d;0x742654c1edf80ca74e76b9a3ae54c7918d14682e6f0322c70278d7eb870bc494;0x017bcdecd49d257cedad849b9bd481d5aa758e3e18f0800fa9ea7ae2a823881b;0x1bd304580efe1caccffe76f26a1a15fa45dc4f66af219cb5ce825fd93a28e485,0xb2f86dc00b2e12aba7f56cf25ed3ff92834507c1c78415de8c5f5759dd26d52e;0x569a3449c26d69527a5964646848309da3db87b8a185b4c8da65f73a7fc8237d;0xbd5efc49ee66b305a886b5b58ed3d194b4f2b73e5079f03b1429cda8fafd30b3;0xc9d08056369f01931556eb5ef2ad385d2443a71a284f574a421043c36a2a7399;0x3be6787beb9f44a4e810387a41d6169ed7b8a76b21f92d09b492bdbc9cec1e6e,2.413872,1.414644;1.082653;1.077957;0.998646;0.9681,64.0,9.0,0.0,0,0.0,0.0,0.0,0,2553602048,2553638912,632.9450000000011,567.8869999999996,7.8619999999999735,2.2529999999999935,46.881000000000355,20.0,92.0,141.0,103.98879999999957,292.10279999999995,2.4438,1.3920000000000001,69.16839999999998,20.0,92.0,141.0,1.863481,1.785303;1.383557;1.14024;1.062572;0.968861,64.0,9.0,0.0,0,0.0,1.0,5.0,7720.0,2557468672,2555113472,498.8429999999988,543.6200000000016,6.270000000000006,1.3819999999999946,27.52200000000031,20.0,92.0,141.0,117.4432000000003,336.5195999999994,5.228000000000003,2.2395999999999994,95.91260000000011,20.0,92.0,141.0
64,100,13,0x44c2200a642f569fc5f11834732851d4e0037a5c3ad42f8f48324aef1e97ca61,0x86b16a69b62b6b0148aa90320d865a1d50915442641e15883b440f0b6bfc68de,0xfe502624d79d33a3d88b8c6b26edede42d7de00c0bc294beaf569bf492bd92d9,1;0,0x0a4e455495a299e7b671f2c963f44e1d66cc4e5e3742963a1f9e31e922c18bbe;0x05dc10c04932b0836597c597df7c0f3fc32f555bead10db335753a4408a9e7fb;0xfed740b834e18d81a046d963e00a319dd9841f6086eb3a05b1df8dec21df6443;0x9fcd6def112ec50feab73729a16cb27c35f990b2351ea892de4cf9e7a66441ec;0x134406e4a5a1f7176b66dcdd2692415a87636930cdaeba225b101e22454a120e,0x5c8ba8a761a17820562f6c06293cc85912a4483c995a8a2998806d1b27d5027c;0x1ed85a66afce1ec6b05cf3d95339b4f93137e2d1a640d3a9d6875901770f9cc3;0xc97906afef86e10ab64987f51fd95e03cc09562a6476f0134bfa26286e1d6efc;0x64fede9f23763466c4e4e9ff76c2b3ef741030427c2a1090d355b43060b79d04;0x8503e9ace9a14c4421fe52f1ad59790e357775ed78a456eefa98490d976ec66a,1.873206,1.833084;1.095893;0.930073;0.867098;0.910904,64.0,9.0,0.0,0,0.0,0.0,0.0,0,2553958400,2553978880,508.2159999999988,551.9829999999989,3.97599999999999,1.2520000000000078,26.83099999999973,20.0,92.0,143.0,107.0692000000005,283.4018000000001,2.510200000000004,1.530599999999998,72.49359999999989,20.0,92.0,143.0,2.372889,1.244758;1.002322;0.938546;1.019497;0.879837,64.0,9.0,0.0,0,0.0,1.0,5.0,7720.0,2557255680,2555277312,542.5689999999997,698.3230000000007,5.268000000000004,2.1739999999999964,40.181000000000246,20.0,92.0,143.0,98.43279999999996,272.46920000000006,2.4876000000000067,1.337799999999998,65.83739999999997,20.0,92.0,143.0
64,100,14,0xb19237765a9b04b2f1512423fc4a8a8cd4dd6dbcf1ba7cf527cf2211a300d4f6,0xe932c489c7a936ff3c5aec0ffb84d817db9e35d5201da86e5ba35d5e5d294c83,0xc34ac8a4a5091fc22646fbe0dacc39a1ac7990dda2777f5915b08a43e306f26f,0;1,0xf65b359e307061356397b0590d7b8fa904b677f916235527215ce4401782e276;0x86c81538593e0d04c85e190a63ec6e2999a51ede83619042767d80d069ad1192;0xb4c8bb119baa16e20bdf6a63707e463b86242b0d701c5a181b678a54004c1283;0x2a3119ee1f8cb47f504381afc45d5e77647067be18cd7b1591dee070ede48fca;0x0a916b291ca76ef88d664cf3072cee878a1bd6ed917dec1b6ee845db9bffedba,0xb734056999dcb5c08cd839ae51757c312e428422032d6428c5d8ef6c8c8cfde0;0x1d83826c51f2e31e3d82544b96754c803f0bca3b3673e77b7fee4ee587da7e93;0xe79d35e15f0722e378f6dd45e655f75f3eb6d643b8d25ffae1e51fbf93fc0e05;0xe8ab4e180a087418fe2f2dbb96a7566d019d3c156f176a8d4f432e2e4a45efe7;0x4b59dab1fd060497049bfd1ea8c93d8462dcf27b3064f83883f6f38634be362b,2.550748,2.019847;1.162033;1.020158;1.009203;0.923964,64.0,9.0,0.0,0,0.0,0.0,0.0,0,2554097664,2554122240,657.7619999999993,710.7920000000017,6.230000000000027,2.713999999999988,40.341000000000165,20.0,93.0,145.0,115.28979999999994,298.6325999999984,2.634200000000005,1.7043999999999968,75.27540000000013,20.0,93.0,145.0,2.211767,1.409256;1.052828;1.02122;0.963263;0.981871,64.0,9.0,0.0,0,0.0,1.0,5.0,7720.0,2555404288,2555523072,499.32399999999893,912.5960000000016,3.385000000000009,1.601999999999989,25.10800000000025,20.0,93.0,145.0,100.71560000000021,299.0231999999996,2.2113999999999945,1.4863999999999904,67.95659999999995,20.0,93.0,145.0
64,100,15,0x0868677f7cca09fa8d0cdc2439d1dce595695cfe0091f7cb44e4a750a1ab006e,0x7ba478e5c3a00141a309dffabad6c133457195cad3a867365974d982eb95f01a,0x5f293c7966af352941c462e0a82288d23924f97b3c9aa499f8bcdbb56fff6963,1;0,0x53f714d6f255cc4f8e097503f9a524617dd084f1ffa82e104ea9f3aeec1bd495;0x2d96b16afedc00423dd98ba69ac2f55d005d228592dafd43f03b500103612b38;0xefa403d618dd410362c333aa012a7cbb5639825be0370eb1438c96141ff2a7b9;0x36c549cc228c35dd134324be3a1d3bb3e7c6f56fa1293628e73128da09634de1;0xa5942a1e2fb7dafa9278d75d554a14096580874fca5e7572eafad4e55cac12ea,0xed4c5e53fe00f4e47a37544b1f4f627a95885362a3d94af20b4dce3fc610eaa6;0x5c4c75de95e627495c1e4d7953f3d1e36ea9a4c9fde72c28ec68d721751979f9;0xfda79b5dab22706c86853ecc8586675f7843e226dccfb4060b39a6264f699a07;0x4cecbf5f2f23365950cf337aac18a82dc9c1e64b6087b0ad545c91a8c0f8db2b;0x415b2403fd3fa05309e64e7476343fe9ec3a1f9ad2f74ae13c2d4d3718439c41,2.125085,2.067199;1.200992;1.205749;1.039107;0.999337,64.0,9.0,0.0,0,0.0,0.0,0.0,0,2554236928,2554359808,541.1360000000011,725.5649999999974,28.162999999999993,1.4720000000000022,27.962000000000298,20.0,93.0,147.0,119.11340000000034,322.6248000000001,2.930400000000007,1.6806000000000014,74.4723999999997,20.0,93.0,147.0,2.501904,1.547665;1.096735;0.983433;1.104496;1.203054,64.0,9.0,0.0,0,0.0,1.0,5.0,7720.0,2558136320,2555736064,539.2330000000001,721.3079999999969,5.709000000000009,1.9929999999999926,45.22899999999993,20.0,93.0,147.0,111.28180000000016,335.4380000000004,2.2013999999999996,1.442399999999997,66.81079999999989,20.0,93.0,147.0
64,100,16,0xd3f58c196e4cb1445c117affe442abe88d104e705d4a5a5fdbe97e9acb429aef,0xa0abca9b31cdadb71ed9225a228c667e196bba668341943d8ac1a6bbd4933be2,0xc2ff84c109a60a2cf3a7d4d74ad3dbb7bf923d1accb645a9de8d2aa5f2e64ee8,1;0,0x808d49dfd8a2e428849e27856a4515b548a23270825fbaa4fb7c507067157b42;0x2597cfe0bf23b6d423d1eeb50197e6ba2ad0901aa82f476ad81d2b7cd92104aa;0xa11227e69c4a5857f867bb8d67d29f3c83282f3d6df839066241faa3d2739e09;0x3d8e7f61e5c09bc7c5cb9c344280f4d4f71c627a42b2fb33b1d7b1b0144dadfe;0x737932e75ed43c4efc69a93943281a9463239ab4d9a3e824dbf931611334b650,0xb8fa97ab668e6d91e79204789c6f57e7a999472cea51c78cff46faedd0fc341f;0x697a088a9714a7bb2178c27f39d9437dfdc19437a42b16ea8536d79e5dce95dc;0x9a35f0adefe89cf01c4ed5119714eb4edf614e4b38fd2d71dadb05c807e07275;0xc828684ba1134f86cb8a985bafd526e3add0ffc270d3b8a7fdce134a659074da;0x120213a73014280158acb406c593b185b3002ed26f21b1b947bf0cb182b82d5e,1.960457,1.402005;1.143555;1.008741;1.15354;1.036603,64.0,9.0,0.0,0,0.0,0.0,0.0,0,2554892288,2555019264,510.2300000000004,622.1579999999976,4.267000000000019,1.4919999999999918,25.96899999999982,20.0,93.0,149.0,110.42459999999961,312.67579999999936,2.3898000000000064,1.5862000000000005,68.09860000000015,20.0,93.0,149.0,2.361743,2.109171;1.278568;1.056383;0.921049;1.076323,64.0,9.0,0.0,0,0.0,1.0,5.0,7720.0,2556280832,2556334080,566.4950000000002,728.3880000000034,5.617999999999986,2.4330000000000087,40.140999999999615,20.0,93.0,149.0,130.87520000000035,318.0394000000003,2.8368000000000078,1.6786000000000025,77.79519999999985,20.0,93.0,149.0
64,100,17,0x8226b16bd2741220b60ddaae9415f9e487078ce0675749a6e6ede6284b4d1881,0x42cbbeebd437ee96ef266a5a7ee2ba3274dbbe56c276c8b217aabe0b91b8325d,0x0ce469c46863d11fd336086049eebc7266fd225c368d0d93ed3f5eb9131e4c63,0;1,0xfe61965fcdcbda9ad2e132a2a15edb7950ffd8d7fdc1f870a7a20dea0512e649;0xaa0d8db4732dc2a2771c3971ca0d603e874d925a5c090f392bab6167d9522ff5;0x4235507906e4b3f7fee218953611008e0d9d6f25dc8cf732fa4d57ddd8425d49;0x6a0b3d6f86fa52ad4cf7a126cdac930afb9677186c7ef44fba2c7d805bca21f8;0x40eb0c3b7c9eaba6a132ab60e017c5420112af0b33e501c04076f5b4345d908e,0x9997d8f22fc59a148bd1c00595778cf102f6a689cd5cedc9391aef966100670e;0x422fef835a830c4e4d2ba468ac506b40f031266828d1a4f293095816f3386b6b;0xada9a78df23ceb27c39920f271fdc57e3879bb77d115c245fbef3ae8be15f9b4;0x00da346cfbc65ad8a61edb64f46e88faaa61e066f06c0678225a49bcbf2854dd;0x004424992f54dc97ac23d2ef3b5bc7e0cac55d3213b07efad792d9e8a2a777d4,2.801235,1.373282;1.065587;1.144697;1.002392;1.031366,64.0,9.0,0.0,0,0.0,0.0,0.0,0,2555224064,2555269120,704.4229999999992,800.8379999999981,5.527999999999978,2.1040000000000054,40.310999999999474,20.0,93.0,151.0,97.06200000000054,294.8908,2.48999999999999,1.3717999999999966,67.3594000000003,20.0,93.0,151.0,2.221881,1.818683;1.085096;0.999498;1.383186;1.501505,64.0,9.0,0.0,0,0.0,1.0,5.0,7720.0,2558976000,2556633088,461.6970000000005,815.8100000000002,3.785000000000019,1.4520000000000126,150.6270000000004,20.0,93.0,151.0,96.91020000000134,416.7326000000013,2.6997999999999975,1.484199999999999,141.07879999999997,20.0,93.0,151.0
64,100,18,0x13cc79ed230cbfa2cc46670462d14f8e954dd24371971e4b6567453185e0c442,0xeaf4b9527c54cec71fea3ed30722dfddf3d0bf94cb6233e1f109db963400aa97,0x914f4217e8f766ba7d40052aaf47c9aa1cee003db295566c574f318584063915,1;0,0x5d2e3c47d25cb9c1ec1c21372abceda70f5358e43ddf0da561418a50bf186b29;0xa0a3702f388e88365c2ba00372a6ad39fa9eec8fbaa7a7c03046683390ece8eb;0x4e2291c8deda4d81ff5ae9656326fee099b2d62a798447fcf4abccdd98e83352;0x70aabb95e25b6c949998b78ee92fbaaf6b483849aa557a4ae2091fb41796555b;0xdeb0be30fa98bbbbb198cf6dcceff5d856607245152b4fa5e0df016f14328e7a,0x95aa971a163a75734dfdd0eaedc0e7ed27d06e6c1b15279bd3037e26c92fcaff;0x2064f9fed0403c56d0421a3d58b95712951d75e98e5683a4f4519f015e531b3f;0xc3e322fb5a12d5a54d4e355863418c50c1712095b89ecd2c09873a0b82544047;0x076f7a7d67b92148e5151eb64bb761358b5f7ef6567e555c888cf88b4ddd4b94;0x91238bfc640c494a7115a6c99f3046c11e2574267df6b680d5592c28280494be,2.130914,1.895249;1.326861;0.977694;1.124426;1.005507,64.0,9.0,0.0,0,0.0,0.0,0.0,0,2555416576,2555449344,572.9049999999986,728.1290000000009,3.996000000000034,1.403,24.76700000000019,20.0,93.0,153.0,158.23679999999936,301.8408,2.6682000000000095,1.658600000000002,83.43759999999978,20.0,93.0,153.0,2.667504,1.258048;1.034731;0.946878;1.000789;1.024365,64.0,9.0,0.0,0,0.0,1.0,5.0,7720.0,2556928000,2556952576,660.3760000000007,835.2289999999998,5.25800000000001,2.4939999999999936,40.27099999999971,20.0,93.0,153.0,96.17300000000078,300.18060000000094,2.2672000000000057,1.277800000000002,71.61400000000005,20.0,93.0,153.0
64,100,19,0x4180dadb4859319094b157e22645abc1c494389e56632c1f72dbb40c0b0edc24,0x5c9324183cfb078105531ea0d91c133680b76651b413b6bf51adc37405a1a560,0x41183450822066b2b2231de32f245bec7f742e3a3bb5c03c6210da88bac17914,0;1,0x8d95fb83b6ba3059349e8308512bd3bfa7a4ad4bb83879a38b5a8f1f9bae34ea;0xa69a3790d1807e79a1db5a8670fb960b96638e2ea67c0b66f14a15b1fa84b6bd;0x2e15dd8cff68ac6c7ee234dc2f5b402b8a51edf9bb355e309bb0c6cb7fb091e2;0x9b76ae8f32c6887da81d0caf7251c2e08a9067285760388f541d4bd3f1096724;0x40d4fd05e828d4e276a4dbe36bcb56e1771e873212eb9ee8be52c38fec9755a9,0x99d46dadc7ddb706c786f3c576e8833c3540bf35c57905dd50a3b9dba1bae033;0x297e6896231633f25ac2f97dec4c9646809861e0ace3254d26a6d5ef992a8206;0x2cf2ad4076cec1b6f15a0c02f3f99d25ddbda89d575c8f97736f177ead1fd344;0xd443e926d0703f583537ac8c8b9b0eff3d14fadc4b1dfdd7b375143ae8aff4c5;0x9301dbc162c2e020394170455ba5cd90707fd96373e0a7e7db4ebe2ab824eb0e,2.67847,1.786845;1.013519;0.919848;0.900378;1.053579,64.0,9.0,0.0,0,0.0,0.0,0.0,0,2556063744,2556104704,670.4709999999989,829.982,6.880000000000016,2.022999999999977,42.09399999999947,20.0,93.0,155.0,107.17179999999993,312.13660000000004,2.5937999999999874,1.688999999999998,71.7539999999999,20.0,93.0,155.0,1.97567,1.396206;0.991385;0.930012;0.923213;0.910543,64.0,9.0,0.0,0,0.0,1.0,5.0,7720.0,2557321216,2560249856,537.8610000000006,634.8570000000026,3.404999999999999,1.7530000000000086,28.122000000000217,20.0,93.0,155.0,89.3126000000001,291.57579999999905,6.585999999999994,1.430400000000003,70.92300000000016,20.0,93.0,155.0
64,100,20,0x737a4ba300005d1413d740b663f753ce319b5c9de2d0942496b2e74b6b6ebb38,0x0d2d32360815463e8a701c1987c7519c68779bc38e32c68429f6eb02d9a64f46,0x358e4cd6deda8e355fa75e46093f51941457f4d37d44a2338f2e608d74f99a8f,1;0,0xb08b4b7b14a0370e06a73c3769bc57743990033457a37a0cde147c1174543b7f;0xc97f22e0f982cef186c2f8c7d9f11e212e75eddac609678aa57785f6991f5fd3;0x9b78439d1d92e9b871023adf4874f801d615fb69ff761a35036a58ade2520fbc;0x9e29a26ea9c1ff4a91a138dbd6abd00c607eb828bb22acfcd783b4af3e38e811;0xc69c70526a0c0139c29c42273b34d88f5f0b19b6387f93403661a33fa18de60e,0xb8ff5e51575e7efd8019f5946e71e326080dcc72a7531f77e06e645ddd3af355;0x0d21ae1041e0a9f64c1d10fb630c236d95591776b645589dc57e2fc073722367;0xfebee5cc4f019547e939ee2cfdc47db167e8058e79ef3430dd1f4403121a1032;0x6844f2ca12f60fbb01be25ce0fc85c9b8700b8eb2156b9f8299d8698bfe15d21;0x0a97735dff9c7405e8bd16c2a0423de6eaba61d0f654cc6a328ab426f9620d94,2.27411,1.451379;1.148793;0.933087;1.197066;1.331594,64.0,9.0,0.0,0,0.0,0.0,0.0,0,2556203008,2556243968,593.395,774.1780000000003,4.336999999999982,1.4230000000000167,86.37000000000054,20.0,93.0,157.0,115.9492000000005,366.4044000000005,2.1631999999999727,1.5443999999999982,67.09300000000002,20.0,93.0,157.0,2.735446,1.815488;1.125998;1.089533;1.07422;1.00773,64.0,9.0,0.0,0,0.0,1.0,5.0,7720.0,2560565248,2560638976,686.7360000000003,791.5240000000018,5.869000000000034,2.622999999999992,40.36099999999917,20.0,93.0,157.0,119.62439999999923,335.3619999999988,3.046599999999983,1.7988000000000033,80.36740000000042,20.0,93.0,157.0
64,100,21,0x895484632a0504f71b96ff513ffb3253b479f05817ba3b74ca7694ef3c002797,0x9058d15e8ab96f97a443d213d678ac3386618cef260b9519fb0462cc7e4557cf,0x2ac5af6cd692a60a5d92bf705edff821fcfe702ea0ad6e94932248c13e7df5fb,0;1,0xc377e3c04a9c7595aa18a3b4d58fa8897889360c6306264d47cbcbea95b1a800;0xba2ef91e5bf562389181072e8013a4b8fda565edbf8b6f64cd07390fc6238568;0x853bdc26986b42dcba340dc5d2ef68d307058a4c8ade92cf9e092f3fdbb9f716;0x23f5e8405675af5b5e548dbd2c7d0bc25d9ba35df153d4198905488398e90ccf;0x3cc41522f5868e469e1085f112dceb684377bd460605ff16cf9ad3510fe437c7,0xb18a993c59870cddc70e7951197b6d1f78af0aa4467d6acea6f8e89ec81bb1c3;0xc2d363e0d3a87ed95195b666ca71e0e518dafbf9558deaf06c2e987558cabd40;0x3a9277cb81eebb7e97c4522e7a75c7e8f4b7589ecc19fe44b832d98cddf8d27e;0xb493205b38a80a04e80f7bd74bedfe19b611e2cd334a0ce1de576b02e7ac49e8;0xa1c41180205920df3653afb5dc7f2a63880c4cf5a2fcf04f4c648d06c6126cf0,2.749618,1.806475;1.103094;1.609167;1.021441;1.377568,64.0,9.0,0.0,0,0.0,0.0,0.0,0,2556534784,2556686336,626.8759999999984,833.9679999999975,7.020999999999959,2.163000000000013,40.38100000000079,21.0,95.0,157.0,116.53599999999973,446.18079999999975,2.6158000000000086,1.8027999999999902,76.69759999999955,21.0,95.0,157.0,2.302903,1.409046;1.059768;1.055913;1.074701;1.175213,64.0,9.0,0.0,0,0.0,1.0,5.0,7720.0,2560884736,2560913408,571.1819999999999,832.6560000000011,3.866000000000047,1.7929999999999877,25.868999999999545,21.0,95.0,157.0,108.90039999999976,305.88539999999995,2.6238000000000046,1.4522000000000101,76.73579999999957,21.0,95.0,157.0
64,100,22,0x8ac2b74a00f37616ad974c58acbb6a959ad3ac3993c0d1c5d88fb211d5a2ea10,0x175a4a38ce331bb864f87bf6760c76e3bbc0d160a3240b5cbadcdc16137952c6,0x15b6c0a6d13691631c251f15a837cacb62117a93514d300c5acd9f4bde4eb03f,0;1,0x46033931fa8483f30eb8c99018969492a15a8f0f451510c24088da257ed83bd9;0x1c528b4a7f70789fe5ed5c723ed165c648c44b8f6f3c9bd6ff38a2286fe59e7d;0x2470bb7278d13573d2ea21bf72d76f2e7a871a64083c124eba95e09e16a6398f;0x288487ec2d82905647b6642bff83ead6fd1664038bd6f775602a24ac8c42e29f;0x39632c273379abaa2bb0192c425b398fea50ad24a4bd662e9683a48f9f3de6fc,0x1e09885321ada8d4be05922e5e9feacd3d73fc3df2e4596d1e9547fe0dc417c7;0xedc07a0e5b63c26f65b7334c4bd56084657c4ad28057219216561ab78ef9699b;0xfaf8365b45fd086d609374e3bfec16ce66efb3790df1cc250e9db62d99634f43;0xafb855d31799953fc1cef79b2d4a305e45467796c1a38f24bae0f537d1fb6448;0x1aa112816058ba86aee2aa543ac2a731b8fb64c6db3ae0147c157323d4caead8,2.839142,1.83661;1.141362;1.045977;1.225509;0.976763,64.0,9.0,0.0,0,0.0,0.0,0.0,0,2556887040,2556907520,685.7039999999988,981.6110000000003,6.370000000000008,2.0730000000000053,42.90499999999933,21.0,95.0,159.0,107.31579999999977,356.6057999999983,2.524000000000016,9.270000000000003,73.87740000000011,21.0,95.0,159.0,2.417987,1.309014;1.152408;1.031165;1.05421;0.985827,64.0,9.0,0.0,0,0.0,1.0,5.0,7720.0,2561015808,2561044480,591.7330000000005,903.5329999999981,4.385999999999995,1.6330000000000164,25.918999999999247,21.0,95.0,159.0,98.49259999999971,314.24979999999795,2.6460000000000283,1.3219999999999876,67.04519999999984,21.0,95.0,159.0
64,100,23,0x7a48ab23285fa2883eb74152c6ddf761495484a0f0843f0bfc5bead8fc066a8c,0xbf410b56d86fa94d1da11e06b8a7537fea6334eddd41df23f0661c051799d432,0x00dc1d0d5b1527e33209934a6ee3f79e936c767f0489d37fbb8e322e25085fbc,1;0,0x142f250fed434e493b40aa3fa7a0c063f3fe5b6e9271ac609b939711cabc6d57;0x2c4ea9addbcd5b7cb2c8bf2fc38f37b82deb99385e59e01dfac71eb6a7a7c576;0x7a24e5ebbd27f925620a49d7040d394a031e4e34a5e10aebafca3d69c9b0e0d6;0xdf81df320d3043cb3ddffecd0edc9ae05524bd5c9ecfdc5c04f18a285a7b5a36;0x48d6ae478d9deec3f2f483e21cf3e31b0433b58df445669dd87839445fb0e2c0,0x08a8e71ff20f59c1018dde8e33caf1937a79b62e786c27b6b25ed433b5e2c1dc;0x09ca9bfb1bafed1debfd84188bc616e455540a9682921127acd705319ea77f48;0x9a35156445758c5858d28e9801f354446d3435fc86c9833d76b5dc24662a20d7;0x7fda73a1be2247e9eb9adfe532e90294891f9bfd11d3a93256e7bfcfba87b72a;0x2b11daec5e59fd884da5526007df7a33cc16626f01a657f3f7d2617834bb247e,2.16774,2.044904;1.106989;0.943853;0.995802;0.916652,64.0,9.0,0.0,0,0.0,0.0,0.0,0,2566430720,2566516736,526.1640000000026,727.2160000000027,4.6269999999999945,1.4419999999999906,29.04400000000064,21.0,95.0,161.0,109.55719999999891,304.5673999999998,2.582000000000018,1.6745999999999992,79.86219999999987,21.0,95.0,161.0,2.408153,1.511019;1.030354;0.973469;1.015872;0.925656,64.0,9.0,0.0,0,0.0,1.0,5.0,7720.0,2569883648,2569908224,576.7700000000008,611.1219999999987,5.747999999999973,2.2730000000000103,59.969999999999466,21.0,95.0,161.0,107.75839999999926,324.29519999999934,2.81439999999997,1.4480000000000093,78.42219999999976,21.0,95.0,161.0
64,100,24,0x50be271f4a8ee99536431ed0016d2f4c714bf3375d52513d20c429f3b5d57072,0xb107c13ff9eff41805c84d1ce9e2b568f73184ad9aaf5853559eca2ea449d6f2,0x199234cc8de29153c6f931a2506e4a750edf37a56de8fe18f0c66c534abc4285,0;1,0x4a9e2ebc41b4979f1d6b23b20201b8fc51586374b4a392adcd2de6e68bb6cc15;0x4f48749629d1af6b695b6c4d3d4bf2aa4253a1a354ea25eac30cfb3cd776c56c;0x3c3c164910d591deb1bff43c8ecbfbff2bbd32a7097d3ff1ba882535b3373108;0xe45291d32f26bc76c19049fd69f56f981b5d39b938671c3c10aaadff76d6ae97;0xeddebf1246cbb548cb2c569ca154eb027f6993ed42000e1953fd96ea1034f9ab,0xc7e6fff7baefb36058f5fbcdbe892fb1c5e422d2b6c3b9766669ce2407d8ac7b;0xecc6341e544828ac8d91446448f446415defa3f046a2751bebd8f7b48604f3be;0xdf24014f79a244285ef70db19f0ec80679bde8cf09ba7cde110154abb724c090;0xf2a5accb6e8a7f3885baff0848f23106705158441a42ba790ce95ea20a324dab;0x4ebe093efaff48a618c39a972e4e344d354d0f2aaadcd10ef4e1d2b6bbadd4f0,2.636316,1.934527;1.202904;0.996994;1.082864;1.011286,64.0,9.0,0.0,0,0.0,0.0,0.0,0,2566516736,2566545408,586.894999999997,699.3449999999971,6.208999999999967,2.13399999999999,42.62399999999979,21.0,96.0,163.0,116.12300000000131,315.55600000000015,2.6476000000000104,1.6165999999999967,92.29900000000019,21.0,96.0,163.0,2.084124,1.337147;1.090765;1.030825;1.015862;1.026639,64.0,9.0,0.0,0,0.0,1.0,5.0,7720.0,2573619200,2573729792,565.2930000000015,709.300000000003,4.167000000000016,1.6220000000000059,25.04799999999974,21.0,96.0,163.0,93.99540000000067,300.02039999999926,2.6256000000000324,1.3840000000000097,67.84220000000015,21.0,96.0,163.0
64,100,25,0xcc80ac9b9db6e0201ef5af6de7d3a0a3a0c202c4066657887dc0461a5f3c9ba4,0xf06060c4f193478a11ef987e90dcf210f3fb8def5cf5b81c1360ca6d48db187a,0xec87338ae9364acab274640409cecefe60ab0ba361d97e160b44439cdd312cdd,0;1,0x1f4dafe01dc182eda563c74ef267caff1be074c2c96846b8607a6576c335f69f;0x50cd405d51f76abfff0fe2352667151320f5c38fbd8d703d2010b288201d5f6f;0x6a5d76615d851832d7417af4e62d1200b27a59dab944a7e2c1edc5e9fce2ed2a;0x357f1454ed8ceff55da52e852a77ede7f8e49ea43013f54a5c6f6bc821b73cd8;0xcf1158c31600107ee13a5f8ef26bda3a40327e65df989888c86d97e909ca3ac4,0x65f77e44522abf41a73d90d1f76baba7bf88eb6444482122b8043e981745c03a;0x1ccdc26e69687e52df50465ebace4cae273ac0971f55fed099892ddf6c166de0;0xdb1911a2614b04416f4451eae46cfb7cced604d4b93ca660238aee7d839234bf;0x562f92f5a417893c5f492db296e513b052122ea7881bd6991c42d08eec6bda12;0x5753dc906f4b59f56cdac7b4cff737084e79ba50609505b6b7923143822d03c9,2.403876,1.447183;1.074201;0.971505;0.953628;1.090846,64.0,9.0,0.0,0,0.0,0.0,0.0,0,2566868992,2566897664,565.562999999998,688.0479999999967,5.8379999999999805,1.843000000000016,42.844999999999686,21.0,96.0,165.0,98.5085999999996,299.4371999999995,2.3234000000000012,1.4523999999999917,66.41179999999983,21.0,96.0,165.0,1.840947,1.98874;1.099799;0.982983;1.2397;1.039874,64.0,9.0,0.0,0,0.0,1.0,5.0,7720.0,2573860864,2573893632,431.4009999999979,635.860000000002,25.018000000000022,1.533000000000014,28.11299999999975,21.0,96.0,165.0,102.81320000000011,368.61799999999835,2.8945999999999965,1.7044000000000024,75.84859999999992,21.0,96.0,165.0
64,100,26,0x4f1854716801c5ca20e4a704c59c2984cdf135640e7e50a8e39626bedd15595b,0xc020d9300b4be00b4e0593a5772e3f3afd93c1d64aaaa15c4ed3d66bfa5ba8d9,0xfd9aca87d09158a9b16f15c6e946b14aa1233cfee47f6f230269f6dd1ced9a8d,0;1,0xaf5f904b32a0e38bc5b7136fe70aa380914655978563169101035716a146478c;0x0cf8e5e4382bb7f15c42ea66d774bdea87c74178ab577df9f35aeb8896d34057;0xddb8644180f28b2f099355077473d746cca198b6f79f1cd5cbaf161d4f004736;0x1c86d810ca832d876cd62f78633d0a3e35d09e420fc7c96f88d9b5264ade2afe;0x48eaff16778fe017dbadcb0d5d4182747990ada15ed2a7e7bfe34e52dfea082f,0x36ae1da8b77afd180169bb34b2838108d161b8be7ba6e150117903ba7d028df4;0x4c85ded3952c7801fb4d30044ef468c2b63711fcd9582399c39fe68868b488f3;0x248637302facb78425d8c4d542a1aeff839e7e3149aa6d95b33c3e3f0b3b36d4;0xccbd8813d6a09e66392745fbfc4b3cd5b820466643971698d87506c8a81d5bc4;0x0bc7c23ddef791689c8ec3fec178a93f7c4344d29b8715e05faa8431cd62eb51,2.730949,1.303135;1.31303;0.945306;1.165848;0.960849,64.0,9.0,0.0,0,0.0,0.0,0.0,0,2567069696,2567122944,580.8060000000031,1057.484999999997,7.0800000000000205,2.875000000000002,40.60099999999949,21.0,96.0,167.0,97.79740000000065,341.19639999999896,2.3914000000000097,1.3921999999999979,66.8209999999999,21.0,96.0,167.0,1.96269,2.023191;1.125237;1.012953;1.04793;1.038196,64.0,9.0,0.0,0,0.0,1.0,5.0,7720.0,2574036992,2574135296,487.11399999999685,692.9749999999984,3.946000000000006,1.4020000000000112,27.231000000000822,21.0,96.0,167.0,120.60619999999938,327.4616000000036,2.6821999999999915,1.7286000000000037,85.2486000000003,21.0,96.0,167.0
64,100,27,0x363bdfe491d17d02eee40de681774db32c6c6079eb349b96bdef98d3f9831f83,0x125c4adf76b38b72fa7e2d7f1bb4f91f4223a97d6d78c727b714b7ed1210be2e,0xadea6615387617633f07a7516ab3ea72961c1bbfe1b31532d9f7fe3a11b9e5ec,0;1,0x73da5ab1f2595777ec3c62ee6c7a6a3003ffe5389aef2d7337d18a4577918e79;0xefe39a30eecc35107c4dd3940158afe8888a9156a9a8083224a7a1521f0bb203;0x988627fbd80cad3a5699ab90cd6e40a1688e286ab6592c0147faa4c06e21d2e4;0xe952da7ffaaac72fac90f0bf32b6c8fc1757a78218dfb2a6488d7e3f9922a848;0x07ca6b637d277584f5960bf4615e9cb3d6f72803c7f9ea9d1b40b30966491381,0xf17e65a8aa0ff5d0bac9c14a0473c47a207d66017d113fba8db2b00238cbcebe;0x95054a90d3e798004a6a3de4f2ca6e563596fee7274b1076aa8a2e67e1f175c9;0x6cd5621b429ed149d426f5a0ab567fd6abaf56803502961aa6d06457867a5bd3;0xf42860a38e11f638ddb55d07dd0be25a531272813a8ae3fa11afaf21fd9bdd68;0x48a080b175cb387e71ea928e1128330966eb1b3e1681a13534eba6b542168ff9,5.110909,1.966917;1.123805;0.975731;0.923944;1.983612,64.0,9.0,0.0,0,0.0,0.0,0.0,0,2567127040,2567163904,702.1789999999972,923.8830000000004,6.039000000000001,2.092999999999995,40.75100000000033,21.0,96.0,169.0,118.04600000000082,525.6388000000001,2.812400000000003,1.7724000000000104,73.05400000000017,21.0,96.0,169.0,2.235993,1.33935;1.072388;0.998065;1.123725;1.065036,64.0,9.0,0.0,0,0.0,1.0,5.0,7720.0,2574139392,2574192640,483.5190000000017,691.5029999999961,5.307999999999984,1.471999999999975,28.59300000000037,21.0,96.0,169.0,100.61579999999931,323.1336000000001,2.5796000000000023,1.4901999999999906,81.49500000000018,21.0,96.0,169.0
64,100,28,0xc22d64e872bd82f8f7ba386b136ee2706437773077520d8e68a0ae7c5bb56821,0x7d1d2d2a96e378938938f78244b73b626035ede77af5b2f40414365b4b98d6e7,0x0b609a01000a8aa805c10a417aff6c70a306a1f9cf7feedd1ba4b238de8c95ec,1;0,0x7e008bff54d1c1b671707965505bde54abee21855735222653afac453accc5bf;0x993c072a990c6bc27506965e08bfc76bc36bdafa7eea987819c1778123a77e77;0x55a87effa1c0b6947845feb381f96d16cc026740808674973429798b0764db88;0x642e063f84ab18c5ee2a44071b0a494bdfdf9772cb455429c9b79f6864e5cf8f;0x603b7ff67491024e4b7aed596ef753137d90128d0782fbd93925fd3fd73442d2,0x182cc297ec07f439f73b534068664c3348178a7f0a4163e12d781dea0f95df0b;0x201e5476672d18cf43df1c93e2baa4acd45239186e436ff3cce2c4669113728c;0xe71d786bf4ccd0893723b622176fbc595bc8bb469a53522e32301ad94a15be0c;0x6ef70520d7702328af7f2da06fa7338973b04ae6d2c52c7fa479f4321469159f;0x243774b58bd5a5b554ffa91b90b9f90e546c7491d83306b20b5366ddcc281748,2.183629,2.256583;1.091446;1.006498;1.370968;1.002061,64.0,9.0,0.0,0,0.0,0.0,0.0,0,2567315456,2567335936,499.11300000000244,904.6850000000023,3.7149999999999466,1.2419999999999858,25.920000000000456,21.0,96.0,171.0,178.08080000000086,366.3586000000024,2.828199999999992,1.804599999999986,73.89939999999999,21.0,96.0,171.0,2.888237,1.327272;1.058387;0.980779;1.239705;1.1602,64.0,9.0,0.0,0,0.0,1.0,5.0,7720.0,2574200832,2574266368,666.044999999997,893.7279999999964,6.710000000000049,2.2730000000000103,41.91299999999933,21.0,96.0,171.0,97.10039999999977,368.2013999999984,7.469399999999993,1.3582000000000047,68.27679999999968,21.0,96.0,171.0
64,100,29,0xd583cc72762673d639961b3182f810dca1069069c52c0546e934ca2c01f3d200,0x77f65e67ecdcce0537195e77dd718024df981db86c0e8ed518284d4cfc24de7c,0xf5ea26188ff54710077599e0ed6e5e9dddd32ceda91d260637d71217a951326c,1;0,0xb18a8944c9d08a8651894f58e8c8e425116904946cd724b8bf44c18bd7ffa692;0x9ab833cf2eb2d89dfc6f2def627cae3f9036a7f22466151ad3698a5dc961561c;0x3fe27407a7ae9373ac2b451e1fbd70d5848b86dfe98ecfdb0b06841be2e19fdf;0xe87b2914656be1edcae9f6e97fc5959dfb13ab14938b96744e9892c660bdbe35;0x670231b8635f189c8cd438e2176ee0c687a70660b606987ad54af9ed1eacf914,0x24af5b676df573a11edfdf9060ab164ef6302f9507464a5fc508cda1c7d4585f;0x81cdc3ce786f90dc8dcf9db61a642f35c5ec03ddb3de1f29d34dfdb626af1f20;0xfbe75406ac52786bdd295df843be1d3e49ef14407b309b990b58b34de1146085;0x92a1fd17253bd4fbfcb3e5d05a2fece99d91df4658215a9f89c19cd91a260f9d;0x38b886ef43403e7e2fb9e9ac46e9d31b336371af9e02e301433bda744e3a85ca,2.685962,1.318739;1.190105;1.192599;1.101081;1.044004,64.0,9.0,0.0,0,0.0,0.0,0.0,0,2567786496,2567991296,612.693999999997,943.1220000000046,4.456000000000013,1.4230000000000167,26.890999999999373,22.0,101.0,171.0,110.02619999999906,313.0862000000012,2.53199999999999,1.4022000000000037,82.03380000000003,22.0,101.0,171.0,3.498167,2.102581;1.283335;1.291789;1.121371;1.235804,64.0,9.0,0.0,0,0.0,1.0,5.0,7720.0,2574344192,2574495744,891.1639999999999,1066.9799999999952,7.601999999999999,2.5439999999999947,41.05100000000028,22.0,101.0,171.0,123.50819999999845,367.3441999999999,3.337399999999986,2.038799999999998,76.37939999999982,22.0,101.0,171.0
64,100,30,0x179fdab16b54995756320d069c59b6ac011442f3551ea2e0743b0df0abc21934,0x616c3d0a12771f2c298cbc978b990c0835e5456d18ce08363be686aea69e977d,0x72a32b4d7db56ed8dfb1d573a195eab242f895fcd7d5788696041c5907275472,0;1,0xb4f7d84850904bbc6f969625f6a62727336fc21077205a1988aecf2a41b8edba;0x30063acd779292229241c43786323cfb6a856efee5d46a6203f7dbc5ff91e9e3;0x72ed1daa8cc580d01720bd612c48f50cc8ee5149f13cfe410c3b8c41f73ff593;0x06544a857371d3b4811c8ca34360f7ba7bd9b01e0abaf389955c308bb61e7551;0x69abf66069dddd7e67a7a77d2af5098a093eada84f9667a8f81dc0c3c01aa249,0xa9b42abde91cb8471b25ffe5746f5d1f028e1e657041e173d1b7bac47ac2d590;0x6fffbf7c1236872910ffda6d2c1af0259c97b312eee04867455d04e6cfc77274;0x7ddcd2aa4b3056a1400e056205ba32027657f886e7f1206cb108a85e6727b06c;0x047040ada3514f5b08c3419386c851307a27af89bb415cededbd78ddcf0ca0aa;0xc128712b8fa42593309cdb7eb4b22d53696ce5f9059146a332526f386e5ea7d4,2.729698,1.447393;1.39861;1.232208;1.087375;1.032106,64.0,9.0,0.0,0,0.0,0.0,0.0,0,2568376320,2568433664,595.6380000000025,809.6320000000046,5.378000000000002,1.973000000000003,40.221000000000004,22.0,101.0,173.0,133.0385999999989,321.43880000000127,2.82800000000001,4.717200000000005,80.12859999999982,22.0,101.0,173.0,2.17496,2.163213;1.333561;1.171117;1.144265;1.141151,64.0,9.0,0.0,0,0.0,1.0,5.0,7720.0,2575044608,2575106048,510.9309999999992,754.9490000000047,5.3889999999999585,1.8619999999999899,27.862000000000027,22.0,101.0,173.0,162.9116,358.88299999999873,3.3632000000000017,11.432999999999995,85.51279999999967,22.0,101.0,173.0
64,100,31,0x11d568969d8192c9e8a1feef4bd408c8e3f990d20e6efcda38fb2b7f8b9a811b,0x827a1d9bf5d1afdf4888f1a7bb15ae3a4a0a8b8d3d3d5032ac55a1b474cfd27f,0x7c9ee1395d168ec2f4db3f152b3d72f0d22001809211547563513752fd2cdc61,0;1,0x6ac68fcb11c4264f0f126c0757faff10a92b0263c33737abf7ffdd9752294390;0x8ab431db7a8b4edd71038e2a4584b68eb53add638ce2fec5c431f2cbab311be0;0xfa6a43c93a49eb7acc91aa98a7506a55eb119c01b7d7b62ce74918fdcd0f9593;0xc1fc71a8cd69d6f32bf808f8a3bef085de4ff79e4f8c40a17af1db5dd4124f1e;0x5806763310b0049777539ec6f90b8b1d7bd0c6d472e31be9bf5bdb41de57d160,0x87de5a8cb217682d2249dc49eae5e222461d5307279f60a1546bc6fea1071fc0;0x8dd3f0aa54f18f62f53f0858a4923e6391883d89e34bd2f561ca32ce3517c2d7;0xaf0627a44ecd33a8a58f1a7fdfab012457409d273e422287aaea9f440007ba4c;0x6af85c2e831a0fbb74b91d41ec201b2dae5d3aa0deb18fb83d861fbfe02ff953;0x41f9caea1de38fb287f68dd4a78fc430f7dca50ddf27aa211b15613c485194ce,2.480722,2.336344;1.330146;1.098136;1.325349;1.12667,64.0,9.0,0.0,0,0.0,0.0,0.0,0,2570108928,2570235904,485.80299999999994,691.8030000000048,5.45799999999996,1.8630000000000058,42.133999999999226,22.0,101.0,175.0,118.05420000000068,435.91379999999845,3.240999999999986,1.9029999999999743,80.86800000000025,22.0,101.0,175.0,2.068551,2.464503;1.178318;1.131917;1.008401;1.11398,64.0,9.0,0.0,0,0.0,1.0,5.0,7720.0,2577465344,2577465344,548.6170000000012,614.6870000000026,4.727000000000052,1.6230000000000215,27.261000000000646,22.0,101.0,175.0,175.19640000000086,356.0509999999989,3.0028000000000303,1.6926000000000008,72.22480000000017,22.0,101.0,175.0
64,100,32,0x096d246777f678401dca4d7af329054131a67a88ae9a8bf730d3401b181d322a,0xbd9df4705b3a0c8035521a2eeecd8e7de56ccbd63d6ad87671533b91048504cc,0x9c9d33cebb8580fe6e081215ed88097b6961ced340bdc824eac9aebf154eaa08,1;0,0x119f6b64841ea78c1d0c142a8ad83ee43ab0f119d5a2b21b6b7f952703b42d06;0x6b883ba7730dba71e26d3434991f2e948b86e01c7ef4468ecde32efa42949420;0x85e0b02bb4f858dc690d11227fedd96f47e20b0d7a0eef398093550c89a41c4b;0xbb67463171317f3213b7ff3763936bde64318f52bdd6e82a1da941433f52beab;0x9152612e6a899e806158e66fc54be4d19036257fb2fd8dc9d345c1f94ccfbe9b,0x6135e285d4e3cad1f2c5e1c99306893b7b1264cd5b6959fef30fcd94567ef88e;0x4928d852f89d128adf869976c349154575e936c3d8f8cc188a095e8ea05bfe77;0x4073e5f14a4a7a63503b8699f27d51ee42547f9b90993488e7911156f8ad65d0;0x3c2f9628a4986d96d8ef546522e7e5b4abeb3425a7fad82cb693ad92154241fc;0xc4997eece0ba51212c99ebde8f42693c56139ebdd38f4a6f287913f172c0a02c,2.226979,1.885184;1.151707;1.067981;0.992036;0.984495,64.0,9.0,0.0,0,0.0,0.0,0.0,0,2570268672,2570272768,540.6059999999991,721.9390000000047,4.026999999999981,1.5220000000000034,27.532000000000252,22.0,102.0,177.0,111.31560000000042,354.4625999999995,2.5258000000000007,1.6725999999999892,74.1436000000005,22.0,102.0,177.0,3.112184,1.484929;1.104937;0.966108;1.018446;0.945095,64.0,9.0,0.0,0,0.0,1.0,5.0,7720.0,2578042880,2578051072,839.2960000000032,904.2630000000024,6.570000000000014,2.2830000000000052,41.23200000000042,22.0,102.0,177.0,98.08999999999929,333.75339999999755,2.563999999999995,1.4299999999999968,66.55820000000048,22.0,102.0,177.0
64,100,33,0x7c8884257a6c671445ff8ba8e614334439270068dcc429d1feee89296a9f71fd,0x707ab22fd1e0dd90a9bf715d6385c09d5a02d7ad3b240a8d52e847870c158819,0x159ff88554f4f434397d2237319e35a59357ab0a85e5fdd1ac651396338172c3,0;1,0x34dcfef8949a64870c0de17c266c8beab1bae225cebd69c59b884cf069275071;0x3dffc6c161c2048b2cfe3b9640abea87b6b7ff8baa63057ab4dc1148bdf92065;0xd148d5e204a60e82d81a264704dbf3e98ca078de83fbbdb68393bdba82909176;0xe0f91f5d8cc92466f03e0a88f56c6c431e7b81fddb2c09de16dd0b22b87552cb;0x6ae8251d7976aefdb91ea654897febc3d07f2983925a21e4bbdb8abf3e120702,0x3d0fd02d321f88ce9f2290d26062c60e68c384902ea0324cd7bcc6f3ef7e69bf;0x65efd291c3d47fd5581c077f42d67873e0558d7f3e617f66f393f8c189293ff9;0xaa111aefa1641c120a4c187bb4be2f78282cdf7ce5c89bf1ffb5a23ebdc7bf72;0xb987881f62fe25e20a48360a513d3902f62c70450e3a1d9df0b5329a5eed3cda;0x78394d72b30271b95646a69c1f1c691dde2bb88143139ea6bec9ffc83af527c4,3.072895,1.399932;1.080309;5.288477;1.04735;1.118908,64.0,9.0,0.0,0,0.0,0.0,0.0,0,2570272768,2570481664,499.0429999999976,1226.5699999999963,7.070999999999987,2.233000000000031,42.895000000001126,22.0,107.0,177.0,98.88879999999934,1192.4625999999994,2.4495999999999936,1.4082000000000114,78.58239999999975,22.0,107.0,177.0,3.051582,1.901408;1.2726;1.414603;1.095252;1.322285,64.0,9.0,0.0,0,0.0,1.0,5.0,7720.0,2578231296,2578231296,840.6779999999975,857.7339999999989,4.2659999999999485,1.612000000000011,29.0340000000007,22.0,107.0,177.0,131.07160000000033,377.5614000000011,3.217200000000023,1.8427999999999913,104.90220000000036,22.0,107.0,177.0
64,100,34,0xaf138ee39722a7045019c7d69124c241f31ba45d4f5ee1765f5445994e4b53f3,0x030d2498ebe0c1bd96c0e8ed4825d91b93ebd13b47fb5397749d448cff2b99ce,0xd6015ab7a04b2b41e899d0ac556bc64847132258b361c5025e9dd2dddf2815b1,0;1,0xb1e11a4c842dd0fa5d7b50601e844a82aeee34c593ad7e18f93e52a1801ce925;0x6c3fdf017778eef586e969cd45f14bacd24b85479bcd58e8517951ed74074d34;0x802a15c7903c2811e9babda6390052ec50f483d4fd76812f5ea16e9aed54e27a;0x1cbbcff42cebc4dc9af9c765f71fcc23474818e3073a2705994582a11f7fd384;0xb2911d6dea4f5a059cc798fc84e16fd1b476460518a3829fb8ba4286a51ead44,0x896fe26dacd9b58cbc9bf69761517d8655c300a2847f0a51faa9c66f4d7e1ab8;0x20fde2615a8f3aa4c58c121819eb703f6d0b44c0590fc47f23cff4ad24a829d6;0x08ec7666430c983bb8749c23022b5e4f7abaf743da240dd2ee31d6f5db12ecf5;0x8b06a1c8c573a42a960f17b465f35ff84f6b2173ebcb9614a61ba05d054473da;0x047671c48643f9deee68785bf3880fdeaf6346419540711d2094c12f38539d80,2.841506,1.957202;1.094691;1.052548;1.02132;1.034551,64.0,9.0,0.0,0,0.0,0.0,0.0,0,2570633216,2570633216,617.3110000000023,836.9530000000013,5.838999999999996,2.163000000000013,41.723000000000454,23.0,114.0,177.0,100.98220000000074,347.52020000000107,2.7598000000000207,1.5826000000000036,78.55859999999979,23.0,114.0,177.0,2.235792,1.679814;1.381784;1.18054;1.091477;1.101301,64.0,9.0,0.0,0,0.0,1.0,5.0,7720.0,2578423808,2578468864,636.4700000000001,778.3749999999978,3.7260000000000115,1.6130000000000266,28.29299999999868,23.0,114.0,177.0,131.4122000000001,366.61520000000337,2.6219999999999977,1.474399999999991,74.74699999999932,23.0,114.0,177.0
64,100,35,0x36dcd12f72d3e2378d9fc9f1fcfab4c99c4a024518315052fc37a36142956d42,0xd259d91f986857fb2ee9e7c286a8cebcf8db042e4185ae9e62ad2f78d2243725,0x4f9171207ad7c77a4dc1cb5f5c3cedbf2528eb0afc3204cea99916ea555bb4b1,0;1,0x0949dff852baaa34f9e05b0163c9d2fe44db67c7c0a3d9a55b1f5f4418b4722f;0x441eef78de43b4af2cd771f982bb0ccf165819e1fdda6dae0b5e698527971a3f;0xf2436ddebb8540911be168ed073ecbde2874987ee4d790ee68d2fb14f9fb4550;0x3dcd10c6265ee71337ec9daecf7438b0d3df1f6980387686c63fd1bccc9bebca;0xd97e6e89fb0eb83b9bed71f5d8307f88b689ad6292d4d20d1343a85f0640afce,0xbfc2d882b838db312375ae7a89dfcca274ac02f69d4ac9751c38bcbc51109f25;0x75a67aa9e31d679f758d2bf5a1b7b1cfe65c0263d19ea8ce15e3224b644b543c;0x2233f9315f1c97d125330bdc2e47db29ff66584b5753ddce8bfdd8810e06de00;0x40ec541360b7c1a8e437614f49fb98061bb737fe732bb7ede774cb3c217a23f2;0x046f4abb56e56cf8b475a4ae252a496ebd4fa17c9b1e359eeacd3069b572cac3,2.609897,1.800876;1.274672;1.131818;1.085237;1.010714,64.0,9.0,0.0,0,0.0,0.0,0.0,0,2570645504,2570649600,597.9220000000007,839.4770000000051,5.878999999999976,1.8929999999999902,40.901999999998914,24.0,116.0,177.0,111.67659999999913,363.14799999999923,2.7841999999999927,1.934600000000016,73.46899999999962,24.0,116.0,177.0,2.072255,1.33933;1.096524;1.357037;1.046398;1.045807,64.0,9.0,0.0,0,0.0,1.0,5.0,7720.0,2578575360,2578587648,477.9509999999973,733.1160000000059,4.056000000000004,1.4319999999999957,39.2690000000015,24.0,116.0,177.0,97.59119999999955,351.33579999999944,2.916200000000011,1.8506000000000165,75.94039999999983,24.0,116.0,177.0
64,100,36,0xc7686d9ff92869c8d1e69d0e65b54449cf8371fd52a65ca9e86301b46ce39758,0xfe895857ed81684688edba341156cbc9eb500a076e1d1d599159af366743cdfe,0x8898ef1be770be75fef770041e84843054f9cc63c0d44a322a5413f7c68ac7ca,0;1,0xb8387f12caf769482dc7249d42777bde5a93b35d29800921a5678b50356784eb;0x44ca9c693e4eccf2222cec750d0f3017e32f8fb0f65f4612b31611e8024ebc53;0xba3e5360e8877050464b8988d770f8897f176ccfa9d3d032dbde61b9bf475683;0xc3ef2dfc5177150de95a3dfe82d6598231b42d167bfe4ef3694bd614c683bb28;0x3faca7ae7cacdddf3c9a0ab6aa83b9fabf71ba71dc4b5203956741152242f984,0x5e3dce2b5e02841462dbc63fe45a050af5c413461182145f4973dad912a9ccc0;0xbf23ca0d1242e21c3d7bdece2ce0277e54fe756754083dc0fce832993deed5b7;0xc16d9cfd614e1f137af8cd51eda8012169c38d590e1a31570708e6c2e2537db2;0xecfb57f3aa2bab1d0f65f7c2b7a132a2843ad85e26eaeaec7c9327d0a03860a8;0xb0e8ca865c5720570c16e7caac75899ad3b0074c9f5cd37ab25adf78715995d4,3.139325,2.027067;1.107331;0.982222;1.045447;0.998075,64.0,9.0,0.0,0,0.0,0.0,0.0,0,2570780672,2570960896,889.2610000000024,926.0259999999964,5.898999999999965,2.222999999999982,41.81300000000165,24.0,117.0,179.0,100.97660000000091,340.55360000000144,2.6537999999999995,1.7606000000000088,73.96360000000018,24.0,117.0,179.0,2.555374,1.36577;1.178227;1.015822;0.953188;0.974951,64.0,9.0,0.0,0,0.0,1.0,5.0,7720.0,2578661376,2578784256,571.712000000002,852.1660000000014,3.696000000000081,1.6620000000000392,29.20400000000142,24.0,117.0,179.0,113.116399999999,321.34280000000183,2.61599999999999,1.4384000000000314,66.34380000000023,24.0,117.0,179.0
64,100,37,0xedc48bb701db8666f2c23833281a29829855a07b5bba55792dd4ff6fd55b8da3,0xad57ddefe58730a042edb0c3c1662167643ecd21e972a6e38c05d078deafa130,0xce35be526c2cc911ff6b4711954764ef001b338aa8cee3e2009296fc73e3c497,1;0,0xbeaea0125418b44ee52c05a9ff7b1dd8f820420ecbb8867228397857fa3b15b7;0xfd09abd02bc2f691e53f7f1ae9b3de40ab7d13720ffc94aa53f8e93a1d800bbf;0xbe22d40da05739f289574a2b626aa132d291a8d5cc6f167563e74564025fed09;0x833f0596dbe9dc8280ddb62617550f171baf90616476ba431704688119845510;0x8ba5f475979decb39755c36d35b08d7ad91aabf37abb7a3553a5d4aba37a4af0,0xdf5529b156966125a832c8b0d001f663a706cb02711a24bdcb8b7d9d061fa352;0xff94e9b0c52631894d915b3238e0d8f98153eccfbf9cfd0bb1ff1909611db7ef;0x641349add4d5e7139c03643b7326879c2329fadee5f5e52352816b3d7213ec9e;0xec7c46ca266bf44456fdd851025348a99fcfbdef5077b42371d60bbd81d1493d;0x10c769cf198e5b99fffd5d265bdea8ed9d7afc3a282a3c891fc92bd9ceadf30c,2.237611,2.079207;1.183736;1.151456;1.094661;1.025076,64.0,9.0,0.0,0,0.0,0.0,0.0,0,2571042816,2571087872,500.96599999999853,758.875000000006,4.506999999999948,1.5619999999999827,26.51000000000042,24.0,117.0,181.0,119.14359999999903,354.7891999999997,2.816200000000041,1.6184000000000034,79.0875999999996,24.0,117.0,181.0,2.664179,1.543628;1.346411;1.174312;1.019538;1.092649,64.0,9.0,0.0,0,0.0,1.0,5.0,7720.0,2579140608,2579226624,576.7500000000009,950.4129999999972,6.139000000000058,2.592999999999953,44.65700000000003,24.0,117.0,181.0,125.18079999999931,382.8454000000009,2.6058000000000243,1.646599999999992,67.2612000000003,24.0,117.0,181.0
64,100,38,0xb25ba2c7fb6c0a39ca761db11d5312c66be2805a4f1823cf90d8ec207ba0468a,0xbf900b31d6ca9f0bc95f0c835c226e644a049e18cf26fcce980c87f4a018367d,0x925e439df83696c3c7b4c29272fd524cf56f74845b6a4aae46fbb62f9c8bd39b,1;0,0x45279b5b6a52658de4a8e337d3737474e161f013b78c3da13eeb29313e1e6752;0xa0c559e2f2922043eea0390de4a0a3fb487bebd469c5d423a0aeb5aa2826f455;0x6da222a931bff7712dd97dc857d0e88bb0b757c58f4e5fb9919654fc77b78221;0x03ed881456da4c03f9e6b5bef19496e98d5f8aebdb0898a3efd04e6fbde9f1ef;0x424d6d9575e52d13eee59bc5ca9ba1088eb6d92868f5a91cc2f00402053ad537,0xf21fd0c18f2ad170ba0b992ccfe932e7c1f7d89f50451e8f3e55821862bf2be0;0x2e5bc7a03c71f13a174a09401e4b6ea779a6f81142ab8948618f211641aad87e;0xf7c5ed6909eaa94a56d25fd8a1ee0550ef858948ff3cfebc3ab9b358eee79ad9;0xc1536ae8253c12138bde9a6bd701284acc6df589a07ff0d8bf262a37789faece;0x9a03b491b24939d1da71ff21dbf8af971e637b5b0e029c5c16af437eac6e504a,3.104793,1.917863;1.236254;1.223615;1.099088;1.058126,64.0,9.0,0.0,0,0.0,0.0,0.0,0,2571177984,2571190272,681.9880000000014,1492.1600000000062,4.206000000000088,2.2340000000000466,41.01199999999999,25.0,121.0,181.0,105.17859999999989,427.02839999999856,2.8302000000000014,1.7304000000000104,78.90900000000062,25.0,121.0,181.0,2.783328,1.541184;1.190956;1.141852;1.047049;1.143204,64.0,9.0,0.0,0,0.0,1.0,5.0,7720.0,2579476480,2579611648,630.1500000000029,998.2659999999977,5.107999999999979,2.222999999999982,41.502999999998295,25.0,121.0,181.0,111.22580000000048,381.9803999999982,2.5118000000000187,1.7507999999999846,71.93060000000028,25.0,121.0,181.0
64,100,39,0x4f321ac6320f23ebcc1f0209f794b377c60486d28021210bc33862190a341532,0x3baf003c43eb5b46707888b2d2f89f686ef7d49ee4ae6c5afa2c64dc1bb20fdc,0x2e4cb2830ed36479948028a4a2e5e7ce1abf2f6c62d0edb88eb97fad0cf83581,1;0,0x1f19d3adf25c58eb40b2b1916db508f86b4e7550d02e1c1aa55bfadea8bf3206;0x5e9d78600ad2ac369e081882f514c06cc658dc26f156345781da06778133d39b;0x161ace8fa39a2344012976bb21e25cc71b43809dd3171ab9521debee851131f9;0x87e55388073be583c17b3fcfd0855011220b9b0498bfcec66fba4c2e7308bc1c;0xf75183a500617a60f536ad885ee7369fc4f1411fc857aff74e994c1556ebe4e7,0xeb894e0d5169a582a262081669bcf6d08aaa68861191aae2ec8cc36b159f1b70;0x557e0ca0fe9cc8697ca463308b24c98d17142e3b3da2a61b3f43fa7e30f9e646;0x487e044dbdb5fbbdea74f51782ccf1c522783e95f0e93cea625ec3cd1bc5fa43;0xdcb56d60b1c07475618e58492c2b5f4e7353822b52bf29ee68e96548a4ea08d4;0xac097fb01b2e05df53538c5350fe8b9f87e235b4ac4faa5d69443457da49461b,2.126017,1.76697;1.116053;1.057585;0.995552;1.023484,64.0,9.0,0.0,0,0.0,0.0,0.0,0,2571530240,2571563008,560.3049999999971,716.3099999999978,4.798000000000085,1.341999999999988,26.499999999998746,26.0,125.0,181.0,97.93199999999918,336.1009999999998,2.4436000000000075,1.4558000000000018,72.20279999999995,26.0,125.0,181.0,2.603948,1.898093;1.112669;1.014771;0.943293;1.010274,64.0,9.0,0.0,0,0.0,1.0,5.0,7720.0,2582163456,2582167552,596.9009999999969,817.9940000000024,5.638000000000084,2.4139999999999535,41.60300000000117,26.0,125.0,181.0,104.84199999999944,360.8044000000032,2.6057999999999812,1.7066000000000259,72.87600000000019,26.0,125.0,181.0
64,100,40,0x2a4a6427428473bd7d05c970233a4746d5f59f68b6fd60097a1d8759391c2277,0x72e86b6b11ddbf169a6b3b8e32f8f9a98b64a4dbacb6a153c69a6b6b05ee0581,0x2aa601e64f6ee13f74e1349cb6a80d66040931c8fab64e6143e8f29f2ad31863,0;1,0x7bfb2eefe1a8e10e5d39f3f6c96bad4f0657f48362f8e40604f9445444a88082;0x4155ba28a3840c183080b5463f948e7a9c9280e7e04c94b702a42b9f438b8570;0xc8c26e8a30d5af130a2f6c075483bea2a9b253057b5d78b5605366c281e24384;0x75ffc9eec986462df413904d4ee7b0990d4502500fa099397ad839f402142299;0xcae1d3e274b6ee4d57f748f06be503355ad408e02601846453b4d8dcb1dc41ed,0xf2bc67d0bb23f361b4cb1b9384883edd29921e30991165b945ae6e0b590d5fbf;0xfc5ac8c2c5949b96b6a1122d87c9c554502e8f8537e43f1591190b750ec3c165;0x0a4e1d2c7bf739641733fd19fe37a3acccfd182f7b4be19bc0bd4e5bd3e9ed6e;0xcd21e217fc63a3f9cf1417251b68b18c0e70fe445f5654b8bac1d42b4fdf108f;0x62a7b74bd4e609440886bbf0e2a159ff2a37161c0fc7f40a8cbbba55354f7798,2.866724,1.94309;1.231738;1.040299;1.101692;1.040029,64.0,9.0,0.0,0,0.0,0.0,0.0,0,2571571200,2571579392,709.1799999999968,841.1390000000047,5.627999999999926,2.474000000000031,40.45100000000038,26.0,126.0,183.0,109.99159999999924,398.97779999999995,2.6900000000000275,1.570599999999988,83.16920000000019,26.0,126.0,183.0,2.288662,1.555245;1.067741;1.047941;1.00754;1.044445,64.0,9.0,0.0,0,0.0,1.0,5.0,7720.0,2583003136,2583031808,614.3570000000029,765.8950000000026,4.7269999999999435,1.6629999999999467,28.31299999999856,26.0,126.0,183.0,95.56199999999905,382.6713999999981,2.5334000000000554,1.3018000000000056,71.57359999999946,26.0,126.0,183.0
64,100,41,0x592403a76ee422fcc86da3da4719e83128a213385664289a90c98cad53e47e99,0x9cee0733f9291e8add61f3c11b73377cec1fc33e11c17add1996a2bc0d72bc51,0x37338fb776eb50d311c9346c3d38238326e755855f75707e610e4d59115d9570,0;1,0x26488285c00bec137d24ecc4918af4d234d25437d52664e08fc562bc41be3667;0x144795b72314bcdeaa8732680fc8858d2c932119c73b340630115f8a2ef48d13;0x65f239b648f40c9a1734480ea0a39ca6395914519375bc2d1eb8baed10c17d85;0x0cc4e70815d495e0323c032033adbd78b8892a97cd06cb4ce71b913cf262d709;0xf6b164d74df09c56307cf18ff157d75f3eac7f4d894d2aa3176979d3c34c4020,0xa2279d8aca0257cab12534baa57aadecd65d3b4d7e0f4f11761d3bed52fafece;0x3f6e1ead6fbe508085b96f466b230b29069091b4979ffb519317f28ecd741589;0xe8070006e3dfcfd3d75e2203e29499595d911a3822c927988ba07637e0054cda;0x8495ff4ff99ead5d764d3fa506518ef03ccab8120bbd4da2bd44fa7b61a22c0a;0x86d98178840026b44d5da458579a7834a60705ab5fdc41d082792e0799e324d6,2.943069,1.321433;1.096103;1.04087;1.056383;0.991475,64.0,9.0,0.0,0,0.0,0.0,0.0,0,2571599872,2571767808,636.2989999999999,875.8610000000056,6.720999999999897,1.8929999999999902,42.40399999999936,27.0,134.0,183.0,100.37560000000084,340.8658000000009,2.3134000000000174,1.2318000000000096,67.77640000000044,27.0,134.0,183.0,2.111435,1.886245;1.164917;1.015752;1.030664;1.20057,64.0,9.0,0.0,0,0.0,1.0,5.0,7720.0,2583035904,2583121920,487.39600000000104,755.7400000000048,4.4170000000000496,1.5920000000000214,27.081000000001715,27.0,134.0,183.0,108.64780000000019,353.1006000000031,2.9919999999999685,1.720600000000008,86.0055999999998,27.0,134.0,183.0
64,100,42,0xb50c1e1a8ea481b308c52007b4f06aecc245a7f14c5f00657b43393add23881c,0xece604a4cf40882aa291a7c52b4dfe669eeba738e6159c7ade13dedd3d084f28,0xea37fc87a5db37ffafab9c09fb7acba39967f1abcbf7b0367d3760187ec7cb5a,1;0,0xb73adf5384c9b2f4f1f5803500d1b1819d5f09c042702f96052a40727939c52a;0xc07d2dbcc17b7d2b5d9215e0eafbd4c71c0785d273d994e3d8da9f652ce8f2d8;0x9086647d06c09047de38ac3c7f860afcc9c185cae6f9629505b55af493a12969;0xee12cc53149f184be41b9078484511a2dd3dfe29fa86939fa513a3d6422e486d;0xed08ac768b640775c7ac12fb305f166320b81bc0ac2a64892b6220e15b3b2326,0xe162f8f47385683f31d6bd6cd0880929c06c7ec55e380467921955ccf821ab7a;0x65d79451b5ff4fbf505e6a9fc81340e95041d82010a62754dab36ff40901a959;0xb69ad90ee489e062338440efdfacd25e168a815c76ff27b8601db460b6df3ca2;0x9923d5af410f6a3af4af4a884250b2f5ae98d84a1614101e9ad3e4d0f495716a;0x7efd9b9f3443b52ddc41ee8b5fb71e5e35e8d37f7541bcbd2e134df728604dc7,2.350035,2.177695;1.104426;1.070695;1.192118;1.012177,64.0,9.0,0.0,0,0.0,0.0,0.0,0,2572021760,2572029952,448.1659999999998,666.9360000000069,4.0870000000000575,1.4630000000000503,27.23099999999909,27.0,135.0,183.0,110.6086000000006,390.1584000000014,2.6402000000000023,1.6183999999999816,74.13380000000011,27.0,135.0,183.0,2.627613,1.430738;1.213441;1.113389;1.079809;1.067499,64.0,9.0,0.0,0,0.0,1.0,5.0,7720.0,2583121920,2583150592,587.6870000000034,846.0960000000046,5.1280000000000765,2.744999999999961,41.231999999998685,27.0,135.0,183.0,96.67620000000099,353.05479999999943,2.5377999999999945,1.4059999999999986,85.76139999999995,27.0,135.0,183.0
64,100,43,0x2b8b97241827909c3194827374003825247622cd6a793149090e08742b0894a5,0x25f88741f3d8d555c3eb2723a9945d3c48d9cdb7c02a08a4f063c9f5191fd5a0,0xf01d52106e8c62d54921a8ea840875d4381816f5b59ddb2b39e1ceb6e854347d,0;1,0xef5457d342c05ea42cab24d1dd21214e598043298d8942c20a7bfcd28520e032;0x5fda337fe9e0ae710280708976dca8b4e95c8cb12cc6e541b9d744e28c5db64e;0x38bac520fe4e018253dda5fbf8d7197857ac7e67c2e8a667e93e2da5b302d39a;0xa8f15a8a3ea681849c690d59dd8d55a2f86861067caaa1c2819601e08dfbd256;0xfb0530d9f240a0c890aca47bd446da0a657bc5d3552a0ad450d01d70835c548f,0xc1a9c08e5d7511a38fd2b880b357ab6daea661d17730c5ebeda29b6ac1221ae4;0xcfb4dc23679dcfc683d1301db81b92ef45e6d175c8963462201a3331f2ab6e12;0x561c4c26bae7f58c061a477cadce7f7dc1beb3162faa03617ad28a4812f925e1;0xe1196f0c4c44ae0cf1ae8ee72baa5e3376cf4f29eaa81c2c7ff7207475e519cb;0xa707079da64edb96b1053aba8b9f7066d213414c5261a5c749c506adbb3e453a,2.71852,1.256185;1.011626;0.960429;0.957434;1.00108,64.0,9.0,0.0,0,0.0,0.0,0.0,0,2572050432,2572062720,561.627000000002,818.463999999991,6.2400000000000215,1.793000000000042,41.62300000000105,27.0,136.0,185.0,100.72800000000132,324.58340000000027,2.1852000000000156,1.4602000000000062,74.92080000000081,27.0,136.0,185.0,2.459534,1.966636;1.069333;1.007279;0.944986;1.057925,64.0,9.0,0.0,0,0.0,1.0,5.0,7720.0,2583154688,2583166976,633.5650000000026,901.9450000000012,4.085999999999934,1.963000000000008,29.364000000000473,27.0,136.0,185.0,113.4774000000005,359.6303999999995,2.854199999999989,1.636600000000008,78.46040000000012,27.0,136.0,185.0
64,100,44,0x4950f2dccbc3414a5d43c35bd1964fc89e43b91664510cf619a8c57b944f0344,0xf63e8d2f2242a679a60b65bec825325911efe90f66880b53da98034d467a7e64,0x71535b6cd55121ac1c234c7aebf03726ffb143bb673a9210cb882a265e1891c6,1;0,0xecef9555d18b83f33b9d7fd1182d98c45ffc39381d806d5497a8bb639e9ccb3f;0xdff8f4d1d3a1668926da8d85532071a6595200f7579d7a82b76ec94b5d189423;0x5b28ed85ff0a610032a1a7ccd82342bb34c3965eda43b7c1fd7f97d3b3692c7c;0xf78b76eea085e4f0c2f473a296725929a8be2fa78ec14a9e3f0a3079dc7cc98c;0x3d0d0884866f822521239055caa76853265b1a04677a92cd84240e039327a7ae,0xd8fc316601728e63c89148c559d5c6f92fff8d14bb76f49ef7de299d69f288d2;0x0550457e8cfffc077e538ef43189690349c695dfc5b29c24b2de0712b74128c8;0xc98bc80f7b82537f23cf4e0687833b9919ae3dca13c14d18e5fa9dd9766f8a73;0x6008d5fb0e64a3cac9d81060c9d34eca1ad4cfbebd85da934a255c00007c71f1;0x5ff166c705ed2b35ba15d22e5e288da9e6d460260d3cf1e1d1d0565ba2da8b09,2.155772,1.405359;1.053719;0.966628;0.987319;1.211408,64.0,9.0,0.0,0,0.0,0.0,0.0,0,2572107776,2572152832,463.5090000000008,770.8419999999938,3.766000000000099,1.2919999999999598,26.33000000000149,27.0,137.0,185.0,93.87560000000266,341.7855999999997,2.181199999999996,1.2359999999999889,67.44580000000028,27.0,137.0,185.0,2.72512,2.308011;1.2268;1.022522;1.019418;0.996172,64.0,9.0,0.0,0,0.0,1.0,5.0,7720.0,2583289856,2583363584,631.3219999999967,942.9229999999983,5.5780000000000065,2.274000000000026,41.82299999999986,27.0,137.0,185.0,106.6789999999998,380.0312,2.8903999999999734,1.7805999999999769,86.65460000000027,27.0,137.0,185.0
64,100,45,0x12a537a3dd742430096795a3e955522d74de74fc22d35d3995e0f00d5aa42a1b,0x34b19472a082a463edabdafa70607987b004240750416ffdcdb3a207c2235b99,0x2ce0855f8f15d6977ec68c5653e4dcfcef21db80791479dcc582ceca7bf37ee4,0;1,0x39dbe02367892d1ae628aaf5d9201b3a9853dbcb85b294e5bad77ff7121455b7;0xd5308bd27c6b5eaf8589fd6e799c4818898a0474a813892d5f82c54e2e7bc97e;0x94b9835d7e34d0189da64924177d1a3190337b38a14a6eba6384c838e051d7c2;0x5e57d958ea0c97576a3028a1e54cb37f0fff87bed7823002d39895b558a562db;0x7fd0fd01b7c72d477dea84fb41e34a92346c85ae7327401c2a1cc3fb285f5da8,0xc13d80d325b09b167c3606e34a8ca6c71d951d35c0f4a725b265b6df949da6a1;0xb5830825249144fbb9a6a153cfebf128e4de7a98b375d47cba4ea23c4275c997;0x636349b9296b7d292f0d6d6526dfedad7b9c2254e89cd55f5e4724053488df49;0x09be4c7e3c516eef83b7a446cd0fe46033013603bab506de2dae810428b50f1e;0xd51bbcbb188273235908ad7425071bc7e12225bc734b88423ea0e1c1f624e7bd,2.71788,1.370588;1.051827;1.097155;0.997545;1.027069,64.0,9.0,0.0,0,0.0,0.0,0.0,0,2572488704,2572496896,706.2750000000062,818.6950000000081,5.608000000000045,2.0730000000000053,41.99400000000006,28.0,143.0,185.0,100.75200000000117,377.5033999999955,2.253599999999965,1.4999999999999822,67.0709999999998,28.0,143.0,185.0,1.999276,1.900497;1.136934;1.010524;0.991516;1.049052,64.0,9.0,0.0,0,0.0,1.0,5.0,7720.0,2583494656,2584145920,477.03000000000327,754.2880000000057,4.527000000000046,1.6519999999999904,28.072000000000514,28.0,143.0,185.0,124.86040000000006,363.30580000000225,2.5757999999999854,1.7588000000000021,75.11899999999987,28.0,143.0,185.0
64,100,46,0x636e87a7d848e28e31c8e1f4b59a75ae8f99bc26c061bcfbbf91a36798c0585e,0x514b1db77b36f4296405d52987103dd328014cf8e1409e979aade0f36fc92fbb,0x10605033a5b747f6d44308132db3aa83cd1e6a81f159af91dab5374638f695b6,0;1,0x36508c74afac24417331e7cb06863f1375019d4ade4fe9e9b67aeb283099f2fd;0x101e75e902539dacb6e83e94bb08ad095efaabb550dc22617770e3db79076df8;0xa5c4dacd7222d35ef9d1b458b807058a0f413e4115c42e5a03d4af8750de5d78;0x6b133e608512ab01ca3b2928287ca5833ab582d92430e9e01eda868679afc4b0;0x354a23ac6f136de12852cec925558d4435475fec4c5a16e0cc2725cf7ce9bf29,0xef00027b963d81cf165effcde8cd743a23f7737fec61601811515bee773eef89;0x731be06fef9a6f89a6b60c05314d0a66190231198071e23c5c28813ef084273b;0x3582f8e7444918935d56b9725917e7de5451c1c166273b571b897f252c2a7be5;0x7f6111d6e91747231b59c25d4a7df493c3b9673a7b000374332ff9b36be00bab;0x20327db6bfcf055835b520ae50c4891db51f22b25e8433a6e5d434700cbb8d19,3.483254,2.195972;1.973556;2.252953;1.675727;1.84987,64.0,9.0,0.0,0,0.0,0.0,0.0,0,2573881344,2570104832,886.126000000001,948.8069999999959,6.560000000000072,2.4439999999999924,84.11599999999866,28.0,144.0,187.0,129.12460000000237,493.9890000000058,2.9684000000000306,1.8730000000000004,74.84300000000013,28.0,144.0,187.0,6.512563,2.327691;1.721507;1.655137;1.263375;1.242283,64.0,9.0,0.0,0,0.0,1.0,5.0,7720.0,2581278720,2581475328,668.3880000000058,2975.668999999986,5.627999999999926,1.5619999999999827,29.00399999999914,28.0,144.0,187.0,148.4478000000011,419.5051999999977,3.989800000000002,2.0049999999999972,86.37060000000058,28.0,144.0,187.0
64,100,47,0x877b2569a4735b4b6c9755c4da102000b6b7a95b18c45747fd7c0712500e16e8,0x8f542618bba25b7342f52ebb4e135dd6e9f01f0efd0bd623172296434d6556aa,0x85018720208a38534757646aa182e026a87a38e2569fe7aa2d55e736530e8c4c,1;0,0x69b720da753ff2d6c3497f8b64b93fe76a61491ba97ed8c520eac3172dea77f2;0x435c6b8922db0cbad69165625f86cadf590c0d50cd7b84472bb5845af5e70602;0x4e3304360ceb2aca0e4d1c404c8740f393c86a49db60782fccecdac56854d6b9;0x571ef8c5bda92d77ebd4fd3294ab2b5fbd6d7e2d8c51ece3c2d2f8ee39168931;0xe5131111a09ddfc498277f30f890bde2b3d7c61ffc7126a7f0bfe71f942dfd9d,0x86eb2bdb4c0473919ddb5de5a5c7a8b6cf869259db6f7a6f7708bf866a785bd5;0x9aac91932da5074770aff44adf82d3e1362b5abd7622903498d7ecd1fd08d762;0x51b9def972ccebb1c53c4955fe92ba4268b44d75b969a905c31bb715908e5fcd;0x6a0e2bbcdb57efd20047156335e354b9028b784ddbc677ef0b14448b28d745be;0xb1d7091db09a246863f659b177738818972e90ca4590b42f21cd2a33d61ee8a0,2.077153,2.061429;1.198487;1.095582;1.022693;0.999908,64.0,9.0,0.0,0,0.0,0.0,0.0,0,2579648512,2579673088,497.2800000000027,701.3180000000064,3.956000000000055,1.4319999999999957,24.75700000000025,28.0,144.0,187.0,110.41239999999841,366.7434000000025,2.475599999999991,1.5543999999999931,92.51540000000044,28.0,144.0,187.0,2.634093,1.560914;1.125027;1.052227;1.038166;1.068712,64.0,9.0,0.0,0,0.0,1.0,5.0,7720.0,2590662656,2590666752,581.5269999999983,819.3059999999919,4.766999999999922,2.454000000000041,40.85200000000094,28.0,144.0,187.0,93.51900000000302,405.3713999999986,2.523599999999966,1.2899999999999934,66.88899999999984,28.0,144.0,187.0
64,100,48,0x6ed08e978d6b11572dba366fcc291d27fd3d9dbd6004342802bf5dc9840d6960,0x433bc316cd36076da213bd9febaa8bd974283bab3bb2ec658be6e4b5b092698d,0xc237d12903ea590061d5d8846f01089b2822c3071dc2e80e8735df3257400814,1;0,0xf2179d837f9f55b162b0c5e9e12466bf92ab5142b1788757138d2b24ddbd5276;0x34a7603308edbbbeabaa91bdf2fa56798786e931507a9c1fff85cb9df65b3aa7;0x5c84eff7879f5a2e086ce004de01bf6591b410d513bd76f4a6f2b2561af58f9c;0x1d0a65d5ba5f2cab7303ccfb3b0474109448e3de0288680f7bfcbb691bd2bb3b;0x7990aa4d7822bc34f0367aba59ca6c7e0344c29f54f952dc321edd74f0b06390,0xbc16cad66ac4595794afa21c554a6bbea8307efe65359e984458fa719c376df9;0x1b1108c8e9d2da6320dfeab64de4dc2f22555c4715944f29b2d4af8d61b92db2;0xe507d10d686c947cab0853f604baa5dbb25a7012685a024cc332f13d1f6359dd;0x8b231c41f0585bafc7a7d972979984234189b1dd991790bb892b228687dadbdf;0xa2334bbcd1edaf6f2dbc4595a59610d49bf6300044670188aee8e3a571993ac1,1.917312,2.052606;1.17355;1.012698;1.189985;1.002201,64.0,9.0,0.0,0,0.0,0.0,0.0,0,2580295680,2580353024,474.2350000000034,615.3779999999997,4.045999999999954,1.3320000000000476,25.959999999998484,28.0,145.0,187.0,109.58100000000026,404.4038000000028,2.525599999999954,1.820400000000018,80.35100000000003,28.0,145.0,187.0,2.602631,1.367352;1.175974;1.064606;1.014701;0.942682,64.0,9.0,0.0,0,0.0,1.0,5.0,7720.0,2592608256,2592608256,549.3280000000017,785.1140000000034,5.868000000000019,2.4240000000000026,42.44399999999912,28.0,145.0,187.0,94.4328000000022,343.9588000000049,2.245399999999944,1.3240000000000085,75.35799999999968,28.0,145.0,187.0
64,100,49,0x3e91cfb5329c6ff9bd0a6598fd31ae827babe01c3457fa9a0d7f7562b197455f,0x17cccb5aaf3b78118c60fe39d16f8a3a1ed0da804479b100b58f842f9768d293,0x88e7f63cadbdea34937614988f666e36cbc2e32ecb883acdf1eb7dc8506e6ae6,0;1,0xbe53b0369594166be5ec025ed077aa8987e255a30747576c7a5cc48124df3048;0x377d63883c95d33ce3fb2ce0672f4db85a8edaf6c9460095536acf27cd71145e;0xd5c80172724f16e4680a26cd0750e530bf373d5e8cf5b7eedfa8215619d4e81b;0x48f3794604bd61e2e98b76d69b0ff6ad68eee5212bc8c16a8c191e85dbc7dda9;0xfa4d76f1aca5eea5f47b8e529f5ce6a5f172003a721f6f5bc9a5e6f9dace92ee,0x06e60e0004b2efd2f761af86c0669118ad463482558d840bf856ca42c7d505c4;0xa6b2087b1e8c49e01777f77f12f215e8ea0aad8110cc04a9b62ff5c5169fc46d;0x5b2fd812b0c8abc28e2912a265cb8a6af641dbb21eb236bbe0c0898765d30030;0xdc1b60e31f94c56a625bd57aa2382561aa777925bf3bcbb6d98d6c039e74ac7b;0x55592064fe11b4328a0733eb6af9289a6786965dee82656316d33b84b95661f1,2.710844,1.461204;1.19993;1.332815;1.123104;1.042392,64.0,9.0,0.0,0,0.0,0.0,0.0,0,2581397504,2581528576,569.0279999999992,805.085000000011,6.238999999999898,1.9329999999999694,41.70300000000057,28.0,146.0,189.0,100.38940000000052,414.58759999999927,2.277799999999934,1.2696000000000192,66.74639999999926,28.0,146.0,189.0,1.926897,2.097003;1.373252;1.121206;1.0939;1.148823,64.0,9.0,0.0,0,0.0,1.0,5.0,7720.0,2592612352,2592612352,467.5360000000045,605.0529999999943,3.764999999999975,1.6219999999999517,26.669999999999472,28.0,146.0,189.0,105.8013999999996,402.9740000000004,2.72600000000003,1.6021999999999867,73.34660000000021,28.0,146.0,189.0
64,100,50,0x6c3c1ca2b7c710a037e6acb0dde1849e71d08ce34c13496a5ed21d446a8d315d,0xc82436a78c18055444df40ccb5276ab9f4fc1c3bd579f09679e2a20081426f7c,0x344666514acf6d54f8582a09f82c27c84b1d629917d2842e3b9ae3a2fd4ca09c,1;0,0x563ed4ff86832f1a4bfaca43d6cc6aafbc073614ef1629ca01c80fa080311aab;0x47dc9fd6a59bb0257f9bbeb2f0de7ecb87301cfac6f9c2b325ca5e4e2d240639;0xf978ca28c67ea63360a562cbeb5c489a1cf160d97057f4c91a82326190fe8b09;0x1334ebe6d4d1af8126720a94a308026559da3d35a8f9910932f086d4805c5b81;0xf53c34970bb0fe12aab8d6689aeede73e9cf22353b2ec0998a573c6ed9971b49,0x42e781532013b7f90e5781aaf37347a68e876be4aa91773f8efb8cbd31fcd163;0x930b8d50bbf18762995e37588bae8b1e0bd4481289cffca448b931f048a9ef46;0xb42c1622be3739dfd4464c48b12dd59db3b7daf0dd8b1c4ff59fbb60d412dc94;0x3c2052def3e6c1478df946d8ecbd412bd6f8d47da65b3b79346f05cb6e1a7760;0x351ba9007bf03b62363a30cb4e01738010a32bae41286bbf40fdd1b7092cf605,2.421693,2.029972;1.145277;1.109483;1.021981;1.14738,64.0,9.0,0.0,0,0.0,0.0,0.0,0,2602815488,2602885120,584.9130000000064,795.7199999999998,4.677000000000024,1.712999999999975,30.28500000000142,28.0,147.0,189.0,112.36579999999996,389.0288000000019,3.0646000000000058,1.5584000000000127,72.82220000000005,28.0,147.0,189.0,3.390434,1.346431;1.235183;1.117396;1.070134;1.086398,64.0,9.0,0.0,0,0.0,1.0,5.0,7720.0,2592641024,2592694272,1174.209999999995,857.6740000000027,5.337999999999914,2.8240000000000123,42.644000000001405,28.0,147.0,189.0,107.50220000000088,365.1268000000041,2.253399999999983,1.4983999999999786,71.98860000000029,28.0,147.0,189.0
64,100,51,0x44b20d770bf81bae88a7832fdbadc37e23030548ab74fccf7cc5ae7b52de059b,0x9b8db0d445c00fce2b0c6f38c6e0139478b42f6ba9dd73a0d312f759bce80d73,0xe859d519e2d1fda91a5c0b93f54fcb2c0336857a6c01fc7b0a28739dc26fd2b6,0;1,0xf448247a242b69ffa723ec018f07c28d40573146e1858a10a9eb6438d6276db6;0x9a48c0fcbd88fc133e78ae01067b5e22463fb847ca8615d97bae7a1502728285;0xd1bb204437400f6d4cfb92814e907aaabc13d4633ab6a0a3bfad205b413dec5c;0x5a23b5ac8f28c54941ed7b921999160cec0113e52decbb5bf0dadc562e6964fc;0xc9cb79d918b6413026ba012f6c50f4d4d9e5411b924152ea3c3112ffd6a9082c,0x8732dd1a2afdddd8601995a23b1c3efb2974882726ae146ea5bc91ca39e10278;0xe341ff90cc4a5765a6d481dd366fb28cac485e23e16d6a768c20730ef3f4b10a;0x2cfd89ae74b9691bcf6b7af4e8ca1d481ffeead0c31161ba78c6952289eb57de;0xed92e3997d1bf0868bb819e39d16b1016b9924e85d4925a4e6cfe8c724242fb2;0x2016675c50b1cddeb8422cfedf7d50a8ed7ea9d048d52d775a8588069d02cc88,2.57203,1.445931;1.096764;1.082313;1.064856;1.01073,64.0,9.0,0.0,0,0.0,0.0,0.0,0,2602954752,2603118592,568.1369999999963,781.7989999999996,6.5499999999999154,2.0029999999999872,41.64300000000093,28.0,148.0,191.0,99.19939999999683,357.24079999999157,2.461800000000012,1.1676000000000177,74.99700000000026,28.0,148.0,191.0,2.130794,1.873556;1.160531;1.085738;1.072387;1.118077,64.0,9.0,0.0,0,0.0,1.0,5.0,7720.0,2592833536,2592878592,470.47999999999536,854.018000000012,4.597000000000064,1.4219999999999466,28.232999999999038,28.0,148.0,191.0,113.0222000000014,374.6452000000011,3.004600000000015,1.7007999999999996,75.29140000000072,28.0,148.0,191.0
64,100,52,0x7714dbdb0848f6902e636ceb3c0b1948aaaf0dfd1a04b539c4bebf08508d6c83,0x9a57e541fc1d84126d860d662eaa6de20ae192ad2ed50750e4a375fcca194e2d,0x422992425360c6adca41bfaf5981344b9261f11c59665592375002bf58cdf32f,0;1,0xe21848fb31fb729fbf3dd1800f74a8fb69d5339e2dc53e701f7bd12d9db7d059;0xf3267b2f490363f4746fd709a43ec2b4b8adc272591f6b3eba4bfdef79a75198;0xff98a92510a520fdb48ff238cca34e2b50873da9fdca1c83d02f9c179f0cf19d;0xb69f745b82be4d61a163d6ce88eebc451b60540584c08d4d2d131ce386858551;0x96bb76ad39d92543dde0f8bb5b00495a0575933bc1be6e1d20d268b83f1dfea4,0x3e053e31762b9becd562fe765546c4bd85f59470a5ff6f3aad8ebda3cb0f46f4;0x607dd43cbf6c5ccefdbeb8b37ddc7fe83c630cd9e0e7c7ef749621cf481287e5;0x028be17d72d43d1b9b8dd81d9f654e904be039a6bdc2f7483290b157e1845bb6;0x135bc374d7b84392e8571f0854188de3a38a33d0fab29dea57b28f7c63d2a562;0xc52e09b72570dc3500eba4ad0fd7d5c48b7294042860ebb76c6262dfd7550c2d,2.945413,1.549087;1.308153;1.185648;1.078466;1.02797,64.0,9.0,0.0,0,0.0,0.0,0.0,0,2603991040,2604032000,567.305000000004,1015.5719999999924,6.3699999999999,2.282999999999951,40.63199999999878,29.0,154.0,191.0,110.52279999999858,347.6787999999953,2.670000000000016,1.5386000000000262,69.18999999999953,29.0,154.0,191.0,2.341191,2.152917;1.351523;1.117035;1.03468;1.050124,64.0,9.0,0.0,0,0.0,1.0,5.0,7720.0,2593394688,2593435648,531.7219999999984,901.48000000001,4.085999999999934,1.6229999999999674,29.66399999999869,29.0,154.0,191.0,115.58839999999682,453.1414000000067,2.8299999999999765,1.708200000000008,75.08499999999904,29.0,154.0,191.0
64,100,53,0xee510c88130061c41412aabd2319a7341c6a4693199b52984ffab5e184fa399a,0xcb1f9d23d507ed08da4679664c7d4bab1b931ee17e9afbb4eec8c128a172e3a9,0x7ba586a2ecbfbd3fa025c0c2f0065224dd1b0ce6f22e7d0cc9f20a2f758c64eb,0;1,0x923676493c6f1a350807ac9f15ff8dc83ea2feeb16016983cec11df498e5a046;0xc329859eb2eb10a727623db3d21518c8d4deef4a49df77ea11b53be393ee1e63;0xe1aeb28b2da87504339ba29d8d7998e926573c4b2e7775dcb3a25df5da559243;0x98a9044c752dbe56cabbbdb202de76e132db20231ea677b0e32d262a8edf2e4c;0x390c34072e3458ad4554782389de5c2baeb061b81700ffcc0fa8ba550fe194dc,0xff10fc0da3cda939958cc96921a878e6a3663217355e1d1d0f334184c765afcf;0xdeda82cdf5250feac7d0fff54b74bf4fa90b81ae9dfba6d0926ae309f1100a78;0xe341753e914158cc7c6efa6fea145603a704c87679439c99a52a5b2303f8ee27;0x7cfdb278c05f8d112992527a37eb6fb1700bad83a09c79245ebe8e840362731a;0xe6f99498ae3f38421f734112a025ff2fe3c737444436576260a434755e58c68c,3.01365,1.911794;1.375795;1.10075;1.04752;1.534345,64.0,9.0,0.0,0,0.0,0.0,0.0,0,2604658688,2604711936,857.5829999999951,950.0229999999943,7.9319999999999915,2.4240000000000026,41.772999999998426,29.0,155.0,191.0,113.29099999999869,457.88259999999804,2.369200000000007,1.512400000000004,70.58840000000039,29.0,155.0,191.0,2.259308,1.982951;1.18034;1.132248;0.999959;1.122664,64.0,9.0,0.0,0,0.0,1.0,5.0,7720.0,2593636352,2593656832,459.95399999999853,863.8830000000097,3.996000000000034,1.5430000000000088,27.580999999998745,29.0,155.0,191.0,106.5405999999991,379.20180000000084,2.8826000000000027,1.6643999999999903,72.53279999999974,29.0,155.0,191.0
64,100,54,0x60e5aaa7a0ec32e9fe58ce0ab01d2c60fca046e926b510706a2c458c9bfda58b,0xcbf3a7ff3914798b78c24cc571412a8316406535affc070cede02d793f83c4d0,0xad4923daf1d4a2820f84f9132fc5c389ce689b4a0ba14ef127dbc408edf53033,0;1,0xfe7f8c21dbf3d723b9d95ed530f6f4fcefdcf3bc062295d1b109bfdef3987f28;0x9aac19b130754cceaad56608b3d4a33fffdf9131f76fe19feb62b0bb9395c50c;0x67e66df0c26152b8d5e97aba5092c42832e723a9ed2835beb2607e9d11d438bd;0xc3bd932cd1f45bd166773844ff9a611c782b1447420bdc87974bfac343d453f6;0x816b7ed6a8f7d3d83ec3720a1e57f85cb2761fb91369eed3fb5982074ad2b49d,0x7350b83da079b07831faa8b0bdf076ff2a7ed486a8db0e6cabdc90259b2ec63a;0xcea3b7749c90cc9c3ec1d8b6664ae955b833166dfe620f9481316d940ecbb72c;0x4bc0466ca9d6c298b4bb21b48354299b95c485cc8d1869dc49217915b2990d15;0x4fa868d96f74bc61a7cf5955c89e59674b5157390caa1c3ae32ed7bcc7bd0ee7;0xdf75e8bcb7073ccddc24da2177f5c919b25a337556075ca8baa740832ee12a50,2.772452,1.973186;1.182985;1.184051;1.08066;1.692843,64.0,9.0,0.0,0,0.0,0.0,0.0,0,2604818432,2604949504,608.2470000000062,922.3409999999932,5.41800000000009,2.193999999999959,40.129999999999335,29.0,157.0,193.0,105.96199999999833,404.8487999999961,2.8386000000000036,1.6321999999999603,82.50640000000074,29.0,157.0,193.0,2.304966,1.35228;1.168392;1.054701;1.185729;0.988661,64.0,9.0,0.0,0,0.0,1.0,5.0,7720.0,2593857536,2593857536,594.3060000000028,947.4700000000058,3.4049999999999447,1.5629999999999984,29.705000000001398,29.0,157.0,193.0,103.27200000000425,381.1108000000007,2.726200000000012,1.4822000000000055,67.58560000000024,29.0,157.0,193.0
64,100,55,0x43b88cbb5ce66fe2e63631195e47758219be6c6454ea0aeebc02c27e4883054c,0x9fa5192fdae1d979ac6d27605c47409d8b08d089bbc2962742c039051075951f,0xc47840133cb5a4be5abf1e43422e5c03de919ad0b245589e837517beab1e7edf,0;1,0x4983f217743aa67e4f370cb8bae746667a5791c97bda6e712bef36f5aae5b0b3;0x94769e0396e06459d6f81365917e3b7e90477782bc8fae28739f14c559c67cf3;0xbc482dd5e6ae5bde5b24a7366c167f461dec1ebeae73b732337075fb3e15f1d6;0xc312e3221fba4952eb5f4b631f6df39409429ef4f96dde351393107747ae2341;0xde0a3d4e79daa034b8d6f900805b2fd8a3582d0899a3f6941e4816b28d4d01ec,0x93291082ea11f27c2f8ce8298cf0399adba8e720965e55c1e7f2b0feab236d3e;0xf0e837ab5e8d781cad5efe888d461ced625628fafa0869b72f11d68f5ceed91b;0x302235730075f46db7b094285a09b4ab57074b26f9b6a2affde00bbb050ce4bf;0xe76ce3fb1cc5ac0baa3b2bbf74a8d2c7a3889d9f4fe3b0df816bfe2fc0082680;0xeb4bbcef5079f289c87e87cb52d5b332f134ba2a259ca7a8891af9b74b580e3c,2.592951,1.979846;1.186009;1.065958;1.044866;1.418119,64.0,9.0,0.0,0,0.0,0.0,0.0,0,2605260800,2605375488,632.9949999999973,691.4329999999914,6.960000000000083,2.344000000000044,44.11600000000029,29.0,158.0,195.0,117.85559999999974,422.9060000000062,2.9599999999999853,1.6961999999999924,80.24480000000042,29.0,158.0,195.0,2.023662,1.53792;1.153389;1.045687;1.036884;1.015161,64.0,9.0,0.0,0,0.0,1.0,5.0,7720.0,2594500608,2594516992,444.7409999999985,707.4970000000013,4.23599999999991,1.401999999999957,27.59100000000042,29.0,158.0,195.0,106.74879999999776,380.0430000000021,2.6482000000000414,1.5624000000000107,69.22440000000016,29.0,158.0,195.0
64,100,56,0x88dd0f1d18a2b5221c8d3e1749ac47c53580a07fe2a8383200b68fe9a6707f32,0xc8d031cb7b729387a533eff13648cf91ce4c5a22fefa71fdc9fb7a619e8c3d91,0x6390a9121786d921bc652f9050d59130eaefc12c5b3fae83a476a1f0351a4b6a,1;0,0xc3f9cbf4e89704646d57d023a11707ee6df07a151842159601ea9d5924ed72f5;0xce358523b7b89cad477fc613803a4bbfa97a70db0d124b6d5c1897fa7f5dfd6c;0x7d35009ba6afd12df1a9e74876572ab1371b989bd180a22076bc413cb16e017a;0x06a2155e7be1ffdad31171d10eba2e95b6437b877673cae039d497aa56a94a2c;0x8fe587b314f036141f7b7230b8f49d966fb6b018f8bfe576755d129f88ef3dfc,0x3d51c61524ebb4c05a5755f3fc875baafb14800c0d2911f4f4d0eb83ce55d943;0x6174099bf6b76c26fc8a82a1377e130c68d0a346e6751e21196df4bfb94937c0;0x81e5e57b784bd79e29dc11182942e0c7f25d64705a2e8c95dd4d4ddf6b7c1d3d;0x8c9a01391e6d97c71aa8412952eddbd67704e9b2ae535d3359f99e58cd578fe8;0x3cc32a5ca3aa984704522bee1cb9a30ce4f54db9ecf838f6dbf7934505dd68ae,2.27382,1.428034;1.228322;1.0143;1.136925;1.050054,64.0,9.0,0.0,0,0.0,0.0,0.0,0,2605387776,2606129152,611.2620000000013,755.2690000000028,4.967000000000036,1.5230000000000192,26.791000000001702,29.0,159.0,196.0,111.69440000000085,370.65920000000085,2.433799999999962,1.4101999999999995,68.0806000000006,29.0,159.0,196.0,2.489044,1.818603;1.216275;1.293201;1.022813;1.175393,64.0,9.0,0.0,0,0.0,1.0,5.0,7720.0,2594914304,2594971648,542.8390000000032,828.4199999999964,5.688999999999911,1.9729999999999488,41.082000000001315,29.0,159.0,196.0,111.66019999999943,398.33459999999985,2.807999999999977,1.5704000000000067,72.85599999999961,29.0,159.0,196.0
64,100,57,0xd6acf1110abc8106e344d0b8cd1dbea613930a9e1f3eb9d17af8f3d7295eafb9,0xf160444c0ea9ff6a6c06c713a69173ca90398ed1491298a26bdbd53eea81f5ee,0x62fe4e5c3d03829e673b00fd274f76458bd4830e622ab0149c7c06af5c69f17e,0;1,0x4057ee0ef3ebdb582a2cc41cdb6d49b9339c5529792a18ca87767b8ad7c054fb;0x0d985d1f2e7065c74d563254a52b626bf0d7ec370ab4c2381410d9fc8267cf9e;0x6a11e3a17db79786a805cb4d777d058b078b09963bc33f0a95b49757be47885c;0x6e0c81f713ec5726d11e01a9b0f04c62a7a4b61ebae983ca3126a9497c93e909;0x988daaf967ce61018bff95ecacb9a024fce32c3ed5b3459fabb5ac5d36579547,0xb0c9c76cbe637aa54e6c00bb8a4bed1fe833a5e35fcbcda8198cded1869715d9;0xc7837d85b708c4df14e2ef7347868162a9596b420e49e689cbc3c573c19299d3;0xa1ae30fde679660064a62d48aa5d034e78fe9cf49cc3959ea5be6ce34b316636;0x7868e546b338da4b81c1028c040905677385c7c860773c0281aff71d44a8638f;0x7d228d1ef937af9f04729bc2bd06ba18d19146bb769fe2336b167fa2b936f80d,2.752792,1.639999;1.284477;1.109914;1.046258;2.205246,64.0,9.0,0.0,0,0.0,0.0,0.0,0,2604371968,2604371968,719.6160000000062,786.2560000000129,7.300999999999922,2.584000000000028,43.57500000000056,29.0,160.0,198.0,132.6899999999992,398.58320000000225,2.537600000000013,1.3137999999999996,80.33539999999992,29.0,160.0,198.0,2.179037,1.872124;1.404308;1.504969;1.065317;1.045497,64.0,9.0,0.0,0,0.0,1.0,5.0,7720.0,2595471360,2595532800,534.6160000000017,768.2290000000091,5.3180000000000325,1.8730000000000004,30.756999999999312,29.0,160.0,198.0,110.4585999999963,422.9820000000051,3.142800000000001,1.7828000000000115,75.63599999999977,29.0,160.0,198.0
64,100,58,0xaca251b939a561aa2e7e953d7da49ce583e1efc186b5fb8ca3d64014d5d6587b,0x8e9220c39037309c76cb18d8c2d24a477585111a63a8598bfca73098e356868b,0x006c774990131cacd3751e35e6cc631a6e52a1850e7e10bb007c4c1b68e40082,1;0,0x18b461be1fa2195694b305aa8d2895162cd310e94b45c8c802a031c7e7479d2e;0x9235b2b83ac40bbff6e716634726b7d81cc8d1ef0bf6f4311fbe2a5acd728e99;0x60b78b5c9dadcbea0ba94d36ea29badecbaa67ee36013bb0f2f501954a42e6ee;0xe69716e9d5d1ab7b1152e7fe9be20e9e19f542cd3e8142f3ac7f0065543013b7;0x7b3c6aa2aa0280b5cfb5c940a2f662f31b24bae22a69698f1654db7ab43973ae,0x66057e372a374c49fa37d69960156e8ac0b4f2dd0cd7955e240b9c10ffc9182f;0x646a288747cf34fa0a96f72d421750a1214136a115c9efb5efc0ef5eacac4d30;0x6fc87f728500eb8faf251f5fc3170b743d52e98f030805441a296060c165f7bc;0x488d3161aba363691d28134ea6559add01e0b73fa91a569b75a6b8d72700fb46;0x80da21e26a94655c6190b9d6cfbfd03f56500527ee6c756134c7eed03e25b057,2.10177,1.548986;1.187271;1.327252;1.075081;1.204257,64.0,9.0,0.0,0,0.0,0.0,0.0,0,2609475584,2609545216,565.192000000006,657.8419999999918,6.560000000000072,1.2820000000000191,25.54899999999971,30.0,162.0,196.0,108.30339999999828,423.2983999999995,2.2036000000000016,1.2877999999999805,67.53420000000094,30.0,162.0,196.0,2.746988,2.149878;1.53166;1.149113;1.486862;1.128042,64.0,9.0,0.0,0,0.0,1.0,5.0,7720.0,2586312704,2586324992,564.9419999999989,1016.5079999999994,5.959000000000042,2.103000000000044,59.700999999998814,30.0,162.0,196.0,143.89700000000119,511.8724000000019,2.9123999999999732,1.872600000000016,74.19180000000011,30.0,162.0,196.0
64,100,59,0x33ffa6829de1baaac96628ca6ba3eeb9bc393c044705e7759560a4f218fdb1a2,0x86e2a660d203c74c49c0d489d8539b9046e28b037df770ad597ec98e6ecb8fdc,0xff2fe1bcd651e29d31f826c0238fda08a3e806b03acdfbabbac9396a8962f3a4,0;1,0x92b571d2954ecd87889b069f522a51f26a8906f3f993c0a94ab68975a682311f;0x756d33d2f9121a940191719e15b1251868f43c928096ac6456830d571a7dd9f6;0xacc8f3497cedb8fe18ef08020e18064ad1c383b839b78d8fab36accbf14cb4e7;0x4980f02c14b074f827d692c1e8b11ccc564235ac4ad5c2e3070f3bf715320503;0x92a5e4300a2820fade0cd3d7747e4256474a1b2fdbc2b45f5a0455af509bb09c,0xec1816fb4cbe0dd9af9e0df9ce5ec528af1ec0fc3fc56d955865a1e7ec4be166;0xf55650cdcdfce21c7f29e94dabaa6b0a1d99bcff51d18e29484d1fd7483dd4b0;0xd70ce87763d95a30bd3ece61026750f645d296c37264c2629c55751722d829a4;0xa4ec3e79f33a7a0fba6d7b838ccb4fbfded4f4b8a74a24130522c46ae3bbef42;0x22626d11bd89979a61321a4d4d092990f07fc842daccacd165b5d93a1b95656c,2.573212,3.170502;1.360141;1.67977;1.122863;1.102873,64.0,9.0,0.0,0,0.0,0.0,0.0,0,2609909760,2610044928,549.1080000000064,876.0120000000094,7.150999999999946,1.8629999999999516,40.460999999998585,30.0,163.0,198.0,142.57720000000197,502.64020000000414,2.894399999999993,1.748600000000015,74.08959999999979,30.0,163.0,198.0,2.158596,1.639538;1.205078;1.323286;1.182393;1.053068,64.0,9.0,0.0,0,0.0,1.0,5.0,7720.0,2596319232,2596466688,470.68999999999585,775.5389999999918,3.996000000000034,1.5220000000000034,25.818999999999843,30.0,163.0,198.0,110.4668000000003,475.9197999999965,2.5400000000000076,2.209200000000003,68.20279999999943,30.0,163.0,198.0
64,100,60,0xdfde9938666170d62f6d827e201339242b908066f5e5ce5ee01b04becdc23da3,0xc7194a51b14fe18d0db63e261f44c38f14c1b717f5d1e1b9c8bdbd5e48cf7e40,0x164cd46649481f25f1f59f1c8146f439b2ae2befc557a0625b003bb6ee6b7d50,0;1,0xdb528776c404d45f541180692056be3834f816e7176f5b541afc9b8dea212c90;0x1106d49a02e1865a494a75393c98671708f7bd8b44c33dd54e4b21def4ceb6b6;0xf57d9fc1bf6ead900105fb6e70bdb17b0661a7aa8794ae7c09f739784e867dc5;0xed788b44e5f546a63b251506f3fb8cb9e384b2c94feb23da718ae42620604617;0x1da94e3f6bcfe043277ec91ba7af54c559452ab21468b0f8664339552ae2582e,0x8e2445bb6ff79b6d12e9732102bd59d5eb132bc43ea20f737cbbe92e17562212;0x0cd68f6a05492882316d516448ea32293dcb32886ab83bd5e52341f57ce713f9;0x895239c3008cd767d124291d8e6a3bd52810264ab06b495dd7e68c75366d4185;0xc7d705ca5e81c45cd11ac1d207740bbbd9a78b79eacac58ebc4978fbd59556b9;0x3ea1c7015364719b3dac0b59e41a4c24ce5efb89bfadb68e0ed5a9e0e529332d,2.796288,2.092776;1.467493;1.092447;1.094361;1.093019,64.0,9.0,0.0,0,0.0,0.0,0.0,0,2610614272,2612244480,623.7409999999971,821.1780000000057,7.059999999999922,2.2730000000000103,41.933000000000945,30.0,163.0,198.0,112.60399999999947,444.187800000001,2.573799999999954,1.4581999999999746,73.47699999999956,30.0,163.0,198.0,2.25391,1.932575;1.160791;1.03437;1.058567;1.015011,64.0,9.0,0.0,0,0.0,1.0,5.0,7720.0,2597912576,2599579648,565.6130000000064,931.9060000000101,3.3050000000001045,1.401999999999957,26.74000000000079,30.0,163.0,198.0,115.33579999999931,449.1517999999972,2.6801999999999815,1.4504000000000035,70.20399999999941,30.0,163.0,198.0
64,100,61,0xb6894d232307a5efdf8a8550bc8b8616163cc72934015c78f2d21e504c7d503b,0x553b6c0e96feb56c5923d86fa33b1985d1d245608329ce8791156e33a2dd2cd0,0x1cab093fcf97306a81c14fc19dab5af045ed1f865c1c73d8c6de28010d15a19f,0;1,0xc4ff98b82b488a59c5add63301b4ac69e6ce1252c7bb660416abbda7df22469d;0x4c972496ad863352e286120bbf2f54fb4eb6c381df442ffe90b0dd7b6a242c1c;0x79d22c10e268c1772e9ba70b876f066b1eda5ee462021f9dccd90298a44fc8d6;0xea9a81f4ebe457b92f5747dffef1167310c580f5a781c6b5bf430f725465cdfc;0x2c7f64201b69c6f116a3664d7266b6bd6df78aca73c4b1bdc5344fc6a7f77a56,0x50ea717072da7cc87c8f415dde2f75f5bafef02df9d7cbcd43a4c5202776a3ab;0x1e932f4ddc677914c2527118072c32074f8d75ce4abb8118eefe7ce7d46a4927;0x3a2da7c427b7fa862c538e2ee7b7a2684eea3820911fd1f37b1342eb908a02cf;0x45289a5cccc04c1356e14525b817049d6f4a57a8d47c41e2bb3894d051636478;0x638d5a724e63ce5f570c7771072c31cf38c786c71580479ac9726bca0194fd06,2.661324,1.927537;1.244087;1.027359;1.008841;1.267471,64.0,9.0,0.0,0,0.0,0.0,0.0,0,2610638848,2614427648,615.6290000000064,868.0389999999871,6.6899999999999515,1.9430000000000185,41.90299999999939,30.0,165.0,200.0,102.35240000000256,384.9508000000057,2.6177999999999964,1.5344000000000035,116.51560000000005,30.0,165.0,200.0,2.29432,1.313672;1.166459;1.011045;1.154672;0.933848,64.0,9.0,0.0,0,0.0,1.0,5.0,7720.0,2602557440,2602803200,547.285999999994,925.7659999999945,4.2659999999999485,2.2029999999999923,32.639000000000976,30.0,165.0,200.0,96.23719999999891,368.1154000000075,2.4497999999999966,1.6246000000000143,67.20119999999996,30.0,165.0,200.0
64,100,62,0xc53d8dcf1d340d86dd55926b26789b99739576d28c210ab7c103e94fc10815d1,0x3abfd10edd7b815ddcd905e6aa7289e30af184485716a95e1e95998a2e9d7992,0x40c568a783da34acea46918666fa8290f9437f8799d316ed6f80b4d6b62ccddc,1;0,0xd3aaf2a901a8bb48be9a837859b77d0d60a5ebfc742f820931e8335f3d42d6c4;0x818515dff50b1dc5b5994f685e9a635eace49e93c5bce2e62cb4802a9e5b501c;0x0fbde352fa3aae11dc94461c562db1f09490ed9e3263bcbf86cc2b815e645656;0x3d2e3964fc4571d768b02ab3537b2a13e07b98c626dc8df1618e638f5ccd4db4;0x4beb13cae80910fe9bd5f9dc7675221a2f0c32b689f12d7c33e3c5e7f719cafb,0x51cd38171298f9e04ac1cd40004cd1ae59a3a49e57d3cae25ffd40de845fb8d6;0xbd31caf316314bed496acfae4b833bd61cc44d32a00ea71de21a6ed7242e6a02;0x805035f1ddb74d2da59a37e19f663e854c69786d87352a8c1843ea5f51582c78;0xf139004b61662fb46c64053e2a785eaa1b9a39dc4c4890a47c87c1a62dc065b3;0xef146a3c84ed5f779ef267b1f74f37815b7946a7e15afcba18192cc7c232d1bd,2.1812,2.065176;1.190686;1.096324;1.33287;1.16697,64.0,9.0,0.0,0,0.0,0.0,0.0,0,2615468032,2615554048,517.0000000000035,813.748000000003,4.9279999999999635,1.2519999999999805,27.580999999998745,30.0,166.0,202.0,135.97339999999735,416.2015999999991,2.7286000000000064,1.7630000000000032,73.6629999999995,30.0,166.0,202.0,2.947526,1.553143;1.057795;1.142514;1.18014;1.546643,64.0,9.0,0.0,0,0.0,1.0,5.0,7720.0,2607947776,2608263168,644.2710000000018,1139.1380000000117,6.219000000000016,2.4139999999999535,43.31499999999863,30.0,166.0,202.0,105.80759999999911,442.5593999999977,2.449000000000028,1.5001999999999855,66.49219999999984,30.0,166.0,202.0
64,100,63,0x44bcf82052b4e062cc0862b6c2439cfafdfbc4686760d01720d027f5d935f35c,0xe03d6fc3c6705c722b58d4497248f9c2add099c93cac9e8670060b89170709e0,0x89b519403b83606cf2f5ea040019818d8eb69ec116cee97d37d55173875f6602,0;1,0xa4e7f90479b29463823a7c8365c7063b1833d67b04c720322394f8c34cdac447;0x499dd5fd0dc09d9017856e2dac0154cbad86483e531f46b281accccf883541da;0x38eff1d39b86acb5748aa86e97b1f2326cbfa0528e4d5cfb8f2a4f82cff701fc;0xd39a119b371860056e23da223d51bbb2c963b98d999a97121bf5fa613e26bb8d;0x6ae850ffbfa02fde4e08da56894ae7fadd45635c483b51e004f61478cfcd8a12,0xf810095d29e78573eb508ce7f9e83f8f2038f623be15abde9ab4a06d0b59591b;0x1fd016b2c8d3b6ca4413a93f6ffee300f10484d10a55a69ca5120b89c3177ba8;0xe4dd6920ac8c466e0b3bc054e0c34ce118ce2093be8cb57471ade99b3ecb2276;0xea132c6598f199d916a9d751b9b1686def7eff595648e82fb930bbb89ddc8385;0x3cbe696657e7f18b867aae9ceb1e9667c213a68af523bc241ad95ade7ff030f6,2.415714,1.350907;1.261353;1.070394;1.070034;1.017335,64.0,9.0,0.0,0,0.0,0.0,0.0,0,2616655872,2616799232,532.4230000000041,622.919999999999,7.4709999999999965,2.0540000000000314,43.10500000000162,30.0,167.0,202.0,107.29380000000232,380.7722000000069,2.4937999999999954,1.299999999999999,66.46600000000045,30.0,167.0,202.0,1.799404,1.76365;1.392731;1.004685;1.087811;1.042002,64.0,9.0,0.0,0,0.0,1.0,5.0,7720.0,2609790976,2609913856,483.3189999999959,603.2499999999997,2.82499999999992,1.4420000000000448,28.91299999999847,30.0,167.0,202.0,113.53339999999878,401.21519999999913,2.4438000000000324,1.6544000000000063,72.40319999999925,30.0,167.0,202.0
64,100,64,0xb63aff9b9d99241bbf5b4ea195adf20cf42cad795bdea001927ef86cb4bc7fbf,0xa17d7bf146160809186f16821c7a4168e50c0ca165c005f2893385ab62dfa8b3,0xe5085fc1ac1078cd2302a694fed6ff138c64f753db3b1f1175792b05ff796ad8,0;1,0xa48226afedebb2c100abbfbf645eb8ef619f5a1eaabca39887a6638b9f46a323;0x61dee03ed6580feaa0169716b1f18b42b49d3cc891722d758a540f35672713ad;0x1b38b1b59dc85e779f833b8c7d769d337ab5f48d1c27da64b43980349c4c0fb6;0xb30e1af620652f4dc5f757cb4f3b158f059f9ff1ba641f590fd1babf96287f29;0xb6889f8d13df72fd2a5e4e34ccf0d08db8213ccb72a86cee6ada17a9263848c2,0xf376581c2a62560b074099d15c974dd24a375ced9b32d17e6eecdfdbe0a415fe;0x4726582ff6f91ddd1f22b372f548b35ebacdd580a16ca249834b7762e1607ced;0xd3fce9178c6022640da9655a66a25646fb703053208b9ee7433ae90b24f3fcd6;0x01c2c00925631fd24e0f91e3d0d4ee409e4169553f31967e1cba910c29239bdb;0x109d743e3a4c1e74df8d99567292d4219f11891a4beff831a0243449c1ea7b94,2.336725,2.099257;1.19326;1.145998;1.437688;1.232479,64.0,9.0,0.0,0,0.0,0.0,0.0,0,2616860672,2616954880,498.5019999999979,659.6949999999879,6.530000000000034,1.923000000000029,40.821999999999385,30.0,168.0,202.0,113.000399999999,436.87880000000683,2.980800000000009,1.6163999999999936,75.00540000000001,30.0,168.0,202.0,1.96897,1.40563;1.14028;1.073279;1.168102;1.188132,64.0,9.0,0.0,0,0.0,1.0,5.0,7720.0,2610991104,2611060736,498.95199999999693,692.0940000000043,4.036000000000014,1.67199999999998,26.62999999999971,30.0,168.0,202.0,107.25759999999919,398.0262000000012,2.5859999999999945,1.3779999999999912,85.38079999999975,30.0,168.0,202.0
64,100,65,0x854940e1e4906c1ed778e2e7b63459237b21ea162b7276c933fb7315e8b8acb1,0xc965f13f63fa783c7fbbaa7a534072be8452bd2530a08cbe80e728e0ddd71fe6,0xf1f6290cca2fc8e5a4cda6d9776bb59a9e6b2e5c4649ec82132fbcdb2d35b91d,1;0,0x4d29a71a0b34e13832d3b56abccaecd0e941b8113d18bff99a8f526f4336616d;0x8bec852195f6ad594748dd4f0d8e70d92703ac88acb106d92b26b784882483e5;0xb40783cdc0914da3118018d7e5eb543b50f7aaee231db7831b3c4b55e706fbec;0x182b4fa539839626855bf43dff297796ad0df71fe2e1b2e6957dbfc3240eaf50;0xfa806413349c057a6d09005157be658958c2e8624331ee420f699ddccd1ecaa4,0xb5d4a9426b11c64780acc92dc0ae3545fb1a741aee75fe1faa56d3824f48352d;0xb024d1ecb5efec573fef8769b22cacc1eeb8355ba28fa7d131a987f0776a0fd1;0x28a0d3f68e382256f0ce5100e9102c98dfd7a98e5632ee3058b96d155262da6b;0x541f6f016228fc4d2febf44785ed4c8203f95720cbe29ef7e9844b6686eeef62;0xb41e59fc157cc1ec5dcbf7fd96dd2b5fb0a030d1b24cbd0ca930a7af68188e32,2.064023,2.028169;1.222985;1.157075;0.971365;1.048842,64.0,9.0,0.0,0,0.0,0.0,0.0,0,2616999936,2617147392,517.780999999995,716.1199999999868,5.0479999999999015,1.2620000000000295,25.97900000000236,30.0,169.0,205.0,111.5303999999956,391.5643999999996,2.882400000000021,1.7466000000000053,77.57120000000117,30.0,169.0,205.0,2.516425,1.629688;1.268829;1.068531;1.126549;1.472992,64.0,9.0,0.0,0,0.0,1.0,5.0,7720.0,2611408896,2611417088,576.8099999999971,776.530999999997,5.538000000000027,2.1930000000000516,66.27000000000022,30.0,169.0,205.0,96.65560000000073,465.4459999999971,2.5901999999999954,1.4462000000000026,75.57980000000089,30.0,169.0,205.0
64,100,66,0x769a53120dd3e14cfd922129d403b3535972e425199cb5906d89e39f1d45ecb9,0xe83903cb2a4933509debf0dbcb724574de0ae4ab0c7824e0a4877f3bdfb08316,0x2187d49c202a6fa021fd407698c22c48577a1fbe80bdbf7ae0661cd2fa23e9ec,1;0,0x73c8d2400471468e8b4cd8b7b0b06e639d9625932ff7c635d47ddb75d585de01;0x044fd687318dbd5697eb1a67196c427d2b736551d76d0c88886dbb3cb536c32c;0x720d1b7622847569ebeb77ea536c0067caa0d3a06ab3ab4fcb94be20d6e16ff1;0xb9d84ee123934d20f724103f01ec082b7afaf487d1035557c89fe2a15d557ef2;0xb1e43dd9a9bbb23f7c87d0b99886a1c43e68eb689618b5cdc8d026fef09c08b8,0x840eaf5f483930a255aea6efa139551ec91a2453bc6eb0d173ab42f7251abd7b;0x3e39f0d048733aa5b290694d12107bbdd7a6cac3ba809039392f2966b9c7aeb7;0x3b783437b312038117c96897cf242ecb9d735e0ae743413b385243e422650bdb;0x8d9ddd35028820e794ff21bf5e29cff288de8ac0dc0e035e4e050d6463f173eb;0x3b5b03298d618bfd525605b7cc815f5be54e481a23536bfd4875869ae7523835,2.32714,1.818794;1.18703;1.108532;1.764156;1.031626,64.0,9.0,0.0,0,0.0,0.0,0.0,0,2617634816,2614444032,683.6709999999969,805.1440000000076,5.538000000000027,1.5119999999999543,25.9390000000026,30.0,170.0,204.0,118.88520000000457,384.5362000000019,2.888200000000004,1.6644000000000554,74.22220000000007,30.0,170.0,204.0,2.747604,1.517499;1.095783;1.133189;1.16023;1.050515,64.0,9.0,0.0,0,0.0,1.0,5.0,7720.0,2606268416,2611896320,615.9389999999959,1086.3279999999975,5.538000000000027,2.4839999999999716,41.31200000000168,30.0,170.0,204.0,129.14319999999813,385.3433999999989,2.6342000000000376,1.3524000000000218,66.35380000000121,30.0,170.0,204.0
64,100,67,0x9c3b7fee120c70e88080bc6c7ec7efb656a459873f54a842693b6b253e28dc75,0x1cf4d911f07f2c3eeaf0a714e8a9cea421682672fbc5c056cad656c3e9325179,0x6917508d5b59b5c92016a815e14a2a7027b333f23414e73edc1fb23c0af7af89,1;0,0xde55d8e11dec2554d383043502de2d146dac368fccd19f04a97db6f639ee6ae8;0x7f9641e54ad7898f37963083a770c916257ea492961ac55e2707fa0a58c61d15;0xa092641b24084d8a68d89caf59f314b55907550c15eaa0fe1f858108a5b164a4;0xe4e53a2abfef35050f8bb60d04228527990265592634f1b5f44d9552b573fb21;0x6692ef1af0d63761aef8d10de96557412fa5056adf49c164a4d831042845ad97,0x8e539b3fc7103f4aa8e73cc9788f64597c85f6e3923b7bd3ce1730c543fb5c23;0xe1963236a30dff1567f988923228a71bc9567afd6f6917e0811da87d3aa7a96e;0x30ff8b8d0d7e18425450b580fe90b18c874db3d4562dad5d3c6dfecdb1794987;0x7ff6f293460e60d341164d5f5bf450a90198a8a4726456f3790e34b177a890b1;0x01420e27fe8b1eb87c1d75d0719e456d8f99d2538b13cb46d1ee4279919d817b,2.225798,1.983011;1.270306;1.157936;1.11376;1.037055,64.0,9.0,0.0,0,0.0,0.0,0.0,0,2617745408,2614452224,553.996000000001,772.4950000000119,4.326000000000026,1.5020000000000138,29.134000000000103,30.0,170.0,204.0,106.74520000000243,380.69219999999905,2.856600000000027,1.6246000000000143,87.64239999999867,30.0,170.0,204.0,2.827645,1.422486;1.256475;1.149034;1.207556;1.04069,64.0,9.0,0.0,0,0.0,1.0,5.0,7720.0,2611900416,2611924992,599.723999999996,917.053000000001,5.748999999999988,2.4439999999999924,101.63299999999681,30.0,170.0,204.0,103.4177999999969,371.1797999999933,2.487799999999988,1.3543999999999883,91.29559999999925,30.0,170.0,204.0
64,100,68,0x0bca2d7cd31757c71cdbd3dee5c1bf21865e7bf22b9b382b0553b1f871c1137b,0x81424ed19e9542ee7737c41fef52ef17e9ec2cdf4efab89a7fdbc3a2fa051fff,0x7b8715230ab8c52529bb4d21d18736018b8d156c6884822542a503e54bcbd690,1;0,0xb8926315d72bc8cb982cf2c68ba2a7f41473f5660764bfbb7b515bcd4c537d9e;0xfefa75fffc4ce5298aa2fd23172996f68aa971804fa5375802587e5b9d99e114;0x91bf2ace4ce6c679f7af78cdfe3351fe4953013b61a553a55215e95ddd24303b;0xb423becd72e41ec8ac08c02fb700b10b4c0816664ecbc4ec2f8432caeccea8fb;0xd06dfcd5181d22f55b4539a9a09a2fff559f6d0f75bc3eaba8de68f29e6a7b80,0xbb10ae84dffe1514418f4cb51f6c71d1bd03d96996d013bd06982e7f4149857e;0x928f75cdc8e58568bed0939fcc1362445bf6601467172f17feaed7c56fdc80db;0x494074e826ddb234dcb8f420002ce03060cb204dee5eb8b782675f4211aaa5b3;0xed11d64196536fb683ab4ea541fae5ec25b95409bc3f2a0834cd054202260a46;0xe9f5f478fdc198c8e3e4aa0b116ac2261295a022f9ebd97f8d166f9bd2dc267c,2.53935,1.58442;1.221633;1.163415;1.066338;1.130886,64.0,9.0,0.0,0,0.0,0.0,0.0,0,2614464512,2614468608,654.2169999999986,916.6919999999967,4.756999999999982,1.6420000000000496,27.972000000001106,30.0,171.0,206.0,97.42079999999764,391.51660000000805,2.5517999999999983,1.3500000000000056,71.33959999999911,30.0,171.0,206.0,2.876138,1.960557;1.144777;1.117796;1.118186;1.121602,64.0,9.0,0.0,0,0.0,1.0,5.0,7720.0,2612310016,2612379648,717.0110000000035,913.5279999999968,5.287999999999994,2.282999999999951,41.66299999999734,30.0,171.0,206.0,112.01899999999931,414.90559999999846,2.7702000000000107,1.6506000000000116,74.43860000000134,30.0,171.0,206.0
64,100,69,0xb022ac61ede7299eb1b3a1230f9f6debcf04693100387d30a9f9b7a813dc0425,0x466d96844c157943050cc409371de8ec422ab64e6eb372238f3ba988174657b1,0x3971b043f019cdbf7161853a41f364b5145f786e616d6a9eade9ec149bf80cd2,0;1,0x1e0b7fe1387af8aa355e7e32cecbba0364c8324f76b61aa1ce30b2ec7eb00142;0xb25851b5c0499485d3de49f37debad3c75592b7d4632a381a7e97a5b20a1f374;0xcbaff8c528106b8809311ac7a3dac2ee0a28fa60489a07203a69b9ada7db992a;0x60b7c896ba567401df46ecb620dd68406ea6e3bfac7e91e2c24cd23a48a65bfc;0x103279a4159e9855fd53c7a9d826608069e51b2860192cf5d68cd809e22f9307,0xde4d452affeebb395be7fe6c3bf17f0d5c19d411c68a2162b7e42fc31fad0734;0x42574377c6c17e005883f6df58647b26867c5f3cdcd8ff701a267a6c82b62a81;0xf8e4be934f1b9f04c54210e49ab7a3fe9ee657fe3269ba5112d2050a22b80999;0x6c1cdf75cd5bbddde6ce32bea4382ef1523cb05abb68e40a79b1319c29474e83;0x36bc6021a9a8d736e05af0a6eaa181fdc8bf98e50d7fcdf37b5f2087ebfe6536,2.99686,3.200908;1.39236;1.135533;1.150346;1.165077,64.0,9.0,0.0,0,0.0,0.0,0.0,0,2618318848,2618392576,768.3390000000068,951.964999999999,6.920000000000103,2.2939999999999072,42.36400000000307,30.0,173.0,208.0,119.70439999999805,453.7506000000024,2.6739999999999924,2.209400000000028,70.19999999999804,30.0,173.0,208.0,2.299849,1.966847;1.330837;1.291398;1.144396;1.068011,64.0,9.0,0.0,0,0.0,1.0,5.0,7720.0,2612584448,2612703232,523.8099999999996,874.9500000000132,4.576999999999966,1.4319999999999957,58.90900000000282,30.0,173.0,208.0,117.43319999999723,453.46580000000245,3.0162000000000244,1.7163999999999853,77.28460000000076,30.0,173.0,208.0
64,100,70,0xf0c22704d15787deb888d69896bff90e5de8a9807c28f41327c78a0d3dffc8d7,0xf8cce12dfebdabc6c1e728e7f9ad0dadd5012a47bb1b4fe51b24bdd5b5450a56,0x8983282aef53fa0d5d63fbf371a228bcd6b0bdeb5c0e3a570f6bdb3acd203a60,0;1,0x79c9997b3f2eac2aa02eee298a80e586a428264c70bb2137115009c76555f7ec;0x3623ab8540e7b4c1063173b1177e7ec177b93002e8214f1888f24830929e8fd9;0x631bce82489d39ead7e899d3bd161f19f9f1470f07576ee52c83ee6bf7bfc46b;0x2fbdc21abee70d2e99a538c95ed68511a5fc37178140f2a20728e988500f71df;0x87f1cb627242c4897f1ff9b4fa54717dd6b53ef7ec8bf4031bbb88f81eb1b013,0x8d6be00d55b59fafc73bc3372bfa340015d112a79004709e0ea1765aae5f2bec;0x10e6c386fb28880f6068e80733bd79031ad59f7dd04b147cdb11da7e6c377634;0xeb4e11d85654337e67b78a4530faf47be55585a6d1a8a02ec68f3bc76b23a7f0;0x5e7c89d77ffb8aa0504aa3377e0458d0b630c9d0f0cbed941b3502096e5df84a;0x531a8f7c98ba3566cac53dd1d4faaed406a6ca9b33f6016e7ff4cf132a4bbeb0,3.106595,2.037633;1.201482;1.096103;1.107741;1.044896,64.0,9.0,0.0,0,0.0,0.0,0.0,0,2614661120,2614673408,662.8800000000045,1233.1499999999885,6.329000000000013,2.113999999999892,44.22600000000138,31.0,181.0,208.0,111.91519999999845,401.30560000000145,2.7363999999999775,1.7426000000000506,81.66139999999933,31.0,181.0,208.0,2.869218,1.369135;1.191888;1.053469;1.1406;1.108271,64.0,9.0,0.0,0,0.0,1.0,5.0,7720.0,2613227520,2613399552,517.2499999999969,1471.3399999999876,4.176999999999957,1.5629999999999984,29.67499999999984,31.0,181.0,208.0,98.32019999999885,406.6314000000015,2.5034000000000165,1.5245999999999575,66.3642000000006,31.0,181.0,208.0
64,100,71,0xba4cbda3cea96c1a1edd7d191be87c44718657d8cf1e5dccfae74ebb3cadd472,0xdb2a0b5b64cf1a51cc6c7d7452ec718db678f630ffa6491324f6854fbf4d370b,0x6823662cba372790e3839d3ce1e19ef5889157c572a1d07fe9574cca866ed5eb,1;0,0xb498e0da5bc8c0e262c4afe44a95aaa18977eee22e619cac57f941583aa59e55;0x7c50cd665dea589ebe53dbceda36613bb250cfbc256a846fc1aaef9e32b47092;0x7614e9d8f5f9b13aefb651c21d04297c9d3393f4deb497ae507f841a4fb58c9e;0xcaf573ebbd8f4ac1b7d3afd7a979b20173b4de9134ea3648baa1e3b77bf0a0e1;0xf56322966226a17067407f0a89bc4b371e81e22d61edda68908f732074b23feb,0x97fc65c0fd35f8d13e1f9e58720e6794bd6613e086641210a36456b07be3b723;0x9056b5e6a2094502fbb9efff218230d3db4c78d91e7699ec1fc8aa6f92c743e5;0x25376a8c001bdef9bb30007608540cb3cf7cf093c334c6e00a9a76df6f6fa16e;0xab1f25913b8a5ca995826fbf3aa766bc34dcf00756dcbc983afe57afff5d6d11;0x56d2eaa8211fce76668f01d64b231a0f1e5f72356f0979962273ff6ddacce9ce,2.147238,1.821718;1.186921;1.070195;1.076735;1.060119,64.0,9.0,0.0,0,0.0,0.0,0.0,0,2620211200,2620211200,537.1400000000054,755.980999999989,4.9669999999998184,1.2720000000000786,29.824999999997214,31.0,182.0,207.0,124.78840000000046,396.684199999997,2.421800000000033,1.3020000000000305,71.9104000000012,31.0,182.0,207.0,2.505429,1.865454;1.268453;1.178067;1.226249;1.086549,64.0,9.0,0.0,0,0.0,1.0,5.0,7720.0,2614321152,2614341632,526.7040000000028,771.8939999999952,5.608000000000045,1.8819999999999255,44.03699999999677,31.0,182.0,207.0,114.99539999999809,447.4589999999945,2.9663999999999993,1.5424000000000426,74.0857999999997,31.0,182.0,207.0
64,100,72,0x7327af80fb64b02542e183b24cf2684f365c55b0a197eb7960d1b953db92d8dd,0x4d6a9dad8aee328c23c64f018281ee3b408ff65e15cf50e6c51c788346577bc0,0x9e42aa538b3e3bb8f622fad2fa9f51d7f4fa7927eaac927e9a4121c2f3834e4a,1;0,0x99e70564e32e8019ae84420c3bd0d7bc1d2ac1e3b2bcc4477e02dd384a75a735;0x63876a1115009c94ae378bcfbe6cacf0a0837230697d24703045dd881d095803;0xf644ab4f51f5710a92a6589893db32723d688cc334485c0a90690a62c48e12bf;0xe54d347d5af31325c85fdbb0e230754bdc20c2db9a326366126f10f0f2808cb6;0xa17ab98a8637deb278803c8ce09ff0eb80374ea978c7a967cc646303f7b99fdf,0x9f5eae908e78166831943ef17deb158ecded5c7d7b12a809a000ec5409e31957;0x5526ad032e958a094cbc0e1d4c771df7e0ae36a8930f84a083c23584f8067088;0x9db06223fdd5f53425f67d739b57391afaecc3e10d35b8d3569cd5a4e6735467;0x22d4ff394bf984b4fb2f6ea496095d91da15d8fe05d45ae43335854a9ed12f09;0x8f9c7de3cf28fe29f007c154b47d097eb2d76e964d302c46dc39077248715d9b,2.10192,2.742677;1.286811;1.057004;1.103124;1.082133,64.0,9.0,0.0,0,0.0,0.0,0.0,0,2620375040,2620514304,450.6090000000046,683.7110000000035,4.557000000000086,1.2519999999999805,26.16999999999897,31.0,184.0,209.0,140.35179999999926,422.2667999999985,2.2231999999999634,1.436199999999997,72.13120000000157,31.0,184.0,209.0,2.533576,1.963371;1.411178;1.169604;1.112048;1.104666,64.0,9.0,0.0,0,0.0,1.0,5.0,7720.0,2614804480,2614808576,524.5420000000029,801.2579999999991,5.42800000000003,2.052999999999907,41.10200000000119,31.0,184.0,209.0,108.04120000000027,448.69879999999694,2.984600000000004,1.7183999999999948,75.96460000000167,31.0,184.0,209.0
64,100,73,0x5999a117eb8c00bbfd71748a5aaa0be3c2cb2730d185d82032ebf856659a2ed5,0x39bf5e3d9214f393d6d295436c64a95dd846e9e6cca3a6cb5ec173b96965060d,0xe5bab455a38ea852381375bbe3ea09547a6114f160607fcffe7e44d14b77ec66,1;0,0x634783306009696c5b1f766b8efff338a94d6fa7f4252b55339cf413bb935baa;0xf615ce854e3711ecbaf2e21ec846108833e8b610674c56b560b7f52c9aaca455;0x7a3e6e09a52826e10602238eddf0af4322a27e45e8a2b82e89df8494d8033b54;0xfcc43cec663db58973b3c76756059da579103bc63ed49053a31d7478eebaeb9b;0x17690e67f30c333e6389b6c965a4741eed1d0ef36e9186559db9947fc94a2533,0x8102431ad58ce0edc58ae682a5d174053fe0b06f268fe5fa42c9bc575c3617e0;0xdc39d37e280ee266cc563e44f5fb557d7aaa8ce65bfff6a78dd3edbe1052c6ce;0xab02a696ea77bdaaee48895f93427123ad74e73a6c29aa6f920830eb84b3b064;0xf5245153290e99e72a38f243ee5159d5329dde67fc6a6548d55100cca522eb1f;0xc56b306ea33891afca5ff4af3fb818e2986d8181b6adf09b121def5452215d1a,2.050368,1.532651;1.124095;1.059418;1.048492;1.060209,64.0,9.0,0.0,0,0.0,0.0,0.0,0,2615451648,2615451648,536.429000000005,700.5069999999891,4.666999999999866,1.401999999999957,26.90000000000331,31.0,185.0,209.0,93.27079999999765,384.7524000000047,2.4938000000000393,1.3741999999999748,73.12019999999863,31.0,185.0,209.0,2.622146,1.907427;1.161302;1.065166;1.064536;1.150466,64.0,9.0,0.0,0,0.0,1.0,5.0,7720.0,2615230464,2615451648,616.8549999999994,802.5309999999952,5.547999999999968,2.2640000000000855,42.80499999999993,31.0,185.0,209.0,108.31979999999797,392.9108000000015,2.674000000000036,1.8011999999999977,80.2529999999982,31.0,185.0,209.0
64,100,74,0x84867ab27c8f47219e5cacd8e940e2704e865cf39a2cc544f5141bbd981d586e,0x9fdbcd087beb932ea8e85feff1dbb66848ac8ba6f66e74bf18c5b3f7f7b98f66,0x4a8121da03831a45f1402b8a32cc3f906cfdcfba24986c8a5e4a12e48d7a03cd,1;0,0x7ee9521bb22791d92195d120b5ebef99716e96390faf82c0a552bb80da15dc7e;0xf5012a31ef03bb27fe99cd02b7cbcd8919aedd56715d5939836908fbf0da8cef;0x15f2bdcdbfe39dd04855ea33f84e8a2d39ec6249d2e23423aad2846fd11765b5;0x7511e3c7b83c9a4c66e149082241bcf26fae8ced72865eae8ee690657f1470fe;0x359dcfac9960eef1eaaf899ab4ccb2f788c410376d6b21b55a415ceb5b59098f,0x916adc3fcd086b448d8c7f7065438133926c29c201472fe567a588b256c533d2;0x350f8060f44a7b745b7cafe48f13bf194f6c7e7ff6f9bfd93c9e996053bd0868;0x30be003c5d6ac3cf61ef1c135e9aadd0b2293929c5f6c2a9d2bb2c20cc764011;0xcb674905d7f5268c208cf871918d65eb4a95defbf102cdc0413d63101e231043;0xb614c428f565dea7161475a850f67324d4706b7fac9a1b26b7974f69e845d33a,2.806072,2.19416;1.223826;1.502747;1.072047;1.492591,64.0,9.0,0.0,0,0.0,0.0,0.0,0,2620653568,2620665856,636.6409999999934,1208.6329999999869,4.506999999999948,1.4119999999998978,26.830999999997996,31.0,186.0,211.0,104.49339999999974,495.46340000000686,2.5600000000000622,1.5362000000000102,75.91659999999916,31.0,186.0,211.0,3.180087,2.538028;1.423597;1.411168;1.541174;1.145939,64.0,9.0,0.0,0,0.0,1.0,5.0,7720.0,2616299520,2616397824,732.8159999999973,1119.447999999995,5.929000000000004,2.8240000000000123,42.11400000000282,31.0,186.0,211.0,118.91980000000301,451.3309999999993,3.166599999999964,1.8528000000000295,74.5501999999995,31.0,186.0,211.0
64,100,75,0x0c6197f4d7350e422296cb0dda73821f7ae231f8c5201b12e167eeabd92762ae,0x5d03835f75181a9366602baeabd8b897c098cdd58ca0110c69f485d71e771907,0xea0f67a920d1f03402657f7d8615271520d97c4f4a4f41043622be145a8d1d84,1;0,0xd217605b71172e04897a7deeb2e65ba4885db326b85208ea6244ae20692758ed;0x68af3b3409f73524c07026ee0d4ed526da53ca8574700d0ae54ce48a0971018b;0x3285b365c40a66b37dcaa2650d9d2f052663a30b2216a4847ba23ba3b7df8bb4;0xa5c48c48a0bb6680f5f20ef6f5570976fe77294ac3c850a7f9b7f1e783aa8ede;0xf983fc0f580bb1c88c506164456dec2f735a421499c0f96730333954b5cff3a9,0x852cc9a39979bfd534cd03b229da3d8ae6e04ffa1503b2e5114f07846c3d075c;0x53c562430ce244895cfb7ce6f9c7a36e90340141e188ef16f6dc4064526dea19;0xf1ad1da1173c711acb5fd4911ad2bb900d2650145f6d71f9be25311150509bc9;0x5250628559a1f4b8b71a1e9e0c600808c0810950ad22adaa0c140b579a9ecc37;0x4f14496e9614824186a9148acd1aa7a996793e403967e214e10a273a45471c3f,2.449535,2.740503;1.631761;1.099138;1.245159;1.071987,64.0,9.0,0.0,0,0.0,0.0,0.0,0,2620928000,2621112320,545.5719999999942,994.1689999999892,4.487000000000068,1.541999999999993,28.68300000000157,31.0,187.0,213.0,130.72739999999695,463.1565999999976,2.601999999999986,1.3923999999999794,228.39040000000034,31.0,187.0,213.0,3.161939,1.993066;1.243235;1.126109;1.112588;1.171146,64.0,9.0,0.0,0,0.0,1.0,5.0,7720.0,2616578048,2616586240,824.5830000000037,998.545999999989,6.239999999999805,2.3740000000000827,44.48700000000277,31.0,187.0,213.0,114.28399999999783,436.05379999999695,3.2424000000000515,1.6906000000000128,81.98779999999823,31.0,187.0,213.0
64,100,76,0x5f5bd6f52d80f45a3daba904e9eb2ab9dc8e9bc92eea924ac4a3e510aa6487b7,0xfe85948dda9578db73560d5e752f9e6222137ad0f938054456c569277adb7324,0x2137f607135b21ef1840ae2f4aa1e87b6993570fd9a6ef60431ec5e2cada8bc7,0;1,0x82b8965a7be529cdb39139ca9bed78ad39bff88041ea0e103d4f5a2d1ad024db;0xcf5357092b2122d6d3b04b14c3d25afa3071c67cd5af3c6d18d306e2d1463e38;0x53a7d967936d9af662f61a7636f35e053e3e4d1da4a49baab116a331612949e9;0x634ad99c9c4192ea41761e15b3a88480a4d80f126687cc77348d006170afb374;0x37106b9e4e2e88d2423d4b04bffc5aa201ea3dbaddc9f5007d05f19732b1254b,0xf16b4ec52fdfcee9d4447a1571f8658bf9edc3d7cc17a0f99d0cf3e4ef98774f;0x2bda18ef2c834af70fd598d7108f750173c5068c3155a58a0bec199629c94cfb;0xf0fc45be4ddd1a9565cdcb158dcd2a2a2634333f0d45881304c365a8efbd2fc2;0xf17a2b7d6c2a9bb2a088a95ed51eaaacd4c3ab74fc6a8719651ae114b4dd012c;0xfbb5995b9b3cbfe5654bd10f669438cd061cb0b430aca10d19aaedb05aed142e,3.083791,1.655838;1.294723;1.103103;1.121181;1.473422,64.0,9.0,0.0,0,0.0,0.0,0.0,0,2615541760,2615554048,650.2109999999977,1229.8950000000086,6.889999999999848,2.3140000000000054,42.27300000000239,32.0,194.0,211.0,99.91280000000158,399.03340000000395,2.728199999999913,1.50419999999994,78.24799999999883,32.0,194.0,211.0,2.478718,2.0283;1.157455;1.348123;1.054241;1.113709,64.0,9.0,0.0,0,0.0,1.0,5.0,7720.0,2613944320,2616950784,527.635999999998,973.377999999997,3.865999999999939,1.712999999999975,28.492999999997494,32.0,194.0,211.0,114.27220000000126,452.11800000000136,2.7881999999999043,1.8728000000000407,88.90999999999899,32.0,194.0,211.0
64,100,77,0x72e2276361331a30e82c5ca98e8e6d17abdf5ba8cd980540239db8b842dda822,0x8f7ed28f1e74f407a9f5c132c7c05870d9485c9b4e48b8530fc5e6b177e553c7,0x41e925853becf93b155fba9e7ae1d51010b1aa3b5a038e8a853ef3409b223e7d,1;0,0x80938c2122275f7e5606220d64d170af8d2dd466b841b60facd33524f41ab7c1;0xa06cad064727ab02f2b80f794c53ee256a8eba01d9478ac7ef49a5868830bb91;0x20ddaec7aab8d83585b092552f8d8222aaf9ade6b56a56b04fc36ff3ae84df0c;0x190049d37beb89fe5f2a0e6d5c4ba4995f0a77c401bc8ffde64cca4399088e79;0xc85c209479c23ffacbf331bd2aaca710a47eb47c28167de235f1dd742ae36b63,0xa0bac1623b19185f09236f7d0c4cdbef753d69031c85f9b67c6c5afaeb90b95a;0xd941ce3d86dec7d16be7ed6686f752de6aed482a45ce476dd4242454432507db;0xf60e5a90b25b0663b45345898aa9d8a192871eeb35d212ec14b338d04be41836;0x840d77d7c322ca772f7d09be766055603f2776615722f884e27309460a65ae8b;0x4f20147dacf663a0da5c2d29d1e82407fb8f191842a69cdf78cdfa8d904a157a,3.172104,2.349654;1.241312;1.261443;1.064325;1.136945,64.0,9.0,0.0,0,0.0,0.0,0.0,0,2621804544,2621857792,726.8960000000046,1182.0429999999938,4.96800000000016,1.7529999999999542,29.043999999998903,32.0,194.0,213.0,141.7799999999969,449.9210000000031,2.868400000000017,1.722599999999996,78.72879999999971,32.0,194.0,213.0,3.002389,1.507404;1.661847;1.079258;1.462486;1.076534,64.0,9.0,0.0,0,0.0,1.0,5.0,7720.0,2617274368,2617282560,672.1439999999996,1082.4429999999884,5.999000000000022,2.2130000000000414,85.02800000000089,32.0,194.0,213.0,149.8578000000028,454.85840000000775,3.36700000000004,1.5723999999999947,83.22119999999988,32.0,194.0,213.0
64,100,78,0x341e9e94f927eafd547dffeb70823fd314dbf1d885e0d0d34f3567928f1ca6f1,0x2e186ea1aed77d0588f79dc990d376ec6bb8de97c9bb9aa2990d890f442bb1ee,0xe6772e8703983e2287a8c76e95bc871b4cc4ad73126f5742db6c58f4e88bef5b,0;1,0xf37e4452548095680ff830bf498c17b62a62d841730ebfaa1969f84681440f93;0xe9c74007bfb51e613a01c679cc3a4d97d97aeb77f6393d20924906c96a467c6a;0x69a4cc60362a9a5c84388715baedabcaf2a1b98089c29d87e201f386ef03e65b;0x64f305ae9d2c54ca902a8c616e00b8d9d15b0e0545c03a6c710b60f74c8e0f0e;0x97d6be514a81d372409823fddf4b69b8e6ccf55c7c2f1387faabd1ff5422cdbb,0x020c494fc6b21d8075fd8db54c7aa0f0e2573cf7146eb362998233ae754ed26d;0x703c5a77b0465754c2f3ec43b433031ea0952c41d76a5ffa0a187ed9bd69b626;0xbffaf4b47125c1eb96212de529b0694ba00172d1bbe185049643669452633240;0x1867d3c68f545d4584b3db1875549ef36e5e488269772c6f94ebff7012d00011;0xca01849ddfd3a7cc856bdeb546b544e47fd199046bd5fa32bdfc87d851ab3ab9,2.93,1.533514;1.368454;1.165578;1.166249;1.171707,64.0,9.0,0.0,0,0.0,0.0,0.0,0,2621935616,2621960192,608.2979999999932,1031.9659999999953,5.9589999999998255,2.13399999999999,42.66499999999729,33.0,200.0,215.0,102.08780000000029,416.02959999999524,2.92420000000005,1.3140000000000025,67.80019999999969,33.0,200.0,215.0,2.810409,2.236033;1.335374;1.158527;1.461304;1.126569,64.0,9.0,0.0,0,0.0,1.0,5.0,7720.0,2614398976,2617675776,789.4860000000059,1089.0630000000012,3.464999999999805,2.2530000000000205,27.420999999999694,33.0,200.0,215.0,116.0910000000015,438.31699999999915,2.7822000000000267,1.7568000000000359,85.67720000000057,33.0,200.0,215.0
64,100,79,0xdcc0054758c6090449a3401dce0e5b0072cf30fb3b94d9643f738b7060a57e82,0x034ca2eb7c7996837ff21ba80e3c40dc2db0cdc70f9bf0f976627c65177d4d88,0x5d53765d1ec93efeb4549e111a51abc74a978eaca1770e46ba6d3563c0895428,0;1,0x4167120d7536cbb46daa9c2c1a435239e492ec20c3f4e857fec0e28ccea91cfc;0x820d47a346ac9462568c56cc298afda294d2d065e8fd9e9af6def5f4078bb128;0x4fe822433523067767caba0cf814d49dfeb65e47f92baa49ecc4f28bfad46c91;0x290c73d6a022946d222198433bdeb060ebae6ef3da4319e4f0676309a6354982;0x6337a6068ca01229a14cf4362b2726da80e785d0eaac57b900c8c4a3ee6eb857,0x88dca4da7ed405b1ee891bc46fa11fdc0b887138514b6020ecd25dc27773130f;0x80c703e65f7ec62cbd21cdb43052513fe7c8f00ff1b95c539f494ac684375893;0x413891bf2d523912423fceadecc472f5da50ec9ff8839fce1327bb9ecad8b215;0x92d4901c63b86224cd10cea0e83546dbc26caefc1710da409d57f63f52e8cc69;0x5ed75ce7b26fe911396ea77f4d0423c92e08f3c87fb08a85a444436b503dc13e,2.567973,1.41246;1.208713;1.212419;1.172729;1.058597,64.0,9.0,0.0,0,0.0,0.0,0.0,0,2622713856,2622808064,551.2109999999959,652.3039999999925,6.760000000000186,1.9429999999999101,42.35400000000139,33.0,200.0,213.0,105.85119999999837,385.1406000000057,2.5998000000000165,1.4923999999999926,86.93079999999992,33.0,200.0,213.0,2.199127,2.199798;1.454735;1.163946;1.12685;1.068532,64.0,9.0,0.0,0,0.0,1.0,5.0,7720.0,2618974208,2618978304,572.1229999999938,810.2620000000061,8.483000000000102,1.521999999999895,27.280999999997057,33.0,200.0,213.0,119.63839999999948,484.67939999999874,2.9461999999999198,1.8525999999999614,73.21659999999925,33.0,200.0,213.0
64,100,80,0xd971b9a9c4cd4440c20d13f0411744d0f20bad986d3cb72dc7deacf71a3c8c91,0x61f93e7106f552cfe6aa411d2eefab2dfa6fa94564aa6878ef9845eae9dcee13,0xe406877fb577514a7446de539a7a5d425dbc7b465b62d0685c8107e8f4b5daea,1;0,0x1dd224dbff1f917b7c0031d051d7afb21790b6c7460ae98d8dea01ba1147047a;0x4a32cf17e5daea955c3c38b3fb446b94e26c27983cb3f851de70165b44e43367;0x562a2607fe8463411452307ad3b920e43c4a42b9feef8beda5b3f25bc6c836c8;0xa85f1a0fcbd93b36b909bdf1cb499418cae2049b6b56b603b533b9e4a420e54e;0x44af1b71b2633f3d59cdbe00c31cca731e762d48adbf4ecd70a39baa5ce8d135,0x7c2512ae37bd2851ec2014d8aa9b9d1d39cfeae34041470d544c639310b5a164;0x94e96cc184f9622176648063087cf08ebc402b13e3a1058ef0c08b411c21c863;0xcd801add5f43dbdafaca64b600ab46560af0e57cf70998664eb4184980028c6b;0x70d32c8906c675b3a88a4f230d26e2e8d6f9dd7a2bc5e79be9a9d02973d9fe12;0x0980ea38a28145abea43ec387ed072181d1a9be3d3e0de5925071359fc58a0c3,2.487642,1.441745;1.116884;1.052968;1.462697;1.053139,64.0,9.0,0.0,0,0.0,0.0,0.0,0,2630729728,2630705152,505.7630000000063,893.768000000017,5.708000000000101,1.361999999999978,27.94200000000302,33.0,201.0,215.0,159.40279999999973,416.2757999999878,2.5757999999999854,1.53439999999996,69.9194000000014,33.0,201.0,215.0,3.263967,1.93551;1.137306;1.107079;1.027459;1.089303,64.0,9.0,0.0,0,0.0,1.0,5.0,7720.0,2619297792,2619367424,669.0599999999991,943.6140000000092,5.5780000000000065,2.0840000000000702,43.40600000000278,33.0,201.0,215.0,102.0679999999996,435.87159999999847,6.691999999999982,1.7506000000000033,77.05039999999913,33.0,201.0,215.0
64,100,81,0x9cb5660193dcb0a6df00c4a3f456c13419341e0f431c7e0f4e8d890691e45223,0x77eb921c0de047cc6e41914b842684efb8954732deba74b950767c1674dc48bb,0x1ed1969a645ef74c67d00cdcd0394e3c5ac8e1a8bb466fd42e9ffbfffca876af,1;0,0xb299502d1e9bcb44c300a4bf68d35a7779d13d87e7a88f127cb8c2485c7db980;0x2ea64e78db72f2325e1ce675bcef697c4c606cd9078d4da1af97841a90f24e67;0xe54d7359688276793607d904955f765e3d9b8f898fb569b079588420b56d4196;0xeb2a464217e0be4ef8f8f57e13ca0af2363b22c1d7a76363904048bd9af0aad7;0xd6226bd110c1e652ac479db5bbf01eb2f12f7504548aacf1a6ca6c45d3f4624f,0x765c37ae425f9ba0a7300317019ed6adf1e21ac00078775fabe360408de54d9d;0xa751a551bebf99c0e6acc10615c5dce315fe9bd64ba31ceafdcb23b75dfdeb77;0xec6a913d345816d1c5e5da253b69bbfb3a4b7017fbcda6ce8032484ba55e3cbc;0x00b65ea8ea74a6e6881e4b1bff0d7bb82a47da6dfd26ee996063349bc48bfc3d;0x4094073a0df0ffada76a5958b0117bb76077239e3460efc7602a897201a70a0b,2.110354,1.553694;1.422045;1.22679;1.268954;1.116174,64.0,9.0,0.0,0,0.0,0.0,0.0,0,2630778880,2630799360,485.4120000000045,730.5120000000164,6.0889999999999205,1.2120000000000013,28.031999999997282,33.0,203.0,217.0,107.39000000000165,433.0612000000067,2.79620000000003,1.3341999999999954,73.36679999999929,33.0,203.0,217.0,2.912924,2.20819;1.2398;1.135092;1.399321;1.296947,64.0,9.0,0.0,0,0.0,1.0,5.0,7720.0,2615762944,2615775232,645.8740000000046,1016.0620000000121,5.858999999999986,1.9329999999999694,43.225000000000904,33.0,203.0,217.0,140.55020000000027,468.4028000000007,2.990399999999987,2.0571999999999955,75.45159999999828,33.0,203.0,217.0
64,100,82,0x568bd1a958dc2225b67ed6ae550a57afce7bb65184d7dd58d39b29b2e474bd61,0x5e80adbb66ebc5d75fb2295f6b2d44a73d4b6b14d000664aba2b70ac9a5ded6a,0x2c2b5ffc35a495a55f3303336d16dceff5b6d91e34a1413b39e1434b7aa5ec6f,1;0,0xebd52afb36853121bf853be68f032e81c6bfa6ac6cf15a36721fef45656132d0;0x8925729f995ef27e87079ba14e2a4e21b1ee9b82ca867e0c6377900ac543df78;0x4e1ead3e528ac722c129599590ec4061b922642e3afd741a81bff0c8b986b5be;0xb485f71aeef706081ba886f7dea5b090905175b3a7213eafd12b7790891d170a;0x99d86611ddc944780984aba68f1c1d46972a4f34dd1023bce0c4e07d4509b8ef,0x9b70bd56f0cf9ecf6a77b0162fec2b77ed51c1e27b16c51c300709e274f138bf;0x1990a7187e38ec9319e175301e44e8c6e74ce16ade8f8ddf3900a26d70e63980;0x0ea24ef5df5ee57a9afdb617d1ca2f1887c0ea6c4e0122539ced088ea926125e;0xb3b6a45b38939a824ec5e3b850d985c99fe39a5b344f39168c380b8680dc8b0d;0xa8ada889f4d5ced1b06f809d1426495c5231dfa0c89298e1eafd1a3d63037ded,1.982791,1.614004;1.370658;1.093639;1.097285;1.082844,64.0,9.0,0.0,0,0.0,0.0,0.0,0,2630832128,2630881280,453.36399999999776,691.1629999999947,4.3259999999998096,1.7420000000001064,29.56500000000223,33.0,202.0,215.0,101.71360000000018,413.02080000000797,2.5396000000000445,1.4682000000000237,68.00639999999942,33.0,202.0,215.0,2.63852,1.838744;1.269215;1.315013;1.035121;1.130105,64.0,9.0,0.0,0,0.0,1.0,5.0,7720.0,2619707392,2619752448,571.4720000000034,891.8649999999917,6.379999999999841,2.344000000000044,77.44700000000132,33.0,202.0,215.0,105.86159999999845,488.73719999998895,2.832400000000058,1.6386000000000178,78.2999999999992,33.0,202.0,215.0
64,100,83,0x8b4ace6c58c8de0e7ed92d2dfff522111bd6477ae256d9c63cc5492713bb935b,0x13ed5f6e179b4709be8a2b64dbed0489d1433660cefd602109f931696e3eda50,0x6b526f4245b533af49b88b4c69d5488bf37c1f70575d84cbeab5710913519b50,1;0,0xdec0e2ae12fbdb900d991bd11fa114003274260c4ebcf0312e2691f732e664d4;0x1bf8b9d5fc33eef6ea29199557868741dc321ffe0f8afdf9dbb6b83157c735bd;0xd2f9cd571d345e78a9fd862fc794c6af0fa142e83f37c71510d972e485b32c3a;0xdc3564987fb64ce5a02e8acd6a06b94b29cfc282c07b38110251431a23f33140;0x92fe036967404049d761f91646733d6c8778b2c0f21b2db51e704d0272b232f3,0x7c6fe8016fb3f7f27e6a9e4afe154a5c87129c16f8de05ba5e311ff2e21c7db3;0x414bce3b3f1ed04c73b53c834876063662b20f21bcd22ab96c057a1182b62b95;0xa32f0f424a0849449b6ad603c06c8b8f7986756434bf46bb039cbfd7614c7f37;0x4e3a4186c242f2185199edd9dd29a36e43b34e654a2425db07ba30f8242af778;0xc9362ca137dc9db925055e4ac3caadbb344cef57cbbc29c97e0dc8980f1276bc,2.662216,1.476547;1.429276;1.208412;1.138027;1.112828,64.0,9.0,0.0,0,0.0,0.0,0.0,0,2630885376,2631258112,696.5909999999964,789.7319999999875,4.768000000000047,1.5329999999999597,26.499999999998746,33.0,202.0,213.0,115.30620000000103,418.7335999999986,2.852400000000026,1.4425999999999675,69.6489999999994,33.0,202.0,213.0,3.197764,2.090543;1.243416;1.187532;1.214512;1.049243,64.0,9.0,0.0,0,0.0,1.0,5.0,7720.0,2619858944,2619969536,587.667,1091.0450000000128,5.858999999999986,2.604000000000018,43.226000000000376,33.0,202.0,213.0,118.7671999999973,435.9554000000099,3.1369999999999316,1.748600000000015,84.32540000000017,33.0,202.0,213.0
64,100,84,0x6573cf8a47167ecf757bb0591d5a9dce1eccf3d01139e8d5a60bc60ecf47db84,0xbaecb7b1b3cefc53d6534244ef71498381eb4862fd21a3996b1f4586c78492c0,0x50e0f9df2aa5102d3d6399025ed005f6acc9152b8b45ce789d08c83e15a8bf92,0;1,0x5b53fc118d33880997a96e1905a3938ec9d4f06134b7052407376624b187ddcd;0x7e7e4e3251fa550e8ec36c1ed1d4f328fb8e8be45b7be0997e544c2e3bdd8849;0x6ecf12697ddf799615be5be1d7c8497a0a4dd6d3e85fb10882a99d1c81ccd408;0x97f454e614f4aad1b161a72d22b8bce9773e6b679007e2349abde8e132503ee4;0xfc1f4ec10563045a474a17133b852015e4df257c123ed996f649dfa8ffd2ac5a,0x81856d4b84fb1976fe5adc9d13219af28ddbb371d8ff192c63e44bbf7857cccf;0xf1373e315a77c4aed678352b68309e09d590baa43b63b809e408ae0de329de74;0x48f1e030da86bd00e87652cb19928d97abba54043b6bd98cb6514586f703d529;0x6d986f4c723436044f920d738b0656b594e3da73368e0fa43fbbf83ba90343a4;0xcf55f36dfb75501ffff52181be3de34b5888c4531ea5ab15499463d10833e93d,3.029429,2.099898;1.21972;1.101541;1.129944;1.114411,64.0,9.0,0.0,0,0.0,0.0,0.0,0,2631282688,2631294976,618.6340000000068,1095.7429999999824,6.449999999999859,2.1830000000000025,41.30299999999948,33.0,204.0,215.0,108.0690000000023,450.34139999998723,3.046599999999983,1.5925999999999876,81.65740000000143,33.0,204.0,215.0,2.148351,1.400563;1.13356;1.038246;1.243916;1.050104,64.0,9.0,0.0,0,0.0,1.0,5.0,7720.0,2619998208,2620141568,504.1199999999968,742.5600000000032,4.165999999999892,1.5819999999999723,26.038999999998534,33.0,204.0,215.0,100.24520000000147,395.96120000000565,2.5578000000000927,1.3941999999999861,67.00119999999838,33.0,204.0,215.0
64,100,85,0x6c3af0fd708cc2ae8add761b8ea0a8eb686207cf6132bed7f2a9fb0012e488ff,0x6904b4c1a8866bbe9097647a9692656b8f760ac701ce5ca9ce0d9944866ba79a,0x1481fc9f2bab7e12b55655751bc5efe4dc0151763f6eed91c20093d4e13561d1,0;1,0x013191c7aab00df51722cd8b2acb1261a7584541e82be7b2ce5f2d89992ede8b;0xfd4d87a0bea5f3ac2c32b03dbafcb267cf7d989d07dff95723c4e873c4987dc2;0x9f6f95603d8c68ba965e3b2d27f55c35269f3e7aa407c025fe6505050c9c7572;0xc4279373ce0ada1cd1d7409875cb11b5ad4c9ebdd246752bb5d7079688a06036;0xf5cccc406d44c4376884d56faf08f1605cd2bbc497c4f8f1fe03614b3f6fd27e,0x5bf31791f283e3b649ce78f09e3590ff91d25f6e90325593abe852fd18afdaf3;0x4ff58e6574581b05d211f22797b225cf9577dfc4ec369b0dc838d2bd375a6bfa;0xf2ff75c131ef77b57264666602ab8e6e63bfeebb522891a03798ed2d34ee2467;0x53e1e08cbe862487b7fa09bc7ae14478fd8a4fcb252769491df5c6e96f474026;0x6abe9a9626aa8923beafe42ec1baff3a4bd158ced37319f4fc8edb848d1c256c,2.642686,1.625451;1.289666;1.132208;1.211668;1.105758,64.0,9.0,0.0,0,0.0,0.0,0.0,0,2631385088,2631401472,613.064999999996,815.3799999999767,6.038999999999784,1.7730000000000523,44.10700000000156,33.0,204.0,215.0,108.23299999999925,394.5189999999932,2.5718000000000094,1.3901999999999664,76.55360000000111,33.0,204.0,215.0,2.551648,2.196543;1.242063;1.244297;1.223926;1.14005,64.0,9.0,0.0,0,0.0,1.0,5.0,7720.0,2620248064,2616172544,571.002000000001,1047.740999999991,4.426000000000083,1.6029999999999778,27.021000000002072,33.0,204.0,215.0,120.89039999999828,445.26160000000203,3.060600000000073,1.8886000000000511,75.85799999999948,33.0,204.0,215.0
64,100,86,0xd667d8d995f198de01cc1e8c1a02ee7fabdcdfeaec6d0048bfe9fcc5fe8dce08,0x59757dc6a73e554858d0046ad64bea15d165ca9e477d742b47e8e3ea4101dba3,0x2237c1c8eef55a6d660bb692635994ebe40b91edb207b539e4d133b36d9af30d,0;1,0xb4bd185eec128a02647d53422cbdda4d809030453e2eac03622d1a6bc6107905;0xaeeefa3dec7966647ff752bb60feb49ab3a4aaf02256b896afd86af81e31666c;0x6a0ce723fc9e6ad33acf1faafd0b7b518daabadd4c512ce9461e7a8c6d285030;0xf76a8b1ad3fbe25182f81ebcc96feffa43594f4d1a2b1d666c067a13b7e1c44d;0x85e09a8d9be87016c25b9669caaf4135d39c0a77593ab33717ede173a72563d3,0xa587f094d6121c3a977edb90354367f526a2d19e0e4a091f997ea97b46cae48b;0x98d8c41b159217aeed5423aadadfc9fee9247789d9b0c19e474f7fae46cb1cb6;0x7d123d265d4b33403cc77bb83aebf9e1ab11dd36efd160e72928f60058a4c5eb;0x962aa5d3f379ea339f7f3d1400d96704d94eaf617ed293ff4c6069de740af543;0xfacbb5ad8516e04bd6bbec97d063964bf07255e780fbc030728c6a83ec2dbcb9,2.866343,1.423166;1.250747;1.145588;1.139358;1.304187,64.0,9.0,0.0,0,0.0,0.0,0.0,0,2631479296,2631569408,652.4740000000002,905.555999999974,7.201000000000082,1.9930000000000467,42.77400000000237,33.0,205.0,217.0,106.57899999999832,475.7497999999916,2.409399999999968,1.510400000000016,67.86619999999827,33.0,205.0,217.0,2.444968,1.901658;1.272409;1.205468;1.155913;1.174241,64.0,9.0,0.0,0,0.0,1.0,5.0,7720.0,2620211200,2620358656,543.5800000000019,855.3600000000272,4.216000000000029,1.591999999999913,27.392000000001083,33.0,205.0,217.0,115.20939999999925,453.9166000000039,2.916200000000098,2.0110000000000703,73.82340000000042,33.0,205.0,217.0
64,100,87,0xffa352cb56993b076e5df16bf03ba3932ade4ff6fbbd74797e951f086a1d00ee,0x4616ee9e795b2fdfa5f0f4e508c48a032bfc6ada8343bf00cb76cd98d7fbc969,0xd83216283a68e5567806808960874e90d56f407101756e829bd2c33e48418456,1;0,0xfe9d002c2a836589a71b888f46e40cb8915db5e74c46820251e00cf98469c3c5;0x8a111026aa2a57a5b02709ca743e537aadf43eb0e1d46cf68ff31259526dcfea;0xab9387f6ef15919387a3006feab1a6ff7beadf43af7805a5244cd0e2c35283fc;0xfcaca3809e156b26f59a258853d146e94e5ffef8614c56d4fd2fa57a6063669c;0xa68e18deaab24342bd417332136c4f09b9b41d12a25baa609aaca97c78c44dc6,0x397e3d22c8ec85f85ae42f340ca410463db74e01ac9ded32b5c6e1caf9489d88;0x4aad431d8045fe67dbbed79772901ad4b6440666f5e198435b4eacbf7e1299de;0x8467f0d993da81556123fe1617bf64e1afe7a794e183f118dddd7a122b0f78bb;0x62f1bf0bb6a791390bedd51480d538a3902a9c000c32441a5320b72e2da4536b;0xd70a7d698ab3c799457068865e3194bc011d3217c7b4a40e1e288c114b70b828,2.205807,2.024033;1.532501;1.354332;1.264067;1.186189,64.0,9.0,0.0,0,0.0,0.0,0.0,0,2634809344,2634821632,573.4649999999953,619.2749999999747,4.605999999999881,2.173000000000062,25.748999999998524,33.0,207.0,219.0,109.3169999999921,487.39320000000805,2.832400000000058,1.548400000000007,71.40959999999974,33.0,207.0,219.0,2.631158,2.207149;1.425651;1.280231;1.154992;1.198578,64.0,9.0,0.0,0,0.0,1.0,5.0,7720.0,2624475136,2624483328,552.4640000000026,941.9509999999964,5.868999999999926,2.13399999999999,71.16699999999699,33.0,207.0,219.0,132.72419999999508,489.6525999999902,3.5034000000000627,2.1415999999999795,84.28719999999944,33.0,207.0,219.0
64,100,88,0x7fd27641ed18a0350c8aa85105f5aaedc5c8c0d58fbc0d4bc4ceb20479791074,0x2031d5e25cd9eeca62c279540a336115ba55b251a01550261c10458725f42f65,0x1e37c45280d1565140ee8277b644de7b6f3c4c80b9f86d81be74cfbe4a495e29,1;0,0x70a4e01bcdd8ab580cedc73788bf6ba66e90f02b520e2d29cd4d7bf799b991f9;0x20862262470b993517864a2a74e6e22437a7cafa9a90c5d93b83d59dda492dd6;0x75e13f0d38944f28ccd3164346a0b2a4028c5283ec0556ed428c78e3583f5a45;0x32a6f9acf7976f56e9c17d5dae6fd6535ff88438a001af672b8f831bddd4258b;0x4c497d4b06cf5a93f2a91d0fa7cd39c6532b5e7cc1a420aa816477bcabf44b1f,0xcc7f83e49424b22d240ebc372380a45226b4740d2a16794d747f3977aa385ad7;0xc2a28b225d3132af72bea0d654d9e42f0e5f3d604145c5f63d164472a6189ec5;0xc304cf8e2836a0d7babb10198ea7602f10d67bcabeec379b620d792c9961157f;0xfe2b12059cfe62ff32a261952c5a088eea92b51a8d35e77edd0189c2750533c2;0x21ee8232409c18fca19e886dcce79c37ecbe1aa9b64fe16ad435cec03cbd69aa,2.147599,2.023332;1.287813;1.275134;1.243696;1.357368,64.0,9.0,0.0,0,0.0,0.0,0.0,0,2630594560,2630598656,584.6720000000083,702.8399999999824,5.41800000000009,1.401999999999957,28.032999999996754,33.0,209.0,221.0,130.43280000000212,463.6050000000003,3.1447999999999894,1.7866000000000064,82.05379999999957,33.0,209.0,221.0,2.730989,1.581876;1.335575;1.25313;1.172199;1.310977,64.0,9.0,0.0,0,0.0,1.0,5.0,7720.0,2620022784,2620166144,821.1479999999938,750.713000000014,5.457999999999852,2.7440000000000535,40.52100000000169,33.0,209.0,221.0,134.58299999999923,455.01639999999674,2.904200000000082,1.4826000000000334,72.98800000000021,33.0,209.0,221.0
64,100,89,0x088d271b1aae2df7a99b933b37f8e31766babb86a5462cd23814ae163b23d3f2,0xec43f49cb47629463993de79a9c877e1f37f44cb35728e516802da382571d920,0xc812dde815681bae486ec6c362e7e3407aeecb5e234bc7bdeb6e0480ac9b37a8,1;0,0x73f1737e9302eb72308f844676a28c9de8b33ca52eea95a94a93b20156f430c0;0xeeabfb4bae937ba6c499968fb36c7650bd4e582a69fe83ab15f29d62ec2b3176;0xc643feb430a2c4cb2f6d277b906501c51a761eb503d820d1f7d485fb9fe114a3;0x15fea7cb3211ca95fe5dd272eefb88abc44cc8c933ecdc336a14a1f2611f2eb5;0xaed5a077df4c916ead3a1458bf421a29f5d3405a1718455fb3bac7f14c4c2ead,0x68e8b0888de4d517ce238cad38f12f89978c3b4332f3085798e45deec8439d89;0x4bb7fbb61bcdd56cf8413668e3d07e47abc715f25e82ba820e000525576c5141;0xd725d0cf9c30defe025ba714556caa2e402fb1d09570b09f5ed444e459556dfa;0x4f1010f552ea1fb39098a20784b82490325f335c0265ca473c721be4c0b69feb;0x82545b8b2775d1bc0f0c3295c78d39660ce35d2ac3f3ba231e8cf4c248c44d92,2.231611,2.036001;1.234562;1.152368;1.115132;1.093118,64.0,9.0,0.0,0,0.0,0.0,0.0,0,2630598656,2630615040,536.8799999999895,730.2410000000203,4.707000000000062,1.872999999999892,26.589999999999947,33.0,210.0,222.0,111.53439999999625,434.0966000000002,3.010800000000091,1.7188000000000012,74.01600000000036,33.0,210.0,222.0,3.193727,1.799995;1.355926;1.22636;1.29279;1.049534,64.0,9.0,0.0,0,0.0,1.0,5.0,7720.0,2626650112,2626613248,600.9559999999997,938.1350000000066,6.350000000000019,2.3340000000001035,42.463999999999004,33.0,210.0,222.0,135.40239999999815,442.9080000000085,5.890800000000074,1.6141999999999808,67.56019999999974,33.0,210.0,222.0
64,100,90,0xdb671a8f13541b81a579c42a738a97faaf8dd5fa46bf3ba788e68d512e8c1fc2,0x88b2cf5ee18395d0df319065bcc1b672c66a3b0ec5d910356ff70cc7cb4320ce,0x30493b5544a40dddfc321b94d466bbd7102b07def56909fe98f0a879812a3073,1;0,0x992cba394778c697df7b0a8885372e5f768abc14f2271dc388a35fa822e8d59d;0x6aee7d0a0a16d6cca0d27f7b2425caeeadd343effd86ecf5d62e9df288419c3e;0x659043807c542bd81f28e91ff55708ca58f606319ed7469b79670e1ab8c5e497;0x9a64b75bcfc10f716c02eb9de8bbf672bf527a5d65be31477c86fa0050343441;0x1dfc64051c9b2778bf9f6398ba5b2b7975b5a64ffc25f6f15d039539e23a7cbb,0x948c539f57fe8060c09d170f54dcd44222714377b521af00bba4f129c7ee9e8e;0x8527c5065ed6439e9cc7ca4ada10d7011ff66bfb9e7acdbd1d346595b5cbd2d9;0x0353f08e89a9f287099fdbe03865adb281c381a3b1de3e3188482d7960dd22cb;0x389f196fde62b9438222f021da5a6b5f61ab5f76b87f4a80816a29ab955ee43f;0x3430e77f5a06c5babc51bc909ae1206f7b7be5a00c4ee00f5c02ccd0b1cfeb07,2.450967,2.222712;1.211267;1.199329;1.178388;1.185338,64.0,9.0,0.0,0,0.0,0.0,0.0,0,2635055104,2630639616,524.3109999999996,793.2170000000127,4.746999999999824,1.4819999999999156,28.322999999996767,33.0,211.0,224.0,113.52340000000405,435.2965999999903,2.91060000000001,1.8688000000000646,82.149799999999,33.0,211.0,224.0,2.946464,1.480012;1.344367;1.063945;1.083555;1.136264,64.0,9.0,0.0,0,0.0,1.0,5.0,7720.0,2626842624,2620411904,797.1619999999901,960.5590000000275,6.2299999999998645,2.9949999999999943,41.723000000000454,33.0,211.0,224.0,101.97579999999817,439.49519999999524,2.5757999999999854,1.3359999999999588,76.22099999999993,33.0,211.0,224.0
64,100,91,0x75f9fd6cdbdb701557e69f2e7d09b0ef5e8e86fad9e914a13153172a2f6ab485,0x7508f89537b5ee3f0cd2f5538bf321985070abff06df10de5a8f8b5b0ea2268e,0xc6cb14d9bec53ebdadb2afa8a01eff89c4aff0ebe49ef516c912f9d7af65ab92,1;0,0x0ceb0de67d874aee911d81a98ee4ecfee920b04be787b62333a6e9b8af537534;0x0aabe24d54837223c536034d75da2e565cf8abcdc874d135ad8ac5f348403adb;0x80dfb6311d9460dceadb040115dfdc38e8ee722541f0602a2a0303042b2f8e36;0x45aa5d2a6bde449eb14bb4145929e17a324f077de36b48f14859648880c19040;0x62ac6a1f898712503dc731100ff6c7ee500be723a4a13b1d2dd09b9be24a5ddb,0xdb9d715114e0468821148ef6d7b46c7ad33f1b0593da4c0a969685af425e10a0;0xe95d7efd1ee934d0edee184b6b115ae11f38467db8833f1e873d53143d5950b9;0xe3f22f37ecceeb89bc01a174b9218fc73b1409ae43b9a7a24dd54a2dfacc0be9;0x6db4ab6282a85c5174ab43462ae6932d503aa90607548ae77c022d7973c3c5c2;0x1a5c465859104a2635008008570eea1b9d919117e565569cf7c3a0e844a005e4,2.175581,2.093267;1.486773;1.846526;1.269425;1.298779,64.0,9.0,0.0,0,0.0,0.0,0.0,0,2635153408,2635198464,530.6409999999984,761.7990000000075,4.407000000000108,1.3520000000000372,26.440000000002573,33.0,212.0,224.0,144.10360000000065,519.6800000000001,3.337000000000045,1.8404000000000076,93.87959999999917,33.0,212.0,224.0,3.048939,1.446903;2.291317;1.441174;1.326541;1.212389,64.0,9.0,0.0,0,0.0,1.0,5.0,7720.0,2627100672,2627112960,743.0009999999932,956.483000000008,7.692000000000116,2.623999999999899,41.66299999999734,33.0,212.0,224.0,117.83959999999703,462.96859999999106,3.0628000000000424,1.4520000000000504,68.35079999999854,33.0,212.0,224.0
64,100,92,0xdd6be04e580de11d9180669e6e34d7382563b4bd175830398f83bc13becc85de,0x1e1623330ee2b569108a87d85a2119d453b9db0d527de981ea295b83ecc970a9,0x4fb608904ea4ef046d695dad04e00e0bd31276aea63b81166964cdfaff0c7477,0;1,0x10e76fe2ea05d79329f5395f73fb383b012ac717e98a02220ca9ece2d0250cb6;0x58d75f36981120691c54d4cdc74d17ea14d1ce5747c6252189d2c0b7481cbebf;0x5caa860e7a4003b877a400e996e1a93f204ac5f2c4a5ddf86ad47bdc0e9a0b30;0xc1257895d8071a0a6af3150d8f187b0befca8ec4ef02ca4bc6bf6c61fbcd5046;0xe0466f09f8b9f763e2f44a478e76189f947733f6731d70a2a2ae7faf8f595bd4,0x550d6562bb11663b87fd6f7bc9cafd30ad4e4d85054650ffa5ae66cc7fdb4b1d;0x1c598a914489b61d2492ecde726707bcfd9a72d538f97ce3c0f3e63bb6b64ce6;0x787fc81d196232fe79d00216f0752951e4b4979479885c5f6da6472a1b624769;0x5e314a0abbb268a0a909d85c382f87816cc79fb8fc73e9e961aa5b8590caa2d9;0x9842ec580adadb2fa862def8bb8d5c239480e3fafdfe0dc1ab4babad91091d5b,2.798691,2.009351;1.316296;1.240701;1.078647;1.386656,64.0,9.0,0.0,0,0.0,0.0,0.0,0,2635276288,2635206656,665.6240000000035,959.2869999999754,6.880999999999815,2.1240000000000494,40.330999999997616,33.0,214.0,226.0,140.8846000000019,464.3706000000081,2.7201999999999606,1.7105999999999806,81.37240000000018,33.0,214.0,226.0,4.330722,1.431559;2.450155;1.490459;1.23941;2.230855,64.0,9.0,0.0,0,0.0,1.0,5.0,7720.0,2627153920,2624315392,639.28399999999,2654.5539999999755,3.836000000000117,1.8130000000000317,27.751999999998944,33.0,214.0,226.0,109.08820000000708,661.1851999999807,10.834400000000066,1.4842000000000153,98.81080000000014,33.0,214.0,226.0
64,100,93,0x7772e09f2be1b82ce76f9c04f241bc6fc4071f323bbcf15979ccbdf7a6d784e5,0xe2b2fa6b3cff95e1e58d0d9edc5661148fc612cc9d1a0dbebfa6e1455abde91a,0xdc6b08e06de8f50c76bd5ac1badef48deada1b73ea436967c63b86b161c8b034,0;1,0x2f6415e1c83aa620889a88bfcceb78e9bce7eb40f2016644b679448cbcd735fb;0x9910c310bdc9446ba9e3ecba7d724bd559ef6ea5656b67b4bcb5a84cacc2a45a;0x86f2e3a72417db8c359ebf14553c15eefc61fd6ba8d02823683ed09bc85cd17c;0x86feceaf0445e4750437ec86b638227317593e9cffe7822be6dfd1d2b451b18a;0x77cb2d8ab7cfb7ce03682ebf037e20738b3a21bbebb8567bac6beebe929882b0,0xe597a1823a1df805ee8f8614d61a6bdeb2f61039440374df00c80a1cc9e16efd;0x5a31dbd42f259d8bbb3f9d895f7f66480c1cbb9c2ea2de03d4f2dd3df88c13e6;0x7a67a85f1656dc270e48add566e55e883700b271eb53828af5089c15c36573ca;0x0cc70881dd3336939d2b3b10284d775b37305ae5f08be6be1767989768246eba;0xb69cf5b0268a9c61d9a8f4afe467f4794a7895170ee6e9157a426ca80c47e140,2.874435,1.623869;1.168092;1.188012;1.107871;1.10055,64.0,9.0,0.0,0,0.0,0.0,0.0,0,2635370496,2635476992,655.3980000000015,1009.9530000000078,7.050000000000199,1.8929999999999902,41.702999999997104,33.0,214.0,226.0,101.98599999999836,445.8324000000013,2.3976000000000206,1.344200000000023,68.12859999999893,33.0,214.0,226.0,2.285677,1.981233;1.339941;1.332479;1.102993;1.138297,64.0,9.0,0.0,0,0.0,1.0,5.0,7720.0,2617679872,2624569344,518.1419999999993,937.1739999999851,4.097000000000215,1.7030000000000343,52.269000000000624,33.0,214.0,226.0,133.2009999999939,441.1034000000091,3.016399999999919,1.9008000000000045,73.85160000000084,33.0,214.0,226.0
64,100,94,0x048dc80a3fb69282187c51f78abee10fda9deb224d6c785b2ba5ba859d14b3c8,0x733b5d86af7368d35621d6fe681eef9678fd6247eb9e61298e210fed381ee13f,0x5d3eedfa989a3b0d9d0d2de2af71ba88e26a9426aa9dcc57248e79e750ebc4da,0;1,0xd0d167db5ad3365c720af624bf9db60494c4f37f408d30a4de648da7776e07e8;0xc1d25e11706b11d075cd68ee4684049d838e376120414e92d3e6fb209542b1a9;0x13cab9af7b0616f2cff54d1ef6a304856659c381d2952b10307c612e44b869a6;0xfd8b7798058474a748ecfa05a92a486b52a3e3b604edd04886a931a36ef43257;0x44b62fb6227017d545955c6f9d499e6e17e3e5dd13bb0be50e04c1c85831bc81,0xee0bb9c708aae25325e6232c80a16a576cd5fb2c7a58f93ad41ef93e983be162;0x679ba44b08c9994abb12867e860c2dc44c2441791904f0acbdd9a0303bacd8ba;0xff1b575595dad0a33e10b62d031763e15a94c9229967751c3e9e96504fb85736;0xfd2fdc711d2e66b122f1427a467a6fbe6a7d8a1d33af7875f6fc67ef63e92c8a;0xa4455a5a88e1ac31ff49c9718246776dfba35fd47c5d50f4f984aa48cb176993,2.979334,2.118605;1.30633;1.134601;1.176094;1.135633,64.0,9.0,0.0,0,0.0,0.0,0.0,0,2635554816,2635575296,745.3950000000098,907.3989999999754,6.991000000000028,2.063999999999972,41.693000000002364,33.0,214.0,225.0,124.76420000000486,445.4961999999951,2.9948000000000996,1.7505999999999597,76.05460000000008,33.0,214.0,225.0,2.414593,1.499572;1.518641;1.224827;1.182624;1.136053,64.0,9.0,0.0,0,0.0,1.0,5.0,7720.0,2627739648,2627682304,459.17300000000716,1064.795999999979,3.836000000000117,1.6619999999999309,93.04000000000256,33.0,214.0,225.0,104.9582000000049,446.1131999999979,2.639999999999934,1.5643999999999987,74.99519999999983,33.0,214.0,225.0
64,100,95,0x244389f8e9c3c007627a80188d5fa1a129fbe5d7a66225e2d5605cfb03c5c74b,0x205ba620108072e4d4895de1a0e5751b1bac126015bf28100edd4647193202be,0xeed1a8f165b79400c89f8a67fe6cbbdf342d577012ebab6d1f4695a1ac0091d0,1;0,0x17f2bbb662c36414289c9239fb28c83927b81ef233244a9a70204763138bbe11;0x4068804c15ab00b4b897b969f264b39ded8b86e5508afdf2479e29c911a7c133;0x150361fb64ca821f585ae84ae52cdb1d2cde3c05985d8fbeb9d86908da5357f0;0x481df844f256bdab7f888b5f927e3c949397f237e98791683a017638f0653949;0x32921c9eefb492653d8e07ce485186951ebce465de57f7d0d20a9e5741115e63,0x333941c46b1792aaee2a69a554db6cde7b44dad89f559a85e23d5cb02d1aa51a;0x00c42f1cc95421ed28c33fffe924ca8818510bb8be04765a2e0a5cc88b181018;0x5976054e70d8db3ca5723f6db59c665b8ef3bc8c8ea6718934cc5d81a70187ee;0xa7f578a7510e82d61d478eeda1b3b002f0676ac0c9736095b6b20a7c9d7ad2ba;0x558c8dc53c51f42e1f2fb20a7bce9e5783e7f535f435c73d7b326e09b77a1e9e,2.643668,2.222282;1.599283;1.27279;1.203195;1.300702,64.0,9.0,0.0,0,0.0,0.0,0.0,0,2635644928,2635665408,584.9820000000117,792.6759999999922,5.629000000000051,1.5119999999999543,29.874999999998654,33.0,214.0,225.0,113.01239999999545,436.88899999999586,2.7057999999999947,1.5262000000000262,73.47299999999889,33.0,214.0,225.0,3.005813,1.733204;1.355314;1.220501;1.260201;1.109684,64.0,9.0,0.0,0,0.0,1.0,5.0,7720.0,2630279168,2630422528,614.3469999999874,934.5900000000129,6.550000000000132,2.0930000000001034,74.82300000000164,33.0,214.0,225.0,116.88640000000473,456.384200000004,2.7240000000001294,9.967000000000004,68.69979999999941,33.0,214.0,225.0
64,100,96,0x2461f54088b14b9d4e5b19529242ad2a73114266f1047b53e109dde1d9828fdd,0x7dc8225e83c1bc371a64a8cee6e62da84f9742c180245284c625c5ebae184def,0x065ed10ab092005b8703336f1e962015529c19e19f2688fbe2e8a779ea44eb19,0;1,0x6712d0d4ec55c3ad2ff6b4f4e270b65abfd336389ca50d878d6016588d2da347;0x393fb1c4f0096513f907064e69a95ab1668cb7b49209c7b187df73773c8ac6d2;0xa3baac23823c191c618acea5797b92398b6726f62d80da00c9adf9b6d7e8039b;0xdf8cf463d04d812e234f9b6711850f1b8206483d2cad664849e0e994ed13b890;0xa79e997778c624ecc74014ea6103ef2a4f20d56f5faf24cf844c2faf949e1256,0x6715b689727f07b861e4ae8501fb85a22d10d279f9978f351e1f873902f984a2;0x88b635fb03ca810929ff7d9044c246891a11b8544247aadfd0623b078fd754c4;0xfddaf26870e367def5b5b47fcb89b9520e1a5e16cef0f289d6c9970977fce03a;0xbea1ca4136e04c9b9baee8e99feb059172d4929c51f36bc34fcd7786989e952a;0x9265adebfd4656e2182129a7d14b7241d68fbc65892a535653e39e58b198b208,2.61229,2.217525;1.368434;1.073309;1.142833;1.070034,64.0,9.0,0.0,0,0.0,0.0,0.0,0,2635665408,2635673600,576.378999999988,812.6660000000174,7.2710000000001,1.9029999999999307,41.34299999999924,33.0,215.0,225.0,112.85460000000636,473.53840000000645,2.78180000000015,1.6826000000000167,77.08199999999916,33.0,215.0,225.0,2.337716,1.751582;1.462135;1.103444;1.105879;1.04744,64.0,9.0,0.0,0,0.0,1.0,5.0,7720.0,2632097792,2632105984,771.3330000000129,742.8910000000233,4.4170000000000496,2.0730000000000053,27.431000000001372,33.0,215.0,225.0,157.8540000000017,447.66720000000146,3.2647999999999704,1.428200000000001,78.11979999999969,33.0,215.0,225.0
64,100,97,0x7bfecdb676e9d7b6a870c9d5ed50cf6c33b9fc5aeafa2f098b12fb3c8ad68d84,0xb6f7d257801e2e713c3622f3d27e716c1454ae140b98dce7c415550dc7ffa149,0xa1fbbd7c7e05018e80544143b1c38efd01a608ce8c89b98cafd5cf6bf1271adb,1;0,0x6aa7c748547f80e37383c592a6ab2c7c450929c5699750392731512ab34f2d08;0x39d3a90408e8b78c3a35d0e0ed41bb2d007c6e085ae3e686411cc7265b2ab162;0xf08cc662e399f1ddcdf058ba8560cb27516e53c892eab39ba448de2bca9dd09a;0x06af9d9ba516db34b126c5969a42ebdf9db5dac8f9a9c302ffc28b83a8330d37;0xcd7ea324638af7fa792a24274ddc82a38c1c25b9ae503c919de7973bdac00b1e,0xfd6702a9e88746b1d7fad3af2880de4421ebd4cb5f4956c2bc5aa6f80dce4fd3;0x3c7e721e664efa4d7ab18d0d512b8a03dd1375c2cc45992df1c86c0716440b7d;0x6210145ab07f3cb36c6180190a229ad5a487eeabf5b06b441b0fc9003acbb407;0x6a2ece5a61ccd0c256129d59aa0ce089c1e1f432b588d8ec08a89f392ae13ce9;0x62d9d5969ac50f1cad1983241b28132f21d7c1fbb41e97df22a454becef26ee6,2.563857,1.918474;1.282139;1.124727;1.130154;1.08066,64.0,9.0,0.0,0,0.0,0.0,0.0,0,2639093760,2639220736,505.89300000000725,906.4269999999874,4.687000000000181,1.4220000000000552,25.918999999999247,33.0,215.0,223.0,109.25060000000487,437.96639999998945,2.9305999999999774,1.748799999999953,73.41419999999933,33.0,215.0,223.0,2.488293,1.63725;1.112438;1.178988;1.071742;1.266881,64.0,9.0,0.0,0,0.0,1.0,5.0,7720.0,2632179712,2627588096,634.7479999999905,746.8259999999782,5.138000000000018,2.344000000000044,41.832999999998066,33.0,215.0,223.0,99.70060000000225,474.50780000000134,2.2997999999999768,1.496000000000006,67.64999999999965,33.0,215.0,223.0
64,100,98,0x77df8fdab4817b19c8ca7a07bc103f94bddd6e6804a506abe311b9029443daa4,0x8e03e38966875f5e69a5853986f2d7f90482a9d705d6b5e35be37db55ac88751,0xd2774a3db502c8a5b0231a033a286cc87393a9291a808cd7dbbe6f571f67abaa,0;1,0x2c927389a8c1ae3bb17ac1ce25c5f0e99515fbab02896c0fa7f3df0231f40192;0x1b4dc8d387a8940351373588916b7b78c2d3041c57cb6ddc881f79391df4c637;0x09680b2d7c53b131ecd55749987ae44ea67ff616402c7d177675204c75667799;0xe900aa152d8d5f14a2707c30d15ed51a25284683c14e7342a304c9cb9364106a;0x25103afecb746c3523dbe9e4c43d2c140baa1cba37c15307b911bb728d3f9ad0,0xdfab644620ea1b60700e298544e58441dfe32f10b43131b125bb615f3ff8ad53;0xf76dbc30a9d9eea54b68b4b5538b58e1f095cc995040cb6aab884b2445436c49;0x4d52655a3a4e8224880673ea2e356c2500038171040774b5ab75027f3d424db0;0x86a3a90cbd441caa7e10248941419e81ef12c222bafc0ff01e07a06f483bf2fe;0x8ab7724396849851d54a44c3c5a92a27f23f426d4d4ef92799add5440ce99ec4,2.580733,1.475506;1.192809;1.118807;1.059528;1.053188,64.0,9.0,0.0,0,0.0,0.0,0.0,0,2635689984,2639265792,589.5890000000014,773.8970000000234,6.62000000000015,2.0029999999999872,40.03999999999813,33.0,216.0,224.0,110.48499999999906,409.70759999999774,2.6921999999999535,1.3841999999999588,69.9655999999993,33.0,216.0,224.0,2.475755,2.103623;1.187291;1.228923;1.06055;1.068352,64.0,9.0,0.0,0,0.0,1.0,5.0,7720.0,2632126464,2627592192,545.2730000000128,1039.9979999999864,4.0059999999999745,1.562000000000091,27.06000000000236,33.0,216.0,224.0,135.4222000000016,442.8662000000028,2.69619999999993,1.8528000000000295,79.58619999999944,33.0,216.0,224.0
64,100,99,0x8f0f874c833e007a01493017abf88a5dd81fcf5c5bc262cc2536af2051d0c87b,0x8f5d72a4970f04685249d65cc6c38dab4344389df353f44db582c429361a70fe,0x13253a7aa6817fbe3a6e117815ce5b0e4d74daea036e514f3ff8e7d7cac8fb91,0;1,0x5476a4a37496d5eb3f6ba14416df06eabeab87dc1851797cae5bd7aad37ee299;0x29db70ee70b9fd19f9650480d581b6512f9de532fd8f9b618ab259a700b88161;0x12f6b4116b4e60fb915e067449e32cd38bdf149543ab14ff45872c8b88fa95e7;0x54f51dd1ecc5f6189e73ec5d2b6a52c468d9020237911818f404f40cf939d289;0x467f7016b14953e1a5ef416a5dee1324c125b25677d45d58daa5e753cf977a1e,0xc78b4a56317d0727ca3767168ace4a84037c4b757bcdaf3857a5ea3a69328bde;0x39091ec901a019e8d69328a22dc3cd503ad2adee284966ef0118f1b47e59a8a6;0xb5b6aeb7278486ae308e9fca66ecc28718abefbe023048bceb9017a8eb7bc939;0xececf392c0a074b87f1ba9459fe19a84c65a69db4db008351f7e0c17ae0be056;0x716841f2127db596afc86d5049e137f1654a1767fbc463b6435a5b675c4a07b0,2.639691,1.878504;1.464089;1.235343;1.114131;1.182824,64.0,9.0,0.0,0,0.0,0.0,0.0,0,2639372288,2635759616,601.1160000000126,895.4609999999863,6.560000000000072,1.8830000000000495,41.61300000000284,33.0,218.0,226.0,105.3848000000024,447.0581999999945,2.884400000000009,1.6865999999999928,87.74240000000016,33.0,218.0,226.0,2.685721,1.433522;1.360562;1.202304;1.112959;1.132849,64.0,9.0,0.0,0,0.0,1.0,5.0,7720.0,2627690496,2627690496,952.0259999999947,851.0440000000231,3.765000000000192,1.7629999999998949,27.471000000001133,33.0,218.0,226.0,96.9343999999983,439.53299999999194,2.526000000000004,1.4864000000000281,76.72359999999905,33.0,218.0,226.0
512,100,0,0xa15c1ebf05855649ffd31e6673647c1536ff7ac820b5fed8ca3840400c31481d,0x83c6144efc7cc4433875b94a246de8ce7dd107a466d483591df674e74f3020a0,0xba7fc78e714d3e9cf06be2bc84348d93f0e31a3f8399721720407502e66d3c39,1;0,0xed9f6558701b39fcff6b9261555067ad35e89e2960c263407037d875b65255c2;0x9ee68a4dee7c10ae46c459e445b48aae65432bc2726b2a4c060c9eff6cd92196;0x5b480db0775b34ed226bb8d4d8a2d64abd8781bc40bf7e0d9400f36b0bfaffa4;0x413076608f2bfd71cb5d6c441eefa52fa4e2d48606350c3fc56fc318f98c65ed;0x69cbfa952d33cf79cb66b875aa8329c82e75089bb65134bd50db081bd6502fb8,0x7f980092c0121dbfc0041fcd8e0db9055774e2919e5baaef12715cc6af7ade52;0x2b8add08d475a5d0f9d372e821e31fe75e1eb3d1584b7cfd529b6027a855bb33;0xf940d923cb582e13f0e0105917f88c5bcf7af6a39be87a21ae2d9aa72494820d;0x994ea7cf7712404d28d3345a4e8942a12b3f76bcb35c51d8dfcaac83ee3df839;0x5709bc492f9ccdbbf52b7f5316a8610f0b60cd711f630c1ef8b8f292c55c2e42,3.58621,3.012814;2.826594;2.469825;2.546301;2.430516,512.0,9.0,0.0,0,0.0,0.0,0.0,0,2547499008,2550882304,1003.534,1471.4100000000003,5.378,1.9030000000000002,35.784,90.0,524.0,923.0,428.62059999999997,1295.4601999999998,6.8964,2.1852,89.59880000000001,90.0,524.0,923.0,4.029798,3.367931;2.668987;2.574253;2.540212;2.477787,512.0,9.0,0.0,0,0.0,1.0,5.0,57896.0,2543935488,2546388992,937.7139999999998,1579.3219999999997,9.184000000000001,2.844,49.855000000000004,90.0,524.0,923.0,430.5054,1328.1312,7.0986,2.8683999999999994,93.93180000000001,90.0,524.0,923.0
512,100,1,0x294844fb1d573e4d49a714206b9e5de114d97e30dcb2b389ca3f5dff51e7b6cf,0xf5189b1b912931b04f79fea913f941e7c10618994f17bfc7e674dee05935991a,0x55cf081890575f4eb60be85bb4def36e713270644cadf2bad85eaeb7f5f0189f,1;0,0x6931aac2c62b79ec74e6c446769851aa877a95c63a2fec9724940aec7f3e9c2d;0x7f1067dc6f8847bf53941c25b5f0bb1462b8fe47386b3eb977bc5400c8d2bac5;0x02577d484839788ec0df7adb2344685ca013be7e47882a93ded1a0db706e0c23;0x019f1aaedf53e06a995f9fa535e2306780942abfc2fa5bac4b53afc328b5fa4d;0x6939c2da061d949f79a8435dc5eb7e0f9cf24bd77263b1c8b5d14ce96e623017,0x250a31a5d88878db68ce03682f409162026a1bb777ce9b15e55c1ad355cac99d;0xf664b05a52467f3b16c760cb5e59befe9619c81745fb229441dbf6b89ee94c47;0xe511cee50f0ed1a7405f6a3d7bf8c902cf8162f059ecbe0bb06afe2dea76db24;0xdb990f393c7b9bfca05b21715aecc33bb8bd891f5c55d1d5f274b38ab63400ae;0x4748eb71e06b1d345ffa76b45e56c44556e0ca7f14a37447a2b9f8e1b17a6197,3.502363,3.468853;2.727113;2.891261;2.706282;4.646714,512.0,9.0,0.0,0,0.0,0.0,0.0,0,2553434112,2553966592,907.7590000000001,1533.1630000000007,6.880000000000002,1.5720000000000012,34.53199999999999,90.0,524.0,925.0,460.8549999999999,1426.6738,8.004,2.952600000000001,102.21020000000003,90.0,524.0,925.0,4.061226,3.144293;2.819112;2.808627;2.705761;2.590157,512.0,9.0,0.0,0,0.0,1.0,5.0,57896.0,2554814464,2555289600,1028.6619999999996,1577.8089999999995,7.041000000000002,2.825000000000001,51.728000000000016,90.0,524.0,925.0,455.82740000000007,1360.8748000000007,7.7338000000000005,2.6481999999999988,80.17919999999998,90.0,524.0,925.0
512,100,2,0x63806da2fdff4578ddee2c998a356630fe117a3d54d8b75cdba28cff4f3885a9,0x6030a14574a90798927a889922312ad6b4d0e64d68bd7479f5fc004be2602042,0x7c9827768476479862ddeb8ce3f3f33b47136e01eef2289fe934d8b1b59dd30a,1;0,0xb3fcea9e41e993d34ed978af217d94f81e3e23350a80c488a8b62c6444f7da6a;0x02cf1f974e6e559817b8501bde9f68cc357a35dbf7517f5e02fe164d326508d6;0x67db56aa7003d86acb1435e678529d1e47c65b0ce5f393492a351328ef83e1ed;0xa93d832f99bc2e18a897f6faf49c369e116a6bb01cd35f76eb27860ac2d4b379;0xfe228a0d2c2ff37c7cfc7c4b58dc09c8e7ee710ac0fb7825d6b6bca9e31a5c11,0xbc6791612df2e3e9e46d98423ae98b315d1e0b29134b9b6cde1b47ec56560238;0x10026548ead53be626ef40ba62a3df7a04a40282caed683ec502078de0eade71;0xdb507d1fbaddeb7b0c0fe37cad7b025461b208394cb072cce9553f0e1cf86fb2;0x605a70f553129858e666b037977edb22de6a2421e2079ac18c7c4aa17bf597ca;0x5e21da363bd224d9ff7e00d6fb2fba07457013c53eab6af08946a94e3f9a612b,3.663992,3.243142;3.170823;2.518929;2.549746;2.388392,512.0,9.0,0.0,0,0.0,0.0,0.0,0,2555265024,2555686912,933.5379999999993,1736.148,6.179999999999999,2.1439999999999984,117.818,90.0,524.0,927.0,428.392,1336.6080000000002,5.853199999999991,2.3955999999999986,85.7854,90.0,524.0,927.0,3.806812,2.754335;2.476926;2.423986;2.402533;2.641795,512.0,9.0,0.0,0,0.0,1.0,5.0,57896.0,2557911040,2558709760,963.2119999999998,1514.1639999999984,6.439000000000011,2.7039999999999997,48.101999999999954,90.0,524.0,927.0,405.64600000000013,1309.0506000000003,5.552599999999996,2.2232000000000016,80.772,90.0,524.0,927.0
512,100,3,0xd75efafcbfd81f9dc85fa413461f9f8c6445eac5cfffd96eba376c48874d715d,0x5c2c796b2a0e43870c9b2cee6abc8553b5bd4b920b9f87b3f2e6d6f46aa0aac2,0x396f2baa8cfe1cba5757abb611c2a859772703f92999339798d2186ec699389a,1;0,0xcddc49b6496bd20a5bccef6ca4f803a1089d9221c03427265c4b8421d2c73657;0x9e8c436fac1f214db9191082ab47d4f5c4cb497a908655c8b38b27102c5b2bbe;0x5756279efd8a19d9bd1d0e16ea8c03b0d59810117c1061ad1731af234bc1849a;0x1e7e274a8e260c0b1ec356c68416fde48cb2b6f770259737073d7d66d2af8be5;0x56673d90ad5b1eb2f6f923014fcd199fbc7355b6472afa36ab28fa903e3ce1c2,0xe9747c426876f8902cf3e0f3b5bf4c067a2c4caefb87d9e1adfbe4929bbd07e0;0x54e5b1d0f9c25016152bbf2bcb37a0ba649ddfe4640b56dc074e87146bf12757;0xf795adcccb02915abc4d0b93bc80534a9847c1f4efaa8d87c2f16e1fe2bcc6f2;0x5ccc762adc70363df228bd9e0afbe92b3836a91049ac74386b5da7529ea19d34;0xb89eb931d0f4543501400614bcb7d70bf42cdf0b91db5fba93eca68fc58d999e,3.511486,2.845482;2.465139;2.346279;2.584654;2.370225,512.0,9.0,0.0,0,0.0,0.0,0.0,0,2557857792,2558054400,1005.2370000000009,1509.706999999999,5.227999999999998,2.2429999999999986,35.022000000000006,90.0,524.0,929.0,392.44039999999995,1310.8874000000008,5.624600000000003,2.3455999999999957,78.13199999999999,90.0,524.0,929.0,4.208939,3.225094;2.535314;2.381993;2.517157;2.435653,512.0,9.0,0.0,0,0.0,1.0,5.0,57896.0,2559991808,2560204800,1066.0979999999997,1569.4769999999996,7.3209999999999935,3.194999999999999,77.67699999999995,90.0,524.0,929.0,425.6944000000002,1292.3169999999984,6.4140000000000015,2.7323999999999984,81.84520000000008,90.0,524.0,929.0
512,100,4,0x4f88b787424c8592470672d006a185279448449820d510ccc6f0a2b978183e5a,0xc4bf06ac308e805d26771de4c81be2178cfd34270094d71c635b0927fc35a0a6,0x7f5d95ad53b23719842bfd60ea1d2aa41b9e7f388bce5da07be7638a33a29109,1;0,0xc5b5ddfc6c6772b70b31742dc2959351d69edd16f67d5898f0eb531287f9f601;0xab4f6be9b83036284229b159843c49e414375ecb40a7f5d39341822a2216fa7b;0x998047690a82360508d7e9c0dcbc776405a9a986add0bcade623dcae0cc2784a;0x22610e3650806f57bdda3f060117a582f32667e278ea459992e1f0cae3d3474e;0x630331a78365249cbd1832e308182fc2bf0245ea75ee546f4dddac13ed4bb915,0x01b24e94719a4500f654cd64230063360136dd1868ce1c0677a3752144a343e0;0x901d70af5e820f4dae2b6380eabeb8471a45b140988dbc544cd28a4623662450;0xf86acf5f61c14ab70534d3e107871996bc70d5320c88169326816e709afc8603;0xa135f4848def734e6e5a59d1751337a34bf5e2c9a3a0d50d0277ee91a1e7a4b9;0x3fc01d9053a14c148932db6c1a13adff61997d8d3b096239f07d5ff7213ff6fa,3.82535,3.357936;2.63838;2.423175;2.403806;2.336875,512.0,9.0,0.0,0,0.0,0.0,0.0,0,2559041536,2559213568,1020.6900000000012,1629.7080000000005,5.2180000000000035,2.3940000000000046,103.37600000000008,90.0,524.0,931.0,420.7786000000005,1331.6547999999996,6.4655999999999905,2.9923999999999964,91.43000000000006,90.0,524.0,931.0,3.807663,2.788266;2.656027;2.344586;2.417677;2.333409,512.0,9.0,0.0,0,0.0,1.0,5.0,57896.0,2561736704,2561966080,1027.0289999999989,1459.020999999998,6.659999999999994,2.4230000000000005,48.14300000000006,90.0,524.0,931.0,408.1715999999999,1282.9969999999996,6.023400000000005,2.2733999999999974,77.06019999999995,90.0,524.0,931.0
512,100,5,0x53e21c5776168664393ce4cb73d5fbf43c106e4e266ce7bfd639007b76fd629d,0x1707ecb36b14d61577acb04ea6e9ca3faf1e336387286c65013ba6d671072c91,0x05cbf1f7ab5bca79384d79ec9d5aaa7f9e938e9a34958452e7b19b6c274ab086,0;1,0xd709aa68c94bdf63842739b774735482c89ac4f89df9570a2fe119e8cbbbce8d;0xec582fb0dac4227b3e58ae59f4e41f8baab3ba5fa714d524c9ea91e327cd9fb9;0x984f1610604787da23640b24b5bc481d98a78b251d3aa966eaf54f4594b7ef5b;0xaabd64ea5c7fc9e5b241e442f5f7197b0a2a4c9003a0e73b5e17ee8adb547619;0xe0b88f39f0c50ea4b8eb61dee48a1898b7741cda0103fe7bd80c2785da73aee6,0x213bd7a7987d2c7d1e0ffc986d1449377cfb029393fef2c5f11b1eed8d5f4ee5;0x99e2161d2b39fa1d821b616182b99868967e90e871343daf028ae3fca66f7a67;0x40f94a776ef83b95cbd00c2a04c007800df1a9458c00671038f44ba24d181f44;0x3c99d59cb2c1a7e84ec3378f7aec2c98d7415ffcfe0bed314a1e2708a708671c;0x4e51c40cacd5449d5ae1650f426c65c9e603466bda009210e31584dd2231fc03,4.07006,3.914325;2.844301;2.52586;2.845452;2.431657,512.0,9.0,0.0,0,0.0,0.0,0.0,0,2556841984,2560110592,1124.0759999999982,1702.2079999999967,7.351000000000004,3.274999999999998,48.462999999999894,91.0,526.0,933.0,535.2231999999999,1400.8973999999978,6.916599999999995,3.026600000000001,93.06660000000001,91.0,526.0,933.0,4.100915,3.018693;2.681865;2.445699;2.541744;2.475084,512.0,9.0,0.0,0,0.0,1.0,5.0,57896.0,2562682880,2563035136,1202.1930000000007,1794.467000000001,5.738999999999994,2.093999999999997,51.9689999999998,91.0,526.0,933.0,441.4597999999999,1313.2651999999996,6.561800000000003,2.3514000000000004,77.37099999999995,91.0,526.0,933.0
512,100,6,0xfd043eba02440d9f3297abf6e4a3155d9068067f5731a8fc2900a0e76f9bedeb,0x2ebc100fd17f584551626b94d83a0443e3a3c62dc2ede789e8c3014b042c8b72,0x2e5f6453a62c894464e1b84fcca8c681995dc6d5a47333e6c3f9e09903b87653,1;0,0xf3115dbf8925f6aa9ad852348faf7583dd6a4f91081c686702797388018718da;0x2dbef862437c2516af3b6096d2fbcc5293a0ddad49a0c1293137a97a0a3261ec;0x4641ac54363f7fe5b74be1740877426dc11f8197f7dc2b9a0e201cb92a4b2ee6;0x4b1ac083d47f5cd555ce7b557b78a719e8fe778dfa74320f4b3d6e339f81f885;0x8aa2331533c2f692fed6cee605abeb73188436305b3967335237f8363681a7cc,0x90c5cd189b672d52f654af2cd55747bfa3f50b8b88feb013250d3f5747b1d6d6;0xa91f16b872408f10f81c8e5b1168389e0a788ca3e0fcc60bef346db2a12b3a4b;0xd96d3cebd5bfc1142e59139423a7c2088651aeb19ef768d68d87ea41e0277137;0x4d0972ac30298d00c33de2382dc8990abdcb0bcbd56251082b6c104f46a296ea;0x09760615b3e754d998224311ff3657b7999aff62a56864b7b1e365770c158d72,3.721274,2.913415;3.872882;2.455815;2.795397;2.55878,512.0,9.0,0.0,0,0.0,0.0,0.0,0,2560954368,2561130496,1069.012000000001,1593.8750000000016,5.036999999999999,2.1429999999999962,35.443999999999924,91.0,526.0,935.0,472.7332000000001,1491.6299999999994,6.99679999999999,2.4560000000000026,83.20560000000003,91.0,526.0,935.0,4.049939,3.461962;3.080146;2.626181;2.750609;2.815207,512.0,9.0,0.0,0,0.0,1.0,5.0,57896.0,2564030464,2564472832,1221.973000000001,1537.5290000000027,7.221000000000018,3.3849999999999953,49.695000000000206,91.0,526.0,935.0,480.1342,1415.1986000000006,7.240999999999996,7.751799999999999,91.89020000000001,91.0,526.0,935.0
512,100,7,0x85a878f64dcb47546c68aba64dd67704c406dab217013a2fc29bb429d6a14591,0xc258dc1b33d656f2c3c31dd11230598ca0d8e0e0668d73b8cfa2fdf4f867ec38,0xad07a687a94192dd31ab262f7f60a0ccfdb3a61d7ab0d7ecb00ed685d9acff8b,1;0,0xca658a4913a873e43c7ca98e62ec18bd6613d845d2ab13443cc5cf5c02ebe2e7;0x6b3bb47f3ad134b8c2ca74a7b00cb40e998e7a06c16b0f385d7302f7c72d04b3;0x0caac7f5da03463cd9414d380e928c99b5350083c835ee21ea98780602f9609b;0xd2acaeb26a69ed863f3c34573e9dc944c7c038b827aacc67951fa4492c853d61;0x9d1c08ea8dd7a1d23b1425677f39c72a8fc8c1a5fbe460144d37c1b14d24050e,0x10ca838670f3177a23a6fddb652de4a40e86534406443ce845148a945f865dec;0xae98a9cf1a9204b2d7adc6fa23447ba1267aa07448a13fc181776ea4d61ed5d3;0xc58513b37710ad7fb83b7203cde0f20ea1238c0cea389a616eaa0458ce5ab738;0xff125b12b6663380b31801d4eb9c9c780f535c6844797000765ac3496f915f63;0xb079431cee45e8baf92d56fe985ff2b837f90f9f3090fc20fb9c0f7ebb53b4fb,3.930508,3.521832;4.016448;2.503817;2.460211;2.422605,512.0,9.0,0.0,0,0.0,0.0,0.0,0,2562588672,2562666496,1261.8340000000032,1599.7130000000027,4.036000000000014,2.6140000000000128,38.057000000000194,91.0,526.0,937.0,682.1951999999992,1317.985999999999,7.1368000000000045,2.995000000000005,88.20300000000006,91.0,526.0,937.0,4.198058,3.028367;2.593091;2.537207;2.493922;2.494122,512.0,9.0,0.0,0,0.0,1.0,5.0,57896.0,2565120000,2565238784,1188.4620000000014,1694.5359999999964,6.148999999999998,3.245,48.71300000000014,91.0,526.0,937.0,425.9763999999999,1333.0888000000011,6.4113999999999995,2.076999999999998,77.69520000000001,91.0,526.0,937.0
512,100,8,0x6b3d8c417c43600ff6c7c47db3e71c7a9349c6b341c835e636340496f16181c7,0x39523602b088de10e439558e8542c2685199c96f9d68a70a65a3973c27b39b5c,0x9e383a514d1e544bd20c7e28bbf4ae12c89f1aa9b255a3c2483f9af9af834d09,0;1,0x1d36d1620b89e54b7fb339eab8ad1cf390412e119a70654fddc90265d583fdd7;0x7ca5328f4fa18e3b7353e27683e3cc858e60cdacb384242c60deb8307d10bce3;0xc63bd87669b0448f0c58c631ce280d1aab0ded9a99f0d9f8fa9a00a5d044d2d5;0xdfd64e45594a652ecb850911819df19f1a121d3accea134ecbce81f28e6e7e8f;0x2448931578fe0ff4da363aeda2a14235f00d2310e92b99a031811b37c99789fb,0xb0c6d11220957a96307f406ec4d617fcd0dc812bed6484ccaadad84b1ae8d786;0xcb2575411335ef1ccaf4088db5e9141b9e3046bbd80cbca1e206ba732c85222d;0x0eaaf807da391603a876d86ef6fdf69cdc7f0fda03528b8c228eaa3707c586d6;0x2523dc3fa87669e5d3c4f2c0d8637525ce7fe66e8dbafc50f27b20d8ba4225e9;0x10066445a18cfe9e24e2d5e8059da9dd5951f16e726afb34d261e00e0f158fb7,4.640619,3.542563;2.940545;2.643497;2.739252;2.498559,512.0,9.0,0.0,0,0.0,0.0,0.0,0,2559406080,2559610880,1323.4359999999972,1838.8240000000028,7.160999999999994,3.404999999999999,49.014,91.0,526.0,939.0,440.19600000000105,1415.2445999999984,7.7098000000000155,2.8402000000000016,88.27139999999997,91.0,526.0,939.0,3.676896,2.955243;2.829267;2.602546;2.875752;2.638039,512.0,9.0,0.0,0,0.0,1.0,5.0,57896.0,2566094848,2566197248,1117.0949999999984,1531.7400000000036,5.658000000000019,2.0029999999999872,35.814000000000334,91.0,526.0,939.0,464.67699999999945,1375.7933999999973,11.851800000000008,1.935000000000001,80.3954000000001,91.0,526.0,939.0
512,100,9,0x85e125cafdf254efafafa288b2e96725e76efe3d1e2c87366390b8f8223112ec,0x5c786e4d21c2ca3821fbfec719ffebaa27b9f8f9fbdc911ca1313bd04a67f5d9,0xdc1322a8f23b50d2831845c1a21c72172dfc810449b5ce658cb38220b585a2ff,0;1,0x8db9f2e9c1bae559c42d926ffdc52f3f3dc108e2d1c8ceb67db98b5de86f4923;0x143447d28da0910f1e3dccdb80a4aa85786f085f82128dea0ee872eb3e82e1aa;0x486f385142f8d08eb742fb707e02fbff018233c5581a3a9ce5752d8b57bcd167;0xbcd344c8e2c5772a3bfb95910617aa9a059d2e74b1a55701f88efcd6730dbcab;0x93dfac908e2d6789cb0dd39d5f3578a4174c85fc41f143e37c2e82e30453dbbc,0xf201161919368b5ed29df80f365c0a9f7c3fc8dcfcc2af71e9bb92e9d056f136;0xf1196d7cb75a73ba5e952c00235fd9ae6140f6be3f4aaeebddd15ef65b013306;0xf6663e51cda46373891ae9407fb0c6f55a2d41be036b852903a95defa915bd5c;0x830c7e4239172cd45bca859a1985b819ca61e88bb8eb1e57db05ac58b444f312;0x48e7e4473c192672af0554fc82078aca5173b2effc8b5854794d0786b13f3d92,4.327837,2.856007;2.5984;2.891362;2.560382;2.410636,512.0,9.0,0.0,0,0.0,0.0,0.0,0,2564624384,2564808704,1319.2399999999993,1719.4829999999938,6.440000000000026,3.335000000000008,50.495999999999704,91.0,526.0,941.0,453.7041999999991,1314.386600000003,6.85219999999999,2.345400000000001,80.13659999999996,91.0,526.0,941.0,4.015066,3.455041;2.75102;2.860595;2.82431;2.577998,512.0,9.0,0.0,0,0.0,1.0,5.0,57896.0,2566987776,2567155712,1166.920000000002,1847.2959999999982,5.066999999999984,1.722999999999997,33.80099999999997,91.0,526.0,941.0,471.54119999999887,1439.1144000000024,6.2269999999999905,2.449599999999999,85.52279999999996,91.0,526.0,941.0
512,100,10,0x3550cfac05973ffe0d4bfb94980348ddb6d06e40956ceab3047d31968c3fb3f2,0x0d16c32ffc44a2c1fe8bee8bf843d2fd02343bf27188141b6087934ae6a8d025,0x92387d3f44aff47b685b0ae91b006f808c8372dc40049381cdd8ec042df305c9,0;1,0x4f4e9395e478c645fa6eb185df82082ecc302e25993b251462934fcfac58c974;0x76a72b2c943e3b81e0d4a0b224a5efc2b8ba8148179b7a048886ec070d8d0896;0xb9570133488289f29e4685781cfee3f65a0a58ab2c84179823acfa917294f95b;0x15c0c79695ec830afba4d8c9d109ca52942e5ff03ac44cc52bbbd7e7e49b46f3;0x52b20723e72aead4b9d6b919b3b60b76e7fb8b849f2370f610466b8e3bf007b4,0x619b68c4a4c783c234661f0a9ae39acf480307a43ed7edd7527a034d4de66c15;0x09f197e1085208db48043faa2fed0ed1583877341d4cc0fbc30d526d96560f2c;0xc3a9dbf275e35028760270fb30875f0fa48783bd2696f0dc47fffba2fefa72d8;0x81e4ce04fcc5db1a41264e96b2e39cad9e9881e3d59621cb87c9aab9b008c2fb;0xc765b07c65dd480cbbdcbbff9b238f8435fed34185c8a4dc2cb0947b31ae43e9,4.552046,3.32194;2.689978;4.592187;2.51267;2.57257,512.0,9.0,0.0,0,0.0,0.0,0.0,0,2565734400,2565849088,1352.230000000003,1767.1360000000025,6.08900000000003,3.135000000000003,48.9640000000003,91.0,526.0,943.0,412.99100000000004,1340.0352000000003,7.473399999999991,2.642200000000001,95.97459999999992,91.0,526.0,943.0,3.9584,2.865683;2.513011;2.71112;4.730235;2.451617,512.0,9.0,0.0,0,0.0,1.0,5.0,57896.0,2568159232,2568355840,1240.902000000002,1627.745,5.929000000000004,1.973000000000003,38.17700000000035,91.0,526.0,943.0,431.7794000000014,1338.8052000000012,6.579799999999994,2.2716000000000047,76.87800000000001,91.0,526.0,943.0
512,100,11,0xc0880ad7d2f83b76f16fe7ff125885263d09c7247afdaf302bbc82613962adf8,0xb42f2625486cc378dc2c08eb2a85eba0b7facf7e8fef89c398ccfc319b53440e,0xf752d86bf4b8a8bd58398c38fee4e37188d3aff239e99b6672f5e9b57f14189c,0;1,0xc078da41e39607d5f7a462cb5296d034595448e37243df2188e1e5a146013748;0x6d7f79800ae579e36e6f6c25ba1f9386caf6939f9715d4ac037effa8fa21c648;0xbfbfa94ea7b0de2ad0f39b0a1ecb8ffbb1c9ec26b258d538e646af4f6bad9a21;0xdc8d1699fff9b22894e96a501377ae143b886611ee35634309856656c83a3103;0x2c1cb70c2a669f4a88c4f0132ebc19f8c245f366fec0f453f18f899c7c473b4e,0x22cb332cd252572e8544723673e44d8f2f6a4bbb33e45aa772a49a8399f5aa02;0x2b50fbf13f871b739b25aef3f5277047f58761299823681cda43278fcaaa796b;0xc40637856f0f94808bbae14c8d3011b0c83c659c4be4bc1ac1564e577a374223;0xac76ae8b7353903b2cbd56145bf4dbfcb7ed1d07399ae1f30874b4d03b1b7e38;0x665aaec67c06765a0ad77b6edddd310c8548a0fc91b26bd5f6bd319210ab44dc,4.743014,3.46693;2.821025;2.725782;2.698511;2.47929,512.0,9.0,0.0,0,0.0,0.0,0.0,0,2562007040,2562146304,1439.3269999999973,1802.7699999999952,6.609999999999992,3.394999999999977,48.854000000000084,91.0,526.0,945.0,441.6802000000011,1388.3826000000015,7.563400000000021,2.9062000000000054,87.31799999999994,91.0,526.0,945.0,5.010017,3.578457;2.643808;2.718591;2.519991;2.91713,512.0,9.0,0.0,0,0.0,1.0,5.0,57896.0,2569240576,2569547776,1722.8040000000015,2149.161999999996,6.219000000000016,1.7829999999999928,35.85400000000009,91.0,526.0,945.0,452.3826000000008,1335.2580000000003,6.844200000000016,3.0044000000000066,100.99619999999997,91.0,526.0,945.0
512,100,12,0x12d753fb154983369c661cee393e339b82618748aac85d97bd43d30127287979,0xeccf317684595e7f3f8d6f99596f72847c8dd986d9b4ef0473dc5379ef09db10,0xde5dad2a6ebbac23ef8e31c0e77ade35e25e2064d144981b5dc96f07d6f1ab13,1;0,0x4a9994657573a18c560b2135b0236baa4cdf509724ffdb3fcf31e288c763e681;0x9f7ac518710549263ba6ba3ea61ce61a596e0d89a7f66ddce23d3b852beedc3d;0x762fd7c5f647a42b3ba995543c165dceda15e50b7f51381c9818a190397daddb;0x1feb61d6fb203c38fd2bb416546340539261ba7e0431eea190776f6cf45f761a;0x04c3c787503bc5d8cf3995b67489549c608bbb98d8577decca6da841c7700572,0x9a518ddff06b4860b89c541594c411f9eb26aeefcd0689b3c37803e185a6728a;0x3de705088c7abe59f5ff3c7f39619127fc02605cb0af1db682205e276233bf69;0x728ce39e5d36c174a23360f2b6b3349da5d811edc7856b08f357aa1434299c33;0xc8eb03bc20bc72322757c6fbecffcce440b67af5b5c2e9af655c2f4c2495e5b8;0x776620a16112c7f210c3489c3b3a21437a599c62c1e607745e02a220d3ec23d0,4.294898,3.757097;2.70454;2.563787;2.733192;3.091943,512.0,9.0,0.0,0,0.0,0.0,0.0,0,2567442432,2564403200,1458.751000000001,1760.5460000000016,4.81699999999995,2.5029999999999997,35.432999999999645,91.0,526.0,947.0,460.0737999999993,1404.1797999999965,7.3191999999999915,2.942199999999998,96.00680000000014,91.0,526.0,947.0,4.905178,3.131344;2.680163;2.372518;2.575399;2.946234,512.0,9.0,0.0,0,0.0,1.0,5.0,57896.0,2570514432,2570694656,1528.7559999999992,2030.5320000000015,6.208999999999967,2.8539999999999965,50.00499999999967,91.0,526.0,947.0,489.1496000000009,1314.6872000000005,6.738400000000019,2.606199999999998,82.55680000000004,91.0,526.0,947.0
512,100,13,0x4842908b4563215ab49285966b9be00bd81d04622eceade2a739a79b52d7632f,0x6597395535339535e74e0df100565ef43c31826a6c76633bbd6c40338bedabd1,0x78ccb979d2988efcbebaffadedb52db59105b2c50f3b2c42fd2a1592d6f5298f,0;1,0x280465f776eabb07ccbe5fcf558c81f67b47397fe3108b752935a3b72b76349d;0x7250ef9f2a5bd88ad7913df1d2eff2c7f3e11dac29aec40f1bc8c64ca16ff46f;0xcd89d3c26795eef76885931a4779a81e565ed12486087b499c9159e18ed8f558;0x59699550fe0879ddcf735585ee192b7508317fd9246f1655fc38218bd8bbf692;0xe6bb95391982518960985466f696c2addfd27dfe6dacb0fb82ef3b4e960d8f09,0x7ce3f61a1d6c472dcbf1c0bc9d937b8a2edc79556d589c7577f02ee110d2603b;0xf73d3608f787fd9ff925275bf8ddeff9e18acf5534663bbb3ab6cbbf41234707;0x8489430b0bfed26266c3e826ec8c8a63c5345e6c8a4d5279e91a3d0b5f44cea3;0x47d02774b73a6dd87dac1bb9601c3d8bad3920c62090e07dd5ecc583514faec3;0x53e2695dd0f062d652b4735bad26ca23aa92bbc7a4f9bccec597f201750ca214,5.647198,2.843599;3.721544;2.610988;2.84409;2.711861,512.0,9.0,0.0,0,0.0,0.0,0.0,0,2568462336,2568654848,1628.2359999999983,2648.915000000002,7.32100000000002,3.1240000000000197,50.43600000000006,91.0,526.0,949.0,450.9987999999993,1564.1693999999984,10.78059999999998,2.4417999999999793,92.15739999999997,91.0,526.0,949.0,5.377301,3.435843;2.609136;2.718971;2.607514;2.524178,512.0,9.0,0.0,0,0.0,1.0,5.0,57896.0,2571411456,2571542528,1502.3759999999997,2792.4520000000007,5.5079999999999885,2.4240000000000026,36.9760000000002,91.0,526.0,949.0,465.15580000000006,1382.5154000000005,7.141000000000005,2.864399999999998,82.49419999999986,91.0,526.0,949.0
512,100,14,0xf310ffeb7d8442a038d58465dba4c92fb70d6c7277bba4a1134980e07e21767a,0xfde671fff63884753fd3e05ffa55bc3e7a875712463698c86cecf905af080cec,0xdaec342b7fe3ed5b44d01ccb2ef446d76e0e176ba9158cdc00997c5456840439,1;0,0xe607e1e52d5bb7ff387f8cce5737a3c2c8390372fd8bf2c220ebbe4def95eeac;0x38118dbbcc1ccaa990bb14244bf67011bc76b64f622803d2d783c0b740ad6155;0x5a5ccd170b8871a7374db8409a7dc100736673ea4a230cc552c49f633a5cb8d0;0xcbc8ce594bcaa785410a33d9cb89ab08770f7ef0167829992244de84f4a0a16c;0x2683217e1025bcd894351978061005e4c3eeb1426210bd0f6bac1217ae6003a1,0x572f9ead09371220e1058336e34bd8abab031a280bd97f98ff557b9fc08e33d7;0x70a559528e86f3f060090a76646719b359992b89d7aa709542f3c5bc083979b0;0x734019c40a7f5560fe66c268c11353dfae3c560a9d8ab5d382d02544455a1438;0xbc6c2767a95a91064eb6c58f0874c9bac09ae0dfee6412ec58f34fc75e427ef3;0x3379763a72afef32831bc49d3e7d43a573210af792e216b1a929b573b75e63ab,5.161776,3.052273;2.775156;2.476325;2.644339;2.333189,512.0,9.0,0.0,0,0.0,0.0,0.0,0,2569740288,2564579328,1488.4250000000015,2509.9959999999865,5.167000000000041,2.394000000000018,35.9039999999998,91.0,526.0,951.0,409.5338000000004,1387.4807999999962,6.423599999999985,2.4880000000000018,87.84220000000002,91.0,526.0,951.0,5.482861,4.008406;2.992063;2.567042;2.638921;2.920646,512.0,9.0,0.0,0,0.0,1.0,5.0,57896.0,2572464128,2572709888,1499.4019999999969,2695.395999999989,6.33999999999997,2.3329999999999793,46.82099999999984,91.0,526.0,951.0,453.0312000000008,1495.8984000000064,6.2552,5.2417999999999925,92.87840000000001,91.0,526.0,951.0
512,100,15,0xa723e3bd80a888279515af60fd586efec0f3e96d033982329d9ea50e4a620c1a,0x76770a752fa8800537812fdd0ffd2a4dbb6e8ec80b15c81f341f569e19002d48,0xaad278c61ddca35e849a4db52f774b9f6ad1124fcc0b4bd7ef15a21c77116f70,0;1,0xc3b003c81e2011bfe475fa011e92407529bc7ea503881a54106463f6cd581d0a;0x2c6a51e91e86edbe6a70b8820fc016ac6bd0e1dd042dae3e44363f830a2175c4;0x54e8bf55bc67073ddc7b00ee081e96d85f5a8cc68d1411b390d0d6854345a9d5;0x20bca3fe5eea8139740915bfaff0b441571c038ef1f39d04a80fb0d9277445e6;0x65e2be71e01aec413e9a1e4c58f45b85b35d573a4c52a230ffe40fd8cf329582,0x89c9c50d8fea155ccfcd58846844b6c5e17cefae4f4db613949f6f3d0a834c1a;0x30751c365f17ec49b1d21e2043caa74ae41804ae36015f6bee5a02ceb7f281aa;0x9419b7a7af2264d12356f89ef0691d452788908f3b2af9c5de08003fe056a6b2;0xaed759d0ff438f1c40fe3dffc46c773ef05eab3478baa96ea5044234535a37c8;0x72db4c93d446e14277fe9dd52a24a47cb06788ea08d8037194950e8ab6cc4321,5.705992,3.498487;2.774795;2.629095;2.442194;2.828015,512.0,9.0,0.0,0,0.0,0.0,0.0,0,2565050368,2570297344,1641.6360000000018,2632.02500000001,6.669999999999962,3.6160000000000143,48.242999999999896,92.0,528.0,951.0,430.641599999998,1435.613400000002,7.022600000000005,2.860400000000011,86.56060000000014,92.0,528.0,951.0,5.435218,2.948958;2.420842;2.427121;2.368212;2.517727,512.0,9.0,0.0,0,0.0,1.0,5.0,57896.0,2573627392,2573697024,1648.5470000000003,2521.824000000006,5.858999999999986,1.7630000000000032,35.52300000000085,92.0,528.0,951.0,413.7561999999984,1310.094000000006,5.9068000000000005,2.064999999999999,78.6903999999998,92.0,528.0,951.0
512,100,16,0xc2379398f666a24471fd117bb4b893c2ef7fa45edcb399c877023afc15752f39,0xf21389e15fea37a0c919ea4bbaaf2b97fdf3d6a9c521932ee06998dd01e44930,0x3fd6513048797dd80dcfe4283f3bd025b135dbb6f46f24fecebeb9930bfe5cb4,0;1,0x8e86e5485813a4c1dafe15fe921ff12839fa03755d68ea51e050db258d2324ea;0x02872124646dd9bb3c5f8d262de4412fe26e38d400e282c0d5f11ec1e28ba372;0xed88e3f7ae8060a35354b26c6fd6be3b3f055abb9e92d8e4ab930101a5cb0143;0xfe1bc8b904a55e5986fcf90c3ee4ce4187c9ab71d731b35e3823b414261cb6e4;0x57d8f368d8c5fd4d57fdf0b24e114398c5b9418830c48dd96ca7d3c3a09c5b29,0x03c33cc0ee931dd762fafe3422232279a59789f04f353625b60baefda27b5107;0xc584b891a54b52b5c593819aabd08bedf1386e6e696912c668cd2fbb11295c65;0xc578c93c0c084bebedb9b50a90056dd65d3dd59f91b005d07e0681272daec415;0xf6ee8b75cb895fc3bee8e713dd3423e910ab73aab275fcd5408be174fc3592b5;0x1d00c22160e67402197e2b134b26033f6700d544ce09473584ac1e8933d2c940,5.827871,3.328951;3.306838;2.4934;2.774936;2.410706,512.0,9.0,0.0,0,0.0,0.0,0.0,0,2571296768,2571399168,1631.3599999999983,2928.46699999999,6.109000000000019,2.8040000000000225,49.3239999999999,92.0,528.0,953.0,462.0650000000004,1380.9950000000017,7.066799999999986,2.6982000000000155,89.50479999999989,92.0,528.0,953.0,6.060782,3.188114;2.858511;2.547782;2.656367;2.423446,512.0,9.0,0.0,0,0.0,1.0,5.0,57896.0,2574348288,2574512128,1921.8089999999966,2946.004000000002,5.788999999999968,2.4240000000000026,37.46599999999989,92.0,528.0,953.0,454.02080000000177,1380.6085999999939,6.065200000000002,2.471800000000007,100.6253999999998,92.0,528.0,953.0
512,100,17,0xe2f75c2e25c47fe863d1e00cb772e9ada2b1702edd2a64ea44716c6a2d756bba,0x309598258573d9151269acad5136f28dd0b1390d97b9c3459951d1bbbf40b1da,0xb052f92ec2ec58da02660082326edd9ebeef1fda511d3750e48078247adab438,0;1,0x906fce4c7fb1c99525cbd45c06b0e598f19f339fa34f10dc34eefc8683eba9b3;0xc589ac68aac65a3ddf55c87d883ea886990e9b3205101249a6fb05b1fb8f87e3;0x4882eed686a59197aba111020453388c2b183eaf251e28e2aacb8ef41ed60a1b;0x13ffd5261985545fea1cb8ea7688b31e92cb6e5ec6faca3953fbc6d613efd3f3;0xbdbe2aaa84ae8cdecde5673e499d300631b7c0c3f5fa941425727bebf25c8e5d,0xeb964c25b97fc15f2936a1f6c1cd78700eab0cd436b9753711e066da51d97bfd;0xb59478c805aeccb724217cd434d391e20783e948d40d0958bfa83c741d131ccc;0xa62cceb873a600b59e18808f1855671e41063fb0345fb19d7f35809e7a169b8d;0xbc9f02f32d2622290e2bca163cf01ddc4aa2de134caad365326bba95e787f1eb;0x517497c193cb6ef4111c43c9f8a64c615ab55f9b00dd27f82f44211670004190,6.393514,3.218935;2.717459;2.551578;2.521163;2.360711,512.0,9.0,0.0,0,0.0,0.0,0.0,0,2572218368,2566758400,1805.873999999999,3017.0109999999863,7.150999999999946,3.5549999999999753,49.3239999999999,92.0,528.0,955.0,427.5608000000014,1347.3304000000073,6.940799999999954,2.7923999999999918,95.23140000000026,92.0,528.0,955.0,5.45608,3.041859;2.94416;2.686472;2.502495;2.397577,512.0,9.0,0.0,0,0.0,1.0,5.0,57896.0,2575290368,2575413248,1599.992999999994,2697.3889999999947,6.640000000000032,2.083,37.35600000000054,92.0,528.0,955.0,454.9782000000002,1419.0104000000038,6.66820000000002,2.4013999999999935,80.27320000000005,92.0,528.0,955.0
512,100,18,0xae389e3cff5345119eba5edfd0a052a81ec061d594290ceda217b42f4fc4c9c7,0xed321f92518d2d29044150ff8c07d5ed172447064ec03eef1400acce519811a3,0x62db1b57cebe5c0778465cf2c6a2ff3dc93f0b23f65be9e1584848f048df199b,0;1,0xf230507490de7c5329fc0e00295d2350b1ab3f622aa92c207da8a36484aa8ee9;0xa738ad727d0731c90e6c775461985232eeaa62777cf5f426153cff481a29e793;0x9034a3921412a9cb244dc0ad00a3e8fbba39b892f6d16acce57331cf75ac1d0c;0x153cc7b87b415f1ce55aa5e2cc05fd128c8616e3c574d93531a8e145556c37ac;0xf436f48bf2510e159dccfb67814694141063d6a1ff1c4a0818a642e4b5c11f5d,0x6c64e44d8d3162de4082ae74ea5222bed81644c63f1b7e3f185986334ab4f962;0x93fa059d9303a413ea382077791d8ec4780f098a974246aa32b65a819946a398;0x29dd7bd48c23c9f0781004200df29ee1d6c9f5b9040c97dd137bc5ae3f8e2e04;0x6de054edcea79296444df5ea55f43503b02fa6ebf7b861ca47a62107d3a54a7a;0x2879e44756442fe84ff30289c017e5400efa4f85193067863ee49a237fc6960b,7.55794,3.675815;3.146536;2.677849;2.694945;2.55216,512.0,9.0,0.0,0,0.0,0.0,0.0,0,2567434240,2567528448,1801.9880000000044,3674.482000000007,6.829999999999987,3.244999999999973,58.09799999999948,92.0,528.0,957.0,460.39079999999626,1417.3741999999988,6.952599999999987,2.9286000000000003,84.45940000000006,92.0,528.0,957.0,6.701243,3.035929;3.072224;2.753223;2.953826;2.694505,512.0,9.0,0.0,0,0.0,1.0,5.0,57896.0,2576162816,2573275136,1930.9029999999977,3137.1819999999884,7.040999999999948,2.13399999999999,39.25899999999982,92.0,528.0,957.0,456.84879999999816,1458.906600000004,6.235600000000039,2.3738000000000143,122.79920000000006,92.0,528.0,957.0
512,100,19,0x2cb181b3450c6e7e83f308bf492034813ca747bffabf74d25e077c52e84dfd6b,0xc2629405a0be1be1c3f1c231fe1004a0f07faa1bab5ac0ebb6633f10bd332741,0xb3170657fb4e4643af73499a5004b69b9aafe422a933d140248ac783c155526e,1;0,0x8d483e7eba4e0d16e7084f927a47d4c7bccca6e30d8e9f91595fab0a94cae793;0x9ec2b4e4416f6700f3764012dc6b519440555e95a2edf69094e54769aefca972;0xf33334a2120dd6f5e09b4c34a9ffd23631a5eed4bc5d081805fe683a361cdca3;0x2ace8d6ff5759bd0ff0f48602ad90f62b02c2ea6b3117806e27d75f06f8a0fe2;0x4186ceb6c74bee5352450d0c6598e47bb9b83a15764e4d0154a3576070c9edb2,0x803d998ff1ce550a64d3ced0dc92b7fd87ea7b56ce933c99733154d5b2bbae21;0xb9c45ad39d8748abc742fcb07bc7dfc3dfab0645c6e63d281933165d1254a5c0;0x5ab4f9a9a1cdad430b258891741c9ca4ddbcc0e48beaf43107f06b8a0f25d726;0x26a1aad10e34f6459c42a5d2f9047f6e285f2f2aaa1cb4ec45f699a70b6e4c84;0x2e30e705cfb3fc3222129d13534577cec5483c0d3da1b1ccc1424dcde643a458,6.472322,2.922739;2.883129;2.692591;2.595925;2.54527,512.0,9.0,0.0,0,0.0,0.0,0.0,0,2568151040,2574307328,1948.8190000000045,3374.039999999995,5.037000000000053,2.6940000000000253,39.129000000000595,92.0,528.0,959.0,417.7518000000019,1343.0776000000033,6.72820000000001,2.8945999999999854,128.16120000000012,92.0,528.0,959.0,7.04773,3.591087;3.345812;2.656466;2.515694;2.957231,512.0,9.0,0.0,0,0.0,1.0,5.0,57896.0,2574086144,2574229504,1918.4240000000018,3576.194000000005,6.319000000000073,2.9140000000000197,50.68700000000065,92.0,528.0,959.0,456.03979999999933,1511.924600000003,7.2368000000000166,2.848200000000003,99.33960000000006,92.0,528.0,959.0
512,100,20,0x7048a156f4eda9428e49bbdb6a8674e09867bda86f7d166d5d5a1aefb0c46724,0x48ee7ed7f545d701b7fc0dbf8559e7c81fd2490ecc7eaf3d4d6c2f04e4a57a37,0x482d22a33c6b0e2053dfffddc722732c8e584e9025a9d2d7c8495af4db666c52,0;1,0x74ad6b6ffb9b22c7c628a50c8966ae36003747f4ea6fcdc80be7fe9f38e3b93d;0xfe04d58a2b8682641d678420b99d823537a62eb5fc467d8a8beef35ae5989859;0x5c5434cbf9bda9b57c2909cfb36ab0a8d5c411b92807dd0e7ac41033ef2f684b;0xda2b098e233aba02389f7b357e753e753f5887ff241b83b9140f5d57d11ebe75;0x22fb1a5ac20fb3f5ad7527f955351c81b193a91a0a64c374fcf4422b5ce3a6da,0x7a3d8db419dd324733018e3f367efbd2bc5feb69aab33faded1be1e48038316f;0x797aa64f286c9852a9d62d831ba3caf8aa9a2ff669d780655e4be0037464d6cd;0xd89d62eeaec0b61c89bafe040ed0558f4dee97b6d500e0e62c399254fb999b17;0xe162c5963e76d4996d73e15d856366f8a3662dcb63a3fad091c36ac4b147a35b;0x92f2424d4ca9c336cb35b2e8ebef42bd54d3bfc650ab379070bd57775614eb03,7.309175,2.943189;2.776572;2.610488;2.636036;2.594198,512.0,9.0,0.0,0,0.0,0.0,0.0,0,2575253504,2575171584,1956.5009999999993,3734.0329999999976,7.32100000000002,3.455000000000027,48.71300000000058,92.0,528.0,961.0,427.0259999999998,1383.8691999999985,6.309599999999946,2.5359999999999987,84.79560000000005,92.0,528.0,961.0,6.351269,3.268229;2.963089;2.679422;2.689187;2.536826,512.0,9.0,0.0,0,0.0,1.0,5.0,57896.0,2574684160,2574774272,1640.8349999999932,3560.2000000000135,5.818000000000099,2.1830000000000025,34.111999999999334,92.0,528.0,961.0,433.8424000000035,1453.7791999999993,6.1614000000000635,2.589599999999986,84.02479999999983,92.0,528.0,961.0
512,100,21,0xdeef0253f90e4ca019c4d88dbd59d5871c077dd28dc37539f5fae47e07441604,0xe848b4ba482b654a2fc8b4a2327180fbe97110a44bdafd69b09c6ff1146a831a,0xd83b64aba4906d21362e9140e899df27408cb67e5b499f896727536da72f474b,0;1,0x69bff338d5085a1637805ab97c85a96f24dbbc652c9b0f9c17090c07f6339262;0x510d55a685b39039801abfc660ad9f5d0a98333584e9e84033a9903e768618c1;0x2c2ef7ed29447125afaed43b91afbb1c630384c1d905eef6452eeacfa1e5fc8d;0x33cdff9f0a00cf013f883aea4cfe151cfdeabca1fb8c5535b7b89d956a8a3115;0x26b992b8836154c6c78df0f08ab4d4f4ad92fb3e23212d74aaf338044157244f,0x057f29e5f390f3605e21e30cfe619a8db3222ce6c3888eaf4abe235f5d7ea2fb;0x01ea64569793d8a37d94d3f0b10770bda2ee48588542ca27eb372698dc84880f;0xa36482f52f681bdd0be55be68b50e7454d44a8a7bc975f2b99cf75d6f2bbfdcb;0x4f8adad63c0acd59476d42bd2e69abfa8b342d9a57d38f8168fde4843fe0e0b7;0x59c463f85510cd3af5f5df8b7868586da4c8baca1e3848b0c81f6513fe3e68dd,7.19303,3.605569;2.953815;2.542775;2.87047;2.65258,512.0,9.0,0.0,0,0.0,0.0,0.0,0,2575904768,2576060416,1957.7320000000036,3750.766999999988,6.469999999999957,3.496000000000022,48.052999999999294,92.0,528.0,963.0,431.511200000001,1556.3235999999981,8.012000000000036,2.992599999999989,98.69260000000025,92.0,528.0,963.0,6.484621,2.922257;2.626652;2.665661;2.913615;2.535775,512.0,9.0,0.0,0,0.0,1.0,5.0,57896.0,2575433728,2575527936,1803.550000000001,3359.3470000000125,5.51799999999993,2.1929999999999974,39.608999999999476,92.0,528.0,963.0,479.66939999999903,1391.7811999999974,6.419600000000074,2.429599999999993,82.22600000000017,92.0,528.0,963.0
512,100,22,0xcdd31da712c85dc4d8924c3cb66935b1fe2eab0a6f41d30aec8f3160a5e1a496,0xfa7463c04033f9eab7ad1f9993fb063b48caae8389fb244f9521f1379907d7e0,0xed9df12b2dc920eea210ac4f6d97a46e5bd13f64d08e2d3421602c0fea963f50,1;0,0xf974764bf3877fb48a99d7d85f6da1035c31eec4e9d800708ea83a86e54aa9cb;0x114d8c217b0027a3f15e0c5d77466e0513b8c2f41fcded000e582a0c9c2194ba;0x4d8b39d39f8376277470eec95e9b0bd81b274b38549bbca4230029c445371bea;0xe772b49797e4eb6e933544291a8be89d0b24a1c3acf1a20ac2dc796293154b7b;0x3dfc6fd2b5f6590312ed2f076f7053ff9ee2495afe3acf6a807302884df9f4d2,0x0ab7c0faaeed8f0a97543e45023c36009543c955b09d13561b41c5f0563bcc02;0xb6a2e89a068b9002395382526f041fe0f1a7375f2ad7c2f8ca0f7ec043b3407f;0xa041f49e1c8878584fc877a699252c88416cb07313416185042e0224f265da3e;0xd53e550f352a9f78a853192972707633e95a56cd2a9a04f6b0691b03c5f2b8ce;0x048d62219e3ba2c01a68b9be7ea5b208e94916ccbcf3798e00eb2e96c9d91ee2,7.138067,4.974884;2.854615;2.63805;2.53224;2.727273,512.0,9.0,0.0,0,0.0,0.0,0.0,0,2576781312,2576973824,1665.7429999999972,4279.874999999988,4.897000000000018,2.7249999999999712,37.32600000000072,94.0,533.0,961.0,459.58939999999615,1797.0248000000022,6.9286,2.3956000000000106,78.44200000000043,94.0,533.0,961.0,7.39844,3.290918;4.473904;2.682516;2.828446;2.69841,512.0,9.0,0.0,0,0.0,1.0,5.0,57896.0,2576248832,2576347136,2066.287,3803.988000000008,143.91699999999992,3.0949999999999966,50.41599999999931,94.0,533.0,961.0,471.46919999999926,1776.6620000000012,6.5299999999999905,2.8681999999999928,90.97319999999965,94.0,533.0,961.0
512,100,23,0x05602ffef2d50189e5fab0652bf889e521a86a21a2b2fce887052d0ee4a5e665,0xde004859e204207401c49dd282fac533bd9ac85093a89162160d440420e57ffc,0x96e6b09dd47db71627f6955a14373b26a43a00c15ffb71399ee5926c0ff135d9,0;1,0xdf937d9e7f6865b93f1ec48b0a8829a789422ca545f75dfd59efe2399b8c515e;0xb6432638ef7bcee36be7cfa16ab6ba34f7c2ad2f34bf2ef1be332b570d21d988;0xf491b4709ccaaa5a3248ec2ac6051b404a686ac806d9abbffd88755e1c326980;0xac469cab456687868eeb2b18678ccc6ee4528e6ea6dd29a2edd20bdc0b5835c1;0x483f90e6caffe59a559c221555f3cbd7b00ac1c4a05525ff2890be4babd022db,0x7137967188f9a42ac46058bb1cddd62b4022ade87206a9b3eaf5cb50eccabf04;0x36ac4fc6aa62e21953b91036ab60dd3a040b5faaa63e00254c11504e37c1f98f;0x0145ed4474b04a9f1c225dc111afa31c1400024bf241de605c3e57d564ce1287;0x11d7d8cf7c2b756c62fef724a1b160a5e279298bc6892a7e4deee3e0ce2cc28e;0x9a04cc16bb8fe4b2014e3eb661cf00de480bb402e5fa92c7e0be594eac2f02d4,6.169125,3.186336;3.784048;2.686121;3.013436;2.660824,512.0,9.0,0.0,0,0.0,0.0,0.0,0,2588672000,2589736960,1887.6619999999982,2852.0910000000013,7.711999999999996,3.13500000000003,49.41399999999936,94.0,534.0,963.0,532.0785999999994,1580.910400000013,7.262800000000037,2.692400000000022,105.71940000000009,94.0,534.0,963.0,5.748391,4.715683;3.166006;3.158834;2.795648;2.790719,512.0,9.0,0.0,0,0.0,1.0,5.0,57896.0,2584248320,2584436736,1589.488,2867.364999999983,6.31000000000004,1.793000000000042,67.99300000000056,94.0,534.0,963.0,486.0490000000023,1777.957600000013,8.054199999999984,3.211199999999994,128.57560000000026,94.0,534.0,963.0
512,100,24,0xc02e0649517de835d5e87d1d861475d850cbb5fb90a4fc47377af03ebda09d94,0xbedb81c54fba8b19d1cad98a4ba10057439868277957de7499bcf4082ba9673a,0x8e51eaa64c81698a8f0e19e46d00998d40aeb077c75558d99863b1d19006c6ae,1;0,0x0f70c05abb5e6c42dc774214394856234714cce2323c64884736d4488b7c5b04;0x724977abb33c138299f333311d246dc4d43e0e0be917e438176f0f3b0228d808;0xe9450f5354daf543dd8c5ab73dd91218f29cd44ddd0121d01e63d179d55e9b3d;0x08de2b5a71d17f8a5b24cf369971734b510d2329ba880f6eeb8d2a917979c953;0x74a539b9dfad227924aaa1f4945eaf2d3d2f8e1215bbf203ec779812d94ac445,0x9c247bd905a818c6c34b4b4cc65385661a241c85914dbd42fbd26787653796d2;0x364c3e97cfdee88cb7df56456f85c62c0d4e703e1dec7b2827b42797b664166d;0x40a84e04d90c7c7398493db1db77196c28e67763ca7fe50b6de52c5bf9fc9651;0x065ac1739b68b75315f2b0978def4666c5ecdb8e87e95d3afcd6302596e93372;0x65a8e1c8ad1492bd2d85662be278b3aca8613554641c7307c12a5988f8ccc7e8,5.268457,3.734734;3.009329;2.576166;2.641014;2.454382,512.0,9.0,0.0,0,0.0,0.0,0.0,0,2589949952,2589966336,1514.403999999997,2655.7660000000037,4.827,2.723999999999956,37.53700000000068,94.0,534.0,965.0,450.74620000000175,1448.414599999992,7.687399999999978,2.6938000000000004,83.67840000000001,94.0,534.0,965.0,5.874121,3.294038;3.319517;2.942498;2.783438;2.642035,512.0,9.0,0.0,0,0.0,1.0,5.0,57896.0,2585849856,2585587712,1904.9530000000009,2698.9410000000103,6.31000000000004,3.0549999999999633,49.735000000000404,94.0,534.0,965.0,543.8246000000008,1543.7926000000045,6.747999999999997,2.0531999999999972,83.43180000000005,94.0,534.0,965.0
512,100,25,0x3867608271748a7da9312592e9396d05b9467bdf4c8aa15ab0db9faa1568d588,0x642d59b2bce31a60a9a40872a5ead93fa54355d00dca7f991569e926b8d35db9,0x790abb9de1936757b5bd79bef39ca537ab9af5b64e8f5e11f09c26f542f90163,0;1,0xbf72c65d7f5066361080ef314a675266d9549361a9b45c468b6067cd1231611b;0xc8719147dc6fac5e3ab06166446c9a640e79009e4bf185520a441ad40d11a256;0xe0d22ce9bf100efc26ed60d5386e7930fa06cbfbc03fb3c102c9f8af00762a21;0x29a10e5191a45ed45b6d08f5d1e8f506c990dbb56393572f0b34361eb1cb6df8;0x9fe8ed5fb6af9878d595fe18565e1f4239728b25ec5ccca1f6f5d15cff5d6794,0xf58cede9e68ccd9e0aa87f71d24d4440bdeae47836552f3c942cd89ba0ac3333;0xcf946d289dff50ba731a045e79661d93a0d3659c82b8646bfa76f34e7efd4c15;0x3b64e61351f8257a55b1426bda11329d161e7773a776b2625c217e3e9ef7f419;0x62d3e8c36788385c5e1594313a8e271f05e9a9f2d4f842183b700ed88f963e53;0x246788358323d37a64195893532a15c3d871a28b627919f0814a3377837bea24,6.205029,3.119034;3.386368;2.782717;2.599831;2.63203,512.0,9.0,0.0,0,0.0,0.0,0.0,0,2590027776,2590121984,1791.0109999999952,3049.3890000000133,6.460000000000016,3.2749999999999577,47.93300000000001,94.0,536.0,965.0,576.9641999999991,1443.8618000000015,7.417000000000014,2.566000000000027,79.58420000000015,94.0,536.0,965.0,6.220653,3.452027;2.839594;2.86413;2.973356;3.950579,512.0,9.0,0.0,0,0.0,1.0,5.0,57896.0,2585600000,2585702400,1758.341999999996,2876.4880000000103,5.727999999999983,3.194999999999999,39.018999999999515,94.0,536.0,965.0,471.6893999999999,1767.5822000000064,7.326999999999941,2.5760000000000107,83.48780000000006,94.0,536.0,965.0
512,100,26,0xa4cc17a99bbbd2857d72989556a6cc2a3cd05abb8bde80e41d298412b9d2fcc5,0xf912af4e18fd817c4683b8baf1d9e1434b25765c2ea39b8ec2023dd2ced70330,0x4c34df8ff1fc8188daca137655ee0745c697e062ff681eeb367390825e32d72a,1;0,0xe16a8093a0a2b45e962d77bc91898510cca2d2ac217e5993e28e1f6290ae9d2c;0x4fc559f580d9f5af31fb1ddd991aef22320d185a79b16e2934ee990d28aa2e8d;0x246dfd83307a837287c255d1fbcf9f61f63ab63e970defa2f4bab76b5913905d;0xbff0771cdedd0661ef5de5c9f4ae1348b97451ceea743a8dd671e496969acb98;0x5b787c99b52c6e7b4d4f52dea13c8472286ecc74680e38803eca5d4412e50e3a,0xba413c7898a6ac7e0d118ca482d819fba1cab360f1a2b67895f8774801e76287;0x0da257658be5a4367cb89fea32f4f5c0b8dfd760c4eac80cd7ee5c72ef4c42bf;0x615bdc996646eee111e3d354efff1c37b7320e5ec0ccb1ad9e23136441ee458d;0xd891468dc63487fbed15813a0ddde398cf209516592bf1e83666af400d9b61eb;0x888239f9a2466ab02fae916ab2c9704ebaf7baa96ba70c754fa2b02e5b746c1c,6.405141,2.967056;3.074047;2.652742;2.506991;2.583718,512.0,9.0,0.0,0,0.0,0.0,0.0,0,2590330880,2590384128,1898.2129999999959,3270.753000000015,5.51799999999993,2.734000000000005,38.757999999999846,94.0,537.0,967.0,435.6150000000003,1446.87240000001,6.712200000000019,2.637799999999986,76.4976000000004,94.0,537.0,967.0,6.61,3.72589;2.7575;2.508984;2.508424;2.644479,512.0,9.0,0.0,0,0.0,1.0,5.0,57896.0,2586222592,2586255360,2003.8520000000003,3260.3629999999885,7.070999999999987,3.0450000000000226,49.22400000000049,94.0,537.0,967.0,452.36239999999765,1425.550200000003,6.031400000000011,2.854400000000014,85.10259999999978,94.0,537.0,967.0
512,100,27,0xaefc433c712acac858c11cc2c4fbcb4f7d05292ad2d94ad371664cc85fd9c9a6,0xce24ad1cad63dacf79e2d75dd50709a7625cd42526b5449952340531d97930ee,0x151168884eedd0bdeb3de0545312e6660de72abd0dcf8a4d48d405bf7e1271f3,1;0,0x7b1fffb0a5bc290ad3bcbf87145a12b5e1847af653887e1f20fed8fe13d3657a;0xa8663776d3ba0a30dbc1740bd8d9435cbdaab75560fe63e35b911675bf3f5a2a;0x971f22f38d0889cc7321357cc061bd9bec9dd2b62cc522a2b464b61287623a21;0xbcccd6b5650ff150be22c210d746eba96fd097cbcf3943c2510e870cb078625b;0xdb944787bcc5281844a9cc939c56ad9ebe3987e55467bf69263657f7af0ab717,0x0f1acea78af3766661d52ff0353d0c5e4defb5fa96c4474c6ea27505185f853d;0xe8d6dca0d3dd079b7d1a9cdd4bd4ace14da0628268b0e27afd0cabb1a90059b9;0x1e62d251fd921126283d1dfacd56026007b9cc174e459bb1da24423ee086f715;0xe8b2a5108ce9236fcd9163022ea231696ce5a1adb795ae3902b00c648ba64fef;0x89cb8a29d330f7276a82c5b0d98eaa938e657fdf65912ba4e04a1d8e68c242f3,5.779357,3.082219;3.02315;2.52591;3.881154;2.804075,512.0,9.0,0.0,0,0.0,0.0,0.0,0,2590408704,2590429184,1649.4180000000135,2982.698999999978,4.707000000000062,1.923000000000029,36.80500000000087,94.0,537.0,969.0,486.2093999999983,1744.5111999999986,6.647600000000021,2.5539999999999896,76.99799999999965,94.0,537.0,969.0,6.861114,3.526039;2.633182;2.981057;3.114518;2.687043,512.0,9.0,0.0,0,0.0,1.0,5.0,57896.0,2586275840,2586275840,1701.0050000000053,3863.117000000027,6.07899999999998,2.773999999999984,49.94600000000037,94.0,537.0,969.0,542.2700000000003,1535.8886000000127,6.181399999999945,2.533799999999975,83.90059999999963,94.0,537.0,969.0
512,100,28,0xf4b9b488fd810e6dd78b8a1e45e4ba45f3b648659a45142d989ba1e4c351d712,0xa3a734324756b79e9f102f06f019c10793c8be3884548b7c44ba0a4281190cd2,0x1bbd112d56b4b429a2f8c326620d4e9cbc2b7029e19b8507c37ef894133ca3a2,0;1,0xbf5dade5aba52e12e5b2bc6f8a63ffe1244ff28eb178dacc3d7078cef3c2aed1;0x1d26f18d6c4c2cf9eb0517310ebb279496b7f923a22e49a4a94c802f12ce9ae3;0xa6424979ef52c1a04293cbc693e92f1a91bd3c24e7fee9b06101c90649b6b880;0xd5eecc0461d36ee7471877368cb4886abbaefa892e0438679821631ec71bf6db;0x92e19e5be8070daf845c744c9c35d453e94a76fc9ea2ba705275c219fe1d786e,0x1d269a2a3447c20d496ee0d42d7ed87cd9f0b7560e62fde265c4bbcbe3d5146b;0x27027b2dd2ec068d73223cd69aed9c7bab8ab007cdfa373ff850da4455c42fda;0x58775492379fc226816ecba7471ec0df6fbd2138681a74fe4432a35da7bc0809;0x26ac1bd7aeb30b0996e961d3af96db062dac3e8034ce3ec760ce52fbee0faeab;0xab509276227769946b06bac7650b89b8c7dbb96e05acf7c34d805c339675ca92,6.949552,7.719614;2.929338;3.895556;2.592471;2.685801,512.0,9.0,0.0,0,0.0,0.0,0.0,0,2590597120,2591084544,1891.1129999999998,3754.5330000000044,7.981999999999911,3.13500000000003,48.48299999999847,96.0,544.0,967.0,542.1653999999997,2368.71500000001,55.61379999999998,15.927799999999966,91.69019999999973,96.0,544.0,967.0,6.774298,4.160245;3.156241;3.125935;2.614504;3.491576,512.0,9.0,0.0,0,0.0,1.0,5.0,57896.0,2586161152,2586214400,1919.3550000000114,3725.480000000003,7.110999999999966,2.1430000000000233,37.93700000000004,96.0,544.0,967.0,647.5308000000012,1588.4621999999958,7.577399999999981,3.228999999999992,90.44840000000005,96.0,544.0,967.0
512,100,29,0x0b5d36a346a9e8c88c6a0380d8dce65408c0fbd5918fb70cfbdc4bbad22b1c65,0x6db345987cd3e077e013b530c1e329dc441fcfa81cd5c286e396ea97a4102a91,0x46bbb6b5152fa6eea6f3b18f37395e3657c1d61e98243887b94588935b5966dc,1;0,0x36c75e3a4d6eb843dfa5bd440f8139c0b5164cce7820d5849be2505473aab1b5;0x25bc333b70d9294010a573d120387c77da2f580d6634dc9d732ec502a178c92f;0xaa86ddd34b2b055e3dbd99fd45506857c2933c323a7281f5aef7d1ef70345a84;0x3fa64b76eb8993c71cfbf44adba687ace7e7ab86307764332593206cc066dd46;0xf0b52ffaab12a2b6f0acf10990f75b211b8670a42759766046b486e3e7a7931f,0xb84f8b7b7878f26933d02bfea8e3169f72c7d7a47ab5d9f752f9492d174435d9;0x388df67b5481e83f360f14900410bf6be60020e53e7c2544ac03dbcb846fed39;0xd9f31cc4f3f1e09f18fbd2cace595b61795934732193e72e4c01ab40bf01465b;0xbd5b6dd52cb9aaf0fa41becbbbf5430abbe80e24d90e5ef8ee1024a38cd9bd5b;0x7472665252434e2eafbc8f111cae12b6ed5e4ff1f8f54e745bce2f2c141ab56a,6.893137,2.994247;3.436193;2.495444;2.758531;3.051042,512.0,9.0,0.0,0,0.0,0.0,0.0,0,2591322112,2591625216,1712.8130000000074,4071.851999999987,5.53799999999981,2.2929999999999997,37.79699999999914,96.0,544.0,969.0,507.3831999999945,1525.5569999999996,11.50919999999998,2.7462000000000018,76.78600000000021,96.0,544.0,969.0,7.278959,3.317825;2.840495;2.738271;2.853303;2.479961,512.0,9.0,0.0,0,0.0,1.0,5.0,57896.0,2586656768,2586660864,1831.8529999999944,4073.4040000000027,6.989999999999904,2.503999999999961,49.674999999999024,96.0,544.0,969.0,489.8369999999985,1439.7156000000023,6.850400000000005,2.8641999999999945,97.78759999999956,96.0,544.0,969.0
512,100,30,0xba888dc0a5ee8081367d22af31fd5f956b541a50d2ed42d12fe7a93f65b01b1f,0xc83ed3726162de9a7d85e8b6edfe345a07150454efeb092821082fb64dc56ca3,0xf41f843c179a7120169628291cc20b50efe20463f90b4544b912960a0084965e,0;1,0xaa2e15e58a0f2d280cd49c3d1877fe5e84adc9ad1727f7f61077f784bebba528;0x067ca1abbcafece2cfa3004a179d2071d7cca9c416b660c134f269da1eeec79d;0x8580b401836ef1f82388f1f4ed1ecacf9a941d3a999c476e42a3464c76ffa287;0xb51523be57fb780d653a80184d4859c8a5d18c89e68806312e8f75302e23607b;0x23ab93617f73a9ca9b43501fbd5e8c110c73109afc8d03f05abeed995bdbc52f,0x81ebecc8112897b51fe263b49e3a3f94dadb8de654e59fc5c7b4b6a2b4be6d9d;0xc22b22d852f44740cc285fdacc254f312a3df3d0364f2c99e5c69b748a385552;0x3bf1fec965c69a37b52c483541dcb0706d52fa542cc3cef632d4962fa7e9fa39;0x6a05131401f20816e6785a269dd2040d68717a7fa23de442b62b75f1d03d1461;0x039dba7eedee9e34db8cd1cdedb3b8288be603b29c9732ef5b1d0fbdf8513746,6.779436,2.953064;2.967907;2.672371;2.823969;2.715296,512.0,9.0,0.0,0,0.0,0.0,0.0,0,2592579584,2592587776,1864.4820000000007,3634.6119999999814,7.972000000000187,2.654000000000046,48.322999999999425,96.0,544.0,971.0,443.2565999999971,1459.8981999999983,6.421799999999957,10.743999999999987,76.83779999999932,96.0,544.0,971.0,6.805846,3.408411;2.733142;2.550717;2.921618;2.754565,512.0,9.0,0.0,0,0.0,1.0,5.0,57896.0,2587246592,2587103232,1834.1759999999929,3833.591999999997,6.188999999999978,1.8130000000000317,37.45700000000116,96.0,544.0,971.0,449.438000000002,1538.8332000000003,7.068799999999974,2.411799999999984,82.54800000000104,96.0,544.0,971.0
512,100,31,0x885df243e982a87ae7312442aea00227ec6888429d387da8a8ab0c0b0cf7a73f,0x90bf464ba04bdd4745a221c04f9d033fa1d14a5e8670215f7a837642c28143ba,0x3f7336c8613184c64dd2baad16d37d735aa54d4637f28a90298cdd09237b6a5d,0;1,0xa8d7dc642f9d613db75dfb406301fe94dba5afb67afacc1ab3cd7fa3768367d7;0x590e7115df28e09edabc8e8749fdf48c8cf7abb9830214b2e74fcf09715b714a;0xb536c78d776d7cefe4fbccf0e5c851a4e2419f1352eb6c726672aebb58130bfb;0xb731dd0e50a2d70c10a49553e3ac0e4f907a5800ac443c301e35a39e4d3a2de7;0x329ac4be4615c3a0f4c2c8889433bd8663472fa0b119ded689c870603aeb0636,0x5e666c0a78c972b9c8e844625c48d56e0d93859ee8a59d08d69c8511ba3f4c50;0xaebb6c24fcb0da19910cdb7ba5a751a5a467b3316d12cacf58c8233cca12bf86;0x4f90b3eb49edd2849ec8df58f84f07a6aa45516eb55cc95cec9ddb636b23cb15;0x7d0bf4526b05aa289d1012d966ee8365309375b46da9cd5e6fc52acf0f32b243;0xcd6388058ed6128af9a532530181feb6d0b8deec7ab53dd077f7061b9e39c429,6.282996,3.382001;3.326577;2.558599;2.650628;2.639081,512.0,9.0,0.0,0,0.0,0.0,0.0,0,2596876288,2597060608,1805.5529999999876,2947.635999999976,6.850000000000085,3.985999999999985,46.85000000000106,96.0,545.0,973.0,426.7598000000039,1577.8159999999875,6.5978000000000385,2.802000000000013,77.49480000000045,96.0,545.0,973.0,6.06285,3.327048;3.237453;2.830198;2.670699;2.589917,512.0,9.0,0.0,0,0.0,1.0,5.0,57896.0,2601807872,2601660416,1666.2139999999993,3016.489999999983,4.256999999999915,2.2730000000000103,87.53200000000128,96.0,545.0,973.0,468.8112000000022,1482.7405999999987,6.790400000000014,2.9066000000000116,88.08060000000049,96.0,545.0,973.0
512,100,32,0x811d84f6a33e099b89745a1f78e5b4e48308770b3aa84d5276dd36d5498b097f,0x03803e9e431652957f3f3538f07064322c95253335bf4a77b7b2972847747521,0x2b2b9233f201bd163616229f28620a80f9882e3635391cec718983fba1f5d3f4,1;0,0x02ad9be41648662e8f166035ad445cd80592752a25f93bf6d22f4d9c231804a9;0xdb005333a28f83ca8d9b35d93f41f2dd85b88f1ef20376b8b73496ce1c9b0f42;0xc7a75cfe6a219fa51c5d4a5d852895ce1d1b39363c9b42b3aa270975a1bb8cc9;0x4b09a06abcd3c84cf6eac846f81b31d1c2d71ae2c0fc13c470ebfd42944ed07b;0x44559f36f0015bb4c950c9e7ea72e31b9c21144d4dfc3033b447e2ec3b81d787,0xe83e9b30ec99fb5dd15956e1d784a75cd0b0d54462cc8fffffee9aee7e3c6c25;0x3181c1542bef96ad1fb73de0cd9293606693a3b562c9a9592e9d3623c6ee1aa3;0x0c8d4cb7843147f0b5eb01e2f65e8344878d4ad3aa386cc8b4359559bcb3b26f;0x25d1b89bf578b6dc5955a5987501ab8f8f70daf15acd90f9056f4f33a107a5b6;0xb7da51b7077e8b29e8de99355e9dd8d52047c7afdd352358bcf741161466fbd7,5.62226,3.506389;2.866313;2.656858;2.624128;2.481533,512.0,9.0,0.0,0,0.0,0.0,0.0,0,2592948224,2597109760,1549.7180000000055,2784.86,5.698000000000161,2.062999999999956,37.20600000000143,96.0,545.0,973.0,409.76020000000335,1443.5854000000027,6.87440000000008,2.7642000000000033,90.68500000000007,96.0,545.0,973.0,6.128825,3.01025;3.183571;2.690999;2.484037;2.430997,512.0,9.0,0.0,0,0.0,1.0,5.0,57896.0,2602848256,2602901504,1724.8719999999885,3098.6840000000184,5.8189999999997895,3.254999999999968,48.26299999999978,96.0,545.0,973.0,455.1106000000027,1420.3206000000134,5.953200000000103,2.3176000000000188,88.62560000000019,96.0,545.0,973.0
512,100,33,0xc4f4522446a052c2697d18724a81a4a88cd68cda43254ff7cf1c20e2fa67b424,0xa3f2b4846bf20e7b0b9e785add62063db4b6c94916ebe29153eed5ff465bc8a4,0xcbabf43505b849592c1ca2ceaab639eb00dde14dddf809057b4f3bf78c2a9fc2,1;0,0x7dea0971cd510186341f450279389f949ee78e645071f9b33a67bb1e19673e56;0x4763ee278b8f39b1d6282f7f019348e26b30daa6b3e339e5f7b61a96efbe2656;0x38695ec0cd0dee3a32dcd94d73b01d4ef8d5bff65689870ec995d5729dc7dfcc;0xaa9bee86e7b2355497a00c4e75d6908a873ab67c1f1661867fd3184c0980c3e4;0x882b3b3893d65756b854c0464ea2496eddc99ee4ae79be753b2c098a85ffbe62,0x3fb020fe4e864c3ac6acc16475cb094bb9a80c3323aa2780740ceb5f79773257;0x86d2143509d581c188ceb79448317017c05dfc9c4e1d1bef186569f900c58e17;0x0cfb17e6c080efed911e5d99b4b6193b23d2dc5986bcb94247db483b0b341447;0xc9b6e13b12dc15cf1614473b13d682deec85b56e85ab478ad7766a10ff91a27b;0xc7de626c256ec27ec88ab6e5b3f8bfea66a1e943e15a3c585f83df43aca6454d,5.642942,3.097582;2.76468;2.625029;2.699471;2.655536,512.0,9.0,0.0,0,0.0,0.0,0.0,0,2597261312,2597330944,1626.6229999999937,2831.91100000002,5.839000000000104,2.163000000000013,37.386000000000365,98.0,554.0,971.0,409.3075999999973,1417.1013999999982,6.531800000000084,2.749799999999993,92.78200000000028,98.0,554.0,971.0,6.218008,3.823277;2.759723;2.649286;2.843449;2.479049,512.0,9.0,0.0,0,0.0,1.0,5.0,57896.0,2603159552,2603089920,1608.0649999999919,3166.3160000000025,6.991000000000028,3.15500000000002,50.29599999999829,98.0,554.0,971.0,423.62519999999404,1485.9672000000046,6.666199999999945,2.38539999999998,106.72880000000065,98.0,554.0,971.0
512,100,34,0x3d0cf792911f1d7b5b80cb4b6e3f14e92cd7ecdb09dedebc5ebbc5a6dfd7dda0,0xc7ffae429c17e5eb42c1515c4f7bff2fc3ba02ae42729b0a3d4502d5eddb4001,0xea06da7232f1f56dc75e5f12b71299b44f2550927519cff4cbf4d73dd5230cee,1;0,0x9f8ac1fd905fe034aa467d14ceed8db27af8f93963d56c5171e5f4d5b8739626;0x9d74cfe5e4f99e40ba561a589ab89f20e01e2ce61e3249749517ca24e851818e;0xefb62686173686acfec743ec3ec21b44f15e26bd6ff225631cfd85db2429ba3a;0x5cacf738e67a353640b354db14feba0c079cdc63baa9e5bc2147ff6e2670314a;0x0080dc4f6fc723d2ae0ade2a1da59a8aa8b89c538ff9bfd364f6b190b4bec2a3,0x9a468894b64ed38dd571d383c991dfdba83e4362f699ebfe7b769620bcec3a7c;0x28313134b7dd398ea8f2784c250f7c5dea4a083916db4b437e4a23e94e69742b;0xfc98679166140ad582b2ebd492a1a1f481ec7103b201daf9b1f67098083ff911;0x47f0443abb161bd7ebe03556a3fcf8377e2e9176848031f2fabdd828d0157e82;0x23150cbddd0c179f4ea756037832d804394ab8580719392cb0d25fadea6371ce,5.66871,3.213698;2.778531;2.737049;2.777489;3.250312,512.0,9.0,0.0,0,0.0,0.0,0.0,0,2597376000,2597392384,1653.2840000000049,2980.6250000000146,5.727999999999983,2.4139999999999535,36.94599999999951,99.0,556.0,969.0,427.2423999999997,1514.187999999994,8.851400000000048,3.6035999999999926,90.90299999999982,99.0,556.0,969.0,7.470828,3.258345;2.788065;3.477756;2.886674;2.861286,512.0,9.0,0.0,0,0.0,1.0,5.0,57896.0,2603257856,2603421696,2415.1829999999873,3336.68199999998,6.540000000000192,3.3150000000000452,50.7759999999989,99.0,556.0,969.0,442.9764000000003,1597.2469999999905,8.204599999999969,2.632000000000025,90.8811999999995,99.0,556.0,969.0
512,100,35,0xba087b9488820e7ade77e7cc90f79971415ceafa3c8302bcb3572b87c5502fd6,0x17a684d321de841a1cbd2595a99e848eff74394e049b988e46435448c056188f,0x0c790ec8db9184c9dafafb92e8e0b3676bd24887fb8df7e3786cf6e42cd88269,0;1,0x21d747521281376bd2bfa815da3ef8e8bc0641df635fb2cd15480c47d3c862f3;0x2e0398cebec255f4ced325108cac68a5658f233481e85c798ff8cc170bf55016;0xe2349d646d35fe4b8747828d5152ae2c52630656043bbd6f93c29399eaab2fc5;0x9e54991091f2577f4044a67c3b84863d60abcd743a1d236697b2d2e253f28980;0x847ca1559ed8375952dbe209e8c301ce4bc4cafe99f5eee95a9103e01a4774da,0x60a29a447ee63a4cce0e1a35d0a99c53db654639c19129433235e0d266ed9441;0x755ad0888439088cd216d1ad0afbbc3b5405f704b686740176926bd58ce2af26;0x331c80fb607535aa41aaaf328b779ee1750a021c4e456daf3072b5610233dc29;0xc05ea3b0888bfce3b1d24e84d84ff862085aefcd921e816eb33a3222baecc93a;0x8d9c6770ce40e12d28d0ed039b6bbe6fa3cd256d3ae314c10a7fbc40d9a4917e,6.526234,3.63968;3.622384;2.828816;3.271634;2.384477,512.0,9.0,0.0,0,0.0,0.0,0.0,0,2597421056,2597445632,1834.927000000014,3309.7220000000148,7.491000000000095,3.285000000000007,47.480999999998524,99.0,558.0,971.0,445.393999999999,1611.8631999999966,8.324599999999949,3.1968000000000054,93.98799999999972,99.0,558.0,971.0,7.680845,3.58669;4.120515;2.971733;3.442913;2.668535,512.0,9.0,0.0,0,0.0,1.0,5.0,57896.0,2603540480,2603601920,2038.484000000007,4458.385000000009,6.299999999999882,2.9550000000000147,56.896000000000726,99.0,558.0,971.0,521.3863999999957,1732.0083999999958,8.388799999999986,2.6678000000000033,106.87740000000015,99.0,558.0,971.0
512,100,36,0x57c76f325b7b07cfc925892d4296577b3b8e8ca6a7a50a84079a5a5b64d01687,0x76cc00c5c6b8743e400b2ad8790ec81249a785b2d90a337fdec74fe27ab96272,0xa5a9dceb2b29d386bec41286d75634a9a6b6c9d0e705587f8fd19e289676151b,1;0,0xd58c4fee58999de6a2839f1a1685c8cde90a94a9421dd20a3a3eb856df5853d4;0x7459596a23666786ac7bcfe057695f2ca9eb738395141737e6698769fd4b4888;0xa0181f0a5be964aba05ffde47387292a20191d0a7f6cb18899ba584471e12d70;0x77a9a841dd32edc5edc048c2cc4d4219ac2df3c0b776cfafb23279862fd19bad;0x6a0f952e338da179b0b1bd3992b72ab6e5d4eabc125a5866302031e55fd7c48f,0x08b7b42df4a3f119956b9b5420b3c1762105f592d9cbbe0b52903d6c0833f05c;0xfaf4dfa97f0f4baff81aea404dfd339b043f7470050f33ead804ece1aa05edd0;0xdba3fda2a37c4dfdc2715a8390f9956f4e503b43b92208b2aace37364d61d4d9;0x289027f1d78cca95cdfed7aedc6fd59f130306c417bd55340b56d90c8a332a38;0xf31e60f855abccd1355ec01f05b844058118af57f6ac84f95f5dd54f320bb399,7.61771,2.857931;3.471937;2.607002;2.888617;2.485519,512.0,9.0,0.0,0,0.0,0.0,0.0,0,2597490688,2597330944,2183.984,3903.0669999999823,6.018999999999903,3.3550000000000244,44.736999999999554,99.0,558.0,973.0,429.8822000000036,1511.9046000000026,7.475599999999961,2.864399999999998,92.79199999999987,99.0,558.0,973.0,15.510045,3.49358;3.410083;2.771601;3.002679;3.078343,512.0,9.0,0.0,0,0.0,1.0,5.0,57896.0,2603614208,2603786240,9475.83299999999,4121.076000000001,8.193000000000088,4.437000000000039,51.18700000000115,99.0,558.0,973.0,516.6873999999988,1589.5674000000026,7.449400000000047,3.493399999999992,106.70900000000066,99.0,558.0,973.0
512,100,37,0x91c0a8d81d1dbd4213151101a8faae4ad1241416d757b57f30725c4d76da266d,0x80e0ecfa7c7742b08898f2215384f2852399449b9c3a8539aa833d1e64ac54f7,0x627b20db3f3569404c13ee96f9b4808e09d118bfcf105d67d68aee83023e753e,1;0,0x60b5f3585765b23bb96a34237cbd6557bd95d4243ffb5c27d364bc1c544839c4;0x399424df640af63cbb3f51a4ce8476fc6817010472a5bfb5091adaabde393ee2;0x6e888beb7ac2bbfb63c86295624e7d8fd7f60950fa050fe15e0aae05df7ff9d8;0xb1ca38e906ff290163828c1f2dbcc2592bb862643a17ac1d332c52d839bcb640;0xd851465ea9f1ff25117cc8264b6883ea56820e02603766005297ed3076be889f,0x9b29654392a34c160d2db104bb5532a8b2bb5e50253c3298cb9a9a99b85365f5;0xe6415d4fd51b88652a2c6b25b040cfa675eecc65c15df05f5efb3118fb71a59d;0xb88a36feb0631df1b22f2060a3d74e3d78f692ac074f958bc4a0a152f933a439;0xacdca3dec120a949dbf7b0e7dc0bdb1136a616a54b4c23e7444922be8fbd83d4;0xc4cfa3d92b2b5aae847e624acd8add0235ca3a876d21a191109a529dd79987cc,6.440294,2.93703;2.771971;2.421812;2.67161;2.390766,512.0,9.0,0.0,0,0.0,0.0,0.0,0,2593386496,2594754560,1856.1089999999947,3411.245000000007,5.689000000000128,2.4240000000000026,40.88099999999956,99.0,558.0,975.0,432.42019999999997,1372.8765999999948,6.593999999999958,2.535999999999988,77.32479999999973,99.0,558.0,975.0,7.32282,3.436674;2.807955;2.8645;2.585129;2.539651,512.0,9.0,0.0,0,0.0,1.0,5.0,57896.0,2604736512,2604740608,2033.8079999999982,3766.961999999985,5.8879999999999,2.8940000000000303,75.62399999999982,99.0,558.0,975.0,444.923199999997,1404.8112000000112,5.856800000000017,2.557600000000003,93.98759999999993,99.0,558.0,975.0
512,100,38,0x619ac6384579752c1c5c6fef4394f8c04587a7bab0d75e974104064cf442dad7,0x65dcba7ce2aff704aae6a8693de806d800c90801aa01699cfd53ce1ddb53de38,0x207ec953e7f938eb3b53a612f7ac8278d5087c7a443d1d72115b2420aa887ee3,0;1,0x4994a75535e80914f0647fb5c669ed027388589aab53e56ff0f6d3f2626c8080;0x0e4e0b316d18f7013e25cd84cee9d0812a70ef1ded516d14af9b6d99b1b680c9;0xd30480bda4c4754595e6ebc32cc3d4b9e596c801eea4e3dfa9fd5e6b2c2dcfee;0xe8ddc0d55ae2a9f79c71969d4be1c670785643a338d5e010b78c81fa53ab8140;0x87c8d245ddf689635feadfa5b25e10bde378dfa742488f040280fd310866e5b3,0x81d4cf11fe115adc5b9929706267ea5c1c99af274fe9e7c8e63ec018625d3687;0x9e73b771df16979a6b49eb00d9dfdbdd8dfcdc3c93cbebc338ff9e23b6af121c;0x7eb1320c27d1692454695b9c53b448db31a0886132779ad835d857d720684629;0xef6ae330746061481f7e22c0434bef4f6de116fea36cebccda3f410cb7ce3b6d;0x773c2f7431c8b3cd28c61b96c057d73722ce23f818ef9c2ab72bdd9a9c452da9,6.766135,2.890439;3.139225;2.534823;2.757639;2.418829,512.0,9.0,0.0,0,0.0,0.0,0.0,0,2600337408,2600374272,1812.1530000000107,3573.7100000000078,7.099999999999902,2.9140000000000197,49.08400000000132,99.0,560.0,977.0,410.58339999999197,1421.362000000015,7.0247999999999315,2.8721999999999905,80.15280000000027,99.0,560.0,977.0,6.748099,3.366878;2.849638;2.766502;2.662796;2.823589,512.0,9.0,0.0,0,0.0,1.0,5.0,57896.0,2605559808,2605572096,1904.0519999999894,3706.741000000013,6.448999999999951,1.6919999999999695,37.67699999999985,99.0,560.0,977.0,467.86560000000037,1451.294999999997,7.219000000000149,2.888399999999985,84.437200000001,99.0,560.0,977.0
512,100,39,0xa96a9badcc078d953c38f230855bd2a88f2a8cdc182e0db9d7a0ce99fa9799f2,0x612efedeb965244c475934c4c07a3b70dcb937e277c21c2888994c17f72869ab,0x9b0ca584e75e56795debc0537bfac27392a7b66c919126f7b12363e44baca27f,1;0,0x14252a8c33fb40218dfbe4c8b3f53fc9c2790f09c8ebe5012fd38927946f1f65;0x92d13122eb6ff0083978a5b97863f98382dfe7bf387df4790054e08ac9dd31af;0x53156165967aff50cf9428520234066aba7a6626fc4f6474d5aa21ba0ba1b347;0x38520c4a7bdeab2dad6ab7e70c78db1f0f1791e60931de345b8225f3b457b06b;0xc7d2b4848b87b8b0932a083cfbc9fdab8183bacbe449fec68c00e78b66fcef4a,0x0e2f6a9f0b4174534684b29aa820d83aaa9c349b7e1d7520cb42b481504cc119;0x6b5dd9544149228f5ed0c61832775818933f40344039d284879c64bbf84f5279;0xf097a88bfd7047c26d1a714c2808ab897110700505ccd7d88f1d83186ca98345;0x203d89b30f68360c5e2fa7d0ca5ab7891fdc82471376b05943c13beaccc9126a;0xc0ec4beaf898bccc2563b5c87f92bd5627b2638862dde3fd9fcc652e25c08d23,5.5425,3.385817;2.789748;2.522805;2.510867;2.540201,512.0,9.0,0.0,0,0.0,0.0,0.0,0,2606911488,2606927872,1617.4589999999878,2812.82300000002,4.395999999999827,1.712999999999975,37.36600000000048,99.0,562.0,979.0,429.10500000000184,1371.5706000000048,6.716199999999995,2.9807999999999657,83.4276000000002,99.0,562.0,979.0,5.523281,2.898162;2.575545;2.659111;2.425309;2.514233,512.0,9.0,0.0,0,0.0,1.0,5.0,57896.0,2609270784,2609266688,1501.3140000000035,2729.576999999983,6.148999999999998,3.405000000000053,48.66300000000087,99.0,562.0,979.0,422.7837999999928,1360.0198000000007,6.7424000000000825,2.0267999999999717,79.12760000000004,99.0,562.0,979.0
512,100,40,0x985eab54733e91ad1e7d429150bac7b1f09151cb7131085932ca6ab96ec81a4d,0x0eadda6a9922fed72e82a30aca07efb529fbc3faabf335d005ccbc9fd1f23f96,0x92b9a0938748068f9f701faec22c6fe00f1e7afe03041b2b5b196d17fdb5a4aa,0;1,0x74b43e32cb9915fa74466800cb69979c3c9560597fa3467793047a2658023316;0xd8ded0df05801a6ba356f0753e857c6c9a2b87e6142d4915c750493905763691;0xa8a728f9f8d34336833801e47d950a2063bea5689ced6be3c2d8413b7f02f055;0x365c3d097c912ae8fbfae30e2bae76b6c2697d67eef45d6539a959dc71f141fc;0xa9d99b38e278e9b385dd84aeec89f97af5a531924ac8e2b86a9da4e4a06bea89,0xd5eebbd8ae7e64937a5d36ba8793d84560b10dd6e14ff561308905952516c926;0xf77daf9b6beb82c9e79c6eea3517067a321845cc5d7c5abf1f56120f24af755a;0x39017d723c23e6be9bbcfd07827e66e25811885e32bd1d69812bace74d24543a;0x76b85cd14fde9442eebe96ad9361bb1e47f2eaf2750a4745503b0a724537c8d1;0xa6f4499ac874fcb70e98caf43b602ff0bff02974aa1aefbe8a2da90325e7c434,6.321724,3.583675;3.216862;2.557417;2.605279;2.560602,512.0,9.0,0.0,0,0.0,0.0,0.0,0,2608799744,2608828416,1782.1580000000058,3132.305000000002,5.798999999999908,2.833999999999953,50.46599999999901,99.0,563.0,979.0,475.7872000000052,1466.6524000000013,7.3832000000000235,3.4311999999999885,87.12939999999948,99.0,563.0,979.0,5.545014,3.146076;2.785041;2.543837;2.608133;2.577948,512.0,9.0,0.0,0,0.0,1.0,5.0,57896.0,2612195328,2611986432,1686.614000000003,2669.947000000006,7.471000000000213,3.0639999999999965,38.47800000000151,99.0,563.0,979.0,425.9423999999956,1387.6749999999993,6.119199999999984,2.002800000000006,80.69139999999989,99.0,563.0,979.0
512,100,41,0x831293762375593833e1c49ae73d01c41d85a6d18d1f56f507c29bad4329d0e2,0xeda0e26a5e388cbb10409609bef4017041a72ba2a43403a47d64db9e27bbc2f0,0x2be3dde2ec13544e82202232b646072b47615d49762e492a7019940d25d77a3f,1;0,0x7b0a26440c45e1209f038fbec169c857355fe6a80d4d44d965d8b70d386ff5d8;0xa22f58813d5bf8004d64e66c79894456d36e6d4091fe83d39d9d8c8b768821aa;0xbed1d04cf9aff129fe47d6356fdbe370e098185e477ab4f9e43a637ba83d0083;0xadbb4aa313768ccd32c9ad8c0a1aeda9231e2be3616e5bd9eeb821faf66297a7;0xe9ba8e3cca2ca445dcd3ace8dbd4ecd329388cc5e05554166112aa308b318694,0x5d5e23e0f31cc4477d722a258a314e728d7b4994ea8b6a4ca03efd3200de8435;0x185931d7326d2b7ff3f9e6860463a11214bd07bd366985727e02441f58baa5ea;0x039b3f1065d90a1be4a222cef98d2f7ab65d076643b49fdffe3f465ef3bec58b;0x5d7859b1d17aea9bc0e5840a2a56dca956cd336910d65d417cc08e8d981ded26;0xcc49d510d1904fb44558f94340b7cf1b8d2b9e7d7014c5d352dcde271cc5508b,6.213802,3.013906;3.028748;2.447221;2.741886;2.43251,512.0,9.0,0.0,0,0.0,0.0,0.0,0,2609582080,2609594368,1563.7789999999873,3387.640000000025,5.178000000000214,1.8830000000000495,37.21599999999964,99.0,563.0,981.0,420.4140000000023,1467.7577999999912,12.282599999999949,2.8761999999999888,77.72340000000017,99.0,563.0,981.0,5.897135,3.327559;2.761245;2.95033;2.660483;2.534523,512.0,9.0,0.0,0,0.0,1.0,5.0,57896.0,2612244480,2612260864,1738.432000000012,2831.921000000015,6.9010000000001295,3.7550000000000345,50.64700000000089,99.0,563.0,981.0,439.0300000000014,1423.459199999988,6.491800000000061,2.5397999999999827,83.58820000000031,99.0,563.0,981.0
512,100,42,0xa5cecc7f1b49f1959289b4776e59190432180653406dd383901e7aad585cf66f,0xf874453f10689193c9f2f93caa4a825896d78391eecf997f04d5745b4897c426,0x18e92567d2e8d893c637c1e135346d5a3234b8025d3ede3ece730aba55106b1f,1;0,0xa8579c9b8fd98549dbe618b387d8b7b9ceb61d6c2f2162297996abbdbc8cba9d;0x84a8c6855fbd006dff1315a72b3072b2cbedc56b14d90bb76ea6c38dbb9ef18f;0xdb7f9e6247b5143ca0da2ce3b43ef74e5e476bdb37979b6089a6cd64f5c98c1a;0xe6a4a94ac29b6ab3764f5e7cbf207a61670021ecbf3ed015ce40b9acdccdebe5;0xe78e91a12178aed490bf8680b1b04fb1b79830d1641f0e84518be091a7a665df,0x7aa03c6d96284e9613ad9a5fe77d801382ffeac7aba9946a07bd16e74663e8df;0x8b804a2a3196589585b13f2c67df4e2ea38f0b46b53ee117786f1d3f9718e8dc;0x0b96d824f5fe47679f2cfdaf95c1d1b2e3f7cbd7492014570b3405f70e604e4d;0x3b61c8719fa74d88acbd26dea30582f34c3d8995d4200e3060745910d5acd6bb;0x939ed980090537e4b6f1848e05b86b3b2e26f83f4cfb0691ab8e53059330abb6,6.647457,3.057622;2.676307;2.542425;2.773663;2.461032,512.0,9.0,0.0,0,0.0,0.0,0.0,0,2611068928,2611908608,2399.508999999994,2989.558999999975,5.728999999999891,2.222999999999982,36.815999999998546,99.0,565.0,983.0,414.90979999999627,1431.4548000000093,6.7479999999999105,2.5137999999999634,77.38099999999999,99.0,565.0,983.0,6.095669,3.359648;2.668285;2.693112;2.762466;2.690068,512.0,9.0,0.0,0,0.0,1.0,5.0,57896.0,2614566912,2615152640,1693.8850000000061,3066.5750000000157,7.9319999999999915,3.294999999999947,46.46000000000164,99.0,565.0,983.0,422.58180000000476,1460.945800000002,6.680000000000054,2.8806000000000145,91.74620000000009,99.0,565.0,983.0
512,100,43,0x115f92ec0d342ef3de658c0be0dcb83c19be7bdf84c4cf33e9647e037e627212,0xf8399370735dc83294fc1be80d9f8d4ca7a296690a7fbb563337060c232494f5,0xa330892650fa4cead458e9357648ccba098ec5323a45a1bcdc980105a4789677,0;1,0xca53986fa6242ff47f9b0ecdddd0b66b490e1a0d6a6c7bf8c452113f8b343501;0xc9282df51b9c8fdcf4a56eb1c44996481c79d27fe4bea11319626b789a170c48;0x40f88eed3886adeac23bd2b2f8fc7fb36147869897bc37793cec3fb4b5946db6;0xa183d97b9d3dc15d1b73c101da676390076781f9a9f79315a290d3e701025726;0x17c7e26a211e8746a4ab0df2e015462a5b51a906c46401d2fe940713393fcbde,0x5a0cedca4c899c224cd42d57442d47a8017b415923b59f9dafe53081d25c8e27;0x3aec9f5d33ed016a58354afe7ac00611dc1731be922a466a9e421798cc8e4a0f;0x6c491e0b95262b3d0dd4a670973f3317890ebec21a4ff09529a14d6bd4abbde6;0xc99d96c8e822a739272d9269d516abf9d2ef875c685a37bb550f386032389169;0x06ba176d3603be4b0b5f15a81aa1adad58bff883b6e1b175beab0c1e295836cf,6.996002,3.009529;2.660143;2.543356;2.564769;2.611679,512.0,9.0,0.0,0,0.0,0.0,0.0,0,2609160192,2609172480,1850.7809999999959,3789.6760000000195,7.361,3.324999999999986,49.04400000000156,99.0,565.0,985.0,420.4784000000017,1417.5179999999843,6.577600000000003,2.475600000000034,76.77600000000062,99.0,565.0,985.0,5.712025,3.632739;2.883069;2.654334;2.428123;2.589266,512.0,9.0,0.0,0,0.0,1.0,5.0,57896.0,2616848384,2616991744,1596.5280000000137,3081.5280000000002,5.418999999999997,1.6830000000000447,38.328000000000664,99.0,565.0,985.0,437.63840000000107,1477.3641999999754,6.73620000000005,3.31699999999999,81.9556000000006,99.0,565.0,985.0
512,100,44,0x237927b84937f6ee2aad94f675eb51feeecb31f3e9b34312165a3dac4f6c20f6,0xe2e53346334b0825ab06e8336fa4911aac300524d5bf4ab5571899cc4d913c01,0x30185254b75762fa47e3e492491582cfaa1796e7de1f8fc929ddd9de70004d39,0;1,0x353ee4d13308746473a221927a56773ff4e7071385bf743662120c76a68bbc29;0xf6937ee0891a31c3c52601e62daed6c8afa94548326f9993aa34989920fe278b;0x9f7b88b163024252aaa7dabb7a0a8bc45cb409ec54b0c9a922d992cccd47bc8f;0xe48f1f896d8943ece0bd56362190c913d707a6b3e819d1d90baba71ef1d36b3a;0x1f5a6ff517d9199036ce23d05045cc41dce75c9041ca50561f8486d7c1bf02f0,0x1738df0a5a40e7e8b2846bb072c3c47522c01df2e4361a1470cdadc8250f0cc6;0x981b87fc194683e62441869fa60de4dda61a4df81ee635452f20467403a12dc5;0x6a8d2130a22652992b8ac46bcd76a8570274df99153243f1a3ba88466debc766;0xb4834f855965f36177e29ecd9c0a7bae6ae7332d5d292a44526183e6be55ecbb;0x56482142231d9c80113ea660da57debb98080c44a6daad6bd617147d0181ce0c,6.355606,3.476624;2.757019;2.541403;2.686077;2.436515,512.0,9.0,0.0,0,0.0,0.0,0.0,0,2614091776,2614079488,1755.3369999999957,3225.2350000000483,7.46200000000018,2.7040000000000743,49.884999999999515,99.0,566.0,987.0,429.8964000000016,1415.2506000000287,7.701800000000074,3.2408000000000263,86.84720000000021,99.0,566.0,987.0,6.31819,2.889228;2.6516;2.534783;2.629766;2.649036,512.0,9.0,0.0,0,0.0,1.0,5.0,57896.0,2619621376,2619883520,1657.5000000000061,3292.9670000000356,6.26000000000012,2.404000000000013,41.82299999999986,99.0,566.0,987.0,404.6601999999954,1444.4750000000006,5.63839999999996,2.245399999999988,79.89439999999958,99.0,566.0,987.0
512,100,45,0x8c2f7d91385351609b8d4274e3280f4557c547ef9a92198294da2ca0beb2f845,0x6688b62c5720ec87c69201fba866a78abbc658db718a9a1de0bb4e726a2e824e,0x29b0c0e13c72222652f44aecca05815f220145c9fa8efd928d3bc8a739c0fd18,0;1,0x1fffe1be56e96ae127a7e366ceeee8f8ed60db6f95c7eeb8ecd905fb3ce6294e;0x966c30a367aeb247f13c48a746abbbce36edc3d7b05e5db27bb716238599fa8b;0xd5c26b36f6bdc29dea3a3991b97e6b2a8ad4086b97cd3c9944e38c594675382a;0xa4bb3ed3d8b9ea60447dba0b45490714b294baf6c1b203b982984ebb51de01a8;0x3a4bb8415f8a7531d14ff8ffdd3cd7e43420d68743a04e05b5703f8609d28f65,0xd9bf81537f8332350e32b99206f53c6e68a7173b439994112d684ae84f30ad55;0xfeb67963925bc3a549c913403f4eba041418079073b6c89d532ec3ca577182be;0xd669f07ab41df083d49429bfbacad16405e0de81fe1843d9b250c3f4025a3554;0x705b44f78149dab0f6eaa18b1f02126ea073b28172886dc581e4b7a85f2ef32f;0xe23c66204c7ffc4be23a32d638a8a5d4dbad77df12a013f268f3c573cff0448d,6.628844,3.025113;2.813534;2.470867;2.508624;2.491337,512.0,9.0,0.0,0,0.0,0.0,0.0,0,2610917376,2609852416,1938.8549999999893,3297.9739999999815,7.832000000000152,3.235000000000087,49.22400000000049,99.0,567.0,989.0,414.0346000000017,1370.2487999999846,7.002799999999976,3.006800000000028,77.55119999999991,99.0,567.0,989.0,7.681176,3.486709;2.769824;2.711189;2.477737;2.613522,512.0,9.0,0.0,0,0.0,1.0,5.0,57896.0,2620231680,2617974784,1838.7940000000046,4623.072999999978,5.9589999999998255,1.8730000000000004,64.57799999999916,99.0,567.0,989.0,433.10939999999795,1429.864600000008,7.046799999999974,2.571599999999985,92.21920000000023,99.0,567.0,989.0
512,100,46,0x883f6fb6c2758d5db6f783fa9f8c2918fa666807f77a2ef0653bab5532aa4216,0xfff16ff6e45bb2e47a7462fb5d6a843e177535a38673cce6ffb407c124b49b3f,0x88360a7f2502a64a0ec26a31ba2db86cc3335aceaee0476f9243498733506a00,1;0,0x8858c819f948e41e1201dee55343dba3f123e94513741d81d58cec3c825016a3;0xca166da9d880cc284e76e27cd619356896d9802afea9ddc2ad86c80a93e508ba;0xec7cea118ea7d0eac3612283ee1da630519d3abee42c6e30cfa090877894a32d;0x130a0fc8f502aeac7b1ff682942550a161b6ac27523019f9c77714849d90400e;0xb66c747ff44382f8c090be3868b5025adec2dbc444f21131f46ce180ac589369,0x756d6eb2ab544494ae46d1bbd64e5fd461a9552781c0d9b10a05f3526b1cb9bd;0x937b650d3fd79aae15de50d1be209268d4d3230eded4a4e75e79aa3b26a2426b;0x46cb5287abbcf62b158c06c0921b3b22083a4c725396f6ed1ee41df89220f0b0;0x701ca0705746c44dd0fa577cf98438fe142adceb4aff7c7d71bb0be2f0ea4c0c;0x154ae36540195a374d425690b9ac02bb7d4202756e0df7460fca7c77074d3377,6.307724,3.442342;2.753333;2.674534;2.49289;2.746602,512.0,9.0,0.0,0,0.0,0.0,0.0,0,2619326464,2619392000,1749.488999999993,3386.3979999999574,5.618000000000203,2.554000000000098,39.399999999998464,99.0,568.0,991.0,420.9548000000007,1404.8747999999778,7.523399999999867,3.15479999999993,83.4302000000009,99.0,568.0,991.0,6.902291,3.067827;2.833073;2.521293;2.593222;2.543126,512.0,9.0,0.0,0,0.0,1.0,5.0,57896.0,2620112896,2620182528,1827.3970000000083,3656.8759999999756,7.080999999999928,3.746000000000001,48.68300000000075,99.0,568.0,991.0,418.669599999999,1414.5819999999976,6.10300000000001,1.7205999999999861,78.05980000000004,99.0,568.0,991.0
512,100,47,0xe76b5908b5753e9976d81dab35f47fdc7fd23f2a627b07d59a616ce0330f6dc6,0xf120242ce0f1d2a5530b43badda818832edbe67819c615986fa5ba46d4cf5ae9,0xf2bfaab7cecac9d6e67c14208aa61288b190d051e12caf0a06bf19f5cdefbc37,0;1,0x12d1ad0d71705bde4791893f8977db71431b639c5959afec77a3d439659744ed;0xde06cf7572506db09fa46525e7c877653c36a2bd59b074288487d9c597f0885c;0xb38740ae7c7534fdb3786121e1ba06c5f7a8c00e967e513001fb00dcd560e9a1;0x1bae0cc2d17f394e1641813e19c14672b77235feacb56a249619e89eaf858437;0x852eb9c1d049bf0895587159fbac78d684858db0782f8abf3926121d2c9e120c,0x68b2a70dbafa839e8fbf0cee00a9bb947820001157620f506d2dca322062f396;0xa1620634d27e783dbef1ccfd403afa58f0ea51ce9e5f6ecd505592fcabf7920a;0x5f47ce9053d4977dcab95ca5a94def8c40d2ffda9f51a9200459e338027e0a97;0x2e53b6a801fcf5a4b9cdc96627eb210bb09cf7509df12dd206ce7a1fcbd7039f;0x8f898e1e4d44ab023d971d8808284b27722a9e8dbd7ab7a29532c97aebbde818,5.792507,3.926643;2.803228;2.687674;2.704349;2.436285,512.0,9.0,0.0,0,0.0,0.0,0.0,0,2621984768,2622455808,1633.5030000000083,2714.344000000035,6.889999999999848,2.8940000000000303,50.1949999999994,100.0,576.0,991.0,446.9042000000034,1518.1800000000135,7.439199999999952,2.92999999999999,83.63239999999993,100.0,576.0,991.0,5.457222,2.999324;2.988718;2.64566;2.454623;2.887956,512.0,9.0,0.0,0,0.0,1.0,5.0,57896.0,2628100096,2628354048,1515.236000000003,2790.749999999953,7.0800000000000205,2.1940000000000675,39.58999999999907,100.0,576.0,991.0,438.9845999999975,1501.2644000000018,10.079199999999974,2.726200000000012,76.48759999999906,100.0,576.0,991.0
512,100,48,0x1be41b439f38f01f3e8e7775d16001e4c5c20deea509a8c1bf3d096c8bf093ce,0x10b7c3331711b089221752b2d7874ba877fedeed382d32490a0d285d42b44dcb,0x45a52f5b019798e7a6678165bc7b4020e6d94947113ddb0274d11ad8ea564a72,1;0,0xa5d2a63da27a98fec93e0624d413d3b567c0bcdc4b29fbba19f214cec8707400;0xf60a7b8b92f39d4081d41ff42871559fc5d4f35148603673738a68dea1994cc3;0xc1cb8d640d59e971f56080591d6d536ba269ae84c175355ef0e802ea40cc4bb2;0x32c476289607b1fd4c48cc8090ffda18789ab4ffafe7a01afa16975085b6448a;0x0d134524280d3f0ef50a3cbd6bb5c6b7e2e24739e9f8b7551de1af25de8bfd43,0xb1e2a79533109adc0f9ae3de009774a4bc9462d2cd5b670fd2fe92e7a9386f61;0x5b1e95b3685e86f93a1a32ad54357c6f2115f6874f2098c1b4e40654a9710984;0x03e46039a9f0f07b1de339c151f0469d2101dbf9944fc9c9b5d1fa05c962713d;0x14baa7f1978de95906712d29c8eb583db1c986652b3d43471e7defc4328cbff8;0xb8cc1df247aac12f21e1edf92de611ebf547c2617b1a76ccf37859c8c99c267b,5.722282,3.426739;2.948611;2.871722;3.239817;2.716838,512.0,9.0,0.0,0,0.0,0.0,0.0,0,2623049728,2623152128,1762.2079999999874,2723.698000000052,5.317999999999816,1.7730000000000523,39.46000000000158,100.0,577.0,991.0,465.1874000000056,1558.4847999999818,10.794199999999888,3.1849999999999934,115.8266000000005,100.0,577.0,991.0,5.699566,3.463455;2.835274;3.038133;2.825772;2.869298,512.0,9.0,0.0,0,0.0,1.0,5.0,57896.0,2630311936,2630492160,1714.2350000000083,2622.7659999999987,9.555000000000067,3.5160000000000657,50.50599999999877,100.0,577.0,991.0,419.51080000000024,1541.0735999999981,7.796200000000086,2.7558000000000007,84.53540000000065,100.0,577.0,991.0
512,100,49,0x496e15fc09f94c9148fd214b809356a9144b3e276a67ea7e3f89b20dfd5cf914,0xc830fde19175e30a320ae075637e9810b1aebae9f7046d743a60cbb4208bfc90,0xd12128d3f9ebb7cb8a335a695ae7f8e98611b9f7348ce653ef98e6caa039f093,0;1,0x449ff01642c55046ce57c21c7eeace79fcfb73e8f26655bbd49e9aa1b401910b;0x313bdbd1d69721a7244d6d063ba82c2e0a8bce3b8db986ad802a9e9adedca1ae;0x2ca1f1e5b328d75f88197e6ad573a732b0357d185a73aedb71d60bf6a684b3a8;0x0eefe60696c7b3d067258d5cd318811cffe4434a25cde9ad5ef982501f958528;0x8b473804b659a393e95fd489cf7e39743df98054c9fd066d32b5a6a6cf6f4b3b,0xf20aa4205d032e53f0f9df1ad5fcbfda31cbc2fd2c56b62225f450c95b0851e7;0x988a42d6794839b2c2c39582a41435bd2f8534087b7b8485eb17980fdcd06aab;0x452db723daf3905bb874d24c10359974997379cb0947fc8ac4d87a1968b55c22;0xefa4542e449ea9283d0785348edb13ee0d2e30dccfd8963ccf574e38df6e9298;0x060e416c0be6fa6c83100839d3c0cd5469ee8c054a8f2188c5e9467e52c443b8,5.752345,3.61972;3.167888;2.554553;3.068457;2.700112,512.0,9.0,0.0,0,0.0,0.0,0.0,0,2623348736,2623602688,1664.1799999999873,2703.617999999963,6.749999999999812,3.0139999999999683,49.19399999999893,101.0,583.0,993.0,413.49360000000337,1533.7712000000001,7.579599999999864,3.010600000000023,83.15720000000026,101.0,583.0,993.0,5.726596,3.013886;2.683136;2.494983;2.505223;2.650677,512.0,9.0,0.0,0,0.0,1.0,5.0,57896.0,2630782976,2630807552,1605.021000000012,2999.5240000000313,6.410000000000096,1.8119999999999075,47.722000000000044,101.0,583.0,993.0,405.833599999994,1381.16479999999,7.044399999999937,2.4593999999999743,83.22120000000058,101.0,583.0,993.0
512,100,50,0x2367a995a8066b6f59ff1f0af39a52c6b3839cb63ee1275d20bc6a9cd208e5a2,0xc4c739098c3a5ebd2cfd3fb39a9c6c71d26666eafcb706b2c83586c1eea78927,0x06004ffa1010be2773ebb33a1371e5280beb2d874df60bd64894c9ef0f7a62b2,1;0,0x4a7af11bda9781ec1545f92490922d1b0942dbe7daf8690d5a8e06f7974518ea;0xb2eb3e1b037b0ffbd1757a9c1ed94b035b25d2569f4774e082ca75a826c89e33;0xb0429b01058d5d1c8c719149147205b0a64d84783d56b5a429142a8367cb4681;0x17a5a5c85e5d6172acaf9e00b73ba2aea6ab6e5dff2a39e8aee48e55cde978fb;0x320d4e5fb34e341f6c30cd1f4fa879e12e34485512b756c9cd9b4aa00ab02639,0xb312d58f96858225bb1cc525cb6d89d9d7339061e046186c2a7986f02667d018;0xde3501e7e9178cc3d3aa69a3102bfbdd7432797b877db463af19a55ca43d814a;0x645edc72bb1899e450f9b240d4bba846562c954ea6e5a26ea1dbfd0547554eae;0x2eaac07ea42f0c28520169f084ab211b5d6174752905f11d3e9afa95682302a9;0x393f03c997460b11866a4dac924c507caf26f116940097f0574d3abaa2c0e699,5.804734,3.57388;2.987185;5.291731;2.683026;2.517176,512.0,9.0,0.0,0,0.0,0.0,0.0,0,2623889408,2623918080,1928.9190000000012,2769.7770000000287,5.648999999999932,2.192999999999943,38.80900000000076,101.0,584.0,992.0,429.68800000000584,1921.5378000000394,7.3028000000000155,3.1030000000000033,94.7368000000004,101.0,584.0,992.0,6.657821,2.975107;2.773643;2.657277;3.035778;2.62537,512.0,9.0,0.0,0,0.0,1.0,5.0,57896.0,2631475200,2631495680,1973.0359999999837,3259.845999999955,8.142000000000046,3.0539999999999474,50.79700000000173,101.0,584.0,992.0,447.8554000000079,1416.778799999996,6.479599999999977,2.4977999999999723,77.30059999999997,101.0,584.0,992.0
512,100,51,0x2f97ec3544950cc1829058445a37c575fa24821ef95a5f485cb5823d98b68a99,0xe0ae0a19952fd31f413eddd47fb032fe97b727244e17f07d80d3362c9a7dc8f5,0xce1cc7110bf2cc5882988572d6f45203679371f55436c14610058c1d313410b3,1;0,0x691fb39ded1f035830874912d22b92776022c8f01eca560f2489a95785b50e36;0x5defc59446341aaac61a8396408d7e926fe6606a6ce816139417bc239f97b826;0x7783877d94936bdb9f1c64164c0701dd6684cc6b9fe9867cbba51be25777ae0b;0x3f48d23308104519f84f84f1249962cc8fd6e59b5ea2502dd2346ca68d25d706;0x6eae960220ff951c26472a129ebc601681c51f2528eee0264be94ed1ea22d2ec,0xaa3f8f6e888f56ec3d79d1ece890e0b48b6e90cc1602126860d7f88ac896a3b2;0x8d534ece2c69a45e095bce751d41c21c6fcb7dd4e65088829c10041f1a0eca7e;0x67811cff7378324325c076167c6b2b243ecd94f51bdcfdfc3011baf3223b49d4;0xf59af796a66e4ffd1c7ad6c7dfc01333a0ea65f6be55f31a45a4f01c2c15fccb;0x17f4953f32dc02a4a15f5319dd6b2bcfca0502d8461f22cd257d268005a0cf7a,6.389226,5.115113;4.185578;5.64675;2.941977;2.620983,512.0,9.0,0.0,0,0.0,0.0,0.0,0,2624020480,2624053248,1709.5079999999984,3372.4360000000343,5.989000000000081,2.623999999999899,39.29999999999906,101.0,585.0,994.0,575.3759999999996,1895.7637999999833,8.092199999999977,3.453399999999969,108.88440000000055,101.0,585.0,994.0,6.610961,3.942266;3.367839;3.118313;2.806071;3.01725,512.0,9.0,0.0,0,0.0,1.0,5.0,57896.0,2631503872,2631696384,1897.240999999994,3221.5589999999847,8.592999999999883,2.9739999999999887,48.01200000000006,101.0,585.0,994.0,441.9182000000022,1701.7766000000156,7.4991999999999415,2.924400000000032,105.51320000000072,101.0,585.0,994.0
512,100,52,0xde0e51b21fbbabc2206a0aca5996b42fdfc1ab969f3ef1886a6b45b599461fc2,0xdf4e276fe94893a399c80b4b0d9dd0eea5d5162755a84025e9a093345642eaa9,0x51b0adb135837e74cbeca477609b7d979141329761e1878db34a17880c61f7f8,1;0,0xa38269b0dd9eca7ce4d5bde70d3dbbd330591899ce912a829f492d2c33afa45e;0x12b4c6523959656dd6b7e5e9cc09da6b0b1a6862440b2e8d6446dfe96add11d9;0xcae5066d6d3d32c686bebbcf5c0bebe3c86d5d54f108da191d90b8bdd9074a64;0x4797f4edfcbd0aa69bcb575709f31bf1a470ae37fcf1ea4b6f8e6bdd24e424f7;0x70b8f966b244d435aba935fda946c6144b198d0c72b606616d3d6bbd8024f9a1,0xf410387115f1ee051ca9f4c9668501a5cbe49b5a0be339ed06dbebfdaf44dbf8;0x3cb11f9ab3abc91dd4cd7127b3fd3a25feed447a4c077f3c5282677799dda605;0xde5bc2c8f49554e2d92132c43b1de17885a96fd0feee8122e9805fcbc5ca9358;0xc64f6be041f61b0796c2b35f9f7f5b84fb163c68585ed9bb356cba92121fa42d;0xb4c8ea7debeb2b87efb1f6bc03fc989465b90b0f3f8c5e2ddcf6f28d872db9a5,6.312981,3.603034;2.916659;2.927065;2.561442;2.559139,512.0,9.0,0.0,0,0.0,0.0,0.0,0,2624331776,2624331776,1709.2269999999799,3486.2169999999583,5.749000000000206,2.2929999999999997,37.66700000000164,101.0,586.0,996.0,448.87520000000956,1484.949800000024,6.457999999999984,3.3150000000000452,85.81139999999932,101.0,586.0,996.0,6.652764,3.07699;2.707042;2.752722;2.642875;2.54656,512.0,9.0,0.0,0,0.0,1.0,5.0,57896.0,2631753728,2631794688,1785.7330000000115,3368.6200000000445,7.580999999999994,3.7249999999999956,49.19499999999841,101.0,586.0,996.0,439.00639999999714,1454.907999999988,6.363599999999972,2.673999999999949,76.60760000000045,101.0,586.0,996.0
512,100,53,0xc405a6a38980222ad0e2effe0dc3c85b5d4e67e406b7e537b286b178abb46bec,0xf988cd7b86495b285af2a8d11d5bac73bda288871d4187ba38fd1a4aaff5b128,0xb1cdcdbb56da30522ac12b58be4c3b272cc745289e3c0e0041d14e4f671ac4d1,1;0,0x496224a46d7eca46dd8a0750d51cae4abc2ed011e0be4f9c25e5c6855eda4407;0xf9489710cf420bb1ae94927958c0d361366f88050854a2dd3257cc796318c903;0xa2f88033d747b0211156104bdd2d41a3d69be55ebbf5841b593e0a05761cd3f1;0x4c15ba642976e0c0fde13b093eaef1e8dbe5aad1b424817518d6099f7cc78060;0x29a3cc393008638dae0d1db0fc2a644289be7d0020a9c33cadbef839214f5108,0xba1a7209b9ef1141447356cd03af148dc734c405834e177741e501b08530783b;0x378870d85916575356223cd7523601dd2a6b8e79f04f82c66e6141df744ae2fe;0xf171d4830169261a388412588ca1c237425601610da69186cc9eb3d66a5ea3d2;0x4f0135a4141f8430c7d8d42f8f1cdfb43581a9e32d24a79137635dbea2b11678;0x6bc350510e8844a49d9060ac52303876c15cfb822a33dd6f9eced5e953d3bc05,6.71014,3.192434;2.846203;2.801305;3.070741;2.801805,512.0,9.0,0.0,0,0.0,0.0,0.0,0,2625093632,2625101824,1927.8879999999888,3386.07599999996,6.560000000000072,3.1449999999999707,44.87699999999872,101.0,587.0,997.0,431.094200000004,1515.2292000000014,7.495400000000034,2.8381999999999974,90.08779999999939,101.0,587.0,997.0,11.316587,3.798618;3.411105;2.859602;2.792651;2.807915,512.0,9.0,0.0,0,0.0,1.0,5.0,57896.0,2632364032,2632396800,1929.2899999999725,7574.042000000003,10.256000000000153,3.1149999999999323,50.5270000000016,101.0,587.0,997.0,463.4187999999817,1502.4641999999976,8.747200000000076,3.8419999999999948,87.0794000000001,101.0,587.0,997.0
512,100,54,0xb6806597e81d39878ce6a0725073960b795f18c401fd055b7479dcf8a5031e52,0x292489f3f52fba307b35ccbaa0d1caa50c29dfcbb87b7398f8832a323ab776e6,0x98d26a30dd1d64925aa528052ac966b075081d00bf22831946080301622790e9,0;1,0xfa5938202e9600ec91d5eef589f23747bf518fa6c887221d2fa8fc03cae138bb;0x11ea51a2149f993a78081891c910db44fd60a635671e37ef0908899c3dba0b2f;0xba1ca2f23f5f40b01879a1b84264f4736e092c46aff4d2d8a578927024f28778;0x1f92631d04986e3c95885f9bbfc6f5e711a58a79000875d50b5dea307925285e;0xeb213146567f2527426c9188f0c555f637328662aa18de7dc4ddb5f4d83109d4,0x4542aa376070fb315217f38d75926651edf2ace8f065386dc54e914a4406c835;0x5c93028332d71a8136fc01b03347fe5f3da7eea9c644a69fd349ebf9d4de894d;0xdc08c9816ce8ab03ae6208250407919921730c6b312c05aa5eadeb63aacee2f2;0xb69ff6c34980be38a03316f0733edacd8984f201a3cc57ecef43a7901b474f61;0xdf071e2e0520ece753469487cd7566307751b392caf47f4ed3ea150b1d5e895c,7.994456,3.432156;2.859462;2.741459;2.686101;2.617388,512.0,9.0,0.0,0,0.0,0.0,0.0,0,2625753088,2625826816,2303.2430000000104,4148.7470000000085,6.92100000000001,3.0939999999999266,61.49300000000274,101.0,589.0,999.0,443.28279999999995,1419.8893999999962,7.627400000000118,3.393000000000016,84.42739999999921,101.0,589.0,999.0,8.466829,3.447338;2.71184;2.444076;2.955337;2.915316,512.0,9.0,0.0,0,0.0,1.0,5.0,57896.0,2633785344,2633969664,1896.579999999981,5374.796000000015,6.72999999999993,2.253999999999928,37.417000000001394,101.0,589.0,999.0,417.9801999999899,1524.3847999999894,6.950399999999975,2.18760000000001,82.45440000000035,101.0,589.0,999.0
512,100,55,0xc13cc4db9769076a8290ac73d62b4ba376303e022279db4e199e8e534dfc28c9,0x82a9ce1be5c0ec24364891ba957109b587d98d01c8069dc1a7f0376b1512a235,0x8d65e667438c7b95efc908be2b0a2bb578acca944bb0709d47534d3540b7e47f,0;1,0x61095b28943eafc7c867a351022f8afb2439fd4ec31422d1e43f0ee5639ef519;0x72f3cf406ffd0f221f042fda38cd4aa23a0e48da3ec5e6312014ea1d689a89be;0x2ef3ed320cf6d05ac0fdb13f0c974fcc86ac551aaa3d0ce0ffc65a1311551d6e;0x3c4cf20c6e261c58b5fc03b500f5cc7735f7feac7b6e520246fd34810ed1320a;0xf2b1e2c88a701d68598d81a64f4b555a892b2b970eb4b67b0608ea5c2a3da6ec,0x4bf51590cb844d8d0b6346353cc6c48b5a73d4b6f653127461cbb5f28d70ad9b;0xb5f81e22a7f1d67541e030dd5a8703392afc2c7faf771acd7e7a3533843cc3f5;0x4c1be28d9941c17730e55bc909eb774cbb991463466e90fbce0d7f35763a4038;0xd5702e06e1dcda950dec4c563bdb728da867632db6971e9222f883ca691cc5cd;0x013698bc45f11c002066273f5e2e374da030a6494ab6a3231c2a2df4b12c1bda,6.361113,3.591346;3.00321;2.667292;2.608895;2.472058,512.0,9.0,0.0,0,0.0,0.0,0.0,0,2628505600,2628681728,1889.3090000000057,2894.9759999999937,7.131000000000064,3.165000000000069,49.99499999999713,101.0,590.0,999.0,436.49019999999484,1446.9061999999867,7.515400000000001,3.0046000000000586,88.4476000000009,101.0,590.0,999.0,5.809251,3.081467;3.214609;2.649366;2.691219;2.607292,512.0,9.0,0.0,0,0.0,1.0,5.0,57896.0,2636947456,2637156352,1825.4930000000113,2634.182999999957,6.1190000000001765,1.9329999999999694,41.9639999999985,101.0,590.0,999.0,447.37459999999453,1408.8463999999856,6.603999999999898,3.440999999999991,103.40400000000069,101.0,590.0,999.0
512,100,56,0x4417c4cf4f1916d262a0c6fb5068a2b455fa414c355aba40a9ee84d117c37760,0xa6013a254d183c7736bd8f2b7a2889b44c6c43af5777e7cb091869a0fc0e9836,0xff5150dc8c186861c37cc4ed29d037aff0d3c6c21fae525ebd4c6d7c58486c16,1;0,0xd92c8b40424a4881cd1e181f3f15e669796248fea77542bba75c64a43267e446;0xc1d665d49fdbb1ed3357a290e13c3bcf4adfc5ca39837865e78da92b5c915217;0xb535a0e057bb21ed2bde1035b7a5868d64328a8d055449585a0e3773134a01a9;0xf8f6b7635b131480176e3cd4f01e73a45d7de32e79ec57124445c4d6cd6e010e;0x52f25d41dad238501cf66fd7f6715c5c1a191b204d85856a9caa2ad2a2b6a177,0x5617943debe0da46875d4101864612698eed9464238b7b4ec2d06942f6eb43aa;0xceb59253d1dfdcc89a382c7107e9066a1c3224ed12812ae7e62169da8d3f6a35;0xbad47c7104b6d8484ab68bb2cc2053b9dbde0414e98b6fd5b909d08d1208caa5;0xa4bdbc4598dbf59428d910bb2d90d4e6f14b4faaffadf9542c126eae3d4a1ea7;0xe91b3a84c30bc9949dcf3cc19ad5f894c0026f5d7861272d0223a8766f16cd88,9.904485,3.682575;3.198434;2.674704;2.832051;2.617749,512.0,9.0,0.0,0,0.0,0.0,0.0,0,2625630208,2625630208,2716.001999999995,5299.303000000033,4.767000000000139,2.8140000000000716,38.53799999999769,101.0,590.0,999.0,438.2511999999949,1524.8320000000203,6.435599999999979,3.2088000000000427,87.20159999999893,101.0,590.0,999.0,6.85162,3.412277;3.516874;2.715076;3.188309;2.59883,512.0,9.0,0.0,0,0.0,1.0,5.0,57896.0,2638258176,2638413824,1925.1840000000243,3027.2460000000387,8.713000000000036,2.8140000000000716,50.0049999999988,101.0,590.0,999.0,458.0950000000028,1651.2026000000235,6.007000000000061,2.653800000000043,105.97560000000227,101.0,590.0,999.0
512,100,57,0x7ceef6c5b1906a2564de3dcb53d5755712e144f4345de14ce69e0d92f5e0b7b2,0x4adecd6c818a759192e88f44da6ba88efa658be730708a1f44c33c28d70e589a,0xc8eff4bc3ead81c745aede749ff68333648919be84635dd08e3558df9f855eaa,1;0,0xfb49cb725c2a3ca5bd7334b06048888d20c991f9c4d88e25cc61002698f66165;0x9e247ec4627a4dbeb9401f69a3a81e1e7032712381247dacfb315b969b8b4581;0xb176df699a6d2590e3d1d3e48fb14ec1f18de4c3fc6ccda03c44cc5569e02856;0x418734d61a9f7d63e90b6793bd89c73851d55890c0a8cb3b8bf485350797d5a0;0xaf6ea90556caa8a5429c5eca8c7454d9da1f1506696ee72792773fd22d328dbc,0xb5e8c5ed9118102533c787b8e06df8350c17db953da8215db3468b573e8d9040;0x72d01a612925a68d181d6ed12206cf65f20aab3848c6f6f0d6eff3ea55e3faf6;0x3697997078f52b6c5da662d30d9e50032a53f752aee6390ecefd1b9a15095006;0xbe66df63540c4ba7b61cdf6f75b2719d4a7118a10d1268759599c10e797b8fe4;0x9ce93e7d316ecb1b4ddd17415c86a0cb405d5d7a9657849fe061a230814f5a17,5.626026,3.592669;2.995649;4.334248;3.044222;2.854256,512.0,9.0,0.0,0,0.0,0.0,0.0,0,2625683456,2625683456,1546.0620000000147,2852.6519999999555,5.258000000000172,3.245000000000027,35.73400000000254,102.0,600.0,1001.0,458.05879999998297,1547.0956000000147,8.726800000000058,3.796000000000008,88.9161999999985,102.0,600.0,1001.0,6.555849,3.125324;3.000676;2.869408;4.66079;3.125474,512.0,9.0,0.0,0,0.0,1.0,5.0,57896.0,2638913536,2638946304,1672.653000000024,3312.1560000000104,6.439000000000011,3.6459999999999444,50.575999999996625,102.0,600.0,1001.0,632.0916000000065,1750.912800000015,7.495199999999966,2.9644000000000545,82.01159999999818,102.0,600.0,1001.0
512,100,58,0x65471f4df34d16649a0dba1160050fc8a80ec2b6bb3f51cafc23a7cb24591cd8,0xf55a19290b61ca84034301110e42362d7ef827538741ee58673b29ae360e3205,0x986392d8b1c31624417cf74b888b19d71c368141eac35e0530be8307def29e5d,1;0,0x961e9e6d954593abdbadd4815da8817135740d01f5bc4dd2b8b69c0f8eb8a9d3;0x9f59479b591bc6dd6c2dd32488dacb3cfc0eab4bd0e8af09b21a3b3207445067;0xf17a5e30a0f84c7e6240591153bf8c86a69d0a968c9faa0b3dcb03f14adb2094;0x790c5ef94f5a5d2b501bc6650e2006cc2ae5429c9d122953efc17856ca6c0fbf;0x8bca019d205ce512ca72821a3b30b8505dbd46dec4bec2cc691be822d2ccfd66,0x2f3d7439a4c7af510da984ad56f95ecd1c9fad23a0b5f828739c21c497d9673d;0x447e19dee70c393e105111a29f6544e29a6a0f4a7820c2eb17bd78b4f3fec249;0x5c444d1dfe23e517a7ae47fc8819fe01970bb41b41509897d1a19696a9d616f4;0x3d1c94be7d45d471a2da39fd4a2e2016ada72329f4e3f17854f301164870c9ec;0x737bcf2ec07c1af969997a702d42e0e065687260c5e0c033f851c82679510dc3,6.472393,3.294309;4.096849;3.176942;2.872634;2.775767,512.0,9.0,0.0,0,0.0,0.0,0.0,0,2629406720,2625712128,1600.4640000000236,3012.0329999999694,6.409000000000189,2.8540000000000507,38.12799999999839,102.0,600.0,1002.0,474.18120000001227,1727.8881999999828,8.105999999999911,3.5917999999999366,94.51859999999868,102.0,600.0,1002.0,7.337377,3.689565;3.989978;3.306157;3.288109;3.823967,512.0,9.0,0.0,0,0.0,1.0,5.0,57896.0,2639548416,2639839232,2058.1089999999745,3577.096000000002,7.26100000000016,2.9139999999999113,48.72399999999999,102.0,600.0,1002.0,501.89099999999877,2053.6839999999665,6.844399999999997,4.188200000000004,89.34079999999983,102.0,600.0,1002.0
512,100,59,0x58303f202ce234bae74f1b77c67e7cd1eccabf70ba54161b5baa28674008bc84,0x24adbb5573a73081ad7d20a6d06adce6b0cac64939bd7302787561c568cc226f,0x0eae0a8a25514f9c40099cc7ec948a1915c5fa8a4fc1079a0ae3709fa8ddc6a6,1;0,0x13a6e6f058be50b988730a174b89580eb078f4ebfa9bfb526e36874e986a4a46;0xbe5fc8f2b50b8ec1a4653145924805f84fefc58b716644c2c9651a0d97da0b70;0x6e02e7d51a5424ad71c06ad39e492145b0398cf40b2f9b0ce502438f9c4a1756;0xb8b15ca68777e540a6f8e08c52470ef0dc3aa83b050ad3a390bc5621fc71a2ff;0xe24f2063d5432c383f4ef30feddeba2aa169bd7c6d787ea01eb8c90ef82416bf,0xee2e95b6d80111494db56c0b426d1f9ba40e12feb0a79f6941738da25af1e378;0x7fcc622b1eb81e0edb3cc461d241933c6a3477b0fceb7fc537e121f4661e0c12;0xf95c400130e63f659eac2b24639d9f997fd15897f7ac9e3fd9cc367e1cfbe53a;0x74428fbb0ef962f6656f13a4b19320e926bd80ccc39ad53ea33824e388e60e2f;0xa2bc2cfd6f16bdc877082e051f0f337c96bfe38fd41bd4e6577b7acf2b4620db,6.886107,6.409828;3.22192;3.43451;3.280128;4.67389,512.0,9.0,0.0,0,0.0,0.0,0.0,0,2629419008,2629451776,2082.130999999987,3168.5799999999763,7.4609999999998395,3.5560000000000453,56.3749999999974,102.0,601.0,1001.0,511.42539999999843,2043.351799999993,17.404199999999925,12.342600000000026,111.48440000000176,102.0,601.0,1001.0,7.668006,3.970569;3.011442;3.051803;3.227688;3.100977,512.0,9.0,0.0,0,0.0,1.0,5.0,57896.0,2639847424,2640150528,2266.9289999999733,3279.9580000000274,8.502999999999982,3.4060000000000685,275.25500000000204,102.0,601.0,1001.0,466.1950000000137,1550.4526000000185,9.406199999999979,3.2649999999999952,89.12659999999879,102.0,601.0,1001.0
512,100,60,0xed9e175004a89b97dda7bfd9071977c87b650de4972e0d313d804811ca27ea04,0xafec02d4129c26958c6747307de90c137c0e4c1f6b6f34acbb6c7c8ce4676495,0xd3f02f778e2e2539de5a1cc104d3f9d52b82eb8d8a90371e89c3caaa9b3fad54,0;1,0x6ea6a0365ac3391af56c8d900d1374c7bfe3ac55953dde897d802df7f7131e9f;0x5b2af2d70475f7c6a8e886b0ae35d8989fb34a12674ed6f2533d41223c6791a7;0x0661062b9a5890a2d73a75725956b96608e9b7dae67403fef7b5c50daaac21c2;0x48e5f0e2ce83f14d2908931ec8af0161fdbcaee920bd23ce827314fb7e5a89c3;0x99bf1fa6e06403b55eef6632c3f038fe4fe60705ea2c042fc8a9b1cfaa3d6cd6,0x3f1a5733b114b96fdb3765f25cd1c83039c9be34ad77bf0f2b02298a04d25bdf;0xe1edd10c942d286b81c333ed562900658dbc9e423cbc376d05bc5a76f05f8fb0;0xca073630611442896d4944762e875daa507dcca74748f234f7068f1c178d24c6;0x8a9505256335fa4990b7a4bca78a6531418c084c468e4c7a060d41342482b300;0x5e9c5075e3e7bd35be8567d4b54d046a5d2af7069f9972964743e7952ba8e305,7.283256,3.078073;2.746193;2.83744;2.706252;2.55289,512.0,9.0,0.0,0,0.0,0.0,0.0,0,2629767168,2625810432,1945.825000000012,3392.556999999963,6.299999999999882,3.1049999999999915,50.366000000003076,102.0,602.0,1001.0,444.94299999999765,1444.1624000000043,6.295599999999943,2.6162000000000147,77.6611999999996,102.0,602.0,1001.0,5.909153,3.563505;2.882508;2.974682;2.7842;2.551188,512.0,9.0,0.0,0,0.0,1.0,5.0,57896.0,2640445440,2640461824,1679.1079999999847,3036.9199999999987,5.698000000000161,2.112999999999985,36.7650000000011,102.0,602.0,1001.0,470.391399999992,1450.172999999988,6.8424000000000955,3.0025999999999406,83.56380000000135,102.0,602.0,1001.0
512,100,61,0x657c0a7231a9ac7ee9361a450b7f468470bcd12553c5f61edd75842b5ae529f4,0xa406cd11be3752d2eeaa3a3736898b46214105bcc6e66a606b295664df46ae49,0xf3c8fc7b78a9d882b906e8c017c694af50d091fa4d8ded132cc4898586d3c9cc,1;0,0xf2f89457ddf3f2d7bea5fc5c18172b46832c63a7b9a154f8062463e263206776;0xd720db2370fb2ca85f2928dfa332788b18f03ec493ab432a4b4805d20ae87784;0x4db0eab3089fa9fa5714ade977a80d6dad42713ae98d3484be394ce7da35be34;0x8dd66a16fabf4cc61aaaf87f91c0c3dbae9801b20bc7bfda5a6aa2d7fc2c84c2;0x993635f7dc51b1f2c438bd9eb027e934582fc5a7851f74e67af7da6361dca492,0xb5f4001ea5960e4a5c2795a68984e0acb740c3f19ca08d3fac41fb610e103cf6;0xde295315626f1740833bab9dc32d6deee43e0daf9f44ae244692e3ca2f200ec3;0x153db59d2f20c33d5932377c5110dc2e87e60dcf5af9640abb5495a4979f20b4;0x1df30053078a514cc1a8eb80ff7d4690259a24ef6062066af1c8000b6ca8d70b;0xfb9986ee5b5695fcec087ed11f94a69611553fe538e88739ff5b1110a0dfed4a,6.296267,3.138704;2.964492;2.662947;2.650558;2.442063,512.0,9.0,0.0,0,0.0,0.0,0.0,0,2630148096,2630299648,1732.8830000000185,3281.810000000052,5.41900000000043,2.2939999999999072,41.26200000000024,102.0,603.0,999.0,415.7110000000075,1420.450400000006,5.768800000000018,2.5078000000000427,114.72499999999886,102.0,603.0,999.0,6.971706,3.9514;3.066064;2.862638;2.697089;2.709226,512.0,9.0,0.0,0,0.0,1.0,5.0,57896.0,2640822272,2640846848,1858.5230000000008,3558.6170000000416,7.6609999999999525,4.026000000000073,50.31600000000164,102.0,603.0,999.0,458.65200000000385,1616.161599999977,30.975199999999994,3.137000000000018,85.81740000000032,102.0,603.0,999.0
512,100,62,0x89ed4302af303b43b22c1ec01e8855d3126c8e0b28814be809b25cf22ba103fb,0x888ad2f4455159f571cfaad4aeedf8eb1ac770f5e7cc9915eb95dae04afa4c23,0x6c01f5b446f9c60bc6ed67df1585a6934ed21c702ebbb4d1ba314270b8789871,1;0,0xdeb9c648e6b867589f484463c59e1476744fb33d38747bcfc5892b1cd25deb74;0x767568a5e326eba2f858efd0279e3bbaa15076e8ee40e0b30bfc104f45d8acaf;0x0e577a49ce1ba51d44fea09b5630c8658aee3093c4b4d3fa6ed36a8e530465cc;0x0ac70ac38379e00ceb936184a03e12dac0ad5d1f2d208cb1e62564bac630d4b9;0x03363997f8d235b24f089b37033c61fc1104a464e1f3431615eafe6982586388,0xec0efea223ca1d7038ada41ee7640ca9fd7592778cab830c99090067019b0256;0x4de739dff9cb3003552a358b8ecc8f4eaafe64311c655cc01ba3c5496ed85d1c;0xbce08bdd4e2ef4cb9ce099f6b9b1d82116e47aa0818f847b95a8c5459069b9de;0xadc19a1f10399b6c4c128255160681bfd7464997421b638b74670fa565917c1f;0x39369c5e8ab442cabc48e8bc639971b1fb4afbfa20d39581418dff4d0d8f87bc,7.986366,3.544827;2.834857;2.686682;3.396543;2.568915,512.0,9.0,0.0,0,0.0,0.0,0.0,0,2626584576,2630991872,1884.4029999999789,4838.538000000003,5.248000000000232,2.6139999999999586,39.088999999999096,102.0,604.0,999.0,548.1707999999919,1533.601200000012,7.188599999999844,2.810400000000015,89.21860000000031,102.0,604.0,999.0,7.592081,3.637957;3.057993;2.556096;3.133917;2.702987,512.0,9.0,0.0,0,0.0,1.0,5.0,57896.0,2641346560,2641522688,1951.6740000000143,4074.0959999999714,7.532000000000198,3.364999999999965,51.10700000000163,102.0,604.0,999.0,460.62879999999586,1494.9528000000046,6.630200000000072,2.722000000000011,96.46360000000048,102.0,604.0,999.0
512,100,63,0xe332f43f723f5f38c1e6712480b226c7656b4b0e983a692b4311cdc9697cd61e,0x17759d30a6787805c33e28734339f47cb2ca4f08f480c86e12c459a4b849e3f4,0x6f875cdc2b73c1eac33ba7e2ecdbc2b8a4b15d939093a29b11bbd1066e25ffa8,0;1,0xae8cfeb928ab5b195c6f6eda6d99218a7f8b44f34e256558d68c944064142848;0x41a15eebea1d8dcd3835ad440af5927f64d3ed96bd8126fe81202908f9a0e6eb;0x9e5ee7dc41d24d4dfdcf6e51aef870af6d31e13512ef8b1d882c3b6ee5a777ee;0x700e5f02196f672aa8a32d32cf926841cb4f02f11571ccbc4ea6ee200272b1e9;0x6a8933b475193a2fbf1e26011f0abc051386134207cc7a3f742a5614092b542d,0x4899de1340eb477c2254fa23f79dfe7824a2ca5d1cb0bbe28101064e95dec868;0xc5bbd8881c6ce701e85832ef62a673f9ef3c0e01cece3bfa63067c57607be607;0x23730d15f85171f9260e0640cb4cd30d9764817a164d3266d57fc70ddf9e2bee;0x97d5502a00c1242d54f1d8257364216747a569d56d11526b6c47d7487b727e06;0x8aea5fc2ef90277227b9cb8986a52bbd94a1225bcefb2ac22a060103cfdda39b,6.320023,3.678979;3.43386;2.703929;2.57903;2.780644,512.0,9.0,0.0,0,0.0,0.0,0.0,0,2632159232,2627301376,1785.4939999999986,2824.0400000000277,7.792000000000389,2.833999999999953,72.04899999999765,102.0,604.0,999.0,462.4454,1526.0837999999887,7.6394000000000455,3.1683999999999704,102.33819999999893,102.0,604.0,999.0,6.042119,3.260218;6.517831;2.823559;3.966683;2.93034,512.0,9.0,0.0,0,0.0,1.0,5.0,57896.0,2643140608,2643050496,1823.28100000001,2885.082000000039,6.891000000000188,1.9830000000001062,39.548999999999836,102.0,604.0,999.0,514.9246000000107,1911.5972000000036,7.359400000000147,3.086999999999968,97.09019999999957,102.0,604.0,999.0
512,100,64,0xde7c2cc33f4728eb689eb2a849d99605a703687b19e34018698594c4393744a4,0xa504cc76384b77c4d0f28ca0690655772b0ecab0a70e5dacf521bb51d933eeff,0x8d6a9ca7af03d69971e035c39f765c221644ade27c7d7cb0f97af4200f7fee31,1;0,0x52661415a47a09ce47a867906c5e3036812bcf9a43610da9f086238c890d2771;0x0e6fd24e8ca6245cb16824a93cb1e2a0a1405d8a547b593d659611f0295711bb;0x3a87375b7d75acc235e6e95541605d671afc60d8e73ee7e651e855179f69a163;0x0ccbb3dab3516126261e5d064215d7cd77cdcc7f11fe1261155147ef585edac6;0x551dbffe2652dc41e350853f4dbc016624a2ee0c9bc59d6dd0e99a458c17b96e,0x5c3166f90948854870e4d712cadcfc8c3601127cad26a18b080a9cd4ba302c3f;0x6c261f64c265bdd47b41861ffac267ef93b83d4868c757af9b9b133b420dbf4f;0xa1c01f9b78d3b72905577fd78d4ea86cb6179e4af4420677f2b45c202a2cc70c;0x2a44e7368300ddbec873c0d9e8b127f6a64fdb63731689bb53cc958c2c2c5c29;0x930a076c787ecd8bdb0ff88bd48d271bfcb79fdb64777c05846b876447c65de2,5.677534,3.309122;3.102309;2.636026;3.324295;2.895497,512.0,9.0,0.0,0,0.0,0.0,0.0,0,2632146944,2627350528,1563.1079999999797,2989.2489999999716,5.838000000000197,1.872999999999892,53.560000000001104,102.0,606.0,999.0,483.69360000000137,1519.4219999999925,8.344599999999916,3.313000000000014,85.6893999999997,102.0,606.0,999.0,6.080382,4.360718;3.030551;2.900404;3.149972;2.993855,512.0,9.0,0.0,0,0.0,1.0,5.0,57896.0,2640023552,2643472384,1610.5799999999726,3068.418999999989,7.5919999999998415,2.5439999999999405,51.95799999999778,102.0,606.0,999.0,465.519999999997,1672.114399999991,8.10999999999989,2.7842000000000144,94.54440000000037,102.0,606.0,999.0
512,100,65,0x7d0b0b5df90b97b6eda0951cbf06ee13e0838e1747e56fda1d597f5412f4fe80,0xc2d0eeb1bdd7c69977214e602cb0b79608efaea07d84d18b6654319f2f99ee31,0x26a53497fd6bdaf961235b3fdaaac483070a27b11c91bdbe53393956951af421,1;0,0x883fa4562351bb9e0c5236f8ef17131cd95f50c3952251b225150c4bb9a8947b;0x9e0793a46b5b4c65ccd939c4c11f78944a1ba1175eb4b3e71060f8dda4d09e65;0x3b4f3c830cd9da37df1fc76f0f1f306b4d2eef9c12ebd636f843b81b4b851ea2;0xda6c051992f0e09355e9ccef8cd45d809c7714bd947ae5a86e0316fe2f8633c9;0x1a8494ab757cf41aa739a008d734c6197b7bcef2eb3762e1020cfb46428c05b9,0xaea53df15d9dfae469a1072d806f267ba859d1d8dface9839487e8a432cafcd2;0x0e831882fbc5039e8e8f8c0d971f45e6e7f126ba31cc59b7c2bcfb202799efb9;0xe7a6ba8a6023abda21b159cc78cf7872f28316dbb977bff8ca2d9f86ab5b061b;0x2123e08c70f6eb3fa66cbec86f8c7085e0a150321ed4f0d01173c9ea0444d639;0xd783e9ec507d869f7d5e674e849be912fe8e9536344d3178f233efdb7aefcd24,7.085819,4.06414;3.10956;3.08943;4.165783;3.268309,512.0,9.0,0.0,0,0.0,0.0,0.0,0,2632572928,2627375104,1713.6649999999754,4174.1760000000295,6.039000000000218,3.065000000000012,41.41299999999709,102.0,606.0,1001.0,481.92860000000337,1829.227000000011,8.338599999999953,3.2887999999999584,89.2803999999997,102.0,606.0,1001.0,6.33821,3.731238;3.609403;3.529804;3.468071;3.026945,512.0,9.0,0.0,0,0.0,1.0,5.0,57896.0,2640240640,2643718144,1727.3050000000123,3042.6590000000033,8.6629999999999,3.5260000000000065,52.44900000000302,102.0,606.0,1001.0,559.6161999999905,1626.7279999999662,8.160199999999833,3.956000000000055,92.9845999999998,102.0,606.0,1001.0
512,100,66,0xd60dc4633495981ba218a5731a9bfe5030fcd919be71ade29b0709a32a1e780e,0x0006b47b7d3c408f00835f5b4afd505d03d19d0c58b5870f6e3c29b894a4520d,0x80e008487f1ba4b146f39dcfae76852efb0f836926d475791b9574ed77ecf724,1;0,0x2b2c228591bfb38bb6305662b6e5256174027be389b929f77fb4bdaddb6b6b83;0xde21ba8f8766f627db063f0c9a6afae133b4f51bb4342ebbf8d076310592f423;0x693b66b75386adeda1e1424409ae34ca0753fd7ee9e53039b9b0dcecdb6545a8;0xd228177b26d9b792300576d0d94cec27f860fa57ed48a882868c9882840da69a;0x860046a7d94ac7963d29e2ecdd2356c7bebf83712db7cca2790fbcca9351c77d,0x071247c91f82c99209c6962234e7f55b6ca2e323cd2a6233dd30962cc018f9bb;0xd3ef8276104979eb671d28c76d638366220e7177ef2847f07c00b8dde4349633;0x6b80338dc13bded2499bb4163430bf7687dda5adfe27e566e667fbac878f82ba;0x41ac485a4c71ffe7e3af00ecce7b878e5022ce92ea4347bcd503b50463899945;0x0d491dc860a0e6bf76e2ed2511a27d8ffd80140e76f7b1b5af1df142cc034cea,6.286802,3.578086;2.885983;2.915333;2.626741;2.80497,512.0,9.0,0.0,0,0.0,0.0,0.0,0,2627395584,2632646656,1946.767000000016,3087.7480000000014,5.688000000000221,2.543000000000033,39.73000000000171,103.0,615.0,1001.0,495.3850000000038,1459.1124000000066,7.539200000000052,3.130800000000029,84.7759999999989,103.0,615.0,1001.0,7.493362,3.10292;3.34815;2.614354;2.703197;2.933294,512.0,9.0,0.0,0,0.0,1.0,5.0,57896.0,2643996672,2644045824,2370.044000000016,3664.8769999999554,7.871999999999914,3.4550000000000813,50.646000000001415,103.0,615.0,1001.0,422.4832000000012,1610.6856000000168,6.85240000000021,2.137000000000059,79.7299999999987,103.0,615.0,1001.0
512,100,67,0xcae8af0250675019e2cba54804b4c752d4c4887718350d18c394ba2aeef99ee3,0xd9e761ebaf5b710c14f6e955b29e75b89d31f36fbb00c81145f6e88bfbcdb7a5,0xa61ccf1688e06fbb250afbe4cb1c0ef0e88aae37cb451c15a770b2cdcfb103e5,0;1,0x01866fe5224a28462b3df0fb9d149bbac6d45fa903b6a0f46110107a41019162;0xc731822cc8c768f8a91bec26510325bbb74bc9bf263cb2391f24d0ff269b9581;0x66c0de2322fe90dcd4ae93b69c4fd93c994f057ef8c71f7a48a6184da1eb3093;0xd9e8fb1f18253d4c86fc8931f50806f7ed0a5747fdf323d81d6c36f2fd01a364;0x0f619c8b1ed7b3c9a3708c50a7751a6735a960d1aa9effb4feb3606def36a24a,0xa147c6f1613563cda9bc2462558bb92bed1e082dd04cd1a35739168b48c59c4e;0x791f456dc62d0ad4ac7527c543bd5e341b255bc9bfcfee45b901b908ad664454;0x31c4d431b67868a3c978cbd4a70275e3e5d970d04399bace9c8c624c33faadaf;0xb4a7a030ef1a2f414f02577cbeb5d659af977f210e6f10f36a9953c5f1940b5e;0x55572b2d4661689c95614cc18c6f138bc9370672a66bfcfad93cd5bb4ebc675c,7.430502,3.762094;3.166345;2.835056;3.054017;2.693683,512.0,9.0,0.0,0,0.0,0.0,0.0,0,2633089024,2633093120,2395.0030000000065,3551.6469999999913,6.540000000000192,3.5560000000000453,51.14800000000086,103.0,616.0,1002.0,481.89900000000785,1488.8476000000094,6.848199999999819,3.0143999999999744,97.21640000000116,103.0,616.0,1002.0,6.634116,3.571116;3.071813;2.669928;2.664118;2.891912,512.0,9.0,0.0,0,0.0,1.0,5.0,57896.0,2644312064,2644504576,2212.8080000000105,3187.5070000000337,5.7979999999995675,2.4940000000000206,42.7839999999971,103.0,616.0,1002.0,459.79120000000376,1488.5849999999757,11.49719999999979,2.9724000000000506,87.00920000000029,103.0,616.0,1002.0
512,100,68,0xe6e2302bb90983816e64a9a01da9a862cbb929d21e202abf1ba291e827836f7d,0x2a363712aad93eb52ee06abe7fc155e50f35a1989ff3d260eeee903019d6c230,0xe604671c89fe17cf616503bfb5961e81a9e4cc88cc6508387f0aa2e98c04b3da,1;0,0x0e45bffd339a8247bed5bfcd20f51795dbf56c83affd0c63260c5c36897c6b76;0x4835e2ec3a836d1b800774c5891a88541c1ac545422e3bdfb3e5c7bb3c3b35b0;0x1cd2cec2b4f9a98dc5a6c2f7195f4487d0ca9a92b0db58caf30e0d53b291722a;0x52bb0cd3793adf9ef9c456aff13c12e05f5f0c52921b1946aea52bc462ca1f8b;0x934997517ad77dc89e12875771d71f447239e188b3f3238a3996e7b458ef00d3,0x725ddc26bb24f826878db99a4aaf6e596b912a90194781f24b26a352f48b4330;0x706ddbbc7f157684700f4a75b423da01f622cc9211b77dfa999aaa45a730c28d;0x722e87e6f9d8b269f450d1d6cb1465dd864fcafaf7314ea13f9504ea6b310f5c;0x5a1c56b9c78e7cf638ae9e8aafc622fbf609403a964344f3bcf1b5a452e80181;0xc559a65af7f46eb46fd2c5fdef90d1d1af01020d9bfc45da4d9e2ee11f497ff0,6.506685,3.365666;2.9831;2.697849;2.57867;2.948397,512.0,9.0,0.0,0,0.0,0.0,0.0,0,2633256960,2633572352,1756.6800000000105,3649.4950000000026,5.477999999999733,2.3740000000000827,37.887000000000334,103.0,618.0,1004.0,408.2478000000056,1506.6746000000019,7.81979999999998,3.225000000000059,101.35059999999974,103.0,618.0,1004.0,6.520114,3.125665;2.952202;3.281379;2.780378;2.919613,512.0,9.0,0.0,0,0.0,1.0,5.0,57896.0,2640773120,2644901888,1901.8690000000004,3144.351999999961,8.151999999999985,3.3550000000000244,51.22700000000091,103.0,618.0,1004.0,483.43339999999955,1557.5732000000064,6.4277999999999205,2.119400000000042,110.30619999999881,103.0,618.0,1004.0
512,100,69,0xafa5b03d66731640fd10721be24943684679ed218dd5342ba680856d09909c09,0x04b22784791571b063c57cde80a3e84f47374381b5e520e73c73af6741d3cc8e,0xf4efe9a6f4ec0cc3353ec77abf641360603a21b83728b4ceaf3c0fe2bdefcb08,0;1,0x3ac6bac902fb34c75b8e27a47b7eb380c0295f98b18b2f10ba1a4cc561c57f8a;0x6a44a29f59294c9bee6bb222ad668c2bdba76d967b5bfa6c7210bf5e9058b0f6;0x600e128d348aa2707bd7c56532f3b8ee83c69a2c9c2b329f295683bf606f7ad2;0x976c67c99c83258ec1a896f916682af9725f5bb5040d9d0beba1e31750d880b7;0x442dc45e9405f207394127e09e11f695b67b067563bd100bab97836b526e65e9,0x0403c3763f6805a0cff7bbd247ebf0fe02d3f13f97e49528d503746d3bedada0;0x845cb5b83d29c7b9263de323a828c092002dbc86860ba475b52f94e10deb74f7;0xc5ee97debf8df797fdeecfcda9f7b6dd38c0da4da69509eae67c78a810df344b;0x724fc6fe62d229159ea0a49db92767683a0b3f564aadda1907e233cd8747fdc4;0xba8028ec1c19156350747dd1d8282a472aa516e925a4dc4f9232e6f02327f6a6,7.991463,3.010355;3.093215;2.567263;2.799502;3.397414,512.0,9.0,0.0,0,0.0,0.0,0.0,0,2633756672,2633781248,1864.9620000000255,4440.528000000055,6.759999999999752,3.846000000000058,51.1170000000033,103.0,619.0,1006.0,436.2520000000036,1619.3962000000229,7.217200000000055,2.7742000000000306,86.49460000000191,103.0,619.0,1006.0,6.854278,3.959632;2.812117;2.976885;2.776788;3.132895,512.0,9.0,0.0,0,0.0,1.0,5.0,57896.0,2645336064,2645336064,2232.807999999975,3250.2420000000143,5.43799999999997,2.272999999999902,43.59599999999991,103.0,619.0,1006.0,471.04460000000347,1593.7499999999939,7.713799999999916,2.760000000000002,88.14700000000092,103.0,619.0,1006.0
512,100,70,0xc4b3bf2694801d6960d1f0ee1934ea6911dd3e5964aa1e1588ed52e887af873d,0x54d06eecb2c54fd34e3517d21a9a25436ad86d82949ba68fba0ad2b71d82e649,0x13a30008c770d980045e7af7f67d4bd340b3c050340c3373c94d16762b8e8105,1;0,0x762c3e7c719ec01a8c88cbb12530394f67026e10efba63866837c26f16fd2f3c;0x7a514ebdb1b32d1d052cd6ea06c4238bfb4fd3cc601b6b08fbccf06f08cb8242;0xb4eb0b8b804ce33cabf8ef4244226c89c94618c1182342f3f3f1def12b1a2b36;0xe411a61223c326f6dcc14c1287f9f596b3cf257fb9be4d00b5bdf8e59fc29a3f;0x847e9f4aeee5b8d93aefe98a30c1cbe9bf13111962d02f24b32be33b3a691a0e,0x4aaa35826e01d417cd648b023b97e16ffe08cfde06541ba10d3de7839283777b;0x7b8d95a01e27b3c11ef61b04a9177d96844f8311efef0e7db9631d9e1655f116;0xd1d9a9f8e4c8e5361d0a0a78091bfad6a424b93bbf2903395517e970520488f2;0x3e1202601a9d3f71b3fefc0518d91a817722bd8a320527f179e55ab0ff8b4eab;0x7807c20ca716409457d60d4bda56ebd452f30d528e66304ce0702169ea5aa270,6.77885,3.171363;3.163152;2.554002;2.645681;2.513251,512.0,9.0,0.0,0,0.0,0.0,0.0,0,2634350592,2634350592,2035.169999999975,3492.826999999976,4.646999999999984,2.8439999999998933,40.74200000000333,103.0,619.0,1008.0,431.65120000001616,1454.800199999995,6.171199999999849,2.2974000000000254,79.02160000000102,103.0,619.0,1008.0,6.840022,3.383123;2.90424;2.65837;3.04321;2.712391,512.0,9.0,0.0,0,0.0,1.0,5.0,57896.0,2646188032,2646204416,1821.5169999999948,3547.701000000014,36.37499999999995,3.0939999999999266,50.406000000002834,103.0,619.0,1008.0,472.87360000000115,1489.0161999999928,6.125599999999912,2.48000000000006,88.83399999999875,103.0,619.0,1008.0
512,100,71,0xaea76ebfc3e7a1103509f1dc4f905e0136dcfca5334cc08a27dde09e51dd6dd4,0x54eede5634852a901dec36e241a601430b230fbebb411d3e6fb8bc493a40cf62,0x449dcd5f3011839bea1127ab6280d04e8379707f77f24d919a57bfd8bf640a99,1;0,0xef716423d8a0163397e87c80c890f41b0191d586eb07492864e6abb106d91743;0xb9f57132ad66168ad288067d130374db3cd35183bf966ecb0dcef1015a6a7cb5;0xaad5ef29cda1c7bed741d8c274f6ee6f50215ebf48f95aa449a5b379f84c6435;0x492fbcd7d1f25a16cfd0c4ba5c399c152775878ac6486c4a9a6932ddcd60eaab;0x0b5847fd2756f44634bc56138580bb18730d68473b8574c02b275e770f7e94c5,0xadc976227049ecd670da8ece248909a9ff80c1757a142da868c30ebc2bf922b3;0x419a4a71d52be5b72ceca19650163c3de16775e804a38de14fbe9071750679ee;0x6ae90adf14bdd08e14a69b3bd91c68808d9d2d7acbdcaf4a224fc8f7675b014e;0x9d01b2d8274aa2c8c157880eeff6b962e19daa85e8164efb2eb4908f7085e817;0xfad45f0503de53ac59ee2da7de11da022d76fcfd9fe2d0e3048f11fb3a4294d6,6.427154,3.657327;2.887576;3.001172;2.827515;2.595936,512.0,9.0,0.0,0,0.0,0.0,0.0,0,2629804032,2629804032,2121.3500000000217,3070.5309999999877,4.315999999999868,2.9839999999999294,38.33799999999887,103.0,621.0,1010.0,452.9592000000027,1558.1504000000025,8.078000000000078,3.1868000000000003,89.9395999999983,103.0,621.0,1010.0,5.725991,3.139615;3.452357;2.775165;2.928386;2.792152,512.0,9.0,0.0,0,0.0,1.0,5.0,57896.0,2651168768,2651234304,1583.5479999999902,2739.3519999999726,6.27899999999966,3.235000000000087,51.54799999999848,103.0,621.0,1010.0,492.46480000000315,1621.6000000000229,6.679599999999917,2.649599999999998,87.07539999999874,103.0,621.0,1010.0
512,100,72,0x70bbdf7a0ca83ef2a99dc15c76396b79c5f1d62993f6e09ad00491c66b3e7ba7,0xaa70c5a1747d6d2e6999f2f838b8ad534941bc090c063b6485845d980e2e1c7e,0xd9c348a2a7e8d357a623a59c6a499f6e1918c6930f676330c3180c28c4e7e690,0;1,0xaf0df3cd26128761a6ee8d8cd2729567617dda5f24188ba901ecc6d7581e724f;0xba3bfa9e0a6c9934e211915bf486008fb88575626c10a1c45effa5abb5b1be21;0x4407bb50c37332a3d0a3e95c8403da0f1cefff89d1d36728b9cbab129a5967f9;0xae1f265e4507cbdc7e68d5634e9b4c0788a182e69048d73754252b8c71360d3e;0x9366113cd494ecc22c02926f416ff913120796a5f5fb8649ef383480b02bfb69,0xeb216aa9ff68e1bbf5e4ce20b992063fb6f47570f2b687257eaf845ce23686c5;0xef6906a0f16d582e64fa00a5a45c198c03668222a054e33d9e77e924bae2d6b3;0x1e96abb946f20bb680328377ebf59c8343e063ec005f6f1c998d12242cc47429;0x1bf8bfde26934088d9ae04c96bdcd56ffa7a926837a814d30743a69189a0ac0c;0x46eb0d016c2989d0e41ef611e2aade2701a3df37c9e0343b1bb4b20cf213effa,6.921214,5.740383;3.333753;3.638362;3.478907;3.2223,512.0,9.0,0.0,0,0.0,0.0,0.0,0,2629804032,2629816320,1958.3839999999798,3448.0500000000357,7.7719999999996405,4.096000000000091,50.816000000002134,103.0,623.0,1012.0,836.379399999998,1660.1262000000006,13.167799999999966,4.672800000000023,120.81859999999861,103.0,623.0,1012.0,5.975983,3.547831;3.42182;4.765638;3.795745;3.201659,512.0,9.0,0.0,0,0.0,1.0,5.0,57896.0,2653237248,2653274112,1541.805999999979,3051.1420000000066,7.051000000000106,2.042999999999967,39.98000000000196,103.0,623.0,1012.0,576.8038000000031,1801.7998000000368,13.616399999999938,5.135800000000004,218.3493999999994,103.0,623.0,1012.0
512,100,73,0xd570303b2b458e701fb2eaca6232831ba57f79d6875087baf1ce63ca5974a281,0x6d779fdf459920a9495262d069e05e079682d09d3413f00f1747ccf663283072,0x6eac7200a927639b565063988bd9116f869d67a8ec7e8992bffa4a772103a7f4,1;0,0x27b5d435f3840b60e501bea590474a1ec05064647e0986a138508ce00160f216;0xa07c9f8d4a14090eee08fc9ea225c8aaaf87bfa6ca8ca1d0a9bd79290a6dd512;0x13618f61c2263c6ef1da759380daa482a782054c4c011a0cd08bc70cee0826d1;0x5baa5e2aca96d55000ce1685878bf9da04b895b266326f75b902b5b15959b531;0xd1a2570e2dd94d1ab84948aac3b067ebbd978bdc3997b006d4d949d0ba046a0d,0xe4416f1db87dd4e6c6c5c437241847b3a00a9f4226d58cb90e9a21905ca644a5;0xff3fb9d1410791a2f0968c24f575ba8642c30b106c03653998114443322216d2;0x8daf65f8bd17e69eb276e92b336e64d0f4fcb5f11e36729bbd42d07085c7a219;0xa5f7ea46b8004545b3596ff5a1a6ffcd046b0aabd763d599054591a054ae4689;0xc113f1c20a309b4922dd372e578f4a6ddf107a054cd44580c333e2ccfff104ad,9.928605,3.471125;3.052685;2.956149;4.453237;2.88423,512.0,9.0,0.0,0,0.0,0.0,0.0,0,2629820416,2629828608,1866.9960000000096,6595.1979999999685,5.228000000000351,3.4749999999999623,39.259999999999295,103.0,624.0,1014.0,462.82220000000154,1862.7296000000238,7.511600000000007,3.3733999999999678,87.86239999999945,103.0,624.0,1014.0,6.652093,3.284313;3.073746;2.778081;4.07762;2.893254,512.0,9.0,0.0,0,0.0,1.0,5.0,57896.0,2653548544,2653749248,1724.341000000018,3160.2059999999988,6.7210000000003305,3.5960000000000245,51.73800000000256,103.0,624.0,1014.0,483.7175999999999,1691.419000000005,7.415399999999815,2.526199999999942,95.92059999999903,103.0,624.0,1014.0
512,100,74,0xc4415aa3707754d39c03b53bf174fd8d09cd3343d32ce6eb3d83ea9ad69920ed,0x4b9f8a17f66f2da7ede9e964e6d376bb24d57150d43a8160135a9aa24c9d82b0,0xb6c54487024479525c217cfceda4af21840413e04cb50f0b2c12e570dcde4462,1;0,0xe8b92cb040a50b37d6b4eaa459f15d8928d94ddbe8e585e144fc5b4ac314e70c;0xfebf7c397f6b7b7cb0de639ef7ef4a1965ac7e97cbd031b761495d4e88dcc210;0xbce6ba2635f6184e463609885acee63949aeaff497110cd17169291c5a0143fd;0x1cb0b4bdef8f1eaa1a3ee778038da75f624c7f06a7f9ad67777041b1ebf4dd35;0xeb10a8f8f9cf27bfa2d8ee2f612e6dcd01a76c2e0cab0f1fe0a5282ea61da1b8,0x64588fb221c7caf10fe259cf77e8eec5ccc13b2f4d2747bed560ec1ec6d2cfeb;0x18ab41d50db74541ee3af468fff50c95cdb6ae1c0ebe59f77971c5603d93f5e5;0x01548ff85b4beaca152b399fedee191c3718f14adbd26d5d77392500e5375ec7;0x5384d8f28e83e5e29a681c0e222c657d9d7c3fcf642e0fd21ec8568ffbff969b;0xd06d32614e63c3bc619e1e2e876f64389bd37cd4b6ba13f5fc7874aa951b9b4d,6.177447,5.115626;3.111173;2.687584;4.047846;2.661244,512.0,9.0,0.0,0,0.0,0.0,0.0,0,2629828608,2629828608,1707.64499999998,3292.215999999959,6.410000000000096,3.1639999999999446,65.75899999999857,103.0,626.0,1016.0,767.5096000000048,1572.6517999999912,7.2589999999999115,2.720200000000004,86.43440000000031,103.0,626.0,1016.0,7.905864,3.93196;4.445625;2.761115;2.910099;2.904531,512.0,9.0,0.0,0,0.0,1.0,5.0,57896.0,2653757440,2653790208,2419.1889999999885,3897.6979999999494,6.71999999999999,2.7440000000000535,51.197000000002824,103.0,626.0,1016.0,499.87240000000094,1641.7041999999826,7.383200000000111,2.656000000000012,90.08780000000077,103.0,626.0,1016.0
512,100,75,0x0e38824c4b76c619af165750860e951bf7b3d114d60eea3cd09132049bea63db,0x7030bb7821db7447c5cc01998ee149a65d2a73d7eb4272cb8df78ba97103753f,0xf901e78f802d84b1601a5f2178bc1f296f7cf69f48d2218712fe1d57d030ef3f,0;1,0xa6e9cfbaaa4f432ffd35bdaaec68c0a0fd93ae268b3fce8766aafc652405e9e1;0xf1bad889f995527b54827fe0bcf82c346286bf437d6be174f243295566396369;0x8f8f433dae606c1bbe97a3afdc3629aeb017bb395743590e9a41820153a39a26;0xf94cbb5b4babd6d2e47246c1e1ebeb35cf582a14468bdb083ff405ff293288d2;0x763437c9fccb26fe45f5b3ad01e5be9d759f0bf1c089b175647b74a8319784e9,0xfb7a8f6d7439d7c080a2dd4d72482b9169e5043e4174e58228baa1419304429e;0xa5e76eb7c7fb6e402dbad5787e6b37694aeb92d41d38beaf2d877319c6d6b006;0x1ed6c9e823e2844ce93b51aa4df53673df708771d8c8ca70d4177a2ddd53f6b9;0xa07bef49387b2a1cae6be059037f5705d201e39284e287c0493d8203ec902816;0x6a4058e6dd609c6ea6c7b2dc01f71227191a7ddeac9a5a5d064f77eb4d6c0f51,6.208685,3.721353;3.204793;2.707554;2.913414;2.587062,512.0,9.0,0.0,0,0.0,0.0,0.0,0,2629832704,2629832704,1730.300000000018,3157.6519999999555,7.260999999999726,3.1239999999999655,50.52600000000213,103.0,628.0,1018.0,457.85660000000615,1565.5573999999729,7.104600000000169,3.31699999999999,87.67419999999997,103.0,628.0,1018.0,6.343888,3.110512;2.832662;2.925302;2.949799;2.944781,512.0,9.0,0.0,0,0.0,1.0,5.0,57896.0,2653798400,2653822976,1985.8950000000152,3278.925000000044,5.638999999999991,2.8140000000000716,37.09600000000035,103.0,628.0,1018.0,455.6876000000098,1528.487599999995,6.050800000000079,2.0912000000000535,91.98659999999914,103.0,628.0,1018.0
512,100,76,0x6c7d0a9f0f5424ab7d160ec7e985340ed81875a38a7405bf2da33d2efd209ad3,0x49fc488d5b2e87e8a06792bfb3ea0b4ede1ec46cd0239f68db978ade11f763c2,0xb080e20fba5c7ec976b47fa2f47103ba72b74ab8e21f09070a2298035c889129,0;1,0x8c20101aebdf58758c4683ea767abb8c831336d58ed1d61a726f7e7a8790a401;0x1260d477fff5fefa9aa714fa9e0ac98e703942bfeb3979fece92abc045ce2f81;0x6e47f3a4d83838c59f3a658babdecf23f1dc95577cab2172ef8ee813b4fb0713;0x942ffceafa5b760e3bdd532d0245c6fd5bf2f9db7dc658f06a1ef81f3e68ef82;0x72ed7588341f07e36bc66bc8243267025b69b8e21a6c410b0a273c41f94eb3f6,0x605ef9ef0ddaff8d17f01bf45de8a121d3ed726419701bc6e60bfdeeff44dc27;0x6654a92f7834d89c5d8edb66783d7aee36fab9b56daa10e434bee6e70d4fb775;0x1e5b0b9b57defba435796b2e410c0990c95053d4c4f45afc652dd3e12bf40dbe;0x811650bf7073fbc566efd899abd8ca9383bef28217f36c7aebd849c40ed2c43e;0xd3c925c93523f4729ba3fdf158abb9a1214a62339f7f3ebbe021e10a3ed52ab7,7.638772,3.456604;2.940124;2.683668;2.914717;2.622535,512.0,9.0,0.0,0,0.0,0.0,0.0,0,2629840896,2629840896,2045.925000000004,3813.5780000000395,7.311000000000297,3.1950000000001073,49.21399999999881,103.0,628.0,1018.0,468.78499999999383,1520.873800000011,19.415599999999916,3.2973999999998984,89.83339999999868,103.0,628.0,1018.0,7.900946,3.338775;3.117312;2.841385;2.704549;2.70562,512.0,9.0,0.0,0,0.0,1.0,5.0,57896.0,2653827072,2653888512,2388.533000000026,3513.7600000000325,7.741999999999819,3.0139999999999683,46.910999999996704,103.0,628.0,1018.0,481.77440000000126,1504.803599999982,7.76979999999993,2.2973999999999823,84.9084,103.0,628.0,1018.0
512,100,77,0x77e6ecc6aeff481458e4f2e3fd58bafec9d39dc066de4d81ff87f674d42af833,0x40c9db1f36f8566538206a4f5ed4ad6388268d8a4375c438a2733f4a5a0e6b27,0x31a91842ddc141173e6c223ff230f5b99d8fbfeb3a9d58cf7342edc4727d2ee9,1;0,0x306366da00fcdf9187a4357f4b7661cedb27749133718bf6ac9883d2e494b283;0xdc60ccbccae2a455fd28858f39bbff3cb5c06b28011a4140e2e44e7da731f1c3;0xfd7eee6febb06041af2ec6f65c517cb0b93fb07f46d3709d6041c326bd2978c0;0x51a06a9caa524f4efa142b1a8b3d37a7d2785ca3f3ef529bced4c844ad165d30;0x035346b4495b5669796d959ed0896f78ed8103c7d9a01fef2ea72071569d7b8a,0xc94e09107949e8e1962fe61e2b2a9cc0ca509c18e18688fddec5c06c3edd7de9;0x213869a15bcde6858bc0284775f39b32234960aa9588b8f78ca7fbd16c43fca2;0xa02c1e52260978188efcf55d63525c9784d85b7907617054f6e8ae16eef60e16;0x39ce70ba5f0b4079accb9e0e87866e78ef5d05169ff4d412428470c3723b3904;0xa98fd528771d38867cabb08b2443d7bb17c79b384f2740e60d4a88eb111ee1b9,6.473053,3.834613;2.834115;2.624548;2.623858;2.645005,512.0,9.0,0.0,0,0.0,0.0,0.0,0,2629988352,2629996544,1680.4750000000147,3604.9769999999535,5.518000000000363,2.4429999999999765,38.46799999999983,104.0,634.0,1018.0,429.3793999999962,1449.578000000007,7.259400000000047,3.409000000000051,92.24720000000075,104.0,634.0,1018.0,6.900597,3.404345;2.67184;2.900679;2.775366;2.58239,512.0,9.0,0.0,0,0.0,1.0,5.0,57896.0,2654216192,2654359552,2043.126999999978,3495.252000000004,7.001000000000403,2.8450000000000175,50.53599999999686,104.0,634.0,1018.0,479.0043999999938,1494.255400000011,6.533600000000091,2.3896000000000246,79.61559999999923,104.0,634.0,1018.0
512,100,78,0x1c1dd5e6f04ef6f9f194bb173df58571cc90f84bc59402ff6563e6a63143cfaa,0x60f2d298a62533a0b05e6ef4be552371bb31c527b5468318bd31235ab75b35da,0x2275c1af64d2ca511367a7befb7263c90a68c348faccdc7dbcf5677b7028f08a,1;0,0x120310631fcb12f2b0de8259855374b86075717142f2bc4741210503cb5897ce;0xcf491ed9990434a87825d1a9d6a49f9a76483cfb242235133004435c2b300e2b;0x15103c5187300ef5863d24442fb1628629631fdc416b48901f97aa49473ba158;0x7cbc8915cc97c0908b107c55a80a5660eabbe849cdd5a16ad3027b977434534d;0x9e962d79d39a4bebd0bce0fb9aa7342d88175a2e7fca67a0e4b9d5874cd836d9,0x5edfde2fb34679e72f385d1c298daec0437e0f4899f2503de4b7223e20ab5bc2;0x6a467e9a341017d0ea388b25ae51a59dccd1f06728af2066e0ec6788ab7297cb;0x0962bdeead34d8469fd680cd62fbe2c81463817d5cdb34622277f693906669c3;0xd8f6047ea0054ebef79966f41560e527d7d9e55343ce211f00c42ba923690e94;0xc4dcff83af7b7cca140e62a8c9227f8d0682f1c914286df95aff91caf457b586,6.826817,4.190421;3.817073;3.608723;3.123891;3.446238,512.0,9.0,0.0,0,0.0,0.0,0.0,0,2630520832,2630537216,1920.1959999999851,3699.549999999996,5.708000000000101,3.585999999999867,44.27700000000229,104.0,634.0,1018.0,491.10699999999065,1741.198399999999,8.206399999999974,5.172000000000076,97.52500000000109,104.0,634.0,1018.0,8.065335,4.50883;9.665158;4.359215;3.774543;3.362062,512.0,9.0,0.0,0,0.0,1.0,5.0,57896.0,2655072256,2655019008,2117.3039999999864,4269.218999999991,7.331000000000178,4.106000000000032,52.78999999999701,104.0,634.0,1018.0,609.9641999999905,2802.1285999999977,10.093199999999976,4.228399999999963,155.5127999999989,104.0,634.0,1018.0
512,100,79,0xff431b45aa0c1d35fb9ae29a56a6452b41bb1234aa6706012e355491eb16eae7,0x4decca973824e524f24a36b6b17bcad056a283e58280db518d2e0f071ec5ccd9,0x589372ffd24c1ce9b3d27e37bcb2361100960346942cd3a70d4217d6b15d739a,0;1,0x6a5af741bdcd03c429a6e08b532315599c6a2edd22172d0d6c9dd10660a2d925;0x52a55eaaccb51763e2d9e488e57e1da159145c7827968306961f0a3a9df84a8a;0x24d5bba1a6937893d57daa0ace37bf14fb752aabcfe1773f717e077af8c90677;0x06bda57162882990f0ccc8953b75aa4f41776566122e81b6aa96802721652dd7;0x88c866700270939c045f7c095c610951f2c3814ada09f0584cf77d6c7ff0ba04,0x550048db5b0e5bae621a2fb9b8dd92bc329b4c5ac62bc751e1becb558acdcdc7;0x6cbd724ed7d324ad99a86a847a1b69840f12bf8696418a5708610d5a871e6f1a;0xc666154c5cf9922fd046c69f67d575833d432ea16fc75799982e5766c5778a43;0x1b781ddf5fc81bde5b4cb1cbfceb52834dd4b0d4ac8fd95e8fabe5ee5447c120;0x4bf90ec2cfa478f36beabad3c819e1bca44f6303f5132ca7144f4c735a78011f,6.439262,3.087778;3.17905;2.632255;2.854936;2.897731,512.0,9.0,0.0,0,0.0,0.0,0.0,0,2647810048,2648035328,1638.7010000000203,3367.9199999999687,7.110000000000276,3.615000000000215,50.30500000000049,104.0,636.0,1020.0,414.581600000008,1562.6351999999733,6.525999999999928,2.7101999999999333,80.43159999999993,104.0,636.0,1020.0,5.72159,3.808325;2.848076;2.701304;3.02991;2.649626,512.0,9.0,0.0,0,0.0,1.0,5.0,57896.0,2656870400,2657071104,1829.9999999999982,2697.3190000000313,6.558999999999732,2.033000000000026,39.98000000000196,104.0,636.0,1020.0,468.7092000000059,1498.1818000000092,6.816399999999903,2.616000000000033,86.83280000000015,104.0,636.0,1020.0
512,100,80,0x3766c3ed2d5f5a687fa4ac6fca77ec0ccda255874dc2818e489e5afcafe5d6e0,0x847b3d66a4ceb7b18d102829db0a58c40b8e295b45a14060ddda8e512d054f8d,0x54349eb4494c6b828553fc5c8c48f256c5c5de2ff6b90ca603455420ba572d39,1;0,0x51b0bff86ab97bbbdb2cbc130e089229cd8ba39fe71a85529c78e262a5db603b;0xf8dcc81257638591eff281911ccf56396a1b135186e8ae5dd5750d09c18c9dbc;0xc92ff2316f5ff087e9973dd928395cd900129f5d4cb824566b5a029d6315520a;0x06e50ab05f21352502c27324211741a859060ec720758db87ee2c52c07af838c;0x358d2f8caec69bc6c98e31ee0f5ed1d8177dacb0c8fd1f9c95bf659aebdc6595,0x589085218a6f522d1fc106af9f7a5e1e8b96862e3f48aa0619d13215dd7a5e4e;0x6dfbb5775507ff3f1d7759aa4f014f87bfedba017cdc884bb8d3dc888a6bece0;0xc7d415f0e403e18cc833ec582ce3cb7289cefa83aabcd17ca0fbe386523ebeeb;0x806f518aad04d5f94f5368aff32b99f7c2ad9d5e97d4ca965856a5496f273055;0x1ea1416dd461f2254a3c23945195c6fa9e05787fe56aa539d83b0b3df508831d,6.985096,4.048697;4.515421;2.961246;2.979885;2.779332,512.0,9.0,0.0,0,0.0,0.0,0.0,0,2649927680,2650013696,1628.707000000007,3923.9680000000553,5.467999999999792,2.714000000000015,58.75899999999851,104.0,635.0,1018.0,464.2425999999977,1611.4387999999867,12.46459999999991,4.072199999999998,129.26499999999922,104.0,635.0,1018.0,6.681859,3.882175;3.785279;2.966534;3.371416;3.135579,512.0,9.0,0.0,0,0.0,1.0,5.0,57896.0,2658271232,2658324480,1641.9870000000114,3507.6809999999846,6.739999999999871,2.803999999999914,52.52900000000255,104.0,635.0,1018.0,526.4477999999962,1763.021000000009,7.661399999999916,2.2436000000000247,99.71640000000087,104.0,635.0,1018.0
512,100,81,0xd673a5e4fb95826cabad0a26b5753cad11a4561b0550e73887493d7f554afd95,0x9f0f6361506616108b496d7f78b8430d6f8a4e554bd51662296b3086a6e53260,0x1df560b0b580846fe7f1239b4d4395415c878948e9bad84f9c6b6a1e1af67e69,0;1,0xf4c0996c58db8e37c69ed656f27103f4697e0577223dd2db4de42d93d7c695ae;0xe6653622f690be00f41f7afc32f979905ba774deb76a7c546e85730daf0346bd;0x24ad23f1e62c468eec1eca814b80dad149708cf24ebd88cbe072470c2c3ac6e6;0xdf4f9f39c0f805f692cbddfd07630b53fcf628a2747581e9e44111da5ec661d4;0xca9a69aa8f037c4bed9ffac8a29cf9438ac4cf7d11b6e3147e40b55a26b4bf01,0xb216fe9429480e4c26b7d7a5cab359bbe09e9777a15073e5ce3a853a00f181f2;0x994f907366b2f0891ed8eebd3ff0985e8e0a40c91fc8bd3287d299f354e5addc;0xd77958c5d32f36080df626877c29ae8e1988de6f059dcf9edfa50b505ea138db;0x298e895d3da7cf65656333592aeed07101ee34314918269a7e001b7fb837c961;0x666bbb3a0c6e06473748d7fdec3d22186ee59469c042b79c03f677aefd29c37d,6.811904,3.554261;2.933435;2.741054;2.772782;2.618319,512.0,9.0,0.0,0,0.0,0.0,0.0,0,2647568384,2647580672,1880.7659999999782,3506.8099999999713,6.960999999999773,2.8540000000000507,52.319000000002056,104.0,636.0,1020.0,428.79879999999645,1510.8714000000134,7.3129999999999376,3.278800000000148,85.78359999999869,104.0,636.0,1020.0,5.961682,3.2155;2.772091;2.63871;2.971513;2.802227,512.0,9.0,0.0,0,0.0,1.0,5.0,57896.0,2658852864,2658906112,1643.528999999977,3046.9360000000556,5.989999999999989,2.1330000000000826,40.53100000000337,104.0,636.0,1020.0,464.18639999999954,1477.0815999999963,6.87859999999995,2.259200000000053,81.30660000000012,104.0,636.0,1020.0
512,100,82,0xf2fca3147cd853583feaea6fd30d598877e7a6ee2032d288f097edd163e87589,0xe8888182fb3377ea1792df00125dc8bdccd4dd56422ce4b7aa6f22754f55e156,0x9dc4e14efc3d2fb85d3976de434521fd6baecabb601d2a69ea08f64b30c1cd7b,0;1,0x2b64b2c6b3f8a8c4857cec656102aee51c17ced1cb088ed671fda0a3ddac9239;0x2d5467b4e5325a8fc2d2b73c3de827218ad54366022e58cb0529b7da7aaa931c;0xb5f361ff8052a0298c69f3ce77e114ed6cef7fc51d203e7b786be7701858ae09;0x39b0fc5376c427e614f4a08beff3afd407c8c566496f0ecd7355fdeb71a6f289;0xdacfa2810886e11c38cc69405fe7c9b34e1e62d4d6ce38d13d1e902d93c60d00,0xe4236dbcb98d0c0e760e49b4eece2e932580a4954f8e712c1599475c05caa471;0x94be62556c09bac90502fc4cd8b1289b352568e2052d06c52ce1144a6faa559b;0x8a6904481cc7c71de6d89633c379eb67cfaa5692e534247cc36ba0dc6fd78d9a;0xde09f8529c09bcd3b8a449d5372a4839c315af1971c805775161f33ab8135178;0xbda0a95f4f18b5e7c66737733270053b9b09ec794c42538289d5b23d6b45c759,6.966086,3.503754;3.095037;2.882658;3.088067;2.53952,512.0,9.0,0.0,0,0.0,0.0,0.0,0,2653224960,2653323264,1811.3519999999883,3672.5289999999245,6.2889999999996,3.3949999999997873,50.50699999999825,104.0,636.0,1020.0,458.25300000000846,1567.075200000012,7.048399999999913,3.102599999999997,92.27099999999794,104.0,636.0,1020.0,6.030014,2.970389;3.042229;2.729807;2.775496;2.610777,512.0,9.0,0.0,0,0.0,1.0,5.0,57896.0,2659115008,2659274752,1694.2750000000228,2985.4529999999713,7.031000000000224,2.052999999999907,45.26900000000056,104.0,636.0,1020.0,470.27920000000114,1463.1786000000257,5.884800000000023,2.7221999999999924,80.41499999999897,104.0,636.0,1020.0
512,100,83,0x404f1ab7afe0797a717f2d73cb3b8af3c33216387c7de14fdd44f8f7efda3a6b,0xe680c56e75ee1d85747c98fdf00ec854d6612d8808f3024b4a6b99282d75f96e,0x93dd0f3962c4f78e993ff9bbbcad1736a9f9fbdc3064654ee8555a97ff11c2f7,0;1,0x277289e9c1260a89744d28704ea050c89b59c88bcd7f4198cc963bdb76aa3883;0x608dcc6bb92073eed6f82e91a83fab50ee9c139336515b61a7454f0db3ac6120;0x11c586b5cdbe6926b364871e2fe3790cce9d93beaaa86b57912da1b1a8db2a3f;0xb6a826b9c435ed2d174fac84e5452f70ef826b3c2a1ee4f61cb40b248e371b0f;0x029c2ccaff41b8f86e7705faab867db7f2131e8246fc6cdbb3e20db8b3e14a3b,0xe1a0ad03adf72db37e75ec02cfad9306784753c643920d5c5f0fa749738002a3;0xf63ef995ca20c68bda204ca1aba7514e803a823f0809548f10a20eaa94fced1c;0xef53382465b727dcaed54f6afe2eb956fa15bc2854143b410aa9eb4962efa128;0x0e19281a0f7d9d998ca1238c97619674173dd0e0a4d16d807232624e2afda1bc;0xbc090e8ce7b62e06967804c216943a2c394f3e155487c1f781be30ef11110c1e,7.992575,4.167164;3.055243;2.887004;2.960675;2.661504,512.0,9.0,0.0,0,0.0,0.0,0.0,0,2648309760,2648317952,2533.45100000002,3885.3199999999697,7.201000000000082,3.6849999999997998,52.61899999999681,104.0,636.0,1020.0,417.9703999999895,1644.5784000000074,8.222600000000122,3.0908000000000495,111.86279999999965,104.0,636.0,1020.0,6.58455,3.525572;3.080867;3.059374;2.935878;2.745982,512.0,9.0,0.0,0,0.0,1.0,5.0,57896.0,2659463168,2659790848,1751.551000000018,3487.4499999999475,7.211000000000023,1.8929999999999902,43.46499999999948,104.0,636.0,1020.0,498.24959999998924,1558.103600000038,7.461200000000168,7.405400000000005,81.55300000000088,104.0,636.0,1020.0
512,100,84,0x565b8529e53a9a93715dab5864bb0ac081bc4b554b393160db853fa29d4f7341,0x8077c0d7aab081e197868719b6cdcfd30fcf0419faebb5fce22404036cf11989,0x698b0a892f2957e83483aad9683200540f6019fe70b026fe86c52839b5e85a2c,0;1,0x437956ed9bafa5582dbd15696a5e3cd83352705270ed01c308ba89c7263cb0c7;0xd7afbf417efaecac913680506794ad669be75237b77667a63c0ad893af2c7395;0xf4d67629a46265c87ae19e70679d90d504bcf5a8f33008e0e060851311662d19;0x2897385e98fcac1557c59ef1873d638cf92eae9c83f45983256b3740cc3e6be5;0x9e487e7c3a0954a79bb62b85de69d68371503867ce6cfa63cb344863cc1a8fbc,0x8a1ed5312e4861fed7431b46e6710f480293f64b5d07940b111a45650eadc9cf;0xc092560e6fd175f6eac2aa78fd676e6bdb13702c45d63028b502a2f20ebf1bfc;0xf1620e395008480a3c15905e889eef64e4966aca85c85dc24f0f359a3ee0cd45;0x5fd773641452a06d7c8ada11f765f43b523425f38acd4edcbfed416f33f33b34;0x56be02bf25458adf32720ab988442d46d3f391aa6c94924d2bed130f3ca0550d,7.050033,3.184423;2.809698;2.964921;2.781505;2.695285,512.0,9.0,0.0,0,0.0,0.0,0.0,0,2657808384,2657697792,1791.8319999999933,3821.8839999999423,6.670000000000287,3.3250000000002027,51.42699999999972,104.0,638.0,1022.0,439.41459999999876,1541.0241999999741,7.254999999999935,2.752200000000031,82.73280000000021,104.0,638.0,1022.0,7.095181,3.465677;3.027005;2.777529;2.924761;2.678589,512.0,9.0,0.0,0,0.0,1.0,5.0,57896.0,2662391808,2662420480,1974.6680000000129,3782.43399999989,6.098999999999862,2.803999999999914,39.189000000001975,104.0,638.0,1022.0,453.6623999999989,1510.7627999999984,6.291599999999967,2.32180000000002,85.45299999999922,104.0,638.0,1022.0
512,100,85,0x6b12b63be91392b3eea0ba4560916a8e70a7ea3f195770d23bd06236cf0bc854,0x0db7a5b2eb567a477735e469a62743d42f9eacfd9339ed329de1b16b3d110e84,0x6c72310a31074ca6986598655588b4533bb2f043c5375ba8bad36e978864df6a,1;0,0xba9d8337298ef22cff2ea0928281df9be947af158a735883b01daf8dd01e6623;0x7593e7f209a9b7bb1d5d39085cc22788bb022c42ac0e44fd6652deecf32b70ea;0xb0ba8cb0a9782f37669f6b04cc3447102a61ab1ac3f5f522d053dc17acfae25b;0x3b6d802d271e230ab59f5a04ae60764cf155c87e24774b8818c1752b6d017db6;0xaad3e3ea53fb92a61b0ba284a5a30cd1459e06fdd664ff931bfc290afd2591e9,0x78f88bda1b91c25d7c667df8281c6aea2d63d1c2fe53e0c1ac5c27cf9dd962b6;0xaa0e24a2e1e11c42c637bb5792638574f3918c9fd54759df8cdaba26c9c2dd85;0xecb648d2da444e6948f5d1df0d751ccbecdc5c3b60c64f15cbf28f00a546aa8c;0xeb4fe31feaf663d02d951cc9e0b7493701e34a1b44f6a174eee3e6797a41431e;0x16cec90a5a56dfda8291c4a72e24b4936af86c00ca8f64c2036b71f5afa1d7b4,6.602898,3.251203;2.837609;2.629877;2.629106;2.608925,512.0,9.0,0.0,0,0.0,0.0,0.0,0,2648682496,2659328000,1727.8459999999773,3746.089999999924,4.556000000000178,1.702000000000127,35.75399999999895,104.0,639.0,1022.0,431.76520000001165,1485.4043999999344,6.181400000000031,2.4415999999999327,81.11439999999997,104.0,639.0,1022.0,6.730551,3.827773;3.005483;3.092534;2.69907;2.725901,512.0,9.0,0.0,0,0.0,1.0,5.0,57896.0,2665947136,2666024960,1825.0530000000208,3343.7830000000445,7.471999999999687,2.4739999999999225,67.09099999999829,104.0,639.0,1022.0,455.032199999994,1636.397799999978,6.351400000000062,2.826200000000025,85.86120000000086,104.0,639.0,1022.0
512,100,86,0x4ba8e1f5c7f85c21f2f9141f3d1c72319d92f7634718a55887b4a9e1bbac93a4,0x4a59036cf665aab3385b8ba3753f1770056cfacfb89c67e4e0ea588b66d8aa5f,0x97dfa06b2cd6b391480c1378e2880010a1e765e77935b5b6e5812c9962489c00,0;1,0x6d07f4f1b5ec9ce899843af4efb3d5af7460b711e65bd6d60a4c5cd41033914a;0x25b39c9569fe699ea3f99aea7f5106021d6e87752192a71c1ba4aff9a859d835;0x112f87b694467d5403335f94eb896756cf843c83934b77f1304d2ce61a0a2839;0x83be9f4265bf8b5722b641d3c8701b7349c64dec95b944ca54c85092d1350c78;0x1f1ecff33ad53d30874debe533fbfd8d422c08cd15440db59d05788480e7764a,0x66bd8c9945db50444da06d199c5e63b694ef06606f76edaa414a3042dec581b2;0x21378f6f0ca2b5e72f36d44566db4e27dc35cf2ebe79bd312dcf47392ec382a5;0x1267176c1ce130de20ace69332ca035f3daddf7e9b8553d8c2ca9b2e3fafc7e5;0xb0b9f5dc52b5f6c4737639d4de8d284de903e9ae312566a0fb70a3a9d59b27f8;0x95c2d3671020a27b34f14eaa0001af438c4ab5f4812f35c7e2725cc1e8315b26,8.296922,3.077592;2.781915;3.028388;3.857278;2.739542,512.0,9.0,0.0,0,0.0,0.0,0.0,0,2660466688,2661920768,2194.2790000000214,4471.172999999995,9.544000000000219,3.285000000000007,48.77400000000143,104.0,639.0,1022.0,478.03680000000344,1734.7462000000037,6.529800000000183,2.893800000000092,78.90299999999961,104.0,639.0,1022.0,7.020037,3.555362;2.822497;3.305756;2.822968;3.132594,512.0,9.0,0.0,0,0.0,1.0,5.0,57896.0,2667663360,2669125632,1778.4319999999964,4080.5250000000015,7.110000000000276,4.276000000000106,40.661999999996866,104.0,639.0,1022.0,457.41000000001367,1646.4090000000374,13.2618000000001,2.9484000000000194,87.35960000000043,104.0,639.0,1022.0
512,100,87,0xcb72c7abe38b50c267677311c21f3768be21edd7a82c92a3ba233ee7e5edc689,0x6892ca38c03c990fdc2f20ea9d37aded391cb44f8e4b5b02d39c86dbdc0e0aba,0x62660379a81b1cc7af521e542b7241edf42f41b28b1367da0f2506c51e66c6b1,0;1,0x3c388524b09da6c3583fc7551ff3d2943b0c6fd0ff0278b7cd614d4347c49aeb;0x9a8e52df9b301b7668a02bed15b8e62b573e21b3053762dac2bff218b8375716;0xf16af65192a7ab066b3f14915e4c28902d6e2f9fde55a091808f344e84636d39;0x7473ab0e3426e1e4abcb1760b98e20e5ebc8b3ea112a2c455f1fb1937c59b907;0xd7a1fdddd95a8234fa1daa7d0fab2255c4a206ca371fefc642666445a6627a5e,0xc6dde40945da53f676af19b740154985c9fa352696462206ad9d33dca329690b;0x0f8d5f03cdc92537fa96ffcf681de3b0313d9509d7a79ebdfca81b3de8173640;0x5af14e42a931213f88909842f0e78629188ae777c2531ccd4f8e50158fb3b9d3;0xc7e4ee2b7f6164c1e8c0c560f453827df62ed36fd7345c5b912ee69942843c78;0x6e10d4846c621f8bf901ba3feaf2e7c75942e6929f25495fa1e9c97702c36d1c,6.573243,3.497545;2.921686;3.515152;2.934075;2.825171,512.0,9.0,0.0,0,0.0,0.0,0.0,0,2660503552,2660528128,1824.4219999999923,3368.9610000000594,7.881999999999854,3.115000000000149,61.73300000000131,104.0,641.0,1024.0,455.30839999999847,1632.7426000000146,6.904200000000006,3.1803999999998993,86.24599999999954,104.0,641.0,1024.0,5.176187,3.073946;2.728745;2.845461;3.174538;3.002308,512.0,9.0,0.0,0,0.0,1.0,5.0,57896.0,2676715520,2676719616,1415.4450000000152,2677.9079999998958,6.408999999999756,1.8530000000000109,39.139000000000536,104.0,641.0,1024.0,506.91220000000925,1537.063999999999,7.2727999999999335,3.2049999999999614,80.0068000000001,104.0,641.0,1024.0
512,100,88,0xeb68b77b5b1c66c3fc02726903772af42b0ed81eed8af6483a555f69743bb878,0x7958d438a6e693f9449a45803c627fe08455fde022e59087059a141fd814084e,0x329bd592a9e56b6484e31e4d94b6a7f1e5200711b6e39f4c23ed5a55dc0234b3,1;0,0x365b5f0a2f577c98a5ddd98044c9a4205d6df9c213e9027cc359057ed7664e97;0x950eede9964e12502b2fc1b45525ae9db94a25fcad90c9f654305d52f6d1ad3e;0x88cdaefb09d4dae1f8c789d72befe8bd1bb889696b993481eacba61f4d2edb37;0xf5876b16b4915cdb5adaef42ddfdd8e939fa32f0518db838da43a560e63fc84d;0xe00cc7ad92436f2f4c2711803be70031ba5feb9bb94f5723f84aab85b9cb029d,0xcce46e7cc8b1ba8445cc9104920727dd7cd6fa4384cf3b938506829d11ebeb1c;0xeb973145e94d088bd6a1bd9367c0b9ef9b006c14fe3d1dff443deb491c59d6f8;0x4fbea2433e54ba2f584d131e9fd0ae7144b75d9feae87cacdead7634cb01dfb2;0x3b48d506758d799732a2b537a313ce579780ee3f69e90a256b6829124a27c809;0x414ca36647c7f2b5583d8b8e7a45786e9f98b69adafee2317d9a80a5e22f0ef3,5.466024,3.501831;2.900915;2.632491;2.604809;2.520913,512.0,9.0,0.0,0,0.0,0.0,0.0,0,2666262528,2660577280,1604.3199999999924,2672.4499999999375,6.368999999999993,2.94399999999995,40.23000000000221,104.0,641.0,1024.0,406.69359999999654,1477.1720000000155,7.09659999999987,2.8725999999999754,85.19480000000051,104.0,641.0,1024.0,6.352461,3.017051;2.792402;2.593061;2.727213;2.581994,512.0,9.0,0.0,0,0.0,1.0,5.0,57896.0,2680827904,2681008128,1836.6300000000058,3061.1769999999706,7.871999999999914,2.9850000000000536,55.644000000000524,104.0,641.0,1024.0,407.8872000000011,1472.2363999999823,6.109399999999939,2.3895999999999815,82.10759999999901,104.0,641.0,1024.0
512,100,89,0x49a2e97df6161c6599ce88a01f3ce547aa071f13ab84ccc23f8f561bd22afd6e,0x9c371d37464ec7508844c290a561910143ead7cbc85c7d9a33637b7a549ecffe,0x08ddb6d30c4d6f2c52f58880b7fabee948ef8693db5825f518ac476ef9592bd5,1;0,0xb610f4af2d783117cb6e59b369a4fc8caac7765e482555124a0ac3a31b6e009f;0x2516e3b3ade4a97be11247c388bb27e94a4f7f3361eea9b4bd8fe61dcab738c7;0xe13460034836340e8d601e7bc8667ed9038ef6d3540fae9c1be41c7c789e1c81;0xaad094709ac172c0553d15089b3e4832168f5191194ffdea56d0145cf2eabfae;0x001d34e2e41e928db849e367ade7ba71d8facf0e24982c06835ab0f0e27d9862,0xd1863c3a8c4e5462805fa156cc04136401982f2bde79b484046d5059952ccb72;0xa3cd4a9ee0efe581c83b98eba6fe530a78f2ff71374b3838ef0960ef8a69a7b3;0xff1e53cf737537b77cd3fd9f4c29eadd8204a11e6a8b6f251e63d9d66cd261b0;0xa0d6db6754ad4ec9e47a521710d09fc2d58d644086ada1251b6f481f41cefb97;0x4b72cc03e74ddcb1e8ae73dc165385aba792b70dccf05019ca379fc646a8631f,6.157618,3.614783;3.263482;2.726913;2.675505;2.629055,512.0,9.0,0.0,0,0.0,0.0,0.0,0,2667724800,2667724800,1939.2049999999995,2987.666000000111,5.0670000000000925,2.883999999999873,41.352000000001446,104.0,641.0,1024.0,421.5837999999916,1529.9195999999515,7.4994000000001835,2.9665999999999375,91.04720000000233,104.0,641.0,1024.0,6.92508,3.258796;2.790058;2.881056;2.781585;2.729777,512.0,9.0,0.0,0,0.0,1.0,5.0,57896.0,2681524224,2681663488,2080.417999999973,3350.5339999999605,6.138999999999624,2.803999999999914,52.56000000000011,104.0,641.0,1024.0,428.5704000000057,1545.623400000018,6.5217999999998835,2.2876000000000234,81.56720000000034,104.0,641.0,1024.0
512,100,90,0xe7803b9ee13202d533f98b2cf5a4ed2bf67c08c371cad6aa0ba5a997cb1e8df5,0x2d793086c33405827c60aef90ad3f322b9f02d770f54e97ab946c8c6c3303040,0x5721fee789d138ff83bf36b6005f812d61d44b0b15582978b9e2069406f0dc07,1;0,0x38660c71f099dc0818511cd04f699f4910054107309089364ecd0cee5028b061;0x63f02bf38730219d56a83152fd36106dcbbaa85f660513161fa6e20e908faf07;0x157157fb57fa85eda90fc73274eee5c0548d66db747981effe27a3135bd3941f;0x413daa189042b44f94d888aeb768f82b3462237e5933117526e8c2e15c17ab07;0xecc0dabb551cc76f6102fbb6e814f6a8345fae2d92be95f261ee0486df08048f,0xb50c6bcfcc60845eeeaeb582878f6c10fa2e8908683d96b7fa6640673e55d454;0x86cc818d6cca05fc9cd0dc55bfba4a1e3cd4b938fe7407dac89350439785e3f7;0x8f50ef803f5a04d557c952ce5160246989766e82272797be91b649beb7d35eff;0x777268a002c9641f3fd2c80d9643662ba136e46acfbd8b433315f95d0d57b330;0xe734e35fc84241ad0f9ca0e549807dab654b1b82ced683e07e49d179892186be,6.262296,3.550836;3.052875;2.735025;2.790379;2.574884,512.0,9.0,0.0,0,0.0,0.0,0.0,0,2660618240,2668163072,1912.7449999999935,3083.0299999999866,5.67800000000028,2.5239999999998424,40.53100000000337,104.0,640.0,1025.0,401.66779999999403,1533.9532000000045,6.76820000000012,3.144600000000008,90.89700000000089,104.0,640.0,1025.0,6.739014,3.214278;2.947626;2.655796;2.765831;2.624098,512.0,9.0,0.0,0,0.0,1.0,5.0,57896.0,2682507264,2682359808,2036.5720000000142,3251.2339999999363,8.934000000000372,3.715000000000055,55.644000000000524,104.0,640.0,1025.0,422.97199999999924,1497.4067999999895,5.758600000000009,2.752400000000012,79.39379999999942,104.0,640.0,1025.0
512,100,91,0xc5b8456e09934c0d1c9600f687f3ba8791ff1ca6647624d5e07a39d2fa330ae5,0x8270c4add76f1aef9cbbebbd9820492069757bc680921d742bfe07f6cff40c3b,0xd61059ec4ed2c5bc273ce5112f01c78780c167e168ce9e28b8385ae41dc36cb8,0;1,0x26013c92aae7ef4aead98ec0247902c6b4e7dc24c166cc0be8ed00d8ba553889;0x89932e8ba9a2fd8cf000ea04d9171687d6ea0ec1ccb86a62352dd38558777baf;0x2bd9dd0ccc7216de0b8e5584d844721ff589e9e9a84850369cc2de6baf2ba013;0xac73ca17095863971a7c13086d7c68f272e55cb640a8ad5826e27a40a137a0ce;0x17858503eedf71767979ef4f86520dfb57d9c4f68faed354671d50cc78bb43a9,0x633e25620cac1e205c6bd28bd3862cc3432fddc78ac6f2275c28cdbe1db14021;0xfd9459b3682d3a97d449c0f22df376eac899179609f538e513b83e1ac4a81217;0xbf1f9892da1fb7b40a1d3b4d22140a175447aaae207de5abb8965f07e9d96704;0x0d85e7e431aa3bd561f279103d9c48cb9ee11b2b083f733090a14f681ea64d5d;0xe35e107cbb294bc8ea8ee92e67ea21b0a53b49d1908d5818d52e8f414c0e519b,7.16709,3.42138;3.115199;2.641705;2.996109;2.8508,512.0,9.0,0.0,0,0.0,0.0,0.0,0,2668445696,2660663296,1739.3540000000262,3498.71700000004,8.051999999999712,3.2449999999998105,54.92299999999839,104.0,639.0,1022.0,431.084600000009,1554.9030000000298,6.802199999999917,2.940599999999918,83.701999999998,104.0,639.0,1022.0,7.360602,4.013574;3.217403;2.745401;3.098003;2.782657,512.0,9.0,0.0,0,0.0,1.0,5.0,57896.0,2682703872,2682724352,2423.5950000000007,3716.2250000000176,7.911999999999677,3.3550000000000244,51.506999999999245,104.0,639.0,1022.0,463.09640000000707,1612.125600000036,6.323800000000018,2.8201999999998875,113.43880000000001,104.0,639.0,1022.0
512,100,92,0xfe1596eae0ed2dc63139d1f9da00de72e5f27ba3d0fe1e179acd2fd0c68d0a80,0x4d62d4bf355f24c39f8a813a2ff6cbb7fc833f69348909cacc29bb3b6d9e62df,0x257f9e13c3b8c6365ca70b93e4e4270a055e3f5e7fe0384dc32d21890c2b158d,1;0,0x8f54db9c0d13608bfb16fa3e1fc149bc4b98c095b128c8f976a6d6654fc75588;0x4295b51009e78e9553a9e88978296a1f8cd5a90ba883e8b125de8859bc4b35ad;0xda393f493c5cddb6cd1b1f55ead4818142b5d3f577c7a97e52d8d7ad88a96171;0x31e164b07949d0d50d73450d5d7d109ca28a856fada74220cdcd503fa3512621;0x2077a037167374b9c12eedb67b99ec97ab185dc612f4e8597500aa224e4db034,0x0583d244335d2b0730128f7d615e4a784397bc01d529d54f1dba7d1616c6edfd;0x32138ae45534469a73cd7222e0b632c5803fe025a1045210fe73bef31fd84df9;0x96007d01b07234fae504b812f3854201d2b172f55e4d6d31822103ff53aa9994;0x51b817f02f980af392c0aad1dff801b343ee8451d5433c7c1b26cb30eadfb2d4;0x410a9f71b4d593931821856180d53895f1e0a97e352095bbbf541b7135224a9b,6.402056,3.236101;2.836078;2.750859;2.787114;2.791351,512.0,9.0,0.0,0,0.0,0.0,0.0,0,2668765184,2668531712,1795.888999999995,3446.878999999958,5.929000000000004,2.624000000000116,40.049999999999805,104.0,639.0,1023.0,424.47820000000024,1554.6187999999627,6.485600000000202,2.8741999999999135,80.39100000000049,104.0,639.0,1023.0,7.592752,3.651258;2.98988;2.750418;3.447059;3.169811,512.0,9.0,0.0,0,0.0,1.0,5.0,57896.0,2674827264,2683174912,1963.6219999999983,4226.164999999948,7.410999999999703,3.3250000000002027,53.48100000000105,104.0,639.0,1023.0,499.22119999998847,1594.7573999999688,5.810599999999875,2.8421999999999303,104.54560000000001,104.0,639.0,1023.0
512,100,93,0x5545b5c8276463fba0052d9d68fcb0ffcbad99fcd666897f8660ed11e23b69e1,0x15826805daec2a10e9b7168ae2dc21e035e6ca6c352375c8b9b6aaf049d84e10,0x48e0255ff3fc7176198a894106883f00cdcaab19c93f9e59a969cefd563e9a7d,1;0,0x7f87e424e6f94df4004619187b875e0e0340a9cf3941e4a6484d94dba90472f6;0x8dbcab1aa671e72af92abdf388f57309fb6b5a8af832a42ce4a2734a36be37e2;0x1adf371ce50c9f1cc6f246b6f19bc45c527bc2786d9db982bcc4bbeca91137ff;0x96f35bd11c8aa798cc4d2d7e92169103a10cc7baf699412337fe355d9f9b947a;0xa2a81e013bbffa62288811b991e8d726ef32cfe37129655954b432a51367d6ce,0x1626e0d9411a8243b357a16b917546ad143df6ed635fedfa9ac2fd2060e9c75d;0x750b0ce434ba903b10d622b0a05517ab917a52e69531b931d5e52a4d342a9f5d;0x32db773bc29a2142bd0ad4082f2d48022c3aa6317bc07cecfebf35c15786b12d;0x30700bc0ba441a89d43b023def8b7530fef9f65739fa87257f730976d3479699;0xdc38ee1f323a9ac42230d8d641d582d9207c4bdca7d27ddcabd46bbb51e35a95,6.876376,3.636335;3.052665;2.711831;2.704399;2.670038,512.0,9.0,0.0,0,0.0,0.0,0.0,0,2669375488,2669551616,2053.5280000000266,3517.0749999999807,5.146999999999617,2.784000000000033,38.3369999999994,104.0,639.0,1019.0,424.9590000000025,1478.321799999982,6.944400000000184,3.5854000000000092,91.59820000000096,104.0,639.0,1019.0,7.891173,3.169781;2.886794;2.822538;2.706673;2.687805,512.0,9.0,0.0,0,0.0,1.0,5.0,57896.0,2683658240,2683670528,1935.12899999998,4263.5410000000375,7.1209999999996905,2.954999999999798,52.2790000000023,104.0,639.0,1019.0,432.30220000000094,1506.5521999999999,5.607000000000007,2.163399999999954,80.16500000000148,104.0,639.0,1019.0
512,100,94,0xe92ee499b1b7e2d34972c64c37d2b076588d51b9e3323802c6a8a93bbf9f8bdd,0xa1338b17f7a096fc0a4dfbaaf3cc80fe6173e5bca0551c782460b5e8a166b676,0x4b780f54cfc142a53483a85ef5b17664280b3b5f48be47d95cc3ce782ff9d81f,1;0,0xbe5c528b30c2cf7060082ae645910c8520de421ee666e234252e048347ed748a;0xd5dd2798505828f87e54d66f13bbb78698b459768645145621263766b2c17157;0xf69c89e2aa966640642528b9df1514c32769954e953d14e809c4098f56ada378;0x2e517373f111e432a627c43c011dc8c783dfb6c5ab23182468def074e1d2f86b;0xfccaed01a583af2af7a1bd82eeccc80f8b92d25a51e24f8da576c85a1f51eefc,0x287999b9b06f75be103a96443004888c4dc4fd1c81d7b096e575b4f297d95fcf;0xcd666f5c29491fa64ce391914df0121db455c46ccaeb5886d0f490e8f51644d8;0xfe65f39001173abc4941fd5e76777a686a8591e69c244062d3a954ae1cb71aa9;0xbef9d45a180bb34a62964a46314ae3f113163eebc342eb6a17d6e5f7802b431b;0x1d57abe3b48c1ee58c21ae04a09120b304237d32070b7c6c0cb6f7a2c6ce6249,7.129173,4.248078;3.222782;2.906273;3.080647;2.936179,512.0,9.0,0.0,0,0.0,0.0,0.0,0,2670321664,2670567424,2288.601999999973,3620.371000000011,5.708999999999575,3.5249999999998822,38.61899999999668,104.0,639.0,1019.0,454.81000000000546,1811.2100000000187,6.9986000000001045,3.4170000000000034,91.35580000000226,104.0,639.0,1019.0,7.90329,3.603005;3.271404;2.966875;3.617846;3.270342,512.0,9.0,0.0,0,0.0,1.0,5.0,57896.0,2675929088,2685145088,2026.256000000004,4456.712000000085,7.56200000000002,3.745999999999784,51.176999999999474,104.0,639.0,1019.0,511.7498000000054,1652.7588000000205,7.293000000000056,3.6716000000000006,89.79740000000098,104.0,639.0,1019.0
512,100,95,0xa8f0de82e0cae3a8999f52120bed6440582d35107344582e1a49eaee6b1bda2c,0xa4d3384864be8f1b440d8eb297c9dfeb04f79b0460eb08eea5ed6f191b18fe21,0x2ec951abfbbba3fd2c2c8f30e90d490439a5e3f8595bb54443796dd3d5fff6c4,0;1,0x182978109f6ef3e0a6b88e8608a69328decb9c1e5bb7616668f9193b852fe040;0x398b7f4aaf301009c9138d9c715ee9e7445dab3ae9f3f54946370a2d31fad76a;0x9cb315679ca61a40835a532f92716afad4088a3217c58db362e868659b8b37ec;0xc4d17392c8c84adb2023bc4265478d337dc22cd7a8af7b44180610170bcc0a41;0x62ef318cb7a52129c0d83dc8fd973e1f94ba6b17f5addea667d3c223df2a5a78,0x22fd73cc7bd03f3b6bb55a5a37dbea9968c58e0964ab5a96c2632ff7d53b0e17;0xdb2c301f64078b74b80b718c31289b286252bde1ba36ce9fe855a5ea2a76f4f8;0xb732b1a38a3f9a7045d4321e05b395959de7c786c0d49629ea04556af1230d0d;0xb4df22f8c84623fed63a462a4024f04ac372a0498bf3bc12e7e6243209b9f48d;0x654c9c0f51cd6d7326aaf8c7f1041f64855a1a56e8cd6acf13f9d684a3727368,5.992299,6.499894;3.583605;3.170823;2.915257;2.63851,512.0,9.0,0.0,0,0.0,0.0,0.0,0,2668810240,2668843008,1610.6889999999985,2959.133000000058,8.331999999999784,3.1549999999999114,50.215999999998765,104.0,638.0,1021.0,467.19460000000936,1606.6150000000334,7.395200000000039,3.6296000000000768,149.68579999999898,104.0,638.0,1021.0,6.055604,3.164273;5.081314;3.323533;2.821396;2.888487,512.0,9.0,0.0,0,0.0,1.0,5.0,57896.0,2678640640,2678865920,1729.3789999999753,3172.0049999999223,5.388000000000267,3.094999999999834,39.139000000000536,104.0,638.0,1021.0,519.4193999999985,1652.9773999999886,6.518200000000044,2.698000000000023,104.49980000000053,104.0,638.0,1021.0
512,100,96,0x8dac919a28f9ced08a7161dcb9679ececaa344c34c21650482a862f890f386a6,0x98afca355ee74adbcbf9d61e8f1e292eb41f227ce3a1b1e0d2671c3a8c8bd484,0x6020330ecc4861466d7b3119bca0a47be498a08f31ccca0055b2dd386a852d08,1;0,0x46ce119a16c72c2db19309d97ffcf2fef709ed8d64fd49e0c5cad3bd23de5e9c;0x7d27ba336cfce68d0b9f13d234dcdcbd486e4b56bd6565b7ebda8614228d2a09;0x177c17c037e3e9cf1ac3e526b70fde0ec8f44d6201fd8a93deeb773f77192f57;0xc838c047d440b17e18d35d3363e5d455736a0df1d8b9457624c9b0e862b5425d;0x5c5739b1b944c62345c91b2fa8e0f636372cc3df5e3f851558b1515d4ed534f4,0x52a641a1802195530a29bfcdf6421d363340a6b3dbe642212c93ee294fd919bf;0x77485e38d169ee50ac51b9c64d2e49178a3932e3f2ca3f51ce38c6652d84509c;0x997bc92f7fcb995e29a2cedc442b83eac6fd0945274471a085bd033cbdbb5406;0xf946cc70305bbae7242b5d643cf9a383f5cbdcc48479fa0032037c3fd277af96;0x2e36a6faa7fe5a00b19fe5451649ac85bc4ecc34ed4cf93e2be5e9c9b2fe747e,5.667078,3.33505;2.7646;2.961838;4.101363;2.905843,512.0,9.0,0.0,0,0.0,0.0,0.0,0,2668888064,2668900352,1487.6229999999935,2812.50200000005,6.579999999999954,2.6340000000000563,39.68000000000027,104.0,640.0,1020.0,456.831000000002,1729.0099999999863,7.3992000000000155,7.577399999999981,83.56979999999957,104.0,640.0,1020.0,6.3247,4.18967;3.947344;3.899602;3.943934;2.907175,512.0,9.0,0.0,0,0.0,1.0,5.0,57896.0,2688540672,2688655360,1664.7410000000252,3170.2220000000557,7.962000000000247,2.754000000000211,50.926999999999225,104.0,640.0,1020.0,512.1204000000046,1960.683399999974,12.304600000000166,3.5491999999999817,101.5030000000014,104.0,640.0,1020.0
512,100,97,0xb7eedbb8610cf2e0009358450dea9d80c534d6f7030fc4a9e6a6238e474566e9,0x8417afd0e63742af08bcbfecb44f411c89b1737717c557b99765d23f071cc59e,0x5e448b75f527d2ab8ec213a3c204a1c1a4a79477a6ec60ae8fe3f6f238e9b0d1,0;1,0x9b66638d67b3786bb4c78dcb2ebcda69b767fa3ea7e482512fdd9851f831ff71;0xa2e63b7e2faa33dcf10f42d2a0dda2d8548b70bd2d34a5f76c19f81ba2c87fab;0x54be12d3676af1576ab1ad53c6d012b72a0409eab8b7ecd7e0bba0c44b0ff442;0x0ca875e3b604238af4f514abeba979734933e09446094c8b4ebec9942045c6f1;0x96e94731aa6fe51119b5d6f9d042e03f72d8f5b196621b4e0818ed96cfba6567,0x568a8eb2238b22fa38cc2f1edcf10243719556ad0fb1907ff3dcbed62a5bd501;0x9a3a6477ef8c57fc571ea40aac92feeb10fc686eb593ac89b901dc0ce946bc2d;0xea1874d44487b7b42c4729f3322cfd28a6e39df39b267535de671a95de2c6d99;0x20017801ef151c3c585fb59a8236bb90d14da3ae5d5d0927eeb48f81610518b4;0x1ac691ba4d7972fba025ea82851c9ba8c6f019804fe8596590c0af181773e94e,6.061162,3.1229;2.787675;2.999805;3.024472;3.182951,512.0,9.0,0.0,0,0.0,0.0,0.0,0,2668912640,2668937216,1765.9230000000025,2931.2310000000343,7.680999999999834,3.1549999999999114,50.716999999998734,104.0,641.0,1022.0,519.9583999999979,1605.2995999999987,6.860000000000026,3.1289999999999787,84.87380000000157,104.0,641.0,1022.0,6.532814,3.856226;3.025283;3.479378;2.805912;2.681946,512.0,9.0,0.0,0,0.0,1.0,5.0,57896.0,2688917504,2688929792,1874.227000000006,3442.681999999975,6.019000000000337,2.6639999999998785,37.27600000000275,104.0,641.0,1022.0,486.3092000000124,1687.7698000000053,6.695799999999891,3.0945999999999576,133.7673999999997,104.0,641.0,1022.0
512,100,98,0xc94f19369166355fff2edad8a40dff82cc3df6c7090050de6fef12de14ed231f,0xb0c5261d8d9aae3dcd8cdf9e600bd286451c1e951e0ed9678a17e7a80de6e96f,0x07e8122ab075fd5ce9ce028fff15a672e7d44ad429d85e8350031fecc9844138,1;0,0xec3ffc3a1b6fdd26f82da4033e98da84a13ba241ab5b7303fbcfbc1a67182b44;0xf6d7f7777d2eafcc679fb336afb2493b95a7db5b10fba808d6ba4c1f0d0582cd;0x406d7de03a19b34ab3b173ae14902cc39343de39f2880df1d1e246e0cab67f1b;0x0c11c68ec2cc8bc41a6780ef9174b8304f341d73da432f0a89b0e360249a0237;0xf43b34acf06240666736c8d91b4b269ca59786d64408c445dbefc2696c031e71,0x8a0beb39c904119badfaeae45b414dc1ea20e72c2c0d608c4f25b3a68edee520;0xe9b3fd022fdcf4e85a89db03351781bcd82936c69acd43418842de98edda7955;0x568e265baa9c1d6b3e86cb4583479c092bfea29d2b74d0f34dcba3b6ca8682b4;0xbf23b067e612d61234aeee82b91c1398b70a22a01d1c196836da9982769710c5;0x4115add5cb41e25af957b92b1b374ea848de559c951eb8a657393a307f7e9e77,5.850354,3.561552;4.864006;3.042109;2.816844;3.187017,512.0,9.0,0.0,0,0.0,0.0,0.0,0,2668941312,2668969984,1671.4809999999748,2893.553999999909,5.909000000000122,2.474000000000139,37.57699999999697,104.0,641.0,1021.0,812.8084000000091,1646.8418000000097,6.8564000000001855,3.5974000000001114,84.16919999999911,104.0,641.0,1021.0,6.357579,3.351044;2.745982;2.977121;2.922789;2.938622,512.0,9.0,0.0,0,0.0,1.0,5.0,57896.0,2689134592,2689204224,1701.0849999999912,3220.307000000089,7.881999999999854,2.6840000000001933,48.90400000000239,104.0,641.0,1021.0,422.6213999999784,1569.5213999999958,15.209199999999951,1.9790000000000432,107.24179999999916,104.0,641.0,1021.0
512,100,99,0xbccf8b681d604a4b37f46a0da11675320393c9ba97fc28f585243531b2578165,0x2d85c7a67101149b795246d640502847a85805596a6028e449a4751297aa4f99,0x811ac86719c658d12691821482e82fb90d01679d1211222bbe800f05eee29191,1;0,0x57ac94b5968617d0ca2d09c3c353c3a5330a8828f986a0ac29b185e189343095;0x900af061ab8eb89778e5332642add206af597ea1a146f799020ecc7e710e95cd;0x74e47a6809aced21c9239046d42d8776f9497bc934a7d8e157645dbdbfd12efd;0x8747e88976a1ad94d0190651311903a20257f609489da3cac46e500652d9e3b0;0x0599a30e2f7d358889c2e4be47524f143ff3efba5bea88a3c2b455e156debc14,0xc08ef4321874f9ad36122850fed5335ab8bd3811ca6795805bd1cf94a5dcae08;0x411dbd4ab2b20f3b6b6dbc8dc6b12d5838b5a33e43150d6c48e048ee8fe8fa80;0x78166841740904bb551039159a96969cc82380dff081460edd657e66a27ef92b;0x34e6a29cf6b16e0a3cc8c4a80887a9b49702eebd4eabeec55eb75b0affb1271e;0xa1a069171b68a132dc5bd563dc56e94f3325220a881a411df868631eafe895fc,6.673966,3.841749;3.623926;3.110632;3.075318;3.05615,512.0,9.0,0.0,0,0.0,0.0,0.0,0,2669043712,2669043712,1741.54700000001,3604.6810000001096,5.877999999999959,2.4439999999998836,41.13199999999928,104.0,641.0,1019.0,493.6524000000109,1685.8527999999762,11.812000000000282,4.130399999999982,107.25160000000095,104.0,641.0,1019.0,7.481865,3.172235;3.118404;2.906234;3.477545;3.439227,512.0,9.0,0.0,0,0.0,1.0,5.0,57896.0,2689323008,2689347584,2634.914000000044,3312.3360000000266,7.201000000000082,4.025999999999856,52.809000000000886,104.0,641.0,1019.0,476.5085999999919,1706.1153999999856,6.93039999999992,2.842200000000104,97.39319999999968,104.0,641.0,1019.0
